{
  "1": [],
  "2": [
    [0.36825317746380176, -0.7830150294670765, -0.08559506330310977, 0.2538146029353771, 0.4781839333784805, 0.9557699588419615, 0.8143918583510119, -0.08032116610832686],
    [0.7393398577231273, 0.7889934739943458, -0.07591155471900847, -0.1241209712460768, -0.9596754381824271, 0.7466441463385913, 0.663062693812565, -0.2163407107290929]
  ],
  "3": [],
  "4": [],
  "5": [],
  "6": [],
  "7": [],
  "8": [],
  "9": [],
  "10": [],
  "11": [],
  "12": [],
  "13": [],
  "14": [],
  "15": [],
  "16": [],
  "17": [],
  "18": [],
  "19": [],
  "20": [],
  "21": [],
  "22": [],
  "23": [],
  "24": [],
  "25": [],
  "26": [
    [-0.7575075264402306, 0.31980206646202836, 0.2797929986069078, 0.6934594371260719, 0.8974723556437197, 0.9352991303268249, -0.06588601151210176, 0.039834998877249075]
  ],
  "27": [],
  "28": [],
  "29": [],
  "30": [],
  "31": [],
  "32": [],
  "33": [],
  "34": [],
  "35": [],
  "36": [],
  "37": [
    [-0.9543088744607096, 0.07446586096115806, -0.3425216973975378, -0.008631757495375671, 0.18638703245109034, -0.7873413228781927, 0.342415675801709, -0.5082187028198244],
    [-0.03513694096799114, 0.2367680987390095, -0.6589772041083027, -0.9515325962021731, 0.19920715176370105, 0.4849147894102868, -0.8030251270158627, -0.8480701140052084]
  ],
  "38": [
    [0.27017745060163173, -0.5998166823054497, 0.9629099232098981, -0.5387674394487054, -0.6089777916078919, 0.8668706025699445, -0.6776576579011067, 0.17046180604954245]
  ],
  "39": [
    [-0.7189100184309543, 0.8950157414459882, -0.8574221388047912, 0.9691677479775372, -0.1347447315876265, 0.7367981999944904, 0.40615560092723163, 0.767702643643148]
  ],
  "40": [],
  "41": [],
  "42": [],
  "43": [],
  "44": [],
  "45": [],
  "46": [],
  "47": [],
  "48": [],
  "49": [],
  "50": [],
  "51": [],
  "52": [],
  "53": [],
  "54": [],
  "55": [],
  "56": [],
  "57": [],
  "58": [],
  "59": [
    [0.30697655693003334, -0.6908298182827822, -0.6553520757984533, 0.3019938892610434, -0.8861926391095051, -0.9977095281504187, 0.5349918711019866, 0.006101192349543591]
  ],
  "60": [
    [0.2116385931828571, 0.2110198880517581, -0.5905586885764582, -0.06131993056479204, 0.48938011807020915, 0.7200036618100337, 0.7735328373474204, -0.11644922406287646],
    [0.25746316778928396, 0.14743365657117066, -0.7167386887335482, 0.06385406125435794, 0.4952713178319647, 0.7961426525847141, 0.810563220328174, -0.09892482187647154],
    [0.3201222588280551, 0.1931969451503647, 0.16807643694522462, -0.06307923323999924, 0.509005934490404, 0.6927291097841669, 0.8672684603263678, -0.07004253225352663],
    [0.29081081895393807, 0.1374568095696224, 0.18338535661395358, 0.06451443557360789, 0.5075033863405027, 0.7767237865107105, 0.8098322461261541, -0.07691321498063126],
    [0.7930780975006004, 0.9437966411282532, 0.9709510256067319, 0.08149373172941338, 0.5545335578674401, 0.3492515817914374, 0.32858307983857343, -0.0022282002213534946]
  ],
  "61": [],
  "62": [],
  "63": [],
  "64": [],
  "65": [],
  "66": [],
  "67": [],
  "68": [],
  "69": [],
  "70": [],
  "71": [],
  "72": [],
  "73": [],
  "74": [],
  "75": [],
  "76": [],
  "77": [],
  "78": [],
  "79": [],
  "80": [],
  "81": [
    [0.48262571963476897, -0.3238755985214105, -0.7270540698250144, 0.9585441762299816, 0.37384803249493614, 0.8876242214818991, -0.2009661373927687, 0.937725577362156],
    [0.4884041486218042, -0.4167031595760571, -0.7682340561487937, 0.8687492224257108, 0.8443517505165312, 0.5790556267676344, -0.0950678483452468, 0.5668188338662895]
  ],
  "82": [],
  "83": [],
  "84": [
    [0.02831739602163931, -0.1803476932736259, 0.5300742803846333, -0.18031749794365784, 0.952110353661016, 0.6442275309699738, -0.8131260248864399, 0.09261961359531144],
    [0.06663438192316522, 0.21096092701624602, 0.4637752593689984, -0.21633170863905132, -0.8452099654961605, -0.7558690471269502, -0.8229729137386651, 0.10425021157138416]
  ],
  "85": [],
  "86": [],
  "87": [
    [0.5618194114499306, -0.5694422608718047, -0.06519772272539044, 0.5804100490971899, 0.6849470709018128, 0.673859671290853, -0.12376954774310825, 0.6081202268939886]
  ],
  "88": [],
  "89": [],
  "90": [],
  "91": [],
  "92": [],
  "93": [],
  "94": [],
  "95": [],
  "96": [],
  "97": [],
  "98": [],
  "99": [],
  "100": []
}
