{
  "1": [],
  "2": [
    [-0.39410037287538346, -0.762039706747167, -0.0456712120387969, -0.07778658887337131, -0.473905296258857, -0.6154256405324007, 0.6083583441725802, -0.8859486369577155]
  ],
  "3": [
    [-0.9759525129374591, -0.847854953107395, 0.3626058757056673, -0.15499446678140952, 0.663334766042671, 0.3400720252008, -0.008429902647167089, 0.5440555092840742]
  ],
  "4": [
    [0.3809846769880749, 0.7822022892141258, -0.6301069756507719, 0.02657041904180512, -0.08197581112563332, 0.6793863954788721, -0.14842040483283558, -0.02875985005749266]
  ],
  "5": [],
  "6": [],
  "7": [],
  "8": [],
  "9": [],
  "10": [],
  "11": [],
  "12": [],
  "13": [],
  "14": [],
  "15": [],
  "16": [],
  "17": [],
  "18": [
    [-0.49795018814680647, -0.6208377558927984, -0.2965473069609439, -0.19674954320701726, -0.1306007139499529, 0.888857951281508, 0.06565722958935226, -0.21147558533913352],
    [-0.37749845189266057, 0.6772666189793897, -0.32208756097641655, -0.1452450718132684, -0.08415879498279864, 0.9972276348139002, 0.04756564622731106, -0.19223432724347403]
  ],
  "19": [],
  "20": [
    [0.8433160237540639, 0.7637731139323476, -0.5700859419817669, -0.5517874544752825, 0.06965954072780833, -0.6978969051719836, 0.23856639225876292, -0.7089171384531752]
  ],
  "21": [],
  "22": [],
  "23": [],
  "24": [],
  "25": [
    [-0.07477831826309234, 0.1660315211733057, -0.4432407124536134, -0.6849376244801358, 0.05621063141771736, 0.8622075262607014, -0.09298538171831967, 0.31730649755318024],
    [-0.1715797186803861, 0.5705087417899977, -0.6301178969765749, -0.42034473457306293, 0.08030974446649498, 0.6186083949162492, -0.18003467069520576, 0.3561909210157371],
    [0.3564029760247326, 0.4399531663509158, -0.7605594343686577, 0.4130127671519361, 0.07781919794903926, 0.7987991449535818, 0.6196609050153763, -0.39360079431145056]
  ],
  "26": [],
  "27": [],
  "28": [],
  "29": [],
  "30": [],
  "31": [],
  "32": [],
  "33": [],
  "34": [],
  "35": [],
  "36": [],
  "37": [],
  "38": [],
  "39": [],
  "40": [],
  "41": [],
  "42": [
    [-0.02018807798453356, 0.39125907246960395, -0.3998330008642648, 0.3941215747963701, 0.4397036388619264, -0.12125061947094876, -0.2572068362276278, 0.0524073842560446]
  ],
  "43": [
    [0.9861623868259634, -0.6166793760260205, -0.993765840856903, -0.03760870109497968, 0.12864631764678877, -0.9746338941128324, 0.12278324200603298, -0.5650082873703687],
    [0.8165211218378841, 0.5724016179071241, 0.9617312131561594, 0.04702114692605035, -0.10084927962341102, -0.9209477761718021, -0.14643466768288987, -0.5398341053458804]
  ],
  "44": [],
  "45": [
    [-0.5311175147488253, 0.04148759678835344, -0.18031841053714448, 0.3823521442498626, -0.490134836275707, 0.22245856936997957, -0.8772101098055782, 0.6008341820395814]
  ],
  "46": [
    [0.023011041368085607, 0.03254480758648353, -0.1498268346156126, -0.6050572135772754, 0.018387788176519763, 0.637099574670177, 0.4252151620541565, 0.0452493629095855],
    [0.03396881744386754, -0.038517173005921695, -0.29861078364164395, 0.7410652519365013, -0.045502614681747246, -0.5773719651269168, 0.45508134339077094, 0.02470056947046562],
    [0.021906296464849775, -0.02539842856543168, 0.25122224049016256, 0.7194732519516367, -0.019324332323285582, -0.5771721813216522, -0.5077545326282125, -0.027080540535590288],
    [0.02805552068865458, 0.04300434398046206, 0.1582652797410815, -0.5611650981169855, 0.032118002954405964, 0.638032225185071, -0.33477469181969455, -0.062468344872112475],
    [0.03605811639797682, 0.06558578083703911, 0.4693703278511917, -0.978160686775002, 0.0977608996928423, 0.6297171946873589, 0.044135153889541215, 0.5482500773459468],
    [0.1630754289532616, -0.05153707843794605, -0.7061570654271665, -0.11102078577436943, -0.12310796560691623, -0.645588583941868, 0.002836850616144776, 0.8241434652356519],
    [0.5556683081435244, 0.08446321745935491, 0.5189576371350919, 0.6168010919454062, 0.6931380404278512, 0.5854749539382288, -0.9995365797758502, -0.04566685707804635]
  ],
  "47": [
    [0.601621353184242, 0.37742134166450725, -0.4161622997617297, 0.30260301527847006, -0.6330127104600693, -0.01637827060364118, -0.7902716810582454, -0.8070763038816929]
  ],
  "48": [],
  "49": [],
  "50": [],
  "51": [],
  "52": [],
  "53": [
    [-0.041278652499063206, 0.12269273953086803, 0.08357238196855332, -0.03809436387152704, -0.04000316790380606, -0.7371554844318527, 0.9476002151899542, 0.04316148543746106]
  ],
  "54": [
    [-0.18145435849127445, 0.18331211676973191, -0.05624586869248561, -0.07997434885322577, -0.27909864550140023, 0.02310278788267386, -0.036067591222692555, -0.09532048187614696],
    [-0.2630529308236395, 0.2726121821478606, -0.07344131587907256, -0.10528452707677566, -0.01853851286409787, 0.18288790868065213, -0.0736545144387692, -0.1333180163909443],
    [-0.4772806047230629, 0.5038086123540789, -0.12781373861518014, -0.1784911271666358, 0.09429547545225139, 0.3358896382936186, -0.1691569580955314, -0.19355367375019866],
    [0.5137037075302417, -0.5699733994075905, 0.11902350135969889, 0.19154145385330465, 0.30690851619785786, 0.6685287577150739, 0.2862488001042756, -0.2790167753937635]
  ],
  "55": [],
  "56": [],
  "57": [],
  "58": [],
  "59": [],
  "60": [
    [-0.01991749307594443, 0.568740864891928, 0.12138358238915217, -0.7427760437181107, 0.07791321851980698, 0.8602473105347236, -0.1427033889682426, -0.04449562158779326]
  ],
  "61": [],
  "62": [
    [0.0850475231151267, 0.4167574215688816, -0.24071627660372405, -0.4414156667627219, 0.15643636454134635, -0.7388810039113342, 0.12121609532785066, -0.2648053144056924]
  ],
  "63": [],
  "64": [],
  "65": [
    [-0.23501387522302492, -0.01978858131311293, 0.20953336640157527, 0.36097067205426236, -0.4748197846244705, -0.10879907587770846, -0.07909850395839294, 0.028308123580949012]
  ],
  "66": [
    [0.03337884726056537, 0.038489993103220904, -0.17535714795012716, 0.5247362871569538, 0.815224937083721, 0.015879470166069547, -0.9138735691009917, -0.05512331078568679],
    [-0.07073622769611818, 0.08917375711856101, -0.03206424454985461, -0.35385224030682916, -0.4968729947583426, 0.035081207450720096, 0.5394644372784371, -0.14386256400255915]
  ],
  "67": [],
  "68": [],
  "69": [
    [0.03247395124245324, 0.21281886895346375, 0.29487989654446817, 0.23722335279144022, -0.26423526069562614, 0.19765159743462832, 0.03701019984593596, -0.0372246255244846]
  ],
  "70": [
    [0.2072677848060249, 0.03399527966022542, 0.25984615952680545, -0.29691844711773197, 0.6770434940552298, 0.816123365776487, 0.792860606507953, 0.053328953897412115],
    [0.6069393108936734, 0.17704532816580315, 0.3087455429516821, -0.27656076535380514, 0.7168975883026595, 0.21212173896054523, -0.31914855025635297, 0.1308951813351412]
  ],
  "71": [],
  "72": [],
  "73": [
    [-0.07049939893442955, 0.5949855859306883, 0.058995715885406835, -0.4829615666018908, 0.007175063383680174, -0.24682484967638937, -0.24825005281345575, 0.051712921098805105],
    [0.46258585019480175, -0.103919351377902, 0.2246521836808287, 0.25204099547156994, 0.4582453990059308, -0.2544556732797615, 0.297812266151307, -0.10382783742476626],
    [0.1321517608539688, 0.36272819879870494, 0.08364895946948504, -0.5950864990123912, -0.03250134906416153, -0.22875152557465223, -0.4396533752001806, 0.0529141520485253]
  ],
  "74": [
    [-0.6013813788229814, -0.8746789132912016, -0.015307526186939355, -0.942504778899072, -0.1647589826177789, 0.33501221376255086, -0.413263553740572, 0.8400015909420979],
    [0.37649830263094924, -0.21339503709365348, -0.04471820374917614, 0.39319746775049325, -0.3987965994356435, 0.4321068852658527, -0.476935601954127, 0.9035880517929931]
  ],
  "75": [],
  "76": [
    [-0.362183937981084, 0.2826851980181918, -0.4506807492292041, -0.09526965499968568, 0.16538092142673907, -0.5613515062389789, 0.3512874783524679, -0.18471863133762262]
  ],
  "77": [],