{
  "1": [],
  "2": [
    [0.8650313055110156, 0.07220569766989711, 0.11694190005762137, 0.48421102124801596, 0.1309366242893069, -0.21139219311673882, 0.9913924260175703, -0.40257916623223167]
  ],
  "3": [],
  "4": [],
  "5": [],
  "6": [
    [0.07782017192277693, -0.45495213732118145, 0.583000138260497, -0.2205225856531852, -0.0790690767521609, -0.049179395731996374, 0.4368956696098534, 0.8641670617652811]
  ],
  "7": [],
  "8": [],
  "9": [],
  "10": [],
  "11": [],
  "12": [],
  "13": [],
  "14": [],
  "15": [],
  "16": [],
  "17": [],
  "18": [],
  "19": [
    [-0.18554219439092165, -0.37995390038894816, 0.5836607026136887, 0.7557444987198769, 0.5070654215625273, -0.44544254117248516, -0.03224193930374186, -0.7178630198846442]
  ],
  "20": [],
  "21": [],
  "22": [
    [-0.5991772072377479, 0.8662817632732694, 0.9604516797386866, 0.5951590848057657, -0.7791869310808772, 0.10262718240099668, 0.23442700668389482, -0.17047256924480358],
    [0.7337596660417383, 0.6403504429709735, -0.7444001592689695, -0.3814262890975418, 0.5559027511304967, -0.4766019843412582, -0.15482878633329974, 0.6656693189848115]
  ],
  "23": [],
  "24": [],
  "25": [],
  "26": [],
  "27": [],
  "28": [
    [0.269976149145256, -0.23298318136035376, 0.22504684515484893, 0.4018029931493295, -0.28622193885716546, -0.6320474800844682, 0.7424733314355852, 0.11119399030915131]
  ],
  "29": [],
  "30": [],
  "31": [],
  "32": [],
  "33": [],
  "34": [],
  "35": [],
  "36": [],
  "37": [],
  "38": [],
  "39": [],
  "40": [],
  "41": [],
  "42": [],
  "43": [
    [-0.28641088633489703, -0.3813319568829121, -0.5896516068254273, 0.7634765932542215, -0.6714413215595233, -0.12782475181866984, -0.22403619919185166, 0.037106850684573756]
  ],
  "44": [],
  "45": [],
  "46": [],
  "47": [],
  "48": [],
  "49": [],
  "50": [],
  "51": [],
  "52": [],
  "53": [],
  "54": [
    [-0.7244551740539792, -0.6495801966991297, -0.8090087849908154, -0.6148373668562954, -0.6690375508477225, -0.053725170890786565, 0.9559505522543396, 0.5039233150614196]
  ],
  "55": [
    [-0.12448982922550933, -0.2635600747037216, -0.2378158409324913, -0.16374232939114775, -0.3571920483877153, 0.05016336615538641, 0.028863763908510573, 0.8695973890766434],
    [-0.18741079694456889, -0.2642866149811748, 0.07989144450497225, -0.19263115311890688, -0.3562121805884569, 0.0497438805292994, 0.15594036050595333, 0.9132347610781747]
  ],
  "56": [],
  "57": [],
  "58": [],
  "59": [
    [0.07877084917580704, -0.6808701858285044, 0.6169075557154159, -0.13799861687409476, 0.7169484052953902, 0.6772849497063985, -0.2563449840219998, 0.8268171162273251]
  ],
  "60": [],
  "61": [],
  "62": [
    [0.8801843848920193, 0.8200471580194382, -0.14289521927425972, -0.10095858342482301, -0.7606302308858521, -0.534599069059301, -0.36542216059528837, -0.12909586847529292],
    [0.7873277463714308, 0.8845714522444703, -0.18759620981117617, -0.08368006874274803, -0.7659091455643926, 0.558292492989365, -0.34138617429710355, -0.15317113996179316]
  ],
  "63": [],
  "64": [],
  "65": [],
  "66": [
    [-0.16621225025334627, -0.014653742817267432, -0.9772294597169938, 0.13354181751714225, 0.8314868118448941, -0.7655162903238317, 0.6807661617140032, -0.4547229293806887],
    [-0.17314164430634, 0.06264426694549599, 0.7520159829880314, -0.12108793642856762, -0.19947183740172544, 0.9191206763071526, 0.6348443792733081, -0.5905255091154297]
  ],
  "67": [],
  "68": [],
  "69": [],
  "70": [
    [-0.5791076867879817, 0.06804440171890047, -0.8389492309279695, 0.18749585435376273, -0.13181155476457204, -0.9162618265465526, -0.08252948883955104, -0.3481708788488199],
    [-0.4674628513714863, 0.03615041512379324, -0.6623415219578428, 0.30144832086517737, -0.11740794652966063, -0.7786815635054416, -0.185666573457591, -0.3670824811607464],
    [0.451928916261053, 0.027294266012001807, 0.8197219608644376, 0.47843002947569413, 0.09893757015423066, 0.3843954366321961, -0.9145230157918157, 0.40595343309078136]
  ],
  "71": [],
  "72": [],
  "73": [],
  "74": [],
  "75": [],
  "76": [],
  "77": [],
  "78": [],
  "79": [],
  "80": [],
  "81": [],
  "82": [],
  "83": [],
  "84": [],
  "85": [],
  "86": [],
  "87": [
    [0.0687438087815544, -0.023559643527524557, -0.36510275506059725, -0.6998118910768028, 0.27629948020713424, -0.9167106075818471, 0.3686856187917069, 0.887154472267513]
  ],
  "88": [],
  "89": [],
  "90": [],
  "91": [],
  "92": [],
  "93": [],
  "94": [],
  "95": [],
  "96": [],
  "97": [],
  "98": [],
  "99": [],
  "100": []
}
