{
  "1": [
    [-0.5844381609093721, 0.5969498537271752, 0.48104339182901806, 0.6819743525034768, -0.010126882287412412]
  ],
  "2": [],
  "3": [],
  "4": [],
  "5": [],
  "6": [],
  "7": [
    [-0.2536258886116308, -0.7785803892161611, 0.1122768918581947, -0.4560835773997178, 0.6026225364961879]
  ],
  "8": [],
  "9": [],
  "10": [],
  "11": [],
  "12": [],
  "13": [
    [0.23021312962082938, -0.5648651551177515, -0.10752603667804618, 0.09473086016237928, -0.03105257037438294]
  ],
  "14": [],
  "15": [],
  "16": [],
  "17": [],
  "18": [],
  "19": [
    [0.04871558182257624, 0.04513257215233575, 0.8763365482892528, -0.5895746914939433, -0.05943695779875982]
  ],
  "20": [],
  "21": [],
  "22": [],
  "23": [],
  "24": [],
  "25": [],
  "26": [],
  "27": [],
  "28": [],
  "29": [
    [-0.8702984070339689, 0.010884756842536293, 0.11084261927109978, -0.1206548465424839, -0.3790847287467476]
  ],
  "30": [],
  "31": [],
  "32": [
    [0.10066162951281449, -0.06657407101515148, 0.7398053565490574, 0.7361476695892807, 0.9830924171246894]
  ],
  "33": [],
  "34": [],
  "35": [],
  "36": [],
  "37": [],
  "38": [],
  "39": [],
  "40": [],
  "41": [],
  "42": [],
  "43": [],
  "44": [],
  "45": [],
  "46": [],
  "47": [],
  "48": [],
  "49": [],
  "50": [
    [0.47054286430442593, 0.49854486638380846, 0.30842097833705306, -0.15030822368274394, -0.7083570918959176]
  ],
  "51": [],
  "52": [],
  "53": [],
  "54": [],
  "55": [],
  "56": [],
  "57": [],
  "58": [],
  "59": [
    [-0.3676034176755861, 0.07860002501606819, -0.468121266307025, 0.22212700919565467, -0.3583724286092926]
  ],
  "60": [],
  "61": [],
  "62": [],
  "63": [],
  "64": [],
  "65": [],
  "66": [],
  "67": [],
  "68": [],
  "69": [],
  "70": [],
  "71": [],
  "72": [],
  "73": [],
  "74": [],
  "75": [
    [-0.17459706864581628, 0.31654106241601004, -0.7539870016216969, -0.1378947061188918, 0.8699620942775572]
  ],
  "76": [],
  "77": [],
  "78": [],
  "79": [],
  "80": [],
  "81": [],
  "82": [],
  "83": [],
  "84": [],
  "85": [],
  "86": [],
  "87": [],
  "88": [],
  "89": [
    [0.035528667688791, 0.218568427616352, -0.12115046249411525, 0.47659935943921455, -0.097359725771249]
  ],
  "90": [],
  "91": [],
  "92": [],
  "93": [],
  "94": [],
  "95": [
    [0.817091346066183, -0.49440085884209034, 0.4907786428571208, -0.44430875786810037, 0.6167491343719536],
    [-0.6320906647775457, 0.02072931883793734, -0.5230123214102279, 0.8592497396348974, 0.7816554826169546],
    [-0.5668601117433549, -0.12331695386758107, 0.5973857963973618, 0.7086365624002461, -0.6014161556540623]
  ],
  "96": [],
  "97": [],
  "98": [],
  "99": [],
  "100": []
}
