{
  "1": [],
  "2": [],
  "3": [
    [0.19119517671192207, 0.42663815677447176, 0.34603546362239396, -0.41126034595008526, 0.29351890501244327]
  ],
  "4": [],
  "5": [],
  "6": [
    [0.4186554403939118, -0.6260897362293315, 0.06946291815367275, 0.13211163184198157, 0.6848864073165535]
  ],
  "7": [],
  "8": [],
  "9": [],
  "10": [],
  "11": [
    [0.016138879275190515, 0.3002344697642529, -0.026108351924951784, -0.1544126424557047, -0.18258642778442968],
    [0.006646179595462747, -0.29189076197887304, -0.026298153633309646, -0.15246482845827097, -0.18205598036112708]
  ],
  "13": [
    [0.05768987443506548, -0.560746579249168, 0.2121419713127529, 0.33096418921985443, 0.7011843937466837]
  ],
  "14": [
    [-0.2978104595917069, 0.02771496396900517, -0.2833790154700769, -0.11018618750205524, 0.16065672473661755]
  ],
  "15": [],
  "16": [],
  "17": [],
  "18": [],
  "19": [],
  "20": [],
  "21": [
    [0.11739912108920592, -0.534634137898441, -0.1532069806646574, 0.07029610172411295, 0.11524123538645915]
  ],
  "22": [],
  "23": [],
  "24": [
    [-0.09627969463059564, -0.2672199953715386, 0.925394839187516, -0.2433386731796787, 0.6605761849795965],
    [-0.06140781412591786, 0.33049521465726084, 0.8142024590638925, 0.2790415243017811, 0.02534162863791437]
  ],
  "25": [],
  "26": [],
  "27": [],
  "28": [],
  "29": [
    [-0.08948934640909864, -0.6062910784388671, 0.13995616419197923, -0.0812608317370985, 0.9067841797645968],
    [-0.017844534975565297, 0.04165451717330847, -0.39437147485536767, 0.10223832427307421, -0.01968626734514218]
  ],
  "31": [],
  "32": [
    [0.05089418278774699, -0.055146541472338106, 0.24151592926713839, -0.33300323143646304, 0.1437200944310257],
    [0.034900365995027466, 0.8313520496316723, 0.6836152192938669, 0.2265691047073115, 0.18579496393839534],
    [0.04972251878413324, -0.08913102449155627, 0.2767721782868988, 0.33640090402518025, 0.14001635158363113],
    [0.03492982430335041, 0.8672590188182453, 0.6764026723432846, -0.221809933085181, 0.18801130405192856]
  ],
  "33": [
    [0.551102936588737, 0.02659636409263014, -0.6692494930555084, 0.35058837263363235, -0.1767757210717897]
  ],
  "34": [],
  "35": [
    [0.38012554208862653, 0.0597134438847579, -0.22653394002313687, 0.08903989812853176, 0.5927339302473908],
    [0.7339265339135381, 0.06514182431463714, -0.1145136246421899, 0.37217463657208283, 0.21193996246589816]
  ],
  "36": [],
  "37": [],
  "38": [],
  "39": [],
  "40": [
    [0.4252245200977664, -0.025898313371920858, -0.06726078847469133, 0.785831220788555, 0.24072677518816105],
    [0.2082353129730571, 0.6399605652692352, 0.27799976821674377, 0.5744147963301048, -0.4572629578531548],
    [0.31677861815600566, -0.028559991178156864, -0.019612432708085444, -0.6220111909373653, 0.33136266916576607]
  ],
  "41": [
    [-0.057102214216690775, -0.028266869236703303, -0.28963347603386785, 0.9039646034319505, 0.459725614640818],
    [-0.6903161080245146, -0.34792583882345574, -0.12008484772263577, 0.8562336704890785, 0.17851858144389485]
  ],
  "42": [],
  "43": [],
  "44": [],
  "45": [],
  "46": [],
  "47": [],
  "48": [
    [-0.5094497504346095, 0.12381369599086983, -0.7005313748163163, -0.27418360161002847, 0.001094572389839469]
  ],
  "49": [],
  "50": [
    [0.03537274626554887, -0.3091042488112811, 0.049282552087605305, 0.052904366819775915, -0.24636224557890238]
  ],
  "51": [
    [-0.054158575095518365, -0.12485400745639345, -0.25188819078468766, 0.016983048912217663, -0.6102882346914019],
    [-0.12688512405487817, -0.18015286935812588, -0.12618256055943014, -0.06346602193727102, -0.2818058809696011]
  ],
  "52": [],
  "53": [],
  "54": [],
  "55": [],
  "56": [
    [-0.4863961092324279, 0.7948444377518082, -0.4256702634665909, -0.7107349006396811, 0.27479036407031193],
    [-0.18841956466179088, 0.38590019792864666, -0.5085387781533846, -0.30676371376155376, 0.10969236662182491]
  ],
  "57": [],
  "58": [],
  "59": [
    [0.16230070651155515, -0.07085914432787163, 0.0020790567396063767, -0.3402916673686028, -0.2931417875958604]
  ],
  "60": [],
  "62": [],
  "63": [
    [0.7235983912840704, 0.2663733034949397, 0.11530573428942331, -0.26984402768074744, -0.5605175162315592]
  ],
  "64": [],
  "65": [],
  "66": [],
  "67": [
    [0.5475701805281292, 0.7835091010950308, -0.09648214705227437, 0.27364493163108905, 0.053810021596999325]
  ],
  "68": [],
  "70": [],
  "71": [
    [0.3073754293960054, 0.14797925902192272, -0.1619507134257168, -0.5679928463829037, -0.31215317684874705],
    [0.11162770785634449, -0.17922343259820814, -0.4243924156651524, -0.269915358801272, 0.4068281763839026],
    [-0.20070350320143668, -0.02694208738117918, 0.42738169590492825, 0.1719578861998193, -0.2910786133640635]
  ],
  "72": [],
  "73": [],
  "74": [],
  "75": [],
  "76": [
    [-0.6874607396550012, -0.3834956989181592, -0.9754476360976476, 0.2919245098528451, -0.23874928295727355],
    [-0.001581386165577317, 0.15983637252523247, -0.6803538810436184, 0.5233428925789088, 0.2738481604007322]
  ],
  "77": [
    [0.018813762835491563, 0.13789587770851186, -0.9990399602658712, -0.8629002760666099, 0.06536849939889752],
    [-0.16148319673166492, -0.16268412710577942, 0.9577734526404929, 0.7054878822147446, 0.10471454250609664]
  ],
  "78": [
    [-0.4374352353102505, -0.20005025738898888, 0.8433216165058551, -0.6001134636680552, -0.7085618315876594]
  ],
  "79": [],
  "80": [
    [0.028354463214691594, -0.26833309905249075, 0.10585998754467674, 0.3466354541868736, 0.09368033417329519]
  ],
  "81": [],
  "82": [
    [-0.710842289320821, 0.6773457365776968, 0.43722823922333853, 0.07615682694393476, -0.011955197587531198]
  ],
  "83": [],
  "84": [],
  "85": [],
  "86": [],
  "87": [
    [-0.0013347176567363114, -0.21187081437150757, -0.10222333802618543, -0.07579306669462316, 0.24318039184083282]
  ],
  "88": [
    [-0.07116381322855853, 0.08972771848775579, -0.7542528068739851, 0.34590034081050036, 0.5279553506526036]
  ],
  "89": [
    [0.3204494332682595, 0.029668808872693648, -0.07051591572841141, -0.2870436795510304, -0.7148043489797306]
  ],
  "90": [],
  "91": [],
  "92": [
    [-0.5304746913318342, -0.24104610027219348, 0.11480433595278859, 0.7515146543310249, -0.2775688081009483]
  ],
  "93": [],
  "94": [],
  "95": [],
  "96": [],
  "97": [],
  "98": [],
  "99": [],
  "100": []
}
