{
  "1": [],
  "2": [],
  "3": [],
  "4": [],
  "5": [],
  "6": [],
  "7": [],
  "8": [
    [-0.4141078004712989, -0.9142493542732774, -0.9407212128775426]
  ],
  "9": [],
  "10": [],
  "11": [],
  "12": [],
  "13": [
    [-0.41123840097421677, -0.8623357059653156, -0.941315333671813]
  ],
  "14": [],
  "15": [],
  "16": [],
  "17": [],
  "18": [
    [0.9461837695347511, -0.7923394886509281, -0.5531710722332192]
  ],
  "19": [],
  "20": [
    [-0.8048278821797115, -0.7589097257683748, 0.9941290438636128]
  ],
  "21": [],
  "22": [],
  "23": [],
  "24": [],
  "25": [],
  "26": [],
  "27": [],
  "28": [],
  "29": [],
  "30": [],
  "31": [
    [-0.7243514590875576, -0.9227956244980277, -0.4537113879571535]
  ],
  "32": [],
  "33": [],
  "34": [],
  "35": [],
  "36": [],
  "37": [],
  "38": [],
  "39": [],
  "40": [],
  "41": [],
  "42": [],
  "43": [],
  "44": [],
  "45": [],
  "46": [],
  "47": [],
  "48": [],
  "49": [],
  "50": [],
  "51": [],
  "52": [],
  "53": [],
  "54": [],
  "55": [
    [-0.43479856615932816, 0.7134459323899696, 0.24016872059412997]
  ],
  "56": [],
  "57": [],
  "58": [],
  "59": [],
  "60": [],
  "61": [],
  "62": [],
  "63": [],
  "64": [],
  "65": [],
  "66": [
    [0.5336067932926317, 0.9991329046069086, -0.8126412505448631]
  ],
  "67": [
    [0.5544298235454125, -0.8237493812427026, -0.7610571119466761]
  ],
  "68": [],
  "69": [
    [0.2692275590803631, -0.9673611213620409, -0.8597641815087306]
  ],
  "70": [],
  "71": [],
  "72": [],
  "73": [],
  "74": [],
  "75": [],
  "76": [
    [0.956982669524591, -0.7465349030953787, 0.9862297443986958]
  ],
  "77": [],
  "78": [
    [0.8725899907765263, 0.5819152608102026, -0.9537504714072359]
  ],
  "79": [],
  "80": [
    [0.798515727493768, -0.07053114080291534, 0.5896760149579295]
  ],
  "81": [
    [0.8530051424031211, 0.7276429367177802, -0.7243136961140995],
    [0.6456622660567354, 0.6096569442260544, 0.9612967013587486]
  ],
  "82": [],
  "83": [],
  "84": [],
  "85": [],
  "86": [],
  "87": [],
  "88": [
    [0.991008735475226, -0.9058789225307029, 0.9997669521931334]
  ],
  "89": [],
  "90": [],
  "91": [],
  "92": [],
  "93": [],
  "94": [],
  "95": [],
  "96": [],
  "97": [],
  "98": [],
  "99": [],
  "100": [
    [-0.6411985191508008, -0.8052862805052238, -0.5211014085158218]
  ]
}
