{
  "1": [],
  "2": [],
  "3": [
    [-0.8023116286650296, 0.2846063602568102, 0.9666349214225002],
    [0.8278069565183924, -0.4033822145535481, -0.7426865779456739]
  ],
  "4": [],
  "5": [],
  "6": [
    [0.8850013608731271, -0.6406088351003834, 0.9142402211986631]
  ],
  "7": [],
  "8": [],
  "9": [],
  "10": [],
  "11": [],
  "12": [],
  "13": [],
  "14": [],
  "15": [],
  "16": [
    [-0.9417023693187697, -0.9252690782219908, -0.8941798520114695],
    [0.9726946682373729, -0.9601872866124115, 0.5157271243171486]
  ],
  "17": [],
  "18": [],
  "19": [],
  "20": [],
  "21": [],
  "22": [],
  "23": [
    [0.47148529007004275, 0.7402920755248152, -0.938175749935003]
  ],
  "24": [
    [0.3024808725141549, 0.42843350600871244, -0.8084604929255261],
    [0.32726980730812855, 0.4119498012815421, 0.7979221533956796]
  ],
  "25": [],
  "26": [
    [0.8420000492092707, 0.5658767010650082, -0.9800394444286685],
    [0.8420000492092707, 0.5658767010650082, 0.9800394444286685]
  ],
  "27": [],
  "28": [],
  "29": [],
  "30": [],
  "31": [],
  "32": [],
  "33": [],
  "34": [],
  "35": [],
  "36": [],
  "37": [
    [0.519762076324377, 0.807441348587771, -0.8542377618299964]
  ],
  "38": [],
  "39": [],
  "40": [
    [-0.8451326241571596, -0.9653560140007769, 0.5071671808083404],
    [-0.6417504466660093, 0.3398405864876081, -0.9699837951511869],
    [-0.8443652500201607, 0.6159154432788558, -0.6613938537528116]
  ],
  "41": [],
  "42": [],
  "43": [],
  "44": [],
  "45": [],
  "46": [],
  "47": [],
  "48": [],
  "49": [],
  "50": [],
  "51": [],
  "52": [],
  "53": [],
  "54": [],
  "55": [],
  "56": [],
  "57": [
    [0.9223999185761445, -0.8834009655922914, 0.9433116705294767]
  ],
  "58": [],
  "59": [],
  "60": [],
  "61": [],
  "62": [
    [-0.9965961383248462, -0.8481489060451783, -0.9367479502564154]
  ],
  "63": [
    [0.8594573940733177, 0.911165836341936, 0.9675658226332673]
  ],
  "64": [],
  "65": [],
  "66": [],
  "67": [],
  "68": [],
  "69": [],
  "70": [],
  "71": [],
  "72": [],
  "73": [],
  "74": [],
  "75": [],
  "76": [],
  "77": [],
  "78": [],
  "79": [],
  "80": [],
  "81": [],
  "82": [],
  "83": [
    [0.8874059800270004, 0.5967933086612447, 0.5956427983788596]
  ],
  "84": [],
  "85": [],
  "86": [],
  "87": [],
  "88": [],
  "89": [],
  "90": [],
  "91": [
    [-0.5954020514852041, -0.9820203118498804, 0.771136499201105],
    [-0.6231568769335303, 0.9959023584094396, 0.7950936933857793],
    [0.6218304672567678, -0.9878714664684262, 0.8156521696877337],
    [0.5955354265843209, 0.9952393908509306, 0.7543980455472893]
  ],
  "92": [],
  "93": [],
  "94": [
    [0.919808299139359, -0.4979097589378647, -0.921496689345698]
  ],
  "95": [],
  "96": [],
  "97": [],
  "98": [],
  "99": [],
  "100": []
}
