{
  "1": [],
  "2": [
    [0.11148134732883126, 0.02110228175726805, 0.24126720655439515]
  ],
  "3": [
    [-0.6087741138740902, -0.2655091649375985, -0.19202760893901785],
    [-0.3438887640459319, -0.11572900109015909, 0.08537792800064903],
    [-0.3089052475652114, 0.14886381540733687, -0.2933086645559251],
    [-0.17364838769372354, 0.5143965115451249, 0.1255426974589757]
  ],
  "4": [],
  "5": [],
  "6": [
    [0.024420416877952978, -0.02881848519064689, -0.0678702063369377]
  ],
  "7": [
    [0.05469113365794562, 0.09619679239863442, -0.07864425402693354]
  ],
  "8": [
    [0.12045200865012719, -0.5969816286349898, 0.07802358225059162],
    [0.279592417634217, -0.8735281146115477, 0.0336213245048228]
  ],
  "9": [
    [-0.6233297783424177, 0.023422242412378523, -0.7780885855130156]
  ],
  "10": [
    [0.8396641652941021, -0.052377625110423556, 0.11305906995083762]
  ],
  "11": [],
  "12": [
    [-0.9107774123317044, 0.7165112353126426, -0.7978133183980523],
    [-0.6880808903667612, 0.8249759749681037, 0.508509600949283],
    [0.16408709130728874, -0.8576562050365646, 0.08823202368654617]
  ],
  "13": [],
  "14": [],
  "15": [],
  "16": [
    [0.039804905429097856, -0.01020788539223096, 0.09647183345263961]
  ],
  "17": [
    [-0.0827482506668822, 0.09232751917044879, -0.1880158543056017],
    [0.1444005552721173, 0.10429330496858873, -0.1080371417935416]
  ],
  "18": [],
  "19": [
    [0.4281941898166412, 0.3157947154178234, 0.16465149513946836]
  ],
  "20": [],
  "21": [
    [0.07091705963324986, -0.31330832873048864, 0.06687472697581968]
  ],
  "22": [
    [-0.16750108395323782, -0.03301019444065031, -0.10084765083346746],
    [-0.16284472335786063, 0.02203611165605513, -0.10956070449213438]
  ],
  "23": [],
  "24": [
    [-0.6943640208864359, -0.7215994744313535, -0.34870167589453827],
    [0.15390993710234388, -0.05409656099528326, 0.15733176352018224]
  ],
  "25": [
    [0.2199472952177873, -0.09158644673593189, -0.4868447072220108],
    [0.24279184484311175, -0.25990888939998014, -0.1110366904036375]
  ],
  "26": [
    [0.1582589965234744, -0.3852781720265293, 0.18909781955554358]
  ],
  "27": [
    [-0.7999730788767211, 0.8709107078140782, -0.3261546099259547],
    [0.5139957479561705, 0.3936890237942349, 0.3460903258377524]
  ],
  "28": [
    [-0.6742596748980055, -0.1005021242336883, -0.14895085741230626]
  ],
  "29": [],
  "30": [
    [0.09750269000577043, 0.20118220226664874, 0.11744085778338104],
    [0.14474322585562596, 0.31304874849918185, 0.119634122827331]
  ],
  "31": [],
  "32": [
    [0.09312563637737341, -0.2195914098405207, -0.03214610528697835]
  ],
  "33": [],
  "34": [
    [0.7426250780126658, -0.4861054219875891, -0.6276170213654888],
    [0.7641825875165857, -0.4967231401135968, 0.6082654738627606]
  ],
  "35": [],
  "36": [],
  "37": [],
  "38": [
    [-0.07276878806888655, -0.053756662498382526, -0.08404890868068374]
  ],
  "39": [
    [0.5308966888366026, -0.5824028322619821, -0.641289284340202],
    [0.1323966928393838, 0.05081554838323185, -0.061241049328634486]
  ],
  "40": [
    [0.08293207654945514, -0.0005393411156166528, -0.1089787324585056],
    [0.08547126346093947, -0.0004994021936866661, 0.08987184257314468]
  ],
  "41": [
    [-0.26777165547027704, -0.13771162598161193, 0.8989323698603074],
    [-0.03498009958369895, -0.3119506401558631, -0.552720877211479],
    [-0.05412045013259132, -0.29009999552023474, 0.46118331499047444],
    [0.04362511914497276, 0.3018713755777512, -0.03449099267613505],
    [0.039237456180292084, 0.3069433493705833, 0.22668598453011743]
  ],
  "42": [
    [-0.5956031510475523, -0.0975394731202305, 0.4168189678172605],
    [-0.3237891330219293, 0.14984000240771822, 0.013123429612424528]
  ],
  "43": [
    [0.13605492071803127, -0.007056163448658592, -0.05333240466435699]
  ],
  "44": [
    [-0.055016001916421135, -0.07598216973435355, 0.050087415703477675],
    [0.11947985297245582, -0.08278873935088915, 0.1673430962815213]
  ],
  "45": [
    [-0.48717500656042934, 0.10274686200298175, 0.024376911512638287]
  ],
  "46": [],
  "47": [],
  "48": [],
  "49": [
    [-0.8719547308662142, 0.9100862764446275, -0.5705528136405394]
  ],
  "50": [
    [-0.542281003998043, 0.02050479995495569, 0.48375012689287405]
  ],
  "51": [
    [0.24962511171325116, 0.1849614176261866, 0.05253353346121511],
    [0.37675057128473227, 0.1849614176261866, 0.05253353346121511]
  ],
  "52": [
    [-0.154648200714893, 0.4438425707628208, -0.31177755791402695]
  ],
  "53": [],
  "54": [
    [-0.4128168561328076, -0.24151267932206194, -0.5226930373751332],
    [-0.4128168561328075, -0.2415126793220619, 0.09288830043624406],
    [0.23512252501445968, -0.08657703390384094, -0.27020938031468056],
    [0.23512252501445968, -0.08657703390384094, 0.11613374591551166]
  ],
  "55": [
    [0.03136069943609799, -0.16350181420327753, -0.04806719018460551],
    [0.053901517663026935, 0.06306204647574165, 0.06905159605474423]
  ],
  "56": [],
  "57": [
    [0.3630153064331578, -0.08368732225244901, -0.028949760651349195]
  ],
  "58": [],
  "59": [],
  "60": [],
  "61": [
    [-0.14913041475456879, 0.24898752549818948, -0.47577644882781606],
    [-0.21581143962477684, 0.0158347930538258, 0.5834740926649525]
  ],
  "62": [],
  "63": [
    [-0.010117025496027138, 0.0020657903191577264, -0.012639254983701177]
  ],
  "64": [
    [-0.3015909167808821, 0.9692375619442111, 0.1482840246128678]
  ],
  "65": [
    [0.03126581938509218, -0.6471855528623581, -0.6876836793721154],
    [-0.21835792550916694, -0.5113734810921979, 0.01015546317535842]
  ],
  "66": [],
  "67": [],
  "68": [
    [-0.022272710921884285, 0.08740569908050334, 0.08591746513322006]
  ],
  "69": [
    [-0.10946927811883193, -0.10248714514697013, 0.6635384245331658]
  ],
  "70": [
    [-0.41221623259833085, -0.18404213123684343, 0.216750483291682],
    [0.27758192063965414, -0.3610301456840102, -0.25746172330791456]
  ],
  "71": [
    [-0.6791186624895774, 0.01438214084419589, -0.030407394812680285],
    [-0.7164277471014998, 0.0850229690336633, 0.18364408564099943],
    [0.018828958563367946, 0.018390895993476316, 0.47018406393159373]
  ],
  "72": [
    [-0.06642800322309689, -0.22081843984045077, -0.19808889672711125]
  ],
  "73": [],
  "74": [
    [-0.9478894415246631, 0.36228820853492155, 0.17667015656627844]
  ],
  "75": [
    [-0.03554615322672371, -0.06677749329675974, 0.506823169313711],
    [-0.07036623560958336, 0.13095418383783447, -0.46076765867255803]
  ],
  "76": [
    [-0.31703391674248965, -0.05742118116206235, 0.011589138194846357],
    [0.31051305754245484, -0.05733177009308992, 0.006251019586859481]
  ],
  "77": [
    [-0.20640168051279903, -0.022039306418595778, -0.04112499308376715]
  ],
  "78": [],
  "79": [
    [-0.5660239585368952, -0.04595766165644519, -0.3648360611803292],
    [0.002725325868560955, -0.0406000770140514, 0.17166644827242833]
  ],
  "80": [
    [0.6595190298397388, 0.20084959276801503, -0.03048947861440069],
    [0.08303170037474188, 0.04768164417792535, 0.45271484338881274]
  ],
  "81": [],
  "82": [
    [-0.7428829589636601, 0.6863946115502191, 0.6759344592098122]
  ],
  "83": [
    [-0.11157621551973264, -0.2857213395532615, -0.21860186517764021],
    [-0.09236949487515948, 0.20843763722659803, 0.19024644544924096]
  ],
  "84": [
    [-0.1675279606788575, 0.11638793378875321, 0.7455703954156597]
  ],
  "85": [],
  "86": [
    [-0.0996338104230293, 0.5700199908163734, -0.06730247307432398]
  ],
  "87": [],
  "88": [
    [-0.5679558139486728, 0.0898654925895412, -0.020734645632448267],
    [-0.0360009584428579, 0.032284180099364526, -0.020385709951933378]
  ],
  "89": [],
  "90": [],
  "91": [
    [-0.3086668104246469, 0.11118339228583612, -0.16224648401344532]
  ],
  "92": [],
  "93": [
    [-0.38124186044943603, -0.18538715955474305, 0.30712751125355764],
    [0.28600592591715407, 0.19388891454678694, -0.3274192249963415]
  ],
  "94": [],
  "95": [],