{
  "1": [],
  "2": [],
  "3": [],
  "4": [],
  "5": [
    [0.026364801172965066, -0.1308801677011856, -0.3990067881988983]
  ],
  "6": [
    [-0.7389927898309322, -0.19226589228073332, -0.7237745801695048]
  ],
  "7": [
    [-0.40035779679705985, -0.968784928990162, -0.2667110621184997],
    [-0.10319703833056756, -0.11479739897366706, -0.7726229919583771],
    [-0.06518290834503619, -0.142350165756946, 0.6929963932189315]
  ],
  "8": [],
  "9": [],
  "10": [
    [-0.5892568772858383, 0.11139497797025663, 0.6920316324424174]
  ],
  "11": [],
  "12": [],
  "13": [],
  "14": [
    [-0.22489676436804348, -0.7637634228784336, 0.5176996714482262]
  ],
  "15": [],
  "16": [],
  "17": [],
  "18": [
    [-0.0075548277970037, 0.623473605795185, 0.14607373119338052]
  ],
  "19": [],
  "20": [],
  "21": [],
  "22": [
    [0.11346183646818314, 0.16536967544336822, 0.5219462076302641]
  ],
  "23": [
    [-0.6480614707995349, 0.03494915071130769, -0.4743495888313129],
    [0.7679028003369569, 0.04698254606783371, 0.4912295636229173]
  ],
  "24": [
    [-0.09365476708725186, -0.17035803967690982, -0.4804363409640492]
  ],
  "25": [
    [-0.2475397005267837, 0.8577814336076548, 0.30625639265759486],
    [0.239222745666041, 0.8182203610314088, -0.3402562053177234],
    [0.7615540598022816, 0.12718875057318157, -0.9382491102334213]
  ],
  "26": [
    [0.7217497321810765, 0.10957535581656455, -0.16297409272020247]
  ],
  "27": [],
  "28": [
    [-0.6963435537720296, 0.28866958497349754, -0.3507950959162293],
    [0.6907868409707583, 0.3487106632463557, 0.3404432447011175]
  ],
  "29": [],
  "30": [],
  "31": [
    [-0.892386521655942, 0.5125550150821707, -0.32971827972656764]
  ],
  "32": [
    [-0.8505222747561317, 0.1550116936943296, 0.43619528894334486]
  ],
  "33": [],
  "34": [
    [-0.4278145874942378, -0.6447582114228869, 0.5224174187403741]
  ],
  "35": [],
  "36": [],
  "37": [
    [0.20696685831938905, -0.7484543368293504, 0.30143754965658226],
    [0.20900737730841565, 0.6901636199844073, 0.3174875941828776]
  ],
  "38": [],
  "39": [],
  "40": [
    [-0.6012862794454976, -0.28848269143646454, -0.7948177808115806]
  ],
  "41": [],
  "42": [
    [-0.3415659989654167, 0.6662729588205559, 0.524878751450093],
    [0.4984329498084513, -0.8723750130271797, -0.3158967670048814],
    [0.5657343543254388, 0.8142306025953732, -0.18030130128966224]
  ],
  "43": [
    [-0.4813249326065528, -0.3385006289816643, -0.3712341226023295],
    [-0.20012661765813958, 0.9250252922464595, -0.7402441969780916],
    [0.19475791027125117, 0.500513826300457, 0.6352615447315252]
  ],
  "44": [
    [-0.18388286828675882, -0.23253916104065936, 0.06192531457211496],
    [-0.14321292530812027, 0.2207719157824427, -0.05786954560637696],
    [0.1809491788961748, 0.20443705649606303, -0.06090856208157541],
    [0.14158079453734887, -0.24245068286063234, 0.05790538572233871]
  ],
  "45": [
    [0.6761116196826465, 0.5542352093725387, -0.9972857316086963]
  ],
  "46": [],
  "47": [
    [-0.6683704590999525, 0.2702893801534831, -0.35683178344698174]
  ],
  "48": [
    [-0.9131148649969903, 0.9177074029577852, -0.858460506660363]
  ],
  "49": [],
  "50": [
    [-0.46655977233697127, -0.8484305120875428, 0.16157455630795697]
  ],
  "51": [],
  "52": [],
  "53": [
    [0.4574809695306441, 0.21474569534128568, -0.39885339104517464]
  ],
  "54": [
    [-0.6451232818615669, -0.021655079586373777, 0.2861592308096936],
    [0.5558221671425801, -0.022590272532498172, -0.17511497743002824]
  ],
  "55": [],
  "56": [],
  "57": [],
  "58": [],
  "59": [],
  "60": [
    [0.09290452893972852, 0.6564629049253267, 0.2820690989811886]
  ],
  "61": [
    [0.3752575400561979, 0.9382419030674662, 0.06880757316193149]
  ],
  "62": [
    [0.4844198823448284, -0.10188379142405479, -0.12009772225024154]
  ],
  "63": [
    [-0.17465379577498205, 0.04037119416150601, -0.8235905467540634]
  ],
  "64": [],
  "65": [
    [0.8544803665590575, 0.839941363193228, -0.07330905534079961],
    [0.7191720141874146, 0.5402324635828406, -0.36607453614778857]
  ],
  "66": [],
  "67": [],
  "68": [
    [-0.028442851197536385, -0.06509150173395613, 0.8513606468910573]
  ],
  "69": [
    [-0.6496760704507821, -0.09032762214784597, -0.07173243902273443],
    [0.6520846273948115, -0.09034066066611329, -0.07160947400839854]
  ],
  "70": [],
  "71": [
    [-0.8267084500851264, -0.3461529420769643, -0.30986239265608023]
  ],
  "72": [],
  "73": [],
  "74": [
    [0.7885018327774993, 0.0918885780373856, -0.06635849913258028],
    [0.7885018327774993, 0.7688847813599239, -0.06635849913258028],
    [-0.7296206058126941, 0.07996113451073308, -0.1388057694163064]
  ],
  "75": [],
  "76": [],
  "77": [
    [-0.35270087783649784, 0.01450309236333155, -0.3211356553406698],
    [-0.3872023245025137, 0.03650979827800417, 0.3387124931669493]
  ],
  "78": [],
  "79": [
    [-0.11841822115360527, -0.030582093590588392, -0.1656070087625927]
  ],
  "80": [],
  "81": [],
  "82": [],
  "83": [
    [-0.6802704594425647, -0.21684320714009817, 0.9844516655697753]
  ],
  "84": [],
  "85": [
    [-0.8371562364360171, 0.5394894455975957, 0.3755069446172921],
    [0.44793481092414184, -0.4774048073074283, -0.09139190049297623],
    [0.19482971056461312, -0.2477182898486361, 0.3661560327000797]
  ],
  "86": [
    [-0.19649874379222532, -0.79029032224483, 0.37807978786559243]
  ],
  "87": [],
  "88": [],
  "89": [
    [-0.2655388218575634, 0.8971033023009993, 0.32931085755363954]
  ],
  "90": [],
  "91": [
    [-0.16186159345200915, -0.4942652050062863, -0.0824474869329164]
  ],
  "92": [],
  "93": [
    [-0.050145593563437535, -0.1846332501361161, 0.04919681927993978],
    [-0.04571500936831049, 0.2410765868354717, 0.049224890743882165],
    [-0.040936311712404125, 0.9237497254685829, 0.049255255743607285]
  ],
  "94": [],
  "95": [],
  "96": [],
  "97": [
    [0.3893875852597158, 0.4464497926618437, 0.6120228046941526]
  ],
  "98": [
    [-0.7831136401102321, 0.1333255976716679, -0.3782278376971064],
    [0.7538574892169744, 0.14515729638162586, 0.38307348960993837]
  ],
  "99": [
    [-0.8163539986321022, -0.4478486611818558, -0.37491835628291165],
    [-0.3120183593180495, 0.6029594893763276, -0.1706167584388858],
    [0.6225653590458033, -0.42881342336411327, 0.26826830313221434],
    [0.3476032369462142, 0.5328758021117559, 0.15193966607011583]
  ],
  "100": [
    [0.012860091142514787, -0.06463999572965741, 0.5164051479890253]
  ]
}
