{
  "1": [],
  "2": [
    [0.6031487069865, -0.9063310159973172, 0.6578945500486278]
  ],
  "3": [],
  "4": [],
  "5": [],
  "6": [],
  "7": [],
  "8": [],
  "9": [
    [-0.9474597613273285, 0.9708324560834976, -0.8554172530768752],
    [0.9355126334575685, -0.9624282262286361, 0.9000901378659627]
  ],
  "10": [],
  "11": [],
  "12": [],
  "13": [],
  "14": [],
  "15": [],
  "16": [],
  "17": [],
  "18": [],
  "19": [],
  "20": [
    [0.8522904095908312, 0.9899721284827583, 0.6336499296635889]
  ],
  "21": [
    [-0.8403883533941864, 0.9670006159416429, 0.9763796440809884]
  ],
  "22": [],
  "23": [],
  "24": [],
  "25": [],
  "26": [],
  "27": [],
  "28": [],
  "29": [
    [-0.09580643612291187, 0.9322022441032253, 0.618224940025912]
  ],
  "30": [],
  "31": [
    [-0.8637593987260259, -0.7569738909362836, 0.9349373472045364]
  ],
  "32": [],
  "33": [],
  "34": [],
  "35": [
    [0.33436610594364247, -0.8159156790062094, -0.9119126341638989]
  ],
  "36": [],
  "37": [
    [0.9206539615562771, -0.856879204506995, -0.771705691526929]
  ],
  "38": [
    [0.5267143331017056, 0.451164369855212, -0.5605036201814492]
  ],
  "39": [],
  "40": [],
  "41": [],
  "42": [],
  "43": [],
  "44": [],
  "45": [],
  "46": [],
  "47": [],
  "48": [],
  "49": [
    [-0.8800101153959528, 0.888638660018024, -0.7537236996652246],
    [-0.8831190117079339, 0.8939181420220982, 0.7466220755514675]
  ],
  "50": [],
  "51": [],
  "52": [],
  "53": [],
  "54": [],
  "55": [],
  "56": [],
  "57": [],
  "58": [],
  "59": [],
  "60": [],
  "61": [
    [0.79986893631174, 0.463747500959602, 0.9500355184533317]
  ],
  "62": [],
  "63": [],
  "64": [],
  "65": [],
  "66": [],
  "67": [],
  "68": [],
  "69": [],
  "70": [],
  "71": [],
  "72": [],
  "73": [],
  "74": [
    [-0.5008682769334631, -0.7512051769968705, 0.5742716148594471]
  ],
  "75": [],
  "76": [],
  "77": [],
  "78": [],
  "79": [],
  "80": [],
  "81": [],
  "82": [],
  "83": [],
  "84": [],
  "85": [],
  "86": [
    [-0.7151407693622687, 0.8916230031984136, 0.5859669943414982],
    [0.7072326063848756, -0.8980328889706717, 0.5772752496761046]
  ],
  "87": [],
  "88": [
    [-0.7800664893706573, 0.8671314090907088, 0.9398565279043486]
  ],
  "89": [],
  "90": [],
  "91": [],
  "92": [],
  "93": [],
  "94": [],
  "95": [],
  "96": [],
  "97": [],
  "98": [],
  "99": [],
  "100": [
    [-0.7893718450679031, 0.7524815012478181, 0.6276052027634564],
    [0.886500494686831, -0.7321372598057883, 0.5917616481025654]
  ]
}
