{
  "1": [],
  "2": [],
  "3": [],
  "4": [],
  "5": [],
  "6": [],
  "7": [],
  "8": [
    [0.8784552982329742, -0.9677281574271289, -0.3495457327616372],
    [0.8643524069842177, 0.9600752653857876, 0.35514949690523784]
  ],
  "9": [],
  "10": [
    [0.5687642302428751, 0.7325727210355901, -0.9919191643551706]
  ],
  "11": [],
  "12": [
    [0.8999802650486098, -0.6733751364502301, 0.8988699877228763]
  ],
  "13": [],
  "14": [
    [-0.734161760283126, -0.7305369918026994, -0.7137410162006346],
    [-0.7810502794290356, -0.9174624971067628, 0.7713812062898383]
  ],
  "15": [
    [0.6356373542252018, -0.8425287665542409, 0.6601551304339275]
  ],
  "16": [],
  "17": [],
  "18": [],
  "19": [],
  "20": [],
  "21": [],
  "22": [],
  "23": [],
  "24": [
    [0.9160518520604729, -0.5857376166727742, -0.19257540397416895]
  ],
  "25": [],
  "26": [],
  "27": [],
  "28": [],
  "29": [
    [-0.5913891718424393, 0.9456247513520978, 0.14191898181280035]
  ],
  "30": [],
  "31": [
    [0.813009491827954, 0.9543725559885153, -0.662169151928079]
  ],
  "32": [],
  "33": [],
  "34": [],
  "35": [
    [-0.6943754105261659, 0.985621917048621, 0.8561107814916936]
  ],
  "36": [],
  "37": [],
  "38": [],
  "39": [
    [0.7591420805071293, 0.5566062076398113, 0.5067973562081755]
  ],
  "40": [],
  "41": [],
  "42": [],
  "43": [],
  "44": [
    [-0.7130991254322621, 0.9382571639443953, -0.2576731332563013],
    [0.7244427309475315, -0.9294081502945551, 0.2569744658002567]
  ],
  "45": [],
  "46": [],
  "47": [],
  "48": [
    [-0.8103032585116859, -0.8140789810901887, 0.9059505255828622]
  ],
  "49": [],
  "50": [],
  "51": [],
  "52": [
    [0.42808772469329737, 0.21393293821975595, -0.8839567745121423]
  ],
  "53": [
    [-0.8685341974776315, -0.17085640492581475, 0.7215561001082872]
  ],
  "54": [
    [-0.6858066110236974, -0.6982256895626094, -0.623099050526102],
    [0.6683340032227729, 0.6831270376614359, -0.6435929838026241]
  ],
  "55": [],
  "56": [],
  "57": [],
  "58": [],
  "59": [],
  "60": [],
  "61": [],
  "62": [],
  "63": [],
  "64": [],
  "65": [],
  "66": [
    [-0.3907183325737486, 0.7585883790577336, 0.5286439237140885],
    [0.19657878782782776, -0.8702070963984445, -0.6645133266291426]
  ],
  "67": [],
  "68": [],
  "69": [],
  "70": [],
  "71": [
    [-0.5995396904145646, 0.4996750837400746, 0.5595543857714065]
  ],
  "72": [],
  "73": [],
  "74": [],
  "75": [],
  "76": [],
  "77": [],
  "78": [],
  "79": [],
  "80": [
    [-0.42308370070195056, -0.8006531467974186, -0.6276986254730642],
    [0.42345941723734953, 0.7999347730833324, 0.6276961389696961]
  ],
  "81": [],
  "82": [
    [-0.7823667454355389, -0.9748603242571837, 0.6752701656106133]
  ],
  "83": [],
  "84": [],
  "85": [],
  "86": [],
  "87": [],
  "88": [],
  "89": [
    [0.6890319370721396, 0.43288122900052817, -0.4910863226172644]
  ],
  "90": [],
  "91": [],
  "92": [
    [-0.900637198318461, -0.586861261957758, -0.4405514885939699]
  ],
  "93": [],
  "94": [],
  "95": [],
  "96": [],
  "97": [],
  "98": [
    [-0.6258776558085348, 0.7770039692482916, 0.933591955533127]
  ],
  "99": [],
  "100": []
}
