{
  "1": [],
  "2": [],
  "3": [],
  "4": [
    [-0.9243819568428596, -0.43991311257891785, 0.6036328845243515]
  ],
  "5": [],
  "6": [
    [-0.9686525030074348, -0.5412095360872836, -0.9576151941983109]
  ],
  "7": [],
  "8": [
    [-0.6220134764727047, -0.42915691721212684, -0.8478311788969041]
  ],
  "9": [],
  "10": [],
  "11": [],
  "12": [],
  "13": [
    [0.8979032315713168, 0.7017467954230063, 0.8002745120158294]
  ],
  "14": [],
  "15": [],
  "16": [],
  "17": [],
  "18": [
    [-0.9459898262917957, -0.027415441985181744, 0.7426119787249499]
  ],
  "19": [
    [0.5382951037600532, -0.7888138357868172, -0.6309123036233798]
  ],
  "20": [
    [0.3054608736987857, -0.9597985181032814, -0.5723323103556376]
  ],
  "21": [
    [-0.7531586352192984, 0.11059245430861724, 0.6207911806609823]
  ],
  "22": [],
  "23": [],
  "24": [],
  "25": [
    [-0.5315243231514255, 0.9055255628944914, -0.43125197809462545],
    [0.5652066750550346, -0.9075634382200188, -0.3996695782667801]
  ],
  "26": [],
  "27": [],
  "28": [],
  "29": [],
  "30": [
    [-0.9753566602387405, -0.7303727529801988, 0.22685517966186142],
    [0.934269257400325, -0.6550929921007822, 0.7383339905487571]
  ],
  "31": [],
  "32": [],
  "33": [],
  "34": [],
  "35": [],
  "36": [
    [0.3686123045418788, -0.725305681234338, 0.6530544269245824],
    [0.27255952618996176, -0.7539627485023733, 0.6355065760621739],
    [0.06774281351977557, 0.8018704191967323, -0.5975434568514107]
  ],
  "37": [],
  "38": [],
  "39": [],
  "40": [
    [-0.9858884588373543, 0.17911313793306596, -0.5893726090571296]
  ],
  "41": [],
  "42": [],
  "43": [
    [-0.7828119144082424, -0.4774212606032088, 0.2455807311381965]
  ],
  "44": [],
  "45": [],
  "46": [],
  "47": [],
  "48": [],
  "49": [],
  "50": [],
  "51": [],
  "52": [],
  "53": [
    [-0.9027758863076302, 0.8632818802623148, 0.9066368034338748]
  ],
  "54": [],
  "55": [],
  "56": [],
  "57": [],
  "58": [],
  "59": [],
  "60": [],
  "61": [],
  "62": [],
  "63": [],
  "64": [],
  "65": [],
  "66": [],
  "67": [
    [0.9260947941057489, -0.4371629164040951, -0.5806895329560042]
  ],
  "68": [],
  "69": [],
  "70": [],
  "71": [
    [-0.9980961513543043, -0.9971964126044413, -0.5321410973142691]
  ],
  "72": [],
  "73": [],
  "74": [],
  "75": [],
  "76": [],
  "77": [],
  "78": [],
  "79": [],
  "80": [],
  "81": [],
  "82": [],
  "83": [
    [0.6920100469965099, 0.9563411127383245, 0.7228775707710521]
  ],
  "84": [],
  "85": [],
  "86": [],
  "87": [],
  "88": [
    [-0.9132116474270273, 0.6805890253046482, 0.9289441287278746]
  ],
  "89": [],
  "90": [],
  "91": [
    [0.2997956122694894, 0.878913790122123, -0.610621009824241]
  ],
  "92": [],
  "93": [],
  "94": [
    [-0.7224298529092836, -0.4172171429370893, 0.686210404740539]
  ],
  "95": [
    [0.8690834003585836, -0.4067087129238016, 0.9788008521734335]
  ],
  "96": [],
  "97": [],
  "98": [],
  "99": [],
  "100": []
}
