{
  "1": [],
  "2": [],
  "3": [],
  "4": [],
  "5": [],
  "6": [],
  "7": [],
  "8": [],
  "9": [],
  "10": [],
  "11": [],
  "12": [],
  "13": [],
  "14": [],
  "15": [],
  "16": [],
  "17": [],
  "18": [],
  "19": [],
  "20": [],
  "21": [],
  "22": [],
  "23": [],
  "24": [],
  "25": [],
  "26": [],
  "27": [],
  "28": [
    [-0.6442771760802256, 0.9084448664014505, -0.9166518550827321]
  ],
  "29": [],
  "30": [],
  "31": [],
  "32": [],
  "33": [],
  "34": [],
  "35": [],
  "36": [
    [-0.008290176110489843, -0.6629576432513195, 0.04370097734141222]
  ],
  "37": [],
  "38": [],
  "39": [
    [-0.9396125512122603, -0.9932618097167628, 0.6855361627333376]
  ],
  "40": [],
  "41": [],
  "42": [],
  "43": [],
  "44": [],
  "45": [],
  "46": [],
  "47": [],
  "48": [],
  "49": [],
  "50": [
    [-0.7461691184544367, 0.8634007581764077, -0.5816306985270328]
  ],
  "51": [],
  "52": [],
  "53": [],
  "54": [],
  "55": [],
  "56": [],
  "57": [],
  "58": [],
  "59": [],
  "60": [
    [0.979112120445066, -0.9422474399411095, -0.9239366857068311]
  ],
  "61": [],
  "62": [],
  "63": [
    [0.981973083592339, -0.9520254893821168, -0.9795627031990689]
  ],
  "64": [],
  "65": [],
  "66": [],
  "67": [],
  "68": [],
  "69": [],
  "70": [],
  "71": [],
  "72": [],
  "73": [],
  "74": [],
  "75": [],
  "76": [],
  "77": [],
  "78": [],
  "79": [],
  "80": [],
  "81": [],
  "82": [],
  "83": [],
  "84": [],
  "85": [],
  "86": [],
  "87": [],
  "88": [],
  "89": [],
  "90": [],
  "91": [],
  "92": [],
  "93": [],
  "94": [],
  "95": [],
  "96": [],
  "97": [],
  "98": [
    [-0.8356792963724349, -0.8365805620735602, -0.7992761515625981],
    [0.6956353796547822, -0.7926534939708209, 0.9345014046710748]
  ],
  "99": [],
  "100": []
}
