{
  "1": [],
  "2": [],
  "3": [],
  "4": [
    [-0.1254908664790203, -0.7001814612954388, -0.23205708247718257],
    [-0.9911724371147722, -0.27922185647950915, 0.18710726363907304]
  ],
  "5": [],
  "6": [],
  "7": [],
  "8": [
    [-0.9606629981040229, -0.24505311982991326, 0.7365231510944248]
  ],
  "9": [],
  "10": [
    [0.36194551847016226, 0.6885042873872178, -0.7146132552462905]
  ],
  "11": [
    [-0.08250721884819029, -0.6155674911114736, -0.5458952615250511],
    [-0.07678084105511361, 0.8691357699343625, -0.7385185102936251]
  ],
  "12": [],
  "13": [
    [0.3912290829857247, 0.8465858762414302, -0.8841272246695048]
  ],
  "14": [],
  "15": [],
  "16": [],
  "17": [],
  "18": [],
  "19": [],
  "20": [],
  "21": [
    [-0.8719875847155745, 0.667591754730443, -0.9228259996175666]
  ],
  "22": [],
  "23": [
    [0.296959652357787, -0.1424805586022097, -0.7126604512985073]
  ],
  "24": [
    [0.9012184557909271, 0.010990860813866713, -0.45812613076753866],
    [0.9002719692313723, 0.01099086081491322, 0.4584486667179008]
  ],
  "25": [],
  "26": [
    [-0.920047050480513, -0.9009756096624317, -0.94062890113063]
  ],
  "27": [],
  "28": [],
  "29": [],
  "30": [],
  "31": [
    [-0.8635574810119288, 0.21091461509406947, 0.7479238004398556]
  ],
  "32": [
    [-0.046938476974631854, 0.034983402474192335, -0.4518234568372857],
    [-0.040092245559073654, 0.03497502050223509, 0.45199901892372024]
  ],
  "33": [],
  "34": [],
  "35": [
    [-0.4218907209361097, 0.8099040803479193, -0.12745887072887263]
  ],
  "36": [
    [-0.7932462005823852, 0.5427786329574539, -0.05211129125345488]
  ],
  "37": [],
  "38": [
    [-0.9835911306257682, 0.7966131767420902, 0.4900440334603966]
  ],
  "39": [],
  "40": [
    [0.7371992920904928, -0.05370151853264757, 0.8979203963740027],
    [0.7373517125186784, 0.0507207178384837, -0.9577782327059357]
  ],
  "41": [],
  "42": [],
  "43": [],
  "44": [],
  "45": [],
  "46": [],
  "47": [],
  "48": [],
  "49": [],
  "50": [],
  "51": [],
  "52": [
    [-0.8631685294138846, -0.5197522217662812, 0.4921991021026393],
    [-0.501834751774768, -0.46046087371118816, 0.9976541881145757]
  ],
  "53": [],
  "54": [],
  "55": [
    [0.21269031955719203, 0.9271557142215211, 0.910511461468107]
  ],
  "56": [],
  "57": [],
  "58": [
    [0.3042920848058347, 0.9968665838781231, -0.3906589854534081],
    [0.4180813593038208, 0.9308783430594286, -0.3892854988673124]
  ],
  "59": [
    [0.340706554758731, -0.8145814947803005, -0.77848204380781]
  ],
  "60": [
    [0.8965028044119536, 0.6350854598336737, -0.9163668373665614]
  ],
  "61": [],
  "62": [],
  "63": [
    [-0.5188905916686313, 0.54966530861334, -0.38426879702838146]
  ],
  "64": [
    [-0.9282411383231116, 0.9116643127751396, -0.5447537532660205],
    [0.9419900141448089, 0.9068446603351695, 0.5418355662982535]
  ],
  "65": [
    [-0.7779414081202151, -0.7036176450548594, -0.6413334119662154]
  ],
  "66": [
    [0.6809478490490806, 0.3150681972269266, -0.8861738038189007]
  ],
  "67": [],
  "68": [],
  "69": [],
  "70": [],
  "71": [],
  "72": [],
  "73": [],
  "74": [
    [-0.3275221936893839, 0.9458119948463477, -0.5716940404319598],
    [0.7960605551493453, 0.3966837574077045, 0.9705279654676269]
  ],
  "75": [],
  "76": [],
  "77": [
    [-0.42247061051146056, -0.7276044119693758, 0.6279731536051563]
  ],
  "78": [],
  "79": [],
  "80": [
    [0.6767238632200868, -0.7580773306611184, 0.3518868837664401]
  ],
  "81": [],
  "82": [],
  "83": [],
  "84": [],
  "85": [],
  "86": [],
  "87": [
    [-0.5444634382649248, -0.577109879462106, 0.7720456641073709]
  ],
  "88": [
    [0.7304692726477704, -0.4719864546979831, -0.2466498831626332]
  ],
  "89": [],
  "90": [],
  "91": [],
  "92": [
    [-0.045958466722022154, 0.917339952020747, -0.298951050015435]
  ],
  "93": [],
  "94": [],
  "95": [],
  "96": [
    [0.9566194343007154, -0.9603685352267557, 0.5865085687340706]
  ],
  "97": [],
  "98": [],
  "99": [],
  "100": [
    [-0.19499689978098206, -0.7636516729823065, 0.43214067948912466],
    [-0.8852960676671686, -0.038148960168981214, 0.3910283943746786]
  ]
}
