{
  "1": [],
  "2": [],
  "3": [],
  "4": [],
  "5": [],
  "6": [],
  "7": [],
  "8": [],
  "9": [],
  "10": [],
  "11": [],
  "12": [
    [-0.7464041186874387, -0.5645026400132054, -0.7011632919564005]
  ],
  "13": [
    [-0.9929414748924963, -0.5563490381964962, 0.8972742561373939]
  ],
  "14": [],
  "15": [],
  "16": [],
  "17": [],
  "18": [],
  "19": [],
  "20": [
    [-0.5771251998845872, -0.9884178049376111, 0.9997884572037831]
  ],
  "21": [],
  "22": [],
  "23": [],
  "24": [
    [-0.4423202319883628, 0.9972729559222987, -0.9535502415209183],
    [-0.6289366475706853, 0.7126682719626252, 0.9591024059915019],
    [-0.5072235977318325, 0.8967565983824438, 0.9481654211001317]
  ],
  "25": [],
  "26": [],
  "27": [],
  "28": [],
  "29": [],
  "30": [],
  "31": [],
  "32": [],
  "33": [],
  "34": [],
  "35": [
    [0.6289464756562165, -0.8638064532558429, -0.8060896836868746]
  ],
  "36": [
    [0.40646314736152006, 0.8453895766201772, -0.9243237021780704],
    [0.4074036700019762, 0.8635005281684707, 0.8910794531732982]
  ],
  "37": [],
  "38": [],
  "39": [],
  "40": [],
  "41": [
    [0.9581785940588954, 0.9413611089357523, -0.8457416559900638]
  ],
  "42": [],
  "43": [],
  "44": [],
  "45": [],
  "46": [],
  "47": [],
  "48": [],
  "49": [],
  "50": [],
  "51": [
    [-0.8931031671068527, 0.913848065858296, 0.6419146979610231],
    [0.9121946874514736, 0.9140849215175227, -0.6483774327350872]
  ],
  "52": [],
  "53": [],
  "54": [
    [-0.8116007049637365, 0.7121912913602333, -0.9124075036771957]
  ],
  "55": [],
  "56": [],
  "57": [],
  "58": [],
  "59": [],
  "60": [],
  "61": [],
  "62": [],
  "63": [],
  "64": [],
  "65": [],
  "66": [],
  "67": [],
  "68": [],
  "69": [],
  "70": [],
  "71": [],
  "72": [],
  "73": [],
  "74": [],
  "75": [],
  "76": [],
  "77": [],
  "78": [],
  "79": [],
  "80": [],
  "81": [],
  "82": [],
  "83": [],
  "84": [],
  "85": [],
  "86": [],
  "87": [],
  "88": [],
  "89": [],
  "90": [],
  "91": [],
  "92": [
    [-0.9580747066928745, 0.9100363037212086, 0.759490708681313],
    [-0.9011927531198036, 0.8902273007184456, 0.8180060726621465]
  ],
  "93": [],
  "94": [],
  "95": [],
  "96": [],
  "97": [
    [0.8028354146931256, 0.7205225679340643, -0.6598512417421676]
  ],
  "98": [],
  "99": [],
  "100": []
}
