{
  "1": [],
  "2": [
    [0.2353057543340292, -0.7764359068662818, -0.17437292920064, -0.872561833541022],
    [0.215843133168993, -0.6755634583779694, 0.6931427380031897, -0.7134061207873303]
  ],
  "3": [],
  "4": [
    [0.7467204964459881, -0.5882811618349116, -0.118623494943975, -0.887591810450857],
    [-0.175262409084495, -0.2723432778300689, 0.6191672355971204, -0.06996162286472982]
  ],
  "5": [],
  "6": [],
  "7": [
    [-0.896001261222411, 0.3902451590044381, -0.203106856383666, 0.1420448274880409],
    [-0.832000865843699, 0.0767817752426443, 0.1493341464808347, -0.2168988821594156],
    [-0.872009120323368, 0.0811145939423831, -0.17989897675118, 0.151898714640785]
  ],
  "8": [],
  "9": [],
  "10": [],
  "11": [],
  "12": [],
  "13": [],
  "14": [],
  "15": [],
  "16": [],
  "17": [],
  "18": [],
  "19": [],
  "20": [],
  "21": [
    [-0.7821992786945557, -0.913040152862873, -0.2306949688008836, -0.3523673196184633],
    [-0.3792037455773563, -0.2758485068490157, -0.5868940079690339, -0.2609263121056998]
  ],
  "22": [
    [-0.4788194370464508, -0.4839030473843264, -0.849750355269696, -0.3050650112023191]
  ],
  "23": [
    [0.4792690078146278, 0.744472172924346, 0.1140902051182795, -0.2657271323063695]
  ],
  "24": [
    [0.4176983955984793, -0.2953270101642928, -0.4493141438011067, 0.3041169746466717]
  ],
  "25": [
    [-0.00757453157728352, -0.5937176729895168, -0.7870523191124775, 0.890294989434123]
  ],
  "26": [],
  "27": [],
  "28": [],
  "29": [],
  "30": [],
  "31": [
    [-0.3913519702730542, -0.933774839064878, 0.1414893372233505, -0.1703377828047772],
    [-0.625481106746622, 0.886975762404286, -0.1693688517027099, 0.3334464183754601],
    [-0.1525430590068054, -0.5835384446628594, 0.6972570309887653, -0.1267752920268106]
  ],
  "32": [],
  "33": [],
  "34": [],
  "35": [],
  "36": [],
  "37": [],
  "38": [],
  "39": [],
  "40": [],
  "41": [],
  "42": [],
  "43": [],
  "44": [],
  "45": [],
  "46": [],
  "47": [],
  "48": [],
  "49": [],
  "50": [],
  "51": [],
  "52": [],
  "53": [],
  "54": [],
  "55": [],
  "56": [],
  "57": [],
  "58": [],
  "59": [],
  "60": [],
  "61": [
    [-0.4653781829451816, 0.1375102016875829, 0.5603505065548618, -0.898608328840153],
    [-0.7052231735540193, -0.06233495116457506, 0.1837164238235971, -0.5410278246768692],
    [-0.2598939720880396, 0.238795424309175, -0.163872693361079, -0.1423515170323262]
  ],
  "62": [],
  "63": [],
  "64": [
    [0.07332275836830576, 0.5278269597899041, 0.03920398739744386, 0.993278688989083],
    [-0.07262271253485791, -0.5121131952973494, 0.04014723191892826, -0.69436165783571]
  ],
  "65": [],
  "66": [],
  "67": [],
  "68": [],
  "69": [],
  "70": [],
  "71": [],
  "72": [],
  "73": [],
  "74": [],
  "75": [],
  "76": [],
  "77": [],
  "78": [],
  "79": [],
  "80": [],
  "81": [],
  "82": [],
  "83": [],
  "84": [],
  "85": [
    [0.901506836388302, 0.7600817381751686, -0.7225494282611324, 0.4926366033772119]
  ],
  "86": [
    [0.07978089402487698, 0.98302822224698, -0.1961997598216481, -0.1965016455123727]
  ],
  "87": [
    [-0.825364762746998, -0.917706616363099, -0.976092869349274, 0.1715041549512583]
  ],
  "88": [],
  "89": [
    [-0.889664254974654, -0.5997258843070371, -0.82415045837149, -0.2548862175583893],
    [-0.883924840076389, -0.5046582493444193, -0.4806908937835971, -0.01723471065884888]
  ],
  "90": [],
  "91": [],
  "92": [],
  "93": [],
  "94": [
    [0.989995959005334, 0.1476077477792021, -0.4437948183230713, 0.3710200420065253]
  ],
  "95": [
    [0.830400221227878, 0.4945833886358002, -0.1826066302716984, 0.849257892366919],
    [0.0828432024732823, -0.3970758712134309, -0.973381915916704, 0.2473568638947602],
    [-0.8304736718356, -0.4984016287445389, 0.2119701158855298, 0.7947993575507956]
  ],
  "96": [],
  "97": [],
  "98": [],
  "99": [],
  "100": []
}
