{
  "1": [],
  "2": [],
  "3": [],
  "4": [],
  "5": [],
  "6": [],
  "7": [],
  "8": [
    [0.4038835282364558, 0.00037682352707393, -0.7373056229020244, 0.7416511460581247],
    [0.823349840598869, -0.00060124890191119, 0.2441993518737503, 0.6475959243612273],
    [-0.6440873957991379, 0.0002016125135239, -0.3725117216688442, -0.6172340092611059],
    [0.1378118285147402, 0.00031017335380828, -0.3723423785325343, 0.0999479824885419],
    [-0.0905528322745416, 6.746172388138e-05, 0.0072853460868978, -0.2950577101213407],
    [-0.0837629318579307, 3.651003856575e-05, -0.1217974983527147, 0.2706511000097859],
    [-0.2713057621957964, 3.82581657639e-05, -0.0664221071336335, 0.4346381606552066],
    [-0.4349987748587639, 3.569177911871e-05, 0.04841508369875842, 0.6699089906565351]
  ],
  "9": [],
  "10": [],
  "11": [],
  "12": [],
  "13": [],
  "14": [],
  "15": [],
  "16": [],
  "17": [],
  "18": [],
  "19": [],
  "20": [
    [-0.3479025928158929, -0.6058197047319357, 0.947572012701704, -0.909842513641993]
  ],
  "21": [],
  "22": [],
  "23": [],
  "24": [],
  "25": [
    [0.937456910940831, 0.2704316296500257, 0.616054524085842, 0.2738331346578172],
    [-0.907134283132899, 0.3906685098876598, -0.5252404088206912, 0.2573077812120061],
    [-0.915509723110759, -0.2949333450609902, -0.5431672124188655, -0.6359533793765192],
    [0.922779440664298, -0.1571701065917291, -0.821390422930057, 0.6393387673130397],
    [-0.929372170658073, -0.06564039859313674, -0.4729288732918478, -0.97770128997301],
    [-0.966481781030556, -0.4816595453656652, 0.856524179541, -0.6504728801668377],
    [0.998894637088191, -0.5183619752384784, -0.501284159780973, -0.5276929203910941]
  ],
  "26": [
    [-0.7020902635715509, -0.854719560310538, -0.6067241932600361, 0.6686701092092415]
  ],
  "27": [],
  "28": [],
  "29": [],
  "30": [],
  "31": [],
  "32": [],
  "33": [],
  "34": [],
  "35": [],
  "36": [],
  "37": [],
  "38": [],
  "39": [
    [0.981028758712134, 0.6985016087790497, -0.5686059949768743, 0.935944346692046]
  ],
  "40": [],
  "41": [],
  "42": [],
  "43": [],
  "44": [],
  "45": [],
  "46": [],
  "47": [],
  "48": [
    [-0.5660228504539917, -0.6598271505529972, 0.3707340783916383, 0.895576369526121],
    [0.517082067905559, 0.5536035765240004, 0.4546845825748267, 0.945687293636925]
  ],
  "49": [],
  "50": [],
  "51": [],
  "52": [],
  "53": [
    [0.133589513380812, 0.7145442277146185, -0.822541470733115, -0.2906913669049801],
    [0.6360463847999426, -0.200559103977726, 0.6107304415472489, -0.06799549171378946],
    [-0.6330897123598609, -0.2042839858021122, -0.6075115247008877, 0.06830266554934862],
    [-0.132652475009643, 0.7071026566878469, 0.831137537010896, 0.2928480924170944]
  ],
  "54": [],
  "55": [],
  "56": [],
  "57": [],
  "58": [],
  "59": [
    [0.977931274798541, -0.7656546267650102, 0.6916290767477942, -0.03236573194709769],
    [0.993508472226132, -0.7236782993782397, -0.7193422502626682, -0.03234818269951433]
  ],
  "60": [],
  "61": [
    [-0.3142568317839727, 0.5703354294149353, 0.305861225920401, -0.959621367956587]
  ],
  "62": [],
  "63": [
    [0.454763931586166, -0.895375014048527, 0.7129070928915553, -0.6942236763642876],
    [0.823626110828288, 0.847671828560624, -0.860134494963407, -0.5776155606397227]
  ],
  "64": [],
  "65": [],
  "66": [],
  "67": [],
  "68": [],
  "69": [],
  "70": [],
  "71": [
    [-0.2731709707347681, 0.910387097171349, 0.841279297014553, -0.2052907085470314],
    [0.1674113049599375, 0.873653827988307, 0.842531224726782, -0.3731268425405671]
  ],
  "72": [],
  "73": [
    [0.6926898261573008, -0.7589966125894301, 0.6362665590137118, 0.828202875046677]
  ],
  "74": [],
  "75": [
    [-0.7936231144073174, -0.970488369670368, 0.4109107984187544, 0.226035011142236]
  ],
  "76": [],
  "77": [],
  "78": [],
  "79": [],
  "80": [],
  "81": [],
  "82": [],
  "83": [
    [-0.6104707534783719, 0.6412238286720884, 0.712909650953665, 0.893823307868836],
    [-0.7795998385145511, 0.833316427869125, 0.843888289612082, 0.834585652345511]
  ],
  "84": [],
  "85": [
    [-0.827394716531046, -0.619262427498941, -0.990002115311971, 0.8872818562464]
  ],
  "86": [],
  "87": [
    [0.2786969410320217, 0.924859337469691, -0.265356818367215, 0.4804101701531244]
  ],
  "88": [],
  "89": [],
  "90": [
    [-0.1432046469733934, -0.879519540355134, 0.7257035118103676, 0.4393982473333139],
    [-0.1436568436724587, -0.806173604284712, -0.7025048862442201, -0.4726789490733127]
  ],
  "91": [],
  "92": [
    [0.831439354654085, -0.5905792317359595, -0.988682460265045, -0.853772468018409]
  ],
  "93": [
    [0.2510153428108717, 0.4997037917369736, 0.987555409773957, 0.4708937877462426],
    [0.953578015294832, -0.5732613552387248, -0.5238551614618354, 0.2314117906299528],
    [-0.05517812587882853, 0.5569402146173223, -0.846971958617909, -0.5051766428513181]
  ],
  "94": [],
  "95": [
    [-0.4374650952534899, -0.4980792455670758, -0.3911437545181542, -0.5493740505844154],
    [0.3702173597414208, 0.5412851244703358, 0.7408761407984988, -0.951175960496861],
    [-0.3102717179349159, -0.6739740444204658, -0.4815551020321358, 0.854907265556575],
    [0.3772266551842899, 0.6047065198458377, -0.7025003409469885, 0.923108672717524],
    [0.6237241150874253, 0.663945980140947, -0.842966949456378, 0.905857158924387]
  ],
  "96": [],
  "97": [],
  "98": [],
  "99": [
    [-0.7158726546415767, 0.916342250571717, -0.5934329808847324, -0.5311102860281972]
  ],
  "100": []
}
