{
  "1": [
    [0.6472462651691533, -0.5940700248732974, 0.882359026144841, -0.7986037893635682],
    [-0.7835866758409707, -0.6397130331496181, -0.5467530596621792, 0.953483608620133]
  ],
  "2": [],
  "3": [],
  "4": [],
  "5": [],
  "6": [],
  "7": [
    [-0.518730819099181, 0.2160415128216945, 0.00402953310949792, -0.681167886570707]
  ],
  "8": [],
  "9": [],
  "10": [],
  "11": [],
  "12": [],
  "13": [],
  "14": [],
  "15": [],
  "16": [],
  "17": [],
  "18": [],
  "19": [],
  "20": [],
  "21": [
    [0.855452205553162, 0.7357669412356797, -0.5407981248724893, 0.5372624446518428],
    [-0.941749650705617, -0.7484231696793594, -0.5298875441781444, 0.4139943334082567]
  ],
  "22": [],
  "23": [],
  "24": [
    [0.430226534479003, 0.1127935143694855, 0.882091145831119, 0.945057127707261],
    [0.4499317388971189, 0.1174250725005561, -0.901124382827669, -0.905625960912118]
  ],
  "25": [],
  "26": [],
  "27": [],
  "28": [],
  "29": [],
  "30": [
    [0.1943335019526152, 0.2770408621058835, -0.6694184651542942, 0.3674434636060191]
  ],
  "31": [],
  "32": [],
  "33": [],
  "34": [],
  "35": [],
  "36": [],
  "37": [],
  "38": [
    [-0.1461276545671828, -0.7235802479385697, 0.286276578056201, 0.7211425651294613]
  ],
  "39": [],
  "40": [],
  "41": [],
  "42": [],
  "43": [],
  "44": [],
  "45": [],
  "46": [
    [0.1437835226825723, 0.804318358426711, -0.955485927517271, -0.4295770576645889],
    [0.1394387662126434, 0.5475710605399319, -0.964982539986957, 0.4743412613826225]
  ],
  "47": [],
  "48": [],
  "49": [],
  "50": [
    [-0.7789959169152794, 0.868862982092631, 0.5209189724515388, 0.732447497093728]
  ],
  "51": [
    [0.2466552974719625, 0.853458578325922, 0.529634146429868, 0.855681769145695]
  ],
  "52": [],
  "53": [],
  "54": [],
  "55": [],
  "56": [
    [-0.5103485019924864, -0.7417739925010411, -0.958951885178813, -0.842188118003239]
  ],
  "57": [],
  "58": [],
  "59": [
    [0.1110090651791309, 0.938552974625367, -0.0260713487765743, -0.919031755137489]
  ],
  "60": [],
  "61": [],
  "62": [],
  "63": [],
  "64": [],
  "65": [
    [0.7295998609418965, 0.505002898424856, 0.4457977328053745, -0.865275403941038]
  ],
  "66": [],
  "67": [],
  "68": [],
  "69": [],
  "70": [],
  "71": [],
  "72": [],
  "73": [],
  "74": [],
  "75": [
    [-0.0893646964711461, 0.992329493473675, 0.7329204626311197, -0.3174935059687227]
  ],
  "76": [],
  "77": [],
  "78": [],
  "79": [],
  "80": [],
  "81": [],
  "82": [],
  "83": [
    [-0.814237592056928, -0.4049105949411247, -0.3785883351412393, -0.977891819301947]
  ],
  "84": [
    [-0.901202277127806, -0.4188462998002453, 0.846263914513958, 0.6277825937341021]
  ],
  "85": [],
  "86": [
    [0.88210181137656, -0.2529702705025792, -0.841603267739242, 0.7377923527732396]
  ],
  "87": [
    [0.07320632654232528, -0.06838716189758093, 0.01697269831510445, -0.5297350690074152]
  ],
  "88": [],
  "89": [
    [-0.800924536081748, 0.61595950530556, -0.173333306720183, 0.4211743304930765],
    [0.87714106256874, 0.6155540845404227, 0.1388436429131993, -0.532056908795451]
  ],
  "90": [],
  "91": [
    [-0.995451980175603, -0.3916248197677091, -0.855240460191811, 0.5268465759859957],
    [-0.934993596926721, -0.6990547350020448, -0.6455455975353738, -0.4867264055032607]
  ],
  "92": [],
  "93": [
    [-0.988900724667406, 0.4015836274947095, 0.5099730670746516, 0.6362959359132764]
  ],
  "94": [
    [-0.2308553889012388, 0.85297652497065, -0.781831919175413, -0.998449144749146]
  ],
  "95": [],
  "96": [],
  "97": [],
  "98": [],
  "99": [],
  "100": []
}
