{
  "1": [
    [0.2165485103245012, 0.951862834719804, -0.836325098003808, -0.3981314711296013]
  ],
  "2": [],
  "3": [],
  "4": [],
  "5": [],
  "6": [],
  "7": [],
  "8": [
    [0.7949909836970823, -0.0923227894742722, -0.7057575737959452, -0.02379192559695014]
  ],
  "9": [
    [-0.2419892321726635, -0.07638347437248358, -0.2413444619256688, 0.05923233142006916]
  ],
  "10": [
    [0.3263400459975351, -0.2747762916950351, -0.6147679101240634, 0.146344796668978],
    [0.310451922494084, -0.230277938336186, -0.642675007137596, 0.00057235718647737],
    [0.6962850897321387, -0.3516883640111619, 0.3310288322266044, 0.2845980829365469],
    [0.3665988065427772, 0.4635678064812065, -0.07502875838207984, -0.3226222700109966],
    [0.4336608207933685, 0.4532327964944422, 0.3580768729440405, -0.31644025663451]
  ],
  "11": [
    [-0.1966156686960366, 0.1547873865568104, -0.3186495059551145, 0.350956020626001]
  ],
  "12": [],
  "13": [
    [-0.6470357086829481, 0.3002510756505364, 0.1066540542572993, 0.5542929352661526]
  ],
  "14": [
    [-0.1001208089105614, -0.793856365566108, 0.00901351370125451, 0.3243768985602926],
    [-0.05325620034872007, -0.7433297110844047, 0.05861162911454842, -0.6525846338175656]
  ],
  "15": [],
  "16": [],
  "17": [],
  "18": [],
  "19": [],
  "20": [],
  "21": [],
  "22": [],
  "23": [],
  "24": [
    [-0.3972470390682914, 0.529911040831835, 0.1104319719807551, 0.05935086558889592]
  ],
  "25": [],
  "26": [],
  "27": [],
  "28": [
    [0.6376072908652787, -0.742791687814429, 0.2156974356906912, 0.04044256303403449],
    [-0.5290483167065196, -0.6767500163358513, 0.3160175355368386, -0.04747764822271743]
  ],
  "29": [
    [-0.05328008802053282, 0.02365680355057155, -0.922485826370684, 0.1597885347400856]
  ],
  "30": [
    [-0.2088032558798121, -0.4180562489723314, 0.6307329739344247, 0.6513790781381905]
  ],
  "31": [],
  "32": [],
  "33": [
    [-0.4809416712501874, 0.2520569598561512, 0.1031103945591328, 0.821499343745471]
  ],
  "34": [],
  "35": [
    [-0.03338929004464155, -0.4207704581463795, -0.789485342409621, 0.2725168620957384]
  ],
  "36": [
    [0.4479452490258489, -0.3941845532631662, -0.0807095467449211, -0.870153824571392]
  ],
  "37": [
    [0.920782894194274, 0.03846473560512715, -0.7475690617688194, -0.146661187713422],
    [-0.5027459354797883, 0.4291395753430687, 0.01026172564801373, -0.1661750724801614]
  ],
  "38": [
    [0.2419295882930513, -0.3397064235649807, -0.5245634612155506, -0.124860360635243]
  ],
  "39": [],
  "40": [],
  "41": [
    [-0.1414056642118695, -0.03450111962140762, 0.4366110458224712, 0.3529099998386776],
    [-0.5631010099208424, 0.0966105563880086, 0.3787551306012241, -0.2923351497639848]
  ],
  "42": [],
  "43": [],
  "44": [],
  "45": [],
  "46": [],
  "47": [
    [-0.3449087824325352, -0.1237118197317466, 0.4761437683226046, -0.809332709509004]
  ],
  "48": [
    [-0.6487771116169025, 0.920712335339309, -0.75899663762844, -0.0710380083201254],
    [0.6043004540239169, -0.3392079576605282, 0.1822017940612493, 0.1979799699756676],
    [-0.05233934551443146, 0.1029663534224316, -0.2904980080996899, -0.6287824319334875]
  ],
  "49": [
    [-0.2996779809475155, 0.5655036975229887, 0.1139812561156221, 0.3230518985617411]
  ],
  "50": [],
  "51": [
    [0.7847259222920095, -0.4756959781955686, 0.4055509122600145, 0.3201296263669086]
  ],
  "52": [],
  "53": [
    [0.1047782815560961, 0.2266704333061082, -0.63264273409585, -0.1343997135366167]
  ],
  "54": [],
  "55": [],
  "56": [],
  "57": [
    [-0.02449197463221723, 0.2703287377937159, -0.6931883442887325, -0.0970621214273041]
  ],
  "58": [],
  "59": [
    [-0.5126512582235564, -0.1382275452215078, 0.07108592476464982, 0.02244044964815663]
  ],
  "60": [
    [-0.7673148495252681, 0.829964783968414, -0.6306447628675915, 0.7178652188335668]
  ],
  "61": [],
  "62": [
    [-0.1475027643791382, -0.3041447402432232, -0.4862124090864, -0.00897251868876401]
  ],
  "63": [],
  "64": [],
  "65": [
    [-0.873366016210354, -0.2451020332220584, -0.00463985455381822, 0.1989965322648175]
  ],
  "66": [],
  "67": [],
  "68": [],
  "69": [
    [-0.6360901596444828, 0.00156594875299019, -0.158397750550598, 0.0714979378174834]
  ],
  "70": [
    [-0.2805577589940978, 0.981812573547619, -0.779435411716218, 0.4752859879233029],
    [0.0832684232405915, 0.2440193467014361, 0.03598076691502916, 0.0813130214641533]
  ],
  "71": [
    [0.5584160020722954, -0.5216496855117222, 0.1758332014623396, 0.1384089957700498]
  ],
  "72": [
    [0.62008136963018, 0.5156254258971713, 0.558288169904388, -0.3679549882841911],
    [0.090061501019892, -0.4935959523665189, 0.2471521615074594, -0.466959922504407],
    [-0.7930293845876676, 0.1978762373564527, 0.5731538075593213, 0.1552018493051965]
  ],
  "73": [
    [-0.901004982089543, -0.4395532912954103, 0.480784107487399, -0.2876072126499002],
    [-0.4115761812450175, 0.5035960721847909, -0.5133349971615764, 0.6281137415914703]
  ],
  "74": [
    [-0.3805327667830465, 0.02485533765937104, 0.04231323918602644, 0.01618787996062101]
  ],
  "75": [],
  "76": [
    [-0.267422367237135, 0.5043478735366175, 0.1601102064835595, -0.1956298958925884]
  ],
  "77": [
    [-0.5501851877052577, 0.3361655895707423, 0.03414804967646398, 0.1719547948080193],
    [0.2153507719943193, 0.1940590689998444, 0.03628712082852362, 0.188643467564685]
  ],
  "78": [],
  "79": [
    [0.7149477342438408, 0.0280369979851945, 0.1280842696720074, -0.5968406359873567]
  ],
  "80": [],
  "81": [
    [-0.26190783149614, -0.2553504841799441, -0.6676335069913245, -0.3401936629833921]
  ],
  "82": [],
  "83": [],
  "84": [],
  "85": [],
  "86": [],
  "87": [],
  "88": [],
  "89": [
    [0.6950695841550669, -0.6599709235249152, -0.07143998170477645, -0.5992951838313022],
    [-0.4231252576500869, -0.6444181049656049, 0.1263964575179635, -0.5739329091576999]
  ],
  "90": [],
  "91": [],
  "92": [],
  "93": [
    [-0.2772689410452899, -0.1306644838627161, 0.05297723686298703, -0.810291382474159]
  ],
  "94": [],
  "95": [],
  "96": [
    [0.6261711724696369, -0.5334953954769973, -0.4299022555389964, 0.3612661908483146],
    [-0.611208673519135, -0.5523816923974777, -0.2064427879296942, 0.3057810374573055]
  ],
  "97": [],
  "98": [],
  "99": [],
  "100": [
    [-0.0437321620550714, 0.4472702796098637, 0.091517564504153, -0.0820745484972779]
  ]
}
