{
  "1": [],
  "2": [
    [-0.827186798876834, 0.4530173182945526, 0.4001595162997487, 0.4190254589675659]
  ],
  "3": [
    [0.7902768052352989, -0.1180915456321038, -0.04583162156495, 0.2700591837828387]
  ],
  "4": [],
  "5": [],
  "6": [],
  "7": [],
  "8": [],
  "9": [],
  "10": [
    [0.0, 0.0, 0.0, 0.0]
  ],
  "11": [],
  "12": [],
  "13": [
    [0.4850473032588279, -0.1483212723534002, -0.3260839050015367, -0.863930891055037],
    [0.4801274081177799, -0.1477370001617255, -0.7400395172997197, 0.314215622062888],
    [0.4474855633402194, -0.1592786029649165, -0.07145969084760795, 0.6018060006376694]
  ],
  "14": [],
  "15": [
    [-0.915117224536241, 0.5495222909050675, 0.6262061200824832, -0.954892719365531],
    [0.807023700648313, 0.3083732863220902, 0.4102779957744921, 0.84657616484437]
  ],
  "16": [
    [-0.4453365252667882, 0.980340121183942, -0.6991454138877614, -0.462171808562077]
  ],
  "17": [],
  "18": [
    [-0.3680429904450806, 0.5537197049673468, -0.1587356463858144, 0.7839409679215837]
  ],
  "19": [],
  "20": [],
  "21": [],
  "22": [],
  "23": [],
  "24": [
    [0.371040697321761, -0.3625489348858326, 0.857697328953581, -0.6098402976454408]
  ],
  "25": [],
  "26": [],
  "27": [],
  "28": [
    [0.4867677856493579, -0.1329292940598227, -0.4256352470781397, -0.06693387698016243]
  ],
  "29": [],
  "30": [],
  "31": [
    [0.146428773416063, -0.00537087073344115, 0.609928340745283, 0.904333677874283]
  ],
  "32": [],
  "33": [
    [-0.525170638044643, -0.3831591838826802, 0.5415605192132283, -0.6946603545978699],
    [0.6139372293525941, 0.7841227589561476, -0.2591867687678209, -0.1829361608303553],
    [0.6039454326109266, 0.5379963816039299, -0.6232643707650313, -0.3737437753526666]
  ],
  "34": [
    [0.01535062425545573, 0.90971041158502, -0.05883330484063979, 0.5625554938210376],
    [0.015349974771979, 0.910820318898144, -0.05886102047003064, -0.5626285911258507]
  ],
  "35": [],
  "36": [
    [-0.6445689442877258, 0.818163338237684, 0.7222872862482088, -0.948354812379241],
    [-0.841799270211306, 0.848799202456607, 0.7140916005560415, -0.5673299533223581],
    [-0.2823839888819731, -0.931401402325966, 0.4783733360589078, 0.6387633137432458]
  ],
  "37": [
    [-0.7224614049171116, -0.0670033266600746, -0.3172383236230575, -0.805373851521084]
  ],
  "38": [],
  "39": [],
  "40": [],
  "41": [],
  "42": [],
  "43": [
    [0.2460669832537807, -0.7013639656200836, -0.908582859585462, 0.4023232025852542],
    [0.3499159344329935, 0.989289629247738, 0.6967795677160645, -0.1863133658897357]
  ],
  "44": [],
  "45": [
    [0.4009527726036529, -0.1868397704058877, -0.2994545936702325, -0.5402949593664061]
  ],
  "46": [
    [-0.2931975235731633, -0.2911923975954856, 0.7570078301208094, 0.2649485127976349],
    [-0.3083590755256186, -0.294013721528216, 0.7594121999562788, -0.984785408953071]
  ],
  "47": [
    [0.1195326076778958, -0.2429791478831514, -0.7176074102867872, -0.4069860225208338],
    [-0.1225127856423792, -0.244923908603338, 0.7006383645190031, -0.4062384691430386]
  ],
  "48": [],
  "49": [],
  "50": [],
  "51": [],
  "52": [
    [0.851458100453514, -0.04671433461615301, -0.1834557726543937, 0.1575160834276384]
  ],
  "53": [],
  "54": [],
  "55": [],
  "56": [],
  "57": [],
  "58": [],
  "59": [],
  "60": [],
  "61": [],
  "62": [
    [-0.0807929346253831, -0.07795054083901654, 0.6068404093461522, 0.07941896390442142]
  ],
  "63": [],
  "64": [],
  "65": [],
  "66": [
    [-0.2365117935507431, 0.1224407327171089, 0.7498315374961932, -0.6748888306274012]
  ],
  "67": [
    [-0.4493966416011935, -0.862482954458433, 0.3997590858358199, -0.7341009902773522]
  ],
  "68": [],
  "69": [],
  "70": [
    [-0.1785989003654357, 0.3225411733295796, -0.0886606857334627, -0.7604318966491]
  ],
  "71": [],
  "72": [],
  "73": [],
  "74": [],
  "75": [],
  "76": [],
  "77": [],
  "78": [],
  "79": [],
  "80": [],
  "81": [
    [-0.817654302827463, 0.2686424704277782, 0.2200113357802953, -0.6907304111636027],
    [-0.5547642618552848, -0.3066156020084777, 0.309428732021698, 0.3418903769920611]
  ],
  "82": [],
  "83": [],
  "84": [],
  "85": [
    [0.04259596699724334, -0.6360510377417279, -0.6185774905007007, -0.6941649902979085]
  ],
  "86": [
    [0.7798085165221402, -0.5492849707106954, -0.946647225854623, -0.3977619001049902]
  ],
  "87": [],
  "88": [],
  "89": [
    [-0.06833722470046354, -0.532080159326741, -0.2980746539126097, 0.1604029357756279],
    [-0.0981814861996931, -0.3644650595951282, -0.5241425608256192, 0.1604285619439776]
  ],
  "90": [],
  "91": [],
  "92": [],
  "93": [
    [0.2294626955882177, -0.873958801278135, 0.0816025255473694, 0.7152793964104114],
    [-0.2854681313774916, 0.899248549609493, 0.07677627423921606, -0.4981025940318272],
    [-0.25093617145559, -0.954822842839078, 0.06711826870432062, -0.4703009714782454],
    [0.2530253942407263, 0.8748938949283, 0.06609266043526583, 0.5730136294586416]
  ],
  "94": [
    [0.912663986920864, -0.873205045344302, -0.982314129821213, 0.1350959768468208]
  ],
  "95": [],
  "96": [],
  "97": [],
  "98": [],
  "99": [],
  "100": []
}
