{
  "1": [],
  "2": [
    [-0.107595028353475, -0.925239264036277, -0.0812672294596576, 0.6097344762344981],
    [-0.1074760090969483, 0.814333986440245, -0.0815872961823249, 0.6111920508027904]
  ],
  "3": [
    [0.866772875029856, 0.4370454763982798, 0.4697879945806463, -0.961194729131504]
  ],
  "4": [
    [-0.07393032218768449, 0.916476002080912, -0.07784141393240855, 0.3863632747317798],
    [-0.4593270484683021, 0.5865999131426326, 0.4088141722977769, 0.6015665702396013],
    [-0.05404863465393505, 0.7979823715406682, -0.110950549283123, 0.5734767524231965]
  ],
  "5": [],
  "6": [],
  "7": [],
  "8": [
    [0.0948890080460096, 0.5039555393564631, -0.994403949968874, 0.2499546229450042]
  ],
  "9": [],
  "10": [
    [0.0127441521468882, -0.2615637602082011, 0.1245970854701523, 0.1089583665171884],
    [0.01273972599212688, 0.2758169996176972, 0.1246123307539071, -0.1033278158088202]
  ],
  "11": [],
  "12": [],
  "13": [],
  "14": [
    [0.223747207009041, -0.752004345959018, -0.1190160686821894, -0.2354365572626121],
    [-0.3668019930873194, -0.5729912079211327, -0.1017113574040331, 0.181839900389931]
  ],
  "15": [],
  "16": [
    [-0.2445550996582022, 0.1704295211850933, -0.0833394175272376, 0.5162984493048345],
    [-0.18653617900846, 0.1125041864909982, 0.3858483890436854, -0.6066228223273833]
  ],
  "17": [
    [-0.0883483466990532, 0.6558746382851449, 0.03827714662934101, -0.884425396423386],
    [-0.0803479970055709, -0.6514992350741204, 0.03580633788726493, -0.959787912310887]
  ],
  "18": [
    [-0.8544783507605, 0.0874045551860503, -0.0761889419408976, -0.965240771544889],
    [-0.1421642239774828, -0.2969199530097146, -0.6033174669832136, -0.871776875565039],
    [0.853326849794947, 0.0863590728092689, 0.07747470897526398, -0.961797353250933]
  ],
  "19": [],
  "20": [
    [-0.880483567606245, 0.4957630854624481, 0.2218251232902415, -0.3316785135696253],
    [-0.969968159384355, 0.352284739612203, 0.2283188716789363, -0.1116027914061917],
    [0.965276938217851, -0.3510365162084105, -0.1954451349604902, -0.111576424247271],
    [0.865229676954922, -0.4885987823881292, -0.1122156262663244, -0.33282981919989]
  ],
  "21": [],
  "22": [],
  "23": [
    [0.2602487537175556, -0.3018067125923967, 0.00686730431452256, -0.3119596252955337]
  ],
  "24": [
    [0.5175052731608323, -0.5883783017710799, 0.02308480266386121, -0.4503470743822461],
    [-0.4617135588935134, 0.4478746979990734, -0.3660290786675523, 0.4961872424262365],
    [-0.5189914895190837, -0.5112166890685658, 0.01036696670119553, -0.4832436231735932],
    [0.1207258006364551, -0.2828565275660308, 0.3365467311898, 0.6474999201466312]
  ],
  "25": [
    [-0.3278427142918974, -0.3861417101569844, -0.403152776248317, -0.807393503483331],
    [-0.1659623576047164, -0.2536718947696109, -0.4901547328292022, 0.6730059604227464]
  ],
  "26": [
    [-0.886976595503668, -0.0880351764724381, 0.528327266407519, -0.4566639902236749]
  ],
  "27": [],
  "28": [],
  "29": [],
  "30": [
    [0.4472237675280827, 0.01687270516656821, 0.6802679758977045, -0.811877660375914]
  ],
  "31": [
    [0.6240059385005469, 0.2315502698436018, -0.7494443261864326, 0.6263978681386295],
    [0.478033407190417, 0.1591503935776225, 0.7407389839840661, 0.2612970276583076]
  ],
  "32": [
    [0.400678754366562, 0.2493344696932725, -0.2324178560626715, -0.3457063047693493],
    [0.4111589188825868, 0.2716512867141239, 0.1798130941858693, -0.3510141332318072]
  ],
  "33": [
    [0.82733069481832, 0.1978029525895703, 0.1294866524902938, 0.06406811270095507],
    [-0.844940023270895, 0.1877900078149858, 0.1292942380125212, 0.06416220722706449]
  ],
  "34": [],
  "35": [],
  "36": [],
  "37": [],
  "38": [],
  "39": [],
  "40": [],
  "41": [],
  "42": [],
  "43": [
    [0.962279226635483, 0.437085838455856, -0.5221996981237599, -0.0936897658861401],
    [-0.5926069915667739, 0.6750659684898674, -0.2469682143128329, -0.3271314400317367]
  ],
  "44": [],
  "45": [],
  "46": [
    [-0.3245277230161768, -0.3627786547898783, 0.07229831254112794, -0.00863385539927788]
  ],
  "47": [
    [0.4311601694063969, -0.5249477722106249, 0.1359010772944101, 0.1389197924762724]
  ],
  "48": [],
  "49": [
    [-0.1640871908011934, 0.7923543102946025, -0.5413854813959114, -0.7929593574950333]
  ],
  "50": [],
  "51": [
    [0.0106064871336712, -0.4643989072348338, 0.00378275503488309, 0.870657803395415],
    [0.00800444468036591, 0.4523941580757441, 0.01691599738605698, -0.890977493199086]
  ],
  "52": [],
  "53": [],
  "54": [
    [-0.06268327055753865, 0.4090181598675779, 0.278202787355412, -0.04107828491345425],
    [-0.06285256116272658, 0.5893271562421488, -0.266777211596902, -0.2462486317587007]
  ],
  "55": [],
  "56": [
    [0.5821026384216749, 0.4379174437785381, 0.653859099558691, 0.930641745884971]
  ],
  "57": [
    [0.0948907139330959, 0.08605797376231, 0.7248266979462509, 0.68080344942622],
    [0.1776104357814534, -0.01740985481112977, -0.709718244058479, 0.0724439629692081]
  ],
  "58": [],
  "59": [],
  "60": [],
  "61": [],
  "62": [
    [0.1344538184969057, -0.858695419329816, 0.03002584915808817, 0.7626903303041241]
  ],
  "63": [],
  "64": [
    [-0.1811803946046473, 0.533187821489541, 0.859971629918452, -0.7119524620859768],
    [-0.2066206562584289, -0.4940155309666591, -0.96569696634491, 0.00981845429864129],
    [-0.2013641331148904, -0.4247106140677491, -0.854922511468806, -0.3240641683837352]
  ],
  "65": [
    [0.7761251031046309, 0.1020350230294151, 0.162648695513468, 0.1074269067869151]
  ],
  "66": [],
  "67": [],
  "68": [],
  "69": [
    [0.912329287038705, -0.2664825992664707, -0.5195727935577032, 0.5888763257654496]
  ],
  "70": [],
  "71": [],
  "72": [],
  "73": [],
  "74": [],
  "75": [],
  "76": [],
  "77": [],
  "78": [],
  "79": [
    [-0.4768846781771731, -0.04186093402796867, -0.6121049316911286, 0.0695513907830495]
  ],
  "80": [],
  "81": [
    [0.5498876103386081, 0.469544835640929, -0.2128478684214056, 0.5741207296293278],
    [-0.1347845794857525, 0.1387222780483448, -0.06158751323500543, 0.00314417012115896]
  ],
  "82": [
    [0.04132676487314153, -0.3812354855183365, 0.5565373869775883, 0.7946749876756894]
  ],
  "83": [],
  "84": [],
  "85": [],
  "86": [],
  "87": [
    [0.3616543412261876, 0.5635639857057246, 0.338569353175311, -0.6623972562854449]
  ],
  "88": [],
  "89": [],
  "90": [
    [0.84597475546237, 0.929574634858934, -0.01007991542079688, -0.7358966533374711],
    [-0.3436282899148226, -0.1015956681418797, 0.01062972515751217, 0.7386037072971976]
  ],
  "91": [
    [0.947081124464668, -0.833354918638715, 0.00178827407852102, -0.3505641652828526]
  ],
  "92": [],
  "93": [],
  "94": [],
  "95": [
    [0.5033170338738424, 0.2137785174836387, -0.305493075782777, -0.7939898118525842],
    [0.5788563350413131, 0.1993417576097512, -0.5205471457307214, -0.7130059777718806]
  ],
  "96": [],
  "97": [],
  "98": [],
  "99": [],
  "100": []
}
