{
  "1": [],
  "2": [],
  "3": [],
  "4": [],
  "5": [],
  "6": [],
  "7": [
    [-0.18998097180567083,-0.3806133829822848,0.7121131404806944,-0.44186983277934305,0.9489480075539282,0.49252792866360995,0.3786112259909861],
    [-0.20351676267842245,0.40870864908263393,-0.2504569699578147,-0.7240749066125994,0.2151495104917726,-0.05373079595764487,-0.29640322079026105]
  ],
  "8": [],
  "9": [],
  "10": [],
  "11": [],
  "12": [],
  "13": [],
  "14": [
    [-0.04893648490687158,-0.3467349168966519,0.7133213188491061,0.08854641157023371,0.09434323385733888,0.19065258639369503,-0.5841678193133285],
    [-0.0435965789151756,-0.2440323678812945,0.3556240847963823,0.21039526972358452,0.08144996364642178,0.16616000678736154,-0.8164912023871325]
  ],
  "15": [
    [-0.7634262217409837,-0.1253288839955729,-0.7375651213860253,-0.19516340455419867,-0.6681051576099163,0.7067334169239444,-0.36108558108711386],
    [-0.7492401647582563,-0.20421123596624655,-0.7057665064617185,0.20263224640836294,0.3585130545214513,-0.6873507519003426,-0.38302020132866604]
  ],
  "16": [],
  "17": [],
  "18": [
    [0.16511533881892837,-0.538471633088929,-0.8792181282151035,-0.6348739503400241,0.6844575343546082,-0.5689736570986549,0.186905882006354]
  ],
  "19": [],
  "20": [
    [-0.5252689260866871,-0.22543633657564408,-0.16457950488380305,-0.05036120175314546,0.05273935598883727,0.018974361625016235,0.7301251561470998],
    [0.362063548936773,-0.27716828001784755,0.25670692200079415,0.10224029608244849,-0.09176980457500662,-0.5062505350229585,-0.7277885675205371]
  ],
  "21": [],
  "22": [
    [-0.5599950693506525,-0.049043254672756664,0.5328106693925692,0.6429433027885947,0.3944876550874652,0.1778044049521257,-0.9119068050404542]
  ],
  "23": [
    [-0.1659384397189167,-0.7552052783484184,0.45314772868167025,-0.2711561706051042,-0.5427814867831405,-0.21726463338865062,-0.12820793469693173]
  ],
  "24": [
    [-0.17707867375299244,-0.036747453458779444,0.004776909733404509,-0.6163895031692143,-0.33595853529891506,-0.02868767641770864,0.11687358132949667]
  ],
  "25": [],
  "26": [],
  "27": [],
  "28": [],
  "29": [],
  "30": [],
  "31": [
    [0.162726978553879,0.07964648532391196,-0.08313194644986042,0.16708305709972543,0.17122751792777008,0.8066368029823151,0.9547001259071809],
    [0.12973381475701615,0.059336035875290995,-0.050722173460276646,0.28579240119057653,0.1823469406426324,0.5517080212810909,0.8528755958972805],
    [0.08378281060922031,0.050164323147244096,-0.2526893061299004,0.16090823486508124,0.8382786757058843,0.23713777271400327,0.30612084327356975]
  ],
  "32": [
    [-0.4663093392414481,-0.07707823334001887,0.010484740277676876,0.03119489380942045,0.04733514605470662,0.11481685134067673,-0.963410570937614]
  ],
  "33": [],
  "34": [
    [0.6944655623179185,0.9697039645627549,-0.03328439460974682,0.04680257571662098,-0.06844167132428228,-0.28590826834293576,-0.15121739982273516]
  ],
  "35": [
    [-0.20148775955078818,-0.5904056501615144,-0.6584059845469972,0.42151906738722733,0.06443382356802124,0.27106863623604666,0.46866006399617055],
    [0.9807315845872141,-0.8703111539689082,0.26655391255330496,-0.34418901503247507,-0.6409253028346834,-0.13288184172827106,-0.3080290597256258]
  ],
  "36": [],
  "37": [
    [-0.025642512366156504,0.5039926601301091,0.44157133945442556,-0.22274560421945533,0.8622589854731025,0.13574566413510109,0.262229977266303]
  ],
  "38": [],
  "39": [
    [-0.054258516807855386,0.3301721673333709,0.11389729958004961,0.3038508478811052,0.18238098315691986,-0.5281291103759111,0.3911573581024859]
  ],
  "40": [],
  "41": [],
  "42": [],
  "43": [],
  "44": [],
  "45": [
    [-0.3242901175416645,0.2729045555243439,-0.44482782777180113,0.12405037786902885,0.04428672331149768,0.42687058042445214,-0.5932052241547284]
  ],
  "46": [],
  "47": [
    [-0.2968910799702286,0.22571181339489793,-0.021923804178358784,0.1153527846102559,0.8246272007024394,0.29088501406795253,0.3766422109101143],
    [0.10311353459943567,-0.17468467542906774,-0.45970453008661083,0.04924158446463689,-0.7374748395357116,-0.36377461885212664,0.2743429745327172]
  ],
  "48": [],
  "49": [],
  "50": [],
  "51": [],
  "52": [],
  "53": [
    [-0.08197791066401107,0.003889489119297646,0.4362037116886817,0.9310084646613294,0.09678377097477148,-0.20888531797839896,-0.16014317730780064]
  ],
  "54": [],
  "55": [],
  "56": [],
  "57": [],
  "58": [],
  "59": [],
  "60": [],
  "61": [],
  "62": [],
  "63": [],
  "64": [],
  "65": [
    [0.4358252306701632,-0.7906155626925706,-0.21371611663411172,-0.04634381336990248,0.13215313129523318,0.10836479843160308,0.21288963052871696]
  ],
  "66": [],
  "67": [],
  "68": [],
  "69": [],
  "70": [],
  "71": [],
  "72": [
    [0.7051956912998919,0.15369452269399847,-0.43313318794597705,0.1260211734956268,0.12127090893196209,0.136021058306688,-0.8911359460294833],
    [0.5120845555997666,0.2002846235642839,0.5180131439116357,0.23276192819396158,0.1101069894054597,-0.15349841449776644,-0.9532740381952244]
  ],
  "73": [],
  "74": [],
  "75": [],
  "76": [],
  "77": [],
  "78": [],
  "79": [],
  "80": [],
  "81": [],
  "82": [
    [-0.36054091588746456,0.2910943206750186,0.8136872812001742,-0.08557139406922924,-0.16034528437976947,0.19554889345515067,0.197721934831046]
  ],
  "83": [],
  "84": [
    [-0.06149909112288122,0.11859454051460384,0.7053511188133549,-0.19619317837652053,0.8311832608419217,-0.06467758543989671,-0.4825283457583804]
  ],
  "85": [],
  "86": [],
  "87": [],
  "88": [],
  "89": [],
  "90": [
    [-0.29242661434804706,0.5689633181964407,-0.9930012617924048,-0.20901907916462192,-0.047205476454171176,0.09447288821672008,0.46025434068521526],
    [0.21708518274196095,0.5711508527239471,-0.9920841291871486,-0.2081269635361019,-0.04671984788204932,0.09431984795676449,0.4630922420031689]
  ],
  "91": [
    [0.802661874440044,0.6228018647540043,0.3792699947609851,0.984589873478614,0.1382311984071177,0.9782212973667269,0.34023444678116815]
  ],
  "92": [
    [0.6974588539378455,-0.8425784638084566,-0.2644156922706942,-0.24979728470915682,-0.3140282349713026,-0.5453770867284086,-0.12879817515073674],
    [0.6974588539378455,-0.8425784638084566,-0.26441569227069417,0.24979728470915682,-0.3140282349713026,-0.5453770867284086,-0.12879817515073674]
  ],
  "93": [],
  "94": [],
  "95": [],
  "96": [],
  "97": [],
  "98": [],
  "99": [],
  "100": []
}
