{
  "1": [],
  "2": [],
  "3": [],
  "4": [],
  "5": [],
  "6": [],
  "7": [],
  "8": [],
  "9": [],
  "10": [],
  "11": [],
  "12": [],
  "13": [],
  "14": [],
  "15": [],
  "16": [],
  "17": [],
  "18": [],
  "19": [],
  "20": [],
  "21": [],
  "22": [],
  "23": [],
  "24": [],
  "25": [],
  "26": [],
  "27": [],
  "28": [],
  "29": [],
  "30": [],
  "31": [],
  "32": [],
  "33": [],
  "34": [],
  "35": [],
  "36": [],
  "37": [],
  "38": [],
  "39": [],
  "40": [
    [-0.46850785870014794,-0.8909173740678648,0.9181845742502882,0.10030930801209395,-0.5446944271068351,-0.553635696180135,0.7175512763348882]
  ],
  "41": [],
  "42": [],
  "43": [],
  "44": [],
  "45": [],
  "46": [],
  "47": [],
  "48": [],
  "49": [],
  "50": [],
  "51": [],
  "52": [],
  "53": [],
  "54": [],
  "55": [],
  "56": [
    [0.9945305667592188,0.40680023538438836,-0.7987023223698099,-0.6906957472349795,-0.9639612015932313,-0.09129716715536934,0.3611925193439559]
  ],
  "57": [],
  "58": [],
  "59": [],
  "60": [],
  "61": [],
  "62": [],
  "63": [],
  "64": [],
  "65": [],
  "66": [],
  "67": [],
  "68": [],
  "69": [],
  "70": [],
  "71": [],
  "72": [],
  "73": [],
  "74": [
    [-0.4227289844641406,-0.9669743026346217,-0.8085833813577314,0.764287928838389,-0.8060233874933481,-0.8815866375754036,0.5721451162134613]
  ],
  "75": [],
  "76": [],
  "77": [],
  "78": [],
  "79": [],
  "80": [],
  "81": [],
  "82": [],
  "83": [],
  "84": [],
  "85": [],
  "86": [],
  "87": [
    [-0.0397424326944624,0.6759491190315372,0.5347604338000393,-0.1858155278112605,0.5131812865371914,0.2554875564255907,-0.5718489647373686]
  ],
  "88": [],
  "89": [],
  "90": [],
  "91": [],
  "92": [
    [0.7140980060840584,0.5514426672920204,0.7865382621673807,-0.030854689234427853,0.48240251112871724,-0.18363257768880586,0.8892303882866164]
  ],
  "93": [],
  "94": [],
  "95": [],
  "96": [],
  "97": [],
  "98": [],
  "99": [],
  "100": []
}
