{
  "1": [],
  "2": [],
  "3": [],
  "4": [],
  "5": [],
  "6": [],
  "7": [],
  "8": [],
  "9": [],
  "10": [],
  "11": [],
  "12": [],
  "13": [],
  "14": [],
  "15": [],
  "16": [],
  "17": [],
  "18": [],
  "19": [],
  "20": [],
  "21": [],
  "22": [],
  "23": [],
  "24": [],
  "25": [],
  "26": [],
  "27": [],
  "28": [],
  "29": [],
  "30": [],
  "31": [],
  "32": [],
  "33": [],
  "34": [],
  "35": [
    [-0.3009837941042216,0.584371876450241,0.2377610674892464,-0.10208228414951319,0.6534240425772312,-0.855933136323708,0.45474064898855554]
  ],
  "36": [],
  "37": [],
  "38": [],
  "39": [],
  "40": [],
  "41": [],
  "42": [
    [-0.6368310999973817,0.380736377352065,0.8973324136583675,-0.4976090701224071,0.03573555305516958,0.5096549500603346,0.16838387245983832],
    [-0.1946718507449562,0.581478403473537,0.83814175925367,-0.06553979587235939,0.037122015007083065,0.30452107283952734,0.5022878178602006],
    [0.9193976329602127,-0.5874709686760843,-0.8955951692523421,0.8367792069402467,-0.49815579391530584,-0.16591255719312814,-0.8167419408210993]
  ],
  "43": [],
  "44": [],
  "45": [],
  "46": [
    [-0.9748527497530083,-0.07407558836872133,0.9927566798724741,0.5938288487693153,0.3135051510261152,-0.8214340153363016,-0.5476481505239235]
  ],
  "47": [],
  "48": [],
  "49": [],
  "50": [],
  "51": [],
  "52": [],
  "53": [],
  "54": [],
  "55": [
    [-0.7424767100522434,0.5557618898039006,0.3404462342429666,-0.08104336231848393,0.09109448439382063,0.7731048391169545,0.22185025324691424]
  ],
  "56": [],
  "57": [],
  "58": [],
  "59": [],
  "60": [],
  "61": [],
  "62": [],
  "63": [],
  "64": [],
  "65": [],
  "66": [],
  "67": [],
  "68": [],
  "69": [],
  "70": [],
  "71": [],
  "72": [],
  "73": [
    [-0.2724952846316772,0.4021987840399613,-0.910855969170887,-0.651292281474366,0.8399188820526119,-0.6938107334240503,0.6052499442380805]
  ],
  "74": [],
  "75": [],
  "76": [],
  "77": [],
  "78": [],
  "79": [
    [-0.7256619665290557,-0.9966745823164317,0.8739694564200475,0.7423241388576265,-0.3305510755591255,0.9218926626833005,0.13438465047134127]
  ],
  "80": [],
  "81": [],
  "82": [],
  "83": [],
  "84": [],
  "85": [],
  "86": [],
  "87": [],
  "88": [],
  "89": [
    [-0.32730541657676365,0.440856440770322,-0.053221558614456654,0.8155210852618691,0.18952327138674577,0.8807371650672383,-0.690523126465582]
  ],
  "90": [],
  "91": [],
  "92": [],
  "93": [],
  "94": [],
  "95": [],
  "96": [],
  "97": [],
  "98": [],
  "99": [],
  "100": []
}
