{
  "1": [],
  "2": [],
  "3": [
    [-0.8276539429438958,0.6764988328928127,0.811985479896076,0.15779708380174312,0.6997108301568691,-0.051309841619024694,-0.1496628930428456],
    [-0.8236343410067342,0.7923946276908114,0.7317268847283844,0.24529255394285557,0.752564844798866,-0.05252012870220774,-0.11435737429000052]
  ],
  "4": [],
  "5": [],
  "6": [],
  "7": [],
  "8": [],
  "9": [
    [-0.08844226300025616,-0.458707107226849,0.3169739867846929,-0.580168493714928,-0.46883183376002036,-0.20037441438151127,-0.684357581975756],
    [-0.08667491565909172,0.45392949563802065,0.21504986491868486,-0.5482285802537806,-0.36013489929646847,-0.32565857295551365,-0.7348860658783398]
  ],
  "10": [],
  "11": [],
  "12": [
    [-0.579732138041365,0.07035282025235771,-0.3601170967717617,0.006333713723475269,0.5738751285037469,-0.8416952715809136,0.16318485204137592],
    [-0.5673784789886459,0.15077932107697298,0.4035368148485974,0.006435757592899799,0.572383100054665,-0.838039146080388,0.15686653761130473]
  ],
  "13": [],
  "14": [],
  "15": [
    [-0.44064765549861273,0.4576363749045906,-0.43426091863448535,-0.830830068243706,-0.7202542716988681,-0.43295677672416133,-0.4443358369011452],
    [0.4232074972961014,-0.42482407026848906,-0.5895268104235026,-0.22292804761586932,0.06225041844040497,0.8386592369489217,-0.49010432128056214]
  ],
  "16": [],
  "17": [],
  "18": [],
  "19": [],
  "20": [],
  "21": [],
  "22": [],
  "23": [],
  "24": [
    [-0.7007957442924949,-0.16962187164156403,0.3323433840198126,-0.646305698283119,0.4956457875446495,0.5613705029209722,0.13068716405430192]
  ],
  "25": [],
  "26": [],
  "27": [],
  "28": [],
  "29": [],
  "30": [
    [-0.47953847894535695,-0.3854395829631946,0.7482320980368169,-0.036351082740859235,0.7867686316911362,-0.01846207285384249,0.07723610777026883],
    [-0.4783949114871196,0.3735188197511297,0.7950548570717116,-0.04212443575632107,0.6648084882987787,-0.012871805210927382,0.077242136962722]
  ],
  "31": [
    [-0.14427665119274657,-0.5889986194290006,-0.4524213993867973,0.49358037509252295,0.08136046451401027,-0.6767826875676315,-0.5935571799254382]
  ],
  "32": [],
  "33": [
    [0.4705604792726819,-0.0022100149806522176,-0.5924729299332507,0.2897643612325772,-0.18793414337265188,0.10632799090202696,0.8186071648810956]
  ],
  "34": [
    [0.22006351511745692,-0.6168115888077031,0.022900534457943173,0.9703408796198416,0.1127509334116684,0.695310941901382,0.3028287988310749]
  ],
  "35": [],
  "36": [],
  "37": [],
  "38": [],
  "39": [
    [-0.4554262725854032,0.9669785889990085,-0.8372751919732732,-0.8910637457031237,0.5641457268961436,0.1780870241967135,-0.4797021303765576],
    [0.7260661270876975,0.9198602365572689,-0.5974381591545573,-0.4952116102509714,-0.4069459774578376,0.6481388381457706,0.5162016846748934]
  ],
  "40": [],
  "41": [],
  "42": [],
  "43": [],
  "44": [],
  "45": [
    [-0.8242617832276223,-0.16871644574287536,0.22212705903537924,0.4825552146200774,0.8697294343841052,0.18647672343035604,-0.21168070914288786],
    [0.46059076422268974,-0.1564738055976446,-0.09096027487086875,0.3879072281082195,-0.9403182372010866,0.1008904862468887,0.5005602074734244]
  ],
  "46": [],
  "47": [],
  "48": [
    [-0.4495701048036475,0.1321824255037499,-0.5588495573712821,0.7368949069865606,0.080834780331125,-0.733309567901821,0.8906051283161782]
  ],
  "49": [],
  "50": [
    [-0.030487429022173492,0.4670858281874763,0.2728707112322687,-0.285051400460814,-0.5658012170807439,0.7487008533797517,0.889686021067287]
  ],
  "51": [
    [-0.6123091492084697,0.7048045369930513,-0.8036836944134756,-0.08025554043353544,-0.09692626965496158,0.9732794832736456,0.3586829335991884]
  ],
  "52": [],
  "53": [],
  "54": [
    [0.37640315939985836,0.1318358688935935,0.8866668353879488,-0.6148199162520023,0.021548199681703066,-0.11510886934348509,-0.9664870772955648],
    [0.376212959095415,0.13168447842076877,0.8936249343502934,0.6156563516529822,-0.003277405882926693,-0.11848062357337716,-0.9541891625938208],
    [0.06418639452686041,0.8096173549330181,-0.5158959324612046,0.8121529206431456,-0.3270134484942342,0.37046538056685024,-0.8138725943548036]
  ],
  "55": [],
  "56": [],
  "57": [],
  "58": [],
  "59": [],
  "60": [],
  "61": [
    [0.04770089095648343,-0.4131360845957089,0.04745131598045563,0.3579550961795037,0.3958790137374046,0.22131545989749837,-0.9598233058258944]
  ],
  "62": [],
  "63": [],
  "64": [],
  "65": [],
  "66": [],
  "67": [],
  "68": [],
  "69": [],
  "70": [],
  "71": [],
  "72": [],
  "73": [],
  "74": [],
  "75": [],
  "76": [],
  "77": [],
  "78": [],
  "79": [],
  "80": [
    [-0.08927240172853916,-0.9027069840117306,0.5860432576659298,-0.6897557442870835,0.5216724209612987,-0.8063864068783474,0.18008475679633443],
    [-0.08910408574605738,0.923140430742559,0.5649221998711673,-0.7441245857006155,0.512869791350583,-0.818815007510217,0.25317922827158595],
    [0.5323225578746524,-0.9430175865666304,0.7078593938840864,-0.39966785515442976,0.21855403384282726,-0.3439165808766607,0.557524994538657],
    [0.4574182460212266,0.8008705242355335,0.4199284339550122,-0.2678414379794042,-0.8577072698837478,0.9252425345060169,-0.4143609962328093],
    [0.5453494175906538,0.6220223494330551,0.6875354991107588,-0.20895939501518504,-0.8269423383090944,0.5179128781034897,-0.35657770452467796],
    [0.5605560308177802,0.9535051643882213,0.7005951335993043,-0.4080937582484844,0.21140767877653305,-0.3465193243811596,0.5205486861288025]
  ],
  "81": [],
  "82": [],
  "83": [],
  "84": [],
  "85": [],
  "86": [],
  "87": [],
  "88": [
    [-0.3188099464504168,0.053671185578657986,0.893962656125432,0.5803385247099656,0.2592296249140986,-0.8210961958373465,0.6033817655951874]
  ],
  "89": [],
  "90": [],
  "91": [],
  "92": [],
  "93": [],
  "94": [
    [-0.15038796829406248,0.15669910166657566,-0.6023647646937461,-0.09332093708835193,-0.8308340469324131,-0.4133411205266895,-0.48985940673196315],
    [-0.5561187178773217,0.6148568104080685,-0.31074333345340865,-0.08685963255602608,-0.606378366548745,-0.449981829603379,0.45764820092824127]
  ],
  "95": [],
  "96": [],
  "97": [],
  "98": [],
  "99": [],
  "100": []
}
