{
  "1": [],
  "2": [],
  "3": [],
  "4": [],
  "5": [],
  "6": [],
  "7": [],
  "8": [],
  "9": [],
  "10": [],
  "11": [],
  "12": [],
  "13": [],
  "14": [],
  "15": [],
  "16": [],
  "17": [],
  "18": [],
  "19": [],
  "20": [],
  "21": [
    [-0.6494002568560311,0.9841209223175337,-0.32847992317189595,-0.9308692936790477,-0.9155594198015818,-0.18357712539224635,0.496921180161138]
  ],
  "22": [],
  "23": [],
  "24": [],
  "25": [],
  "26": [],
  "27": [],
  "28": [],
  "29": [],
  "30": [],
  "31": [],
  "32": [
    [0.7804845745109165,0.27266634627011405,-0.7788545183942598,0.6071299704633694,0.19783744939973755,-0.43522027407473224,-0.204266276532822]
  ],
  "33": [],
  "34": [
    [0.4595724701052731,0.7024834044819206,0.3778943034673436,0.6129582036688966,-0.927331602441708,0.7964788780751053,-0.7703116472475678]
  ],
  "35": [],
  "36": [],
  "37": [
    [0.4362740484776175,0.8160506345759908,0.8561086350380043,-0.2671839886766781,-0.31912149449454413,0.41048672611945874,0.2221184293592454]
  ],
  "38": [],
  "39": [],
  "40": [],
  "41": [],
  "42": [],
  "43": [],
  "44": [],
  "45": [],
  "46": [],
  "47": [],
  "48": [],
  "49": [],
  "50": [],
  "51": [],
  "52": [],
  "53": [],
  "54": [],
  "55": [],
  "56": [],
  "57": [],
  "58": [],
  "59": [],
  "60": [],
  "61": [],
  "62": [],
  "63": [],
  "64": [],
  "65": [],
  "66": [],
  "67": [],
  "68": [],
  "69": [],
  "70": [],
  "71": [],
  "72": [],
  "73": [],
  "74": [],
  "75": [],
  "76": [],
  "77": [],
  "78": [],
  "79": [],
  "80": [],
  "81": [],
  "82": [],
  "83": [],
  "84": [],
  "85": [],
  "86": [],
  "87": [],
  "88": [],
  "89": [],
  "90": [],
  "91": [],
  "92": [
    [-0.014711983069921924,0.5107435975809225,0.8014287779193705,-0.6701839626992874,-0.9614371755085975,-0.4373683625487443,0.513880772674868]
  ],
  "93": [],
  "94": [],
  "95": [],
  "96": [],
  "97": [],
  "98": [],
  "99": [],
  "100": [
    [0.3923509744358131,-0.8874000843647825,0.10988973766532524,-0.9429739086563945,0.7247896528420192,0.9508731173406837,-0.8798393192368225]
  ]
}
