{
  "1": [],
  "2": [],
  "3": [],
  "4": [],
  "5": [
    [-0.509085709903446, 0.8822950324160959, -0.6263333441348513, 0.7772200402453048]
  ],
  "6": [],
  "7": [],
  "8": [
    [0.6094979796780872, -0.5764975369037607, -0.5576277854287361, -0.6535991033366245]
  ],
  "9": [],
  "10": [
    [0.25531640960785806, 0.035533104818955635, 0.5696203182975622, -0.5154769008636487]
  ],
  "11": [],
  "12": [
    [0.7001677011800223, 0.9552742099019869, 0.5987034939938107, -0.1916143195432082]
  ],
  "13": [
    [-0.786137580489015, -0.4822118037156309, -0.8337712434462585, 0.4394063003675712],
    [0.7453567011097232, -0.33191072553502626, -0.8347121186336305, -0.4520240815865084]
  ],
  "14": [],
  "15": [],
  "16": [],
  "17": [],
  "18": [
    [0.2414270669930301, 0.2973044608323294, -0.22621040699480865, 0.6584933877145192]
  ],
  "19": [],
  "20": [],
  "21": [],
  "22": [
    [0.796723789966131, -0.13266999996943685, 0.4803072673435174, -0.9995460765275367]
  ],
  "23": [],
  "24": [],
  "25": [
    [-0.6023354321857388, -0.45360133519294155, -0.7794118985068068, 0.6961674448958529],
    [-0.6033676590485614, 0.975862229609361, 0.5762861198738878, 0.5253502822721888],
    [0.4564685177613187, -0.7954251594468384, -0.6612800109611988, -0.5870571045044518],
    [0.8103174233370477, 0.7744163366973482, 0.4192577846885037, 0.5129537164522561]
  ],
  "26": [],
  "27": [],
  "28": [],
  "29": [],
  "30": [],
  "31": [],
  "32": [],
  "33": [],
  "34": [],
  "35": [],
  "36": [],
  "37": [
    [0.3638935888710549, -0.7094341704682389, -0.8703086095202907, 0.4720274447008163]
  ],
  "38": [],
  "39": [],
  "40": [],
  "41": [
    [0.9935403730571472, 0.20899429415750828, -0.9001515957321303, 0.5171226268002216],
    [0.8930927593092669, 0.5412390904846914, 0.861372405343132, -0.3408059854552609]
  ],
  "42": [
    [-0.9904870221023276, -0.3471589478356186, -0.7489039733429675, 0.000338997525168709]
  ],
  "43": [
    [0.9481826931644369, -0.37256764838220824, 0.8010360662584225, -0.3847757496588678]
  ],
  "44": [],
  "45": [],
  "46": [],
  "47": [],
  "48": [],
  "49": [],
  "50": [],
  "51": [],
  "52": [],
  "53": [],
  "54": [],
  "55": [],
  "56": [],
  "57": [],
  "58": [],
  "59": [],
  "60": [],
  "61": [],
  "62": [],
  "63": [],
  "64": [],
  "65": [],
  "66": [],
  "67": [],
  "68": [
    [0.4809476868325642, -0.7999635153028606, -0.7620396838780109, -0.9694413837474862],
    [0.544409789131773, -0.6575575295555527, -0.8355336072175371, -0.8943616319222095]
  ],
  "69": [],
  "70": [],
  "71": [],
  "72": [
    [0.8703548181024614, 0.7907240210128048, -0.7216540725136652, -0.4496222146583788]
  ],
  "73": [],
  "74": [
    [0.8851455550548114, 0.5742898590271683, -0.9105162089040111, -0.6478550890638591]
  ],
  "75": [],
  "76": [],
  "77": [
    [-0.9924440870891361, -0.4156637067827245, -0.635910413890653, -0.8755263660203775],
    [0.2364176362148045, -0.8854989266964434, -0.9416487053742172, 0.7222356299382842],
    [0.4775095543666233, 0.7225448135773128, 0.8256478651759616, -0.7265151801138502]
  ],
  "78": [],
  "79": [],
  "80": [],
  "81": [],
  "82": [],
  "83": [],
  "84": [],
  "85": [],
  "86": [
    [-0.5323872504215769, 0.8742212283985478, 0.916347142732398, -0.2951247693126042]
  ],
  "87": [],
  "88": [
    [0.87037624860355, -0.9847329097778943, 0.9598026556160669, 0.8987202734086157]
  ],
  "89": [],
  "90": [],
  "91": [
    [0.4898714920479235, 0.4760638179998013, -0.5233129389841062, -0.6482509540037581]
  ],
  "92": [],
  "93": [],
  "94": [
    [0.5867603568856503, -0.6706772461292783, 0.8923404384472183, 0.8575072117806903]
  ],
  "95": [],
  "96": [],
  "97": [],
  "98": [],
  "99": [],
  "100": []
}
