{
  "1": [],
  "2": [],
  "3": [],
  "4": [],
  "5": [],
  "6": [],
  "7": [],
  "8": [],
  "9": [],
  "10": [],
  "11": [],
  "12": [],
  "13": [],
  "14": [],
  "15": [],
  "16": [],
  "17": [],
  "18": [],
  "19": [],
  "20": [
    [-0.9098425136962155, 0.9475720127455952, -0.6058197047772016, -0.3479025928559343]
  ],
  "21": [],
  "22": [],
  "23": [],
  "24": [],
  "25": [
    [-0.6359533793765189, -0.5431672124188655, -0.2949333450609919, -0.9155097231107591],
    [-0.9777012899730172, -0.472928873291846, -0.06564039859313535, -0.9293721706580731],
    [-0.5276929203910945, -0.5012841597809732, -0.5183619752384787, 0.9988946370881908],
    [-0.6504728801668376, 0.8565241795409989, -0.4816595453656656, -0.9664817810305564],
    [0.25730778121200576, -0.5252404088206909, 0.39066850988766005, -0.9071342831328983],
    [0.6393387673130403, -0.8213904229300587, -0.1571701065917305, 0.922779440664298],
    [0.27383313465781706, 0.6160545240858419, 0.27043162965002465, 0.9374569109408304]
  ],
  "26": [
    [0.6686701092092414, -0.6067241932600365, -0.8547195603105381, -0.702090263571551]
  ],
  "27": [],
  "28": [],
  "29": [],
  "30": [],
  "31": [],
  "32": [],
  "33": [],
  "34": [],
  "35": [],
  "36": [],
  "37": [],
  "38": [],
  "39": [
    [0.9359443466645575, -0.5686059949525689, 0.6985016087590109, 0.9810287586891474]
  ],
  "40": [],
  "41": [],
  "42": [],
  "43": [],
  "44": [],
  "45": [],
  "46": [],
  "47": [],
  "48": [
    [0.8955763695260103, 0.37073407839055655, -0.6598271505574698, -0.5660228504574087],
    [0.9456872936392128, 0.45468458257774547, 0.5536035765627211, 0.5170820679378627]
  ],
  "49": [],
  "50": [],
  "51": [],
  "52": [],
  "53": [
    [0.06830266554934808, -0.6075115247008869, -0.20428398580211157, -0.6330897123598603],
    [-0.29069136690498226, -0.8225414707331153, 0.7145442277146135, 0.1335895133808098],
    [-0.06799549171378912, 0.6107304415472475, -0.20055910397772853, 0.6360463847999409],
    [0.2928480924170945, 0.8311375370108981, 0.7071026566878456, -0.1326524750096435]
  ],
  "54": [],
  "55": [],
  "56": [],
  "57": [],
  "58": [],
  "59": [
    [-0.03234818269951439, -0.7193422502626683, -0.7236782993782397, 0.9935084722261323],
    [-0.03236573194709775, 0.6916290767477943, -0.7656546267650101, 0.9779312747985414]
  ],
  "60": [],
  "61": [
    [-0.9596213679565871, 0.3058612259204009, 0.5703354294149352, -0.314256831783973]
  ],
  "62": [],
  "63": [
    [-0.5776155606397227, -0.8601344949634068, 0.8476718285606238, 0.8236261108282891],
    [-0.6942236763642877, 0.7129070928915553, -0.8953750140485266, 0.4547639315861659]
  ],
  "64": [],
  "65": [],
  "66": [],
  "67": [],
  "68": [],
  "69": [],
  "70": [],
  "71": [
    [-0.20529070835866736, 0.8412792981463915, 0.9103870988527235, -0.27317097087517184],
    [-0.3731268363058538, 0.8425312082791045, 0.8736538125472713, 0.16741130279373376]
  ],
  "72": [],
  "73": [
    [0.8282028750466763, 0.6362665590137105, -0.7589966125894303, 0.6926898261573007]
  ],
  "74": [],
  "75": [
    [0.2260350111422359, 0.41091079841875433, -0.9704883696703681, -0.7936231144073175]
  ],
  "76": [],
  "77": [],
  "78": [],
  "79": [],
  "80": [],
  "81": [],
  "82": [],
  "83": [
    [0.8938233078688367, 0.7129096509536642, 0.6412238286720878, -0.6104707534783713],
    [0.8345856523455113, 0.8438882896120824, 0.8333164278691251, -0.7795998385145513]
  ],
  "84": [],
  "85": [
    [0.8872818562464001, -0.9900021153119714, -0.6192624274989411, -0.8273947165310456]
  ],
  "86": [],
  "87": [
    [0.48041017015312365, -0.2653568183672156, 0.9248593374696926, 0.2786969410320202]
  ],
  "88": [],
  "89": [],
  "90": [
    [-0.47267894907331254, -0.7025048862442203, -0.8061736042847126, -0.14365684367245854],
    [0.43939824733331384, 0.7257035118103674, -0.8795195403551342, -0.14320464697339344]
  ],
  "91": [],
  "92": [
    [-0.8537724680184093, -0.9886824602650448, -0.5905792317359597, 0.8314393546540848]
  ],
  "93": [
    [-0.5051766427817304, -0.8469719585763684, 0.5569402145206807, -0.05517812578889152],
    [0.23141179064371664, -0.5238551614806116, -0.5732613552562735, 0.9535780153251397],
    [0.4708937877395112, 0.9875554097619885, 0.49970379173585394, 0.2510153428167372]
  ],
  "94": [],
  "95": [
    [-0.5493740505844152, -0.39114375451815436, -0.4980792455670754, -0.4374650952534904],
    [-0.9511759604968613, 0.7408761407984988, 0.5412851244703358, 0.3702173597414207],
    [0.8549072655565755, -0.48155510203213636, -0.6739740444204658, -0.3102717179349162],
    [0.9231086727175242, -0.7025003409469885, 0.6047065198458377, 0.37722665518429016],
    [0.9058571589243865, -0.8429669494563774, 0.6639459801409469, 0.623724115087425]
  ],
  "96": [],
  "97": [],
  "98": [],
  "99": [
    [-0.5311102860281973, -0.5934329808847323, 0.9163422505717174, -0.715872654641577]
  ],
  "100": []
}
