{
  "1": [],
  "2": [],
  "3": [],
  "4": [],
  "5": [
    [0.5422916280852519, 0.9969444079645837, 0.8417681154128381, 0.9253811406666071]
  ],
  "6": [],
  "7": [],
  "8": [],
  "9": [],
  "10": [],
  "11": [],
  "12": [
    [-0.8499871768153996, 0.7349605800319838, 0.8560773453509551, -0.8299375276102166]
  ],
  "13": [],
  "14": [],
  "15": [
    [-0.47665053210543973, -0.47891541174495494, 0.39672883244456897, 0.2761200978612469]
  ],
  "16": [],
  "17": [],
  "18": [],
  "19": [
    [0.38714701403035684, 0.46751693865656563, -0.519338287282015, -0.2990524055825005],
    [0.38371250001868157, 0.4757298036189982, -0.5429930306225534, 0.2125650199889688]
  ],
  "20": [],
  "21": [],
  "22": [],
  "23": [
    [0.9423291075241882, 0.6035925304425437, -0.8701987949318296, -0.8355740670170637]
  ],
  "24": [],
  "25": [],
  "26": [],
  "27": [],
  "28": [
    [-0.3310657320200289, -0.0949566951487083, 0.5298851908799547, -0.4401703929959767]
  ],
  "29": [],
  "30": [],
  "31": [
    [-0.9823164567272102, 0.9861520337051742, -0.5672041080327715, 0.5323264094407923]
  ],
  "32": [],
  "33": [],
  "34": [],
  "35": [],
  "36": [],
  "37": [],
  "38": [],
  "39": [],
  "40": [
    [0.9132895825435279, -0.6617591883577086, -0.17072308357792906, 0.9367993550486755],
    [0.8986081426608752, 0.5713489772552554, 0.2095579962613493, -0.8676114595304094]
  ],
  "41": [],
  "42": [
    [0.1860544786807784, 0.39602275252245195, -0.7015930476975932, 0.7026294274400273],
    [0.1897974654568931, 0.39189753807767846, 0.7105021830056586, 0.6787237317500787]
  ],
  "43": [],
  "44": [],
  "45": [],
  "46": [],
  "47": [],
  "48": [],
  "49": [
    [0.6423304999763766, -0.9044943297750995, -0.8747682406584354, -0.7699916443383243]
  ],
  "50": [],
  "51": [],
  "52": [],
  "53": [],
  "54": [],
  "55": [],
  "56": [],
  "57": [],
  "58": [],
  "59": [],
  "60": [],
  "61": [],
  "62": [
    [0.658373482278804, -0.9116482724751549, 0.5936472836422533, -0.627191502540496]
  ],
  "63": [],
  "64": [],
  "65": [],
  "66": [],
  "67": [],
  "68": [],
  "69": [
    [0.8582859508934633, 0.3288787820178573, -0.8169428200888884, 0.8553801789531796]
  ],
  "70": [],
  "71": [],
  "72": [],
  "73": [],
  "74": [],
  "75": [],
  "76": [],
  "77": [],
  "78": [],
  "79": [],
  "80": [],
  "81": [],
  "82": [],
  "83": [],
  "84": [],
  "85": [],
  "86": [
    [-0.854410004710627, -0.7874855402655869, 0.6744595874922821, -0.8752777552821767],
    [0.8502522336651862, 0.7386169326699565, 0.6456860682879649, -0.9909602548615472]
  ],
  "87": [],
  "88": [],
  "89": [],
  "90": [],
  "91": [],
  "92": [],
  "93": [],
  "94": [],
  "95": [],
  "96": [],
  "97": [],
  "98": [],
  "99": [],
  "100": []
}
