{
  "1": [],
  "2": [],
  "3": [
    [0.010993073579662407, -0.5416922975653644, 0.39399622042273585, -0.6923788059028111],
    [-0.812036877933948, -0.47737263043902606, -0.00507026686477282, -0.687128916838905]
  ],
  "4": [],
  "5": [],
  "6": [],
  "7": [],
  "8": [],
  "9": [],
  "10": [],
  "11": [],
  "12": [],
  "13": [],
  "14": [],
  "15": [
    [0.8758911492109732, -0.47516651787139785, -0.5281603057149095, 0.7553281774608553],
    [0.7190177921365746, -0.6115806746159577, 0.4226100379667747, 0.7283000007376346],
    [0.5905048067051833, -0.9162358142994208, 0.5800512316585482, 0.4907887720204205]
  ],
  "16": [
    [0.15437807014173865, -0.13771641722525682, -0.33490790677413057, 0.8798516781156628]
  ],
  "17": [],
  "18": [],
  "19": [],
  "20": [],
  "21": [],
  "22": [],
  "23": [
    [-0.3250283089298904, -0.6103226323074779, -0.26302462500409707, -0.03414707667309815],
    [-0.2775954198013249, 0.6604678804009365, -0.26043082286525393, -0.03414991194327953]
  ],
  "24": [],
  "25": [],
  "26": [],
  "27": [
    [-0.7526069057256218, 0.34718850475246293, -0.6667366032063178, 0.985182947961552]
  ],
  "28": [],
  "29": [],
  "30": [],
  "31": [],
  "32": [
    [0.8930799411881809, -0.587081941196479, -0.5216370939187018, 0.6291737087372621]
  ],
  "33": [],
  "34": [],
  "35": [],
  "36": [],
  "37": [
    [-0.8952694544327662, 0.9468593266717095, -0.7340359654358697, -0.8287599142227833],
    [-0.8539775585997826, 0.9332120756637388, -0.740225272081344, 0.8397672893330349]
  ],
  "38": [],
  "39": [],
  "40": [
    [-0.791061915150063, 0.35978345903579795, -0.8531360609329838, -0.6775082260623272],
    [-0.7727417826344204, 0.02419948387642991, 0.9028861133107529, -0.8880726730490395]
  ],
  "41": [],
  "42": [],
  "43": [],
  "44": [],
  "45": [],
  "46": [
    [-0.9288205327970315, 0.9615776492451011, 0.4177193054852976, -0.7653703097809648],
    [-0.551963891983256, 0.5383050375560869, 0.687034983627474, -0.6570010296885032]
  ],
  "47": [],
  "48": [],
  "49": [],
  "50": [],
  "51": [],
  "52": [],
  "53": [
    [-0.6707333695803549, 0.7825937077454179, 0.8253127029127145, 0.4683046070934614],
    [0.6684334344610638, -0.7883421224517151, -0.6608700173904007, 0.5042772430086291]
  ],
  "54": [],
  "55": [
    [0.8186516607607335, -0.9130966911051605, -0.6516944116242842, -0.46092423489181056]
  ],
  "56": [],
  "57": [],
  "58": [],
  "59": [],
  "60": [],
  "61": [],
  "62": [],
  "63": [],
  "64": [],
  "65": [
    [0.6698834219839015, -0.9328372952369142, -0.9907816115397671, -0.20388368491081058]
  ],
  "66": [],
  "67": [
    [-0.7530351665047422, -0.6823747622320775, -0.7382427282114224, 0.6172457734376783]
  ],
  "68": [],
  "69": [],
  "70": [
    [0.10940000145916036, -0.8795589316311608, -0.07367351954973549, -0.7723729030051469]
  ],
  "71": [],
  "72": [],
  "73": [],
  "74": [],
  "75": [
    [0.41893822960802984, -0.3196945389392036, 0.5500947977478078, -0.8890806550237343],
    [0.4135862958826656, -0.13139682392639096, 0.5695359412479797, 0.8451181132608357]
  ],
  "76": [],
  "77": [
    [-0.7175410200472266, 0.20009812252557432, 0.4912387708863019, 0.22833576873841202],
    [0.8419552307433702, -0.1741948301433372, -0.40756078444224764, -0.2500838105412792]
  ],
  "78": [],
  "79": [],
  "80": [
    [-0.18759337253272257, 0.03775966603960258, -0.6352895462694615, -0.5727291971235831],
    [-0.19137602817955532, 0.039861942463237036, 0.2882361489895111, -0.572865936564098]
  ],
  "81": [
    [0.3055807625042408, -0.3045859454556735, 0.5810479788979479, -0.6117096992851538],
    [0.4901500366444734, 0.4510211546195485, -0.4560291184453098, -0.7468694168031681]
  ],
  "82": [
    [0.6813781588051118, 0.5757796606014567, -0.907090822641251, -0.9000124361798448]
  ],
  "83": [],
  "84": [
    [-0.11884571311256378, -0.5259169202374845, 0.8859792279585033, 0.22014932302187107],
    [0.6607411780593238, -0.6259284143974844, -0.7304244703981876, 0.1875568892062377]
  ],
  "85": [
    [-0.407337740599534, -0.9345861167985231, -0.04768958544913357, -0.48512422095801083],
    [0.4073394232840567, -0.9366013066987238, -0.04684615493914231, -0.48513476587663423]
  ],
  "86": [],
  "87": [],
  "88": [
    [-0.4499474328686029, 0.07869401776216789, -0.6178707387613857, -0.8925938539601387],
    [-0.41950042463443593, 0.0659986600393718, 0.8303812882958506, 0.8475224074653004],
    [0.44713487310813355, -0.08415364532364829, -0.61849302781583, -0.8955475381896308],
    [0.42173635625899464, -0.0706526783417571, 0.8307306109428796, 0.843917025757174]
  ],
  "89": [],
  "90": [],
  "91": [],
  "92": [
    [-0.42463612784017396, -0.6069837453119828, -0.703050481274204, 0.12929252430751897]
  ],
  "93": [],
  "94": [],
  "95": [
    [-0.5924216513886333, 0.2832865849965771, -0.7610516765699514, -0.9211872865410057]
  ],
  "96": [],
  "97": [
    [0.8537000186883782, 0.5896186447860772, -0.36622521672892344, -0.19093383856302157]
  ],
  "98": [],
  "99": [
    [-0.47393565546125815, 0.23821212104436584, -0.9536105628498047, 0.7506672438189127],
    [0.3281879334760903, -0.31705705379671556, 0.8129640002888242, 0.982940482368676]
  ],
  "100": [
    [-0.9312902239947127, -0.2617368181264463, 0.5411947111156571, -0.9949758422312611]
  ]
}
