{
  "1": [],
  "2": [],
  "3": [
    [-0.5669539257968638, 0.3226302973702287, 0.7017812546424065, 0.3430261611841734]
  ],
  "4": [],
  "5": [],
  "6": [],
  "7": [],
  "8": [],
  "9": [],
  "10": [],
  "11": [],
  "12": [],
  "13": [],
  "14": [],
  "15": [
    [-0.8229982114451933, 0.2759931814781781, -0.8226890298620693, 0.48376799555399624]
  ],
  "16": [],
  "17": [],
  "18": [
    [-0.9867484966651829, -0.8745062392998111, -0.8257776751758878, 0.7790970689408677],
    [-0.409835433648249, 0.7836952020355143, -0.7691295540369524, 0.6994978945553993]
  ],
  "19": [
    [-0.8134405597146356, 0.4542520830663095, -0.932334862958387, -0.5358113994767048],
    [0.8165408500481836, 0.4669318362974989, 0.9290853166236059, 0.5368505289684778]
  ],
  "20": [],
  "21": [],
  "22": [],
  "23": [],
  "24": [],
  "25": [],
  "26": [
    [0.6700386176170405, -0.6711278775594466, 0.6865960164504633, 0.9726898311639679]
  ],
  "27": [],
  "28": [],
  "29": [],
  "30": [],
  "31": [],
  "32": [],
  "33": [],
  "34": [
    [0.715717937686871, -0.49858686324010953, -0.929178901670474, 0.42746209719147665]
  ],
  "35": [],
  "36": [],
  "37": [],
  "38": [],
  "39": [],
  "40": [],
  "41": [],
  "42": [],
  "43": [],
  "44": [],
  "45": [],
  "46": [],
  "47": [],
  "48": [],
  "49": [],
  "50": [],
  "51": [],
  "52": [],
  "53": [],
  "54": [],
  "55": [],
  "56": [],
  "57": [],
  "58": [],
  "59": [
    [0.4654912798587969, 0.7763038181866253, -0.39367799438799606, -0.2720817662154075],
    [0.4668754934595892, 0.7715899695676217, -0.38763854962380634, 0.2672264130193274]
  ],
  "60": [],
  "61": [],
  "62": [],
  "63": [],
  "64": [
    [-0.261276683865591, 0.8813192197793934, -0.9723928206778915, -0.5660912915850288]
  ],
  "65": [],
  "66": [],
  "67": [],
  "68": [],
  "69": [
    [0.9761896429830164, 0.6816178478360334, -0.8454214682099097, -0.7634629564528165]
  ],
  "70": [],
  "71": [],
  "72": [],
  "73": [],
  "74": [],
  "75": [],
  "76": [],
  "77": [],
  "78": [],
  "79": [],
  "80": [],
  "81": [],
  "82": [],
  "83": [],
  "84": [],
  "85": [],
  "86": [
    [-0.5780345151904792, -0.9882224244846282, 0.6881825130638352, 0.8550190164165982]
  ],
  "87": [],
  "88": [],
  "89": [],
  "90": [],
  "91": [],
  "92": [],
  "93": [],
  "94": [],
  "95": [],
  "96": [],
  "97": [],
  "98": [],
  "99": [],
  "100": []
}
