{
  "1": [],
  "2": [
    [0.2955094957304534, -0.6114289545587904, -0.19824725547487204, 0.10577007315310083]
  ],
  "3": [
    [0.2581765604159242, 0.19522210822267816, -0.11478714559193674, 0.22147536497234815]
  ],
  "4": [
    [0.00886215905784936, -0.12431868095158656, -0.5105080141311057, -0.33900710141579765],
    [0.07570441708971475, -0.07499282738189453, -0.6203624397686186, -0.6417791631218448]
  ],
  "5": [
    [-0.5001738362980102, -0.6848316506017771, -0.8188764736610809, 0.340802365080361]
  ],
  "6": [
    [-0.6749729368557296, -0.3857257367655332, -0.09636676422191934, 0.47996349773664787],
    [-0.11740129183153937, 0.10455216495970161, 0.0855582199227352, -0.3852919203958268],
    [-0.0008380620646209441, 0.07095845492223272, 0.23431410987787077, -0.8363041820166891]
  ],
  "7": [],
  "8": [],
  "9": [],
  "10": [
    [-0.10102149316466867, -0.2723701594928793, 0.13941443466856382, 0.42062190785381914]
  ],
  "11": [],
  "12": [
    [-0.05056663355114582, -0.7865092284601524, -0.03994645993481772, 0.02225607862229227],
    [0.21841466551055266, 0.8111881369699154, 0.026854698423719035, -0.3607744065839684]
  ],
  "13": [
    [-0.12294156072522695, -0.4690282643464195, -0.015533234088739408, -0.10043913077345701],
    [-0.12294156072522695, 0.4690282643464194, -0.015533234088739408, -0.10043913077345701]
  ],
  "14": [],
  "15": [
    [-0.3625804288726625, -0.3823058018614036, 0.26748054240704044, 0.6342780676602395],
    [0.016634148425289232, 0.6709042987325226, 0.29228144679927015, -0.6533891855995757]
  ],
  "16": [],
  "17": [],
  "18": [
    [0.05103363851876806, 0.3366905043191491, 0.05443570675829099, 0.21823864194341244]
  ],
  "19": [
    [-0.38437544482754055, 0.11035532975520972, 0.9252092008173155, 0.04819101747617441],
    [0.6420048268679663, -0.8101586828480796, 0.1340353313358157, 0.34963812984228093],
    [-0.017059725727357755, 0.03426153797781562, 0.12435439393597646, 0.11276121626378537]
  ],
  "20": [
    [-0.6198551929690673, 0.21902538374246033, -0.6675133134471938, -0.2147161857404783],
    [0.037857474359423035, 0.08144385877242898, 0.700061741875919, 0.0206448821156745]
  ],
  "21": [],
  "22": [],
  "23": [],
  "24": [
    [-0.4277543801770078, -0.2530371839652299, -0.6838232889924443, 0.6953663515302883]
  ],
  "25": [
    [0.0012084361698160152, -0.17656718973198954, 0.22137585088100198, 0.04027355636858192]
  ],
  "26": [],
  "27": [
    [-0.49752482966051864, 0.10508717755549968, 0.1615916290829176, 0.19580333648843498],
    [0.5096858872215353, 0.09619683171109958, -0.16329056026691924, -0.3590956234362174]
  ],
  "28": [],
  "29": [
    [0.04779592908861858, -0.06230626698579988, 0.8240813822227293, -0.0562041289175903]
  ],
  "30": [
    [-0.05971134751168145, 0.22933159712603599, 0.5922465951362899, -0.12803732155322092]
  ],
  "31": [],
  "32": [
    [0.9506701273466305, 0.7973312927970504, 0.31983141330411036, -0.11890598334862137]
  ],
  "33": [],
  "34": [],
  "35": [
    [0.01450028348768744, -0.4493202238227508, 0.1347939405049185, 0.08599991271737031]
  ],
  "36": [
    [0.01548302824857163, -0.12474444845504119, 0.1084418924349565, -0.09259968446460996]
  ],
  "37": [],
  "38": [],
  "39": [
    [0.08817802865930707, -0.3176866366613385, 0.4093491059188383, 0.1910242743358726],
    [0.05044599582840727, 0.23617207232273446, 0.2932945861112518, 0.15254865582383903]
  ],
  "40": [],
  "41": [
    [0.909053571043608, 0.20977197175444168, -0.18699729526901357, 0.14755002562642067]
  ],
  "42": [
    [0.0344539102112166, -0.01044923225187223, 0.07240780217386172, 0.017996491873434634]
  ],
  "43": [
    [-0.06091619977808195, 0.060923408088242065, -0.03162207705486592, -0.17481445529489134]
  ],
  "44": [
    [0.2412118036702255, -0.14380006337248216, -0.10008827503931372, 0.501985669448831]
  ],
  "45": [
    [-0.2792800363882779, 0.48235309275236277, -0.22522313745659853, -0.2522953003370342]
  ],
  "46": [
    [-0.40790204158530263, -0.6432435516243467, -0.22414815467027233, -0.5639101600381086]
  ],
  "47": [
    [-0.060731268139937386, -0.9456267003725696, 0.005834513449765695, -0.24587298342693642]
  ],
  "48": [],
  "49": [],
  "50": [],
  "51": [],
  "52": [
    [-0.20677488261006538, 0.14279524536249447, -0.23445597404894625, -0.2763090274328269]
  ],
  "53": [
    [-0.014045980830910161, 0.11705336424748689, -0.22988058518764104, -0.010669161087234669],
    [-0.013095232121491282, 0.0944978231855602, 0.23388286871443664, -0.006706973205390048]
  ],
  "54": [
    [-0.2809484928645868, -0.21276579546351115, 0.026846747326119955, -0.4825145613170335]
  ],
  "55": [],
  "56": [],
  "57": [],
  "58": [
    [0.1761763651611694, -0.6317706007913975, 0.12343299962091536, -0.597934661109444]
  ],
  "59": [],
  "60": [],
  "61": [
    [-0.09269550360890806, -0.8851590233049504, 0.11437359785318048, -0.5469967158129253]
  ],
  "62": [],
  "63": [
    [0.204860705271844, 0.3837071739239149, 0.5262384868181138, -0.697676986352524]
  ],
  "64": [
    [-0.5359140604869519, -0.008777741621450607, -0.9372734295252552, -0.09377329049975064],
    [-0.4753020609997372, -0.16101354391594808, -0.8398996724269524, -0.12906375320140798],
    [0.08478965171237726, 0.06574131569522522, 0.21113211423707898, -0.09594097499393929]
  ],
  "65": [],
  "66": [
    [-0.2743672317336791, 0.5283435366737472, 0.013131642175648014, 0.09155058398079886],
    [0.37877857803171583, -0.05962716488022052, -0.22829496523353016, -0.5028823353401594],
    [0.22209321019644626, 0.06297014408209546, -0.12634209731024473, 0.3241433411340339],
    [0.2716060132948004, 0.42211445860946123, 0.0674537604934377, 0.0024021757548373765]
  ],
  "67": [
    [-0.10659939816587279, -0.04960460045288387, 0.6555537297596543, -0.6981244453536143]
  ],
  "68": [
    [0.8812144761109336, 0.8290034233705594, -0.5427108152098553, 0.4091367251320661]
  ],
  "69": [],
  "70": [
    [-0.14925713541024627, 0.11999454675244511, 0.696128053037347, -0.11074630415983049],
    [0.2717670087373425, -0.9884674361070818, -0.4323706646529705, 0.052116473188555903]
  ],
  "71": [
    [-0.5604108336603746, -0.02784563904585583, 0.06046994221278746, 0.05472200436603536],
    [0.19406021614806315, -0.02198257872059751, -0.3164650312578646, 0.06488860410301261]
  ],
  "72": [
    [-0.12890755560385145, 0.03249451020785565, 0.29417702205713553, 0.5178463595501327]
  ],
  "73": [],
  "74": [
    [0.008428436966354407, 0.09811004079583206, 0.2065950767791896, -0.09369514731817095]
  ],
  "75": [
    [-0.01618921649375658, 0.005213302160517069, -0.12261776996327443, -0.1205587008659825],
    [-0.0075268808184258485, 0.2958670371060213, -0.12019763022946135, 0.08871178017747068]
  ],
  "76": [
    [-0.28581366725096363, 0.04315407033365143, -0.7562943959159765, -0.18623783673425515]
  ],
  "77": [],
  "78": [
    [-0.7478517452704562, -0.0069839753115868335, 0.07946581906904475, -0.04309371236074342],
    [-0.16289069744196819, 0.1397380518318789, 0.3764350669498307, -0.09174210250526071]
  ],
  "79": [
    [-0.02726451935210343, 0.01405956611029032, -0.09059425467649007, -0.7485665630563553],
    [-0.023520507690656514, 0.012569849326498125, 0.18974891522186646, 0.2462558968882618]
  ],
  "80": [
    [0.19687311858079498, 0.37681096399091596, -0.1260696383566718, -0.18190381683615042],
    [0.2538613044313121, 0.6136678903755595, -0.11345752469422322, -0.13963943700808773],
    [-0.04304447962773793, -0.31891239933120785, -0.11723787347434117, 0.27062112813587536],
    [0.2934740141805442, -0.941763163917597, -0.09085576340853777, 0.12082863164438047]
  ],
  "81": [
    [0.1732841755094702, 0.984916360919887, 0.6789124365903305, 0.07861252459796234]
  ],
  "82": [],
  "83": [
    [-0.14046966390374033, -0.9157417932053848, -0.4503286691094974, 0.02323551986194046],
    [0.10013089757948729, -0.29146590742457984, -0.1516544391865958, -0.011322799662358008],
    [0.07559210669243643, -0.311668465361594, 0.15943379965959747, -0.010251364422793317]
  ],