{
  "1": [],
  "2": [
    [0.41902545896756654, 0.4001595162997487, 0.45301731829455183, -0.8271867988768331]
  ],
  "3": [
    [0.27005918378283933, -0.04583162156494978, -0.11809154563210347, 0.7902768052352981]
  ],
  "4": [],
  "5": [],
  "6": [],
  "7": [],
  "8": [],
  "9": [],
  "10": [],
  "11": [],
  "12": [],
  "13": [
    [-0.8639308910689842, -0.3260839050199266, -0.1483212723640132, 0.48504730327294027],
    [0.3142156220626141, -0.7400395172993867, -0.14773700016166136, 0.4801274081171838],
    [0.6018060006366501, -0.07145969084811969, -0.1592786029645417, 0.44748556333974393]
  ],
  "14": [],
  "15": [
    [-0.9548927707597705, 0.6262061339931481, 0.5495222964457603, -0.9151172795864315],
    [0.8465761643596313, 0.4102779969805528, 0.30837328662961794, 0.8070236990188686]
  ],
  "16": [
    [-0.4621718085637294, -0.6991454138888027, 0.980340121182145, -0.4453365252664261]
  ],
  "17": [],
  "18": [
    [0.7839443469454388, -0.15873464966660064, 0.5537201369739644, -0.36804212186012025]
  ],
  "19": [],
  "20": [],
  "21": [],
  "22": [],
  "23": [],
  "24": [
    [-0.6098402976454509, 0.8576973289536537, -0.36254893488592693, 0.3710406973217775]
  ],
  "25": [],
  "26": [],
  "27": [],
  "28": [
    [-0.06693387698016239, -0.425635247078145, -0.13292929405982262, 0.48676778564935763]
  ],
  "29": [],
  "30": [],
  "31": [
    [0.9043336778742832, 0.6099283407452837, -0.005370870733441195, 0.1464287734160629]
  ],
  "32": [],
  "33": [
    [-0.37374377528506164, -0.623264370717093, 0.5379963815848225, 0.6039454326022529],
    [-0.18293616082455336, -0.2591867687639905, 0.7841227589526545, 0.613937229352126],
    [-0.6946603546005395, 0.5415605192097673, -0.3831591838844885, -0.5251706380448158]
  ],
  "34": [
    [-0.5626285911258567, -0.05886102047003071, 0.9108203188981436, 0.015349974771979063],
    [0.5625554938210277, -0.05883330484063991, 0.9097104115850211, 0.015350624255455844]
  ],
  "35": [],
  "36": [
    [-0.9483616525091142, 0.7222267728163683, 0.8180736086296281, -0.644581609444965],
    [-0.5672449756042393, 0.7140534257882027, 0.84876701768337, -0.8418579309448639],
    [0.638795283400518, 0.47838931077711455, -0.9314603494642187, -0.28236118993429443]
  ],
  "37": [
    [-0.8053738515712586, -0.31723832362478765, -0.06700332667925882, -0.7224614048915124]
  ],
  "38": [],
  "39": [],
  "40": [],
  "41": [],
  "42": [],
  "43": [
    [-0.1863133687180175, 0.6967794005427808, 0.989289496768225, 0.34991590433755015],
    [0.40232337778031857, -0.9085832635534683, -0.70136393818422, 0.2460671389773157]
  ],
  "44": [],
  "45": [
    [-0.540294959366406, -0.2994545936702327, -0.18683977040588928, 0.40095277260365064]
  ],
  "46": [
    [-0.9847854089530697, 0.7594121999562778, -0.29401372152821575, -0.30835907552561864],
    [0.2649485127976356, 0.7570078301208084, -0.2911923975954854, -0.29319752357316337]
  ],
  "47": [
    [-0.40698602252083393, -0.7176074102867865, -0.24297914788315117, 0.11953260767789578],
    [-0.40623846914303907, 0.7006383645190032, -0.2449239086033376, -0.12251278564237951]
  ],
  "48": [],
  "49": [],
  "50": [],
  "51": [],
  "52": [
    [0.15751608342758283, -0.18345577265453444, -0.046714334616113455, 0.8514581004535975]
  ],
  "53": [],
  "54": [],
  "55": [],
  "56": [],
  "57": [],
  "58": [],
  "59": [],
  "60": [],
  "61": [],
  "62": [
    [0.07941896390442178, 0.6068404093461205, -0.07795054083901594, -0.08079293462538263]
  ],
  "63": [],
  "64": [],
  "65": [],
  "66": [
    [-0.6748888306274021, 0.7498315374961929, 0.12244073271710872, -0.2365117935507435]
  ],
  "67": [
    [-0.7341009902774291, 0.3997590858359516, -0.8624829544584769, -0.44939664160118226]
  ],
  "68": [],
  "69": [],
  "70": [
    [-0.7604318965876781, -0.08866068591222413, 0.32254117346971584, -0.17859890028076672]
  ],
  "71": [],
  "72": [],
  "73": [],
  "74": [],
  "75": [],
  "76": [],
  "77": [],
  "78": [],
  "79": [],
  "80": [],
  "81": [
    [-0.6907304110998155, 0.22001133577191742, 0.26864247039381367, -0.8176543028785075],
    [0.3418903770220321, 0.30942873202992666, -0.30661560186171843, -0.5547642621459498]
  ],
  "82": [],
  "83": [],
  "84": [],
  "85": [
    [-0.6941649902979093, -0.6185774905007005, -0.6360510377417274, 0.04259596699724362]
  ],
  "86": [
    [-0.3977619000970839, -0.9466472258470963, -0.5492849706945445, 0.7798085165409714]
  ],
  "87": [],
  "88": [],
  "89": [
    [0.1604285619439776, -0.5241425608256214, -0.36446505959512726, -0.0981814861996933],
    [0.16040293577562786, -0.2980746539126098, -0.5320801593267409, -0.06833722470046345]
  ],
  "90": [],
  "91": [],
  "92": [],
  "93": [
    [-0.4703009714773696, 0.06711826870470607, -0.9548228428398543, -0.25093617145487396],
    [-0.4981025940315247, 0.07677627423923677, 0.8992485496095568, -0.2854681313774279],
    [0.7152793964117098, 0.08160252554731567, -0.8739588012779148, 0.22946269558854643],
    [0.5730136294584155, 0.06609266043529022, 0.8748938949279861, 0.2530253942407717]
  ],
  "94": [
    [0.13509597685050465, -0.9823141298082163, -0.8732050453493335, 0.9126639869267325]
  ],
  "95": [],
  "96": [],
  "97": [],
  "98": [],
  "99": [],
  "100": []
}
