{
  "1": [
    [-0.7986037893635681, 0.8823590261448403, -0.5940700248732972, 0.6472462651691541],
    [0.9534836086201325, -0.5467530596621797, -0.6397130331496188, -0.7835866758409723]
  ],
  "2": [],
  "3": [],
  "4": [],
  "5": [],
  "6": [],
  "7": [
    [-0.6811678865707074, 0.0040295331094976055, 0.21604151282169445, -0.5187308190991807]
  ],
  "8": [],
  "9": [],
  "10": [],
  "11": [],
  "12": [],
  "13": [],
  "14": [],
  "15": [],
  "16": [],
  "17": [],
  "18": [],
  "19": [],
  "20": [],
  "21": [
    [0.4139943334082568, -0.5298875441781441, -0.7484231696793594, -0.9417496507056167],
    [0.5372624446518425, -0.5407981248724892, 0.7357669412356794, 0.8554522055531625]
  ],
  "22": [],
  "23": [],
  "24": [
    [-0.9056259609121181, -0.9011243828276686, 0.1174250725005559, 0.44993173889711874],
    [0.9450571277072608, 0.8820911458311186, 0.11279351436948544, 0.4302265344790029]
  ],
  "25": [],
  "26": [],
  "27": [],
  "28": [],
  "29": [],
  "30": [
    [0.3674434636060195, -0.6694184651542933, 0.277040862105883, 0.19433350195261573]
  ],
  "31": [],
  "32": [],
  "33": [],
  "34": [],
  "35": [],
  "36": [],
  "37": [],
  "38": [
    [0.7211425651294607, 0.28627657805620105, -0.7235802479385696, -0.14612765456718257]
  ],
  "39": [],
  "40": [],
  "41": [],
  "42": [],
  "43": [],
  "44": [],
  "45": [],
  "46": [
    [-0.42957705766458953, -0.9554859275172709, 0.8043183584267112, 0.14378352268257208],
    [0.4743412613826221, -0.9649825399869566, 0.5475710605399315, 0.13943876621264326]
  ],
  "47": [],
  "48": [],
  "49": [],
  "50": [
    [0.7324474970937277, 0.520918972451538, 0.8688629820926309, -0.7789959169152799]
  ],
  "51": [
    [0.855681769145694, 0.5296341464298674, 0.8534585783259222, 0.24665529747196277]
  ],
  "52": [],
  "53": [],
  "54": [],
  "55": [],
  "56": [
    [-0.8421881180032387, -0.9589518851788129, -0.741773992501041, -0.5103485019924865]
  ],
  "57": [],
  "58": [],
  "59": [
    [-0.9190317551374906, -0.026071348776574965, 0.9385529746253539, 0.111009065179132]
  ],
  "60": [],
  "61": [],
  "62": [],
  "63": [],
  "64": [],
  "65": [
    [-0.8652754039410382, 0.44579773280537455, 0.5050028984248555, 0.7295998609418963]
  ],
  "66": [],
  "67": [],
  "68": [],
  "69": [],
  "70": [],
  "71": [],
  "72": [],
  "73": [],
  "74": [],
  "75": [
    [-0.31749350596872195, 0.7329204626311199, 0.9923294934736753, -0.08936469647114628]
  ],
  "76": [],
  "77": [],
  "78": [],
  "79": [],
  "80": [],
  "81": [],
  "82": [],
  "83": [
    [-0.9778918193019472, -0.37858833514123935, -0.4049105949411247, -0.8142375920569276]
  ],
  "84": [
    [0.627782593734102, 0.8462639145139577, -0.41884629980024535, -0.9012022771278057]
  ],
  "85": [],
  "86": [],
  "87": [
    [-0.5297350690074566, 0.01697269831508537, -0.06838716189760206, 0.07320632654236606]
  ],
  "88": [],
  "89": [
    [-0.5320569087954516, 0.1388436429131997, 0.6155540845404225, 0.8771410625687383],
    [0.4211743304930754, -0.17333330672018255, 0.6159595053055599, -0.8009245360817489]
  ],
  "90": [],
  "91": [
    [-0.4867263957584562, -0.6455455917740666, -0.6990547349637497, -0.934993595394972],
    [0.5268465744235966, -0.8552404565655438, -0.3916248243122556, -0.9954519783574369]
  ],
  "92": [],
  "93": [
    [0.6362959359132759, 0.5099730670746515, 0.4015836274947092, -0.9889007246674064]
  ],
  "94": [
    [-0.9984491447491457, -0.781831919175413, 0.8529765249706501, -0.23085538890123902]
  ],
  "95": [],
  "96": [],
  "97": [],
  "98": [],
  "99": [],
  "100": []
}
