{
  "1": [],
  "2": [],
  "3": [],
  "4": [
    [0.6782747770515539, 0.8039194059968755, 0.5995730422140529, -0.7150041636524264]
  ],
  "5": [],
  "6": [],
  "7": [],
  "8": [],
  "9": [
    [0.876655213702149, 0.5995330107887712, -0.9629062244585799, 0.7174394351716553]
  ],
  "10": [],
  "11": [],
  "12": [],
  "13": [],
  "14": [],
  "15": [],
  "16": [],
  "17": [],
  "18": [],
  "19": [],
  "20": [],
  "21": [],
  "22": [],
  "23": [],
  "24": [],
  "25": [
    [-0.44064765819740204, -0.34000374016529095, -0.8727067995935858, -0.5158769713313033]
  ],
  "26": [
    [-0.8961592696738823, -0.5276626992061695, -0.7298850588770494, -0.9697575745590447]
  ],
  "27": [],
  "28": [],
  "29": [],
  "30": [],
  "31": [],
  "32": [],
  "33": [],
  "34": [],
  "35": [],
  "36": [],
  "37": [],
  "38": [],
  "39": [],
  "40": [],
  "41": [],
  "42": [],
  "43": [],
  "44": [],
  "45": [],
  "46": [
    [-0.8961037317774103, 0.8348252776234021, -0.6075117020787053, -0.6933020408948447],
    [-0.7163586028741475, 0.7864675457931817, -0.6454798819188156, -0.7892637902708403]
  ],
  "47": [],
  "48": [],
  "49": [],
  "50": [],
  "51": [
    [-0.8212744633952194, -0.95803902682466, -0.7725311183276704, -0.8583401151384129]
  ],
  "52": [],
  "53": [],
  "54": [],
  "55": [],
  "56": [],
  "57": [],
  "58": [],
  "59": [],
  "60": [],
  "61": [],
  "62": [],
  "63": [],
  "64": [],
  "65": [
    [-0.7722789368887676, -0.8375654088159381, -0.8585566482550214, -0.7252594365417746]
  ],
  "66": [
    [0.017349038056235618, -0.889203627920707, -0.24742448506099274, -0.07141055679510225]
  ],
  "67": [],
  "68": [],
  "69": [],
  "70": [],
  "71": [],
  "72": [],
  "73": [],
  "74": [],
  "75": [],
  "76": [],
  "77": [],
  "78": [],
  "79": [],
  "80": [
    [-0.8800501284646741, 0.8978014061363242, -0.8711150243125644, 0.457213595647153]
  ],
  "81": [],
  "82": [],
  "83": [],
  "84": [],
  "85": [
    [-0.9713275638402888, 0.5689047946376403, 0.5826685006741402, -0.7687127425585184]
  ],
  "86": [],
  "87": [
    [-0.6334628387300449, -0.18516201876219215, 0.6133020844574696, 0.9948490741499283]
  ],
  "88": [],
  "89": [],
  "90": [],
  "91": [],
  "92": [],
  "93": [],
  "94": [],
  "95": [],
  "96": [],
  "97": [],
  "98": [],
  "99": [],
  "100": []
}
