{
  "1": [],
  "2": [
    [0.6097344762344985, -0.08126722945965678, -0.9252392640362779, -0.10759502835347484],
    [0.6111920508027906, -0.08158729618232402, 0.8143339864402456, -0.10747600909694814]
  ],
  "3": [
    [-0.961194729129699, 0.4697879945812888, 0.4370454763972037, 0.8667728750307478]
  ],
  "4": [
    [0.38636327473312637, -0.07784141393209307, 0.916476002081489, -0.07393032218799189],
    [0.5734767524234808, -0.11095054928107977, 0.7979823715412369, -0.05404863465557878],
    [0.6015665702398406, 0.4088141723002434, 0.5865999131427699, -0.459327048470258]
  ],
  "5": [],
  "6": [],
  "7": [],
  "8": [
    [0.24995462294481371, -0.9944039499686236, 0.5039555393575116, 0.09488900804605489]
  ],
  "9": [],
  "10": [
    [-0.1033278158088201, 0.12461233075390721, 0.27581699961769807, 0.012739725992126902],
    [0.10895836651718833, 0.12459708547015225, -0.2615637602082012, 0.012744152146888229]
  ],
  "11": [],
  "12": [],
  "13": [],
  "14": [
    [-0.23543655726260523, -0.11901606868221008, -0.7520043459590232, 0.2237472070090265],
    [0.18183990038989353, -0.10171135740397463, -0.5729912079210564, -0.366801993087267]
  ],
  "15": [],
  "16": [
    [-0.6066227893264406, 0.3858484041774881, 0.11250416550060832, -0.18653615760371464],
    [0.5162984413290062, -0.08333940093916883, 0.1704295154348968, -0.24455509357782784]
  ],
  "17": [
    [-0.9597879123108884, 0.03580633788726477, -0.6514992350741204, -0.080347997005571],
    [-0.8844253964233878, 0.038277146629341015, 0.6558746382851431, -0.08834834669905342]
  ],
  "18": [
    [-0.8717768755650388, -0.6033174669832121, -0.2969199530097144, -0.1421642239774838],
    [-0.96524077154489, -0.0761889419408975, 0.08740455518605023, -0.8544783507604999],
    [-0.9617973532509339, 0.0774747089752639, 0.08635907280926884, 0.8533268497949466]
  ],
  "19": [],
  "20": [
    [-0.33282981919988985, -0.1122156262663246, -0.48859878238812926, 0.8652296769549223],
    [-0.3316785135696251, 0.22182512329024137, 0.49576308546244785, -0.8804835676062455],
    [-0.11157642424727147, -0.19544513496049024, -0.3510365162084111, 0.9652769382178505],
    [-0.11160279140619217, 0.22831887167893639, 0.3522847396122033, -0.9699681593843552]
  ],
  "21": [],
  "22": [],
  "23": [
    [-0.31195962529874444, 0.006867304315227963, -0.3018067125963365, 0.26024875372292194]
  ],
  "24": [
    [-0.4832436231735929, 0.010366966701195445, -0.5112166890685662, -0.5189914895190839],
    [-0.450347074382246, 0.023084802663861113, -0.5883783017710799, 0.5175052731608325],
    [0.647499920146631, 0.3365467311897997, -0.2828565275660307, 0.12072580063645512],
    [0.49618724242623635, -0.3660290786675523, 0.4478746979990736, -0.46171355889351373]
  ],
  "25": [
    [-0.8073934997164194, -0.4031527743252467, -0.38614171881088977, -0.3278427244323913],
    [0.6730059623295976, -0.49015473233967327, -0.25367189676681345, -0.1659623614013313]
  ],
  "26": [
    [-0.45666399021808635, 0.528327266417971, -0.08803517646946717, -0.8869765955147422]
  ],
  "27": [],
  "28": [],
  "29": [],
  "30": [
    [-0.8118776603759118, 0.6802679758977057, 0.016872705166568226, 0.44722376752808274]
  ],
  "31": [
    [0.6263978681576338, -0.7494443262187044, 0.23155026981351481, 0.6240059384775184],
    [0.26129702747887096, 0.7407389839197761, 0.1591503936174002, 0.4780334071938135]
  ],
  "32": [
    [-0.3457063047695914, -0.23241785605942594, 0.24933446969170298, 0.40067875436666417],
    [-0.3510141332332929, 0.17981309418528688, 0.2716512867171394, 0.4111589188838137]
  ],
  "33": [
    [0.06416220722706421, 0.1292942380125212, 0.18779000781498645, -0.8449400232708953],
    [0.06406811270095485, 0.12948665249029373, 0.197802952589571, 0.82733069481832]
  ],
  "34": [],
  "35": [],
  "36": [],
  "37": [],
  "38": [],
  "39": [],
  "40": [],
  "41": [],
  "42": [],
  "43": [
    [-0.3271314400317362, -0.24696821431283295, 0.6750659684898673, -0.5926069915667743],
    [-0.09368976588613968, -0.5221996981237592, 0.43708583845585663, 0.9622792266354842]
  ],
  "44": [],
  "45": [],
  "46": [
    [-0.008633855399277808, 0.07229831254112817, -0.3627786547898787, -0.3245277230161764]
  ],
  "47": [
    [0.1389197924761543, 0.13590107729429518, -0.5249477722108475, 0.4311601694062943]
  ],
  "48": [],
  "49": [
    [-0.7929593407341698, -0.541385473271143, 0.7923543391814853, -0.164087191004005]
  ],
  "50": [],
  "51": [
    [-0.8909774931990853, 0.016915997386057223, 0.45239415807574423, 0.00800444468036573],
    [0.8706578033954145, 0.0037827550348831125, -0.4643989072348342, 0.010606487133671075]
  ],
  "52": [],
  "53": [],
  "54": [
    [-0.24624863175870074, -0.2667772115969019, 0.5893271562421509, -0.06285256116272643],
    [-0.0410782849134543, 0.27820278735541204, 0.40901815986757867, -0.06268327055753857]
  ],
  "55": [],
  "56": [
    [0.930641745886782, 0.6538590995582598, 0.4379174437825526, 0.5821026384233912]
  ],
  "57": [
    [0.07244396296921146, -0.7097182440584869, -0.017409854811126224, 0.1776104357814547],
    [0.680803449426327, 0.724826697946241, 0.08605797376231177, 0.09489071393308365]
  ],
  "58": [],
  "59": [],
  "60": [],
  "61": [],
  "62": [
    [0.7626903304642155, 0.030025848897169624, -0.8586954181679675, 0.13445381677013132]
  ],
  "63": [],
  "64": [
    [-0.3240641683837364, -0.854922511468805, -0.4247106140677489, -0.20136413311489051],
    [0.009818454298642311, -0.9656969663449104, -0.4940155309666594, -0.20662065625842907],
    [-0.7119524620859791, 0.8599716299184508, 0.5331878214895397, -0.18118039460464766]
  ],
  "65": [
    [0.10742690680179798, 0.16264869551007774, 0.10203502302071654, 0.7761251031016617]
  ],
  "66": [],
  "67": [],
  "68": [],
  "69": [
    [0.5888763249565635, -0.5195727929468956, -0.26648259968397575, 0.9123292859494393]
  ],
  "70": [],
  "71": [],
  "72": [],
  "73": [],
  "74": [],
  "75": [],
  "76": [],
  "77": [],
  "78": [],
  "79": [
    [0.0695513907783504, -0.6121049316123283, -0.04186093402400555, -0.47688467816261393]
  ],
  "80": [],
  "81": [
    [0.003144170121158751, -0.061587513235005595, 0.1387222780483458, -0.13478457948575093],
    [0.5741207296292891, -0.21284786842140233, 0.46954483564092103, 0.5498876103385946]
  ],
  "82": [
    [0.7946749876756911, 0.5565373869775876, -0.3812354855183361, 0.04132676487314158]
  ],
  "83": [],
  "84": [],
  "85": [],
  "86": [],
  "87": [
    [-0.6623972562854457, 0.33856935317531106, 0.5635639857057242, 0.36165434122618767]
  ],
  "88": [],
  "89": [],
  "90": [
    [-0.7358966533371912, -0.010079915420079355, 0.9295746348593248, 0.8459747554623466],
    [0.7386037072971848, 0.010629725157528387, -0.10159566814186477, -0.34362828991480987]
  ],
  "91": [
    [-0.3505641652828718, 0.001788274078529111, -0.8333549186387165, 0.9470811244646908]
  ],
  "92": [],
  "93": [],
  "94": [],
  "95": [
    [-0.7130059777629765, -0.5205471457317321, 0.19934175760595715, 0.5788563350396893],
    [-0.7939898118543576, -0.3054930757600201, 0.21377851748171497, 0.503317033864728]
  ],
  "96": [],
  "97": [],
  "98": [],
  "99": [],
  "100": []
}
