{
  "1": [],
  "2": [],
  "3": [],
  "4": [],
  "5": [],
  "6": [],
  "7": [],
  "8": [],
  "9": [],
  "10": [],
  "11": [],
  "12": [],
  "13": [],
  "14": [],
  "15": [],
  "16": [],
  "17": [],
  "18": [],
  "19": [],
  "20": [],
  "21": [],
  "22": [
    [-0.673902807380825, 0.8729632658862285, 0.7580475549589277, 0.4164882422414175]
  ],
  "23": [],
  "24": [],
  "25": [],
  "26": [],
  "27": [],
  "28": [],
  "29": [],
  "30": [],
  "31": [],
  "32": [],
  "33": [],
  "34": [],
  "35": [],
  "36": [],
  "37": [],
  "38": [],
  "39": [],
  "40": [],
  "41": [],
  "42": [],
  "43": [],
  "44": [],
  "45": [],
  "46": [],
  "47": [],
  "48": [],
  "49": [],
  "50": [],
  "51": [
    [-0.2581798313641353, 0.9394909019529687, -0.9037087617005317, 0.8282047125537694]
  ],
  "52": [],
  "53": [],
  "54": [],
  "55": [],
  "56": [],
  "57": [],
  "58": [],
  "59": [],
  "60": [],
  "61": [],
  "62": [],
  "63": [],
  "64": [],
  "65": [
    [-0.9131319439596949, 0.6565598642874958, -0.9258077323114371, -0.8552637913360643],
    [0.9239385711500254, 0.5721806274489882, -0.8247416842661077, 0.9202174664496444]
  ],
  "66": [],
  "67": [],
  "68": [
    [-0.7608866934427941, -0.8584510503582374, -0.5500724231127475, -0.4832700380738857],
    [-0.932079281019985, -0.5398119650668392, 0.6079514907780547, 0.7800955830342623]
  ],
  "69": [],
  "70": [],
  "71": [],
  "72": [],
  "73": [],
  "74": [
    [-0.5094519234600172, -0.6979607483869155, 0.9717195660507606, 0.7712858267422823],
    [-0.39317905984105933, 0.6624056067556304, 0.8969438611673376, 0.8234101438308125]
  ],
  "75": [],
  "76": [],
  "77": [
    [-0.5799895027790942, -0.7202373134793716, -0.829625865066554, -0.6842481819407908]
  ],
  "78": [
    [-0.8357659298732737, -0.5723172261342563, 0.8269178786524499, 0.9598806173348468],
    [-0.677201356058106, 0.9893444878813222, 0.7507703747109711, -0.6916199709418651]
  ],
  "79": [],
  "80": [],
  "81": [],
  "82": [],
  "83": [
    [-0.9645315521922583, -0.6747239456814624, 0.9081765680463271, -0.8239875466681841]
  ],
  "84": [],
  "85": [],
  "86": [],
  "87": [],
  "88": [],
  "89": [],
  "90": [],
  "91": [],
  "92": [],
  "93": [],
  "94": [],
  "95": [],
  "96": [],
  "97": [],
  "98": [],
  "99": [],
  "100": []
}
