{
  "1": [],
  "2": [
    [-0.8725618443805535, -0.17437289700018774, -0.7764359334017791, 0.23530575771183318],
    [-0.7134060963134597, 0.6931426996743782, -0.6755634399667418, 0.21584313122302343]
  ],
  "3": [],
  "4": [
    [-0.8875918110663018, -0.1186234967826388, -0.588281160446479, 0.7467204952329974],
    [-0.06996162282767328, 0.6191672355373832, -0.27234327786142953, -0.1752624091665691]
  ],
  "5": [],
  "6": [],
  "7": [
    [-0.21689888215938777, 0.14933414648080945, 0.07678177524264251, -0.8320008658436973],
    [0.14204482748804445, -0.20310685638366846, 0.39024515900443807, -0.8960012612224105],
    [0.151898714640753, -0.17989897675115263, 0.0811145939423815, -0.8720091203233642]
  ],
  "8": [],
  "9": [],
  "10": [],
  "11": [],
  "12": [],
  "13": [],
  "14": [],
  "15": [],
  "16": [],
  "17": [],
  "18": [],
  "19": [],
  "20": [],
  "21": [
    [-0.35236731961846324, -0.23069496880088344, -0.9130401528628727, -0.7821992786945557],
    [-0.26092631210570016, -0.5868940079690339, -0.2758485068490156, -0.37920374557735625]
  ],
  "22": [
    [-0.30506501120231916, -0.8497503552696957, -0.483903047384327, -0.4788194370464506]
  ],
  "23": [
    [-0.2657271323063696, 0.11409020511827954, 0.7444721729243462, 0.47926900781462795]
  ],
  "24": [
    [0.30411697464667137, -0.4493141438011065, -0.2953270101642929, 0.4176983955984791]
  ],
  "25": [
    [0.8902949894341228, -0.7870523191124775, -0.593717672989517, -0.007574531577283701]
  ],
  "26": [],
  "27": [],
  "28": [],
  "29": [],
  "30": [],
  "31": [
    [-0.17033778388986226, 0.14148933314745987, -0.933774831431079, -0.39135197172843755],
    [-0.12677529089115597, 0.6972570301747371, -0.583538433378887, -0.15254306576223312],
    [0.33344640622078653, -0.16936885435579874, 0.8869757120551991, -0.6254810776216653]
  ],
  "32": [],
  "33": [],
  "34": [],
  "35": [],
  "36": [],
  "37": [],
  "38": [],
  "39": [],
  "40": [],
  "41": [],
  "42": [],
  "43": [],
  "44": [],
  "45": [],
  "46": [],
  "47": [],
  "48": [],
  "49": [],
  "50": [],
  "51": [],
  "52": [],
  "53": [],
  "54": [],
  "55": [],
  "56": [],
  "57": [],
  "58": [],
  "59": [],
  "60": [],
  "61": [],
  "62": [],
  "63": [],
  "64": [
    [-0.694361657835717, 0.040147231918928224, -0.5121131952973453, -0.07262271253485708],
    [0.9932786889890859, 0.039203987397443844, 0.5278269597899018, 0.07332275836830494]
  ],
  "65": [],
  "66": [],
  "67": [],
  "68": [],
  "69": [],
  "70": [],
  "71": [],
  "72": [],
  "73": [],
  "74": [],
  "75": [],
  "76": [],
  "77": [],
  "78": [],
  "79": [],
  "80": [],
  "81": [],
  "82": [],
  "83": [],
  "84": [],
  "85": [
    [0.4926366033772117, -0.7225494282611321, 0.7600817381751683, 0.9015068363883019]
  ],
  "86": [
    [-0.19650164551237323, -0.19619975982164845, 0.9830282222469782, 0.07978089402487705]
  ],
  "87": [
    [0.17150415495125781, -0.9760928693492784, -0.9177066163631001, -0.8253647627469957]
  ],
  "88": [],
  "89": [
    [-0.2548862175583894, -0.8241504583714901, -0.5997258843070369, -0.8896642549746537],
    [-0.017234710658848806, -0.48069089378359714, -0.5046582493444192, -0.8839248400763889]
  ],
  "90": [],
  "91": [],
  "92": [],
  "93": [],
  "94": [
    [0.3710200420065255, -0.44379481832307144, 0.14760774777920185, 0.9899959590053347]
  ],
  "95": [
    [0.24735686389476083, -0.973381915916705, -0.3970758712134303, 0.08284320247328256],
    [0.8492578923669196, -0.18260663027169827, 0.4945833886358001, 0.8304002212278785],
    [0.7947993575507953, 0.21197011588552972, -0.4984016287445389, -0.8304736718356002]
  ],
  "96": [],
  "97": [],
  "98": [],
  "99": [],
  "100": []
}
