{
  "1": [
    [0.938759567925245, 0.6658225912179218, -0.3889220078026514, -0.3666088343358386, 0.2733205213144959, 0.1958130089903176, -0.2391331886916847]
  ],
  "2": [
    [0.6493503385595902, 0.0764911976968767, -0.2572606533795673, 0.2606153527658334, 0.5317224187739908, 0.1658047004099865, -0.5602758142397154]
  ],
  "3": [],
  "4": [],
  "5": [],
  "6": [
    [-0.1619468767710534, 0.0188774375170163, 0.003631492497061642, 0.7511939604098162, -0.5591583553861356, 0.1068315422647925, -0.1010933647803171],
    [-0.1585162118972576, -0.0145294974179287, -0.003931246632657586, -0.7590049598548959, 0.6892415004579593, 0.06871696827028745, -0.1085736350358515]
  ],
  "7": [],
  "8": [],
  "9": [],
  "10": [],
  "11": [],
  "12": [
    [0.0851157663129318, 0.0833731027947864, 0.6241786313025965, 0.03110773736270856, 0.050756320616257, 0.783625378177162, 0.07279934132428462],
    [0.4463657933398216, 0.1550298176578457, 0.4765189522911385, 0.4768963155894775, 0.3495552843637546, 0.1362286481221339, 0.2862078906112508]
  ],
  "13": [],
  "14": [
    [0.1677774335061404, 0.894987215914321, -0.5401378007701528, -0.5989397060351604, 0.1443162358119376, 0.415107639231813, -0.0910460148141296]
  ],
  "15": [
    [0.1179642958408577, 0.0873187663639393, -0.3255804530801651, 0.82886150386924, -0.923901699857183, -0.003542527287892077, 0.5694141995852798],
    [0.1240605837489925, 0.0922508572517916, 0.1630152783099032, -0.1145463805823008, 0.0311360131025534, 0.03770080615512852, 0.984374505949947]
  ],
  "16": [
    [-0.2754704704386322, -0.3461965878258599, 0.03661258469059986, -0.2450145750913904, 0.1305847342533468, 0.4608742985416034, 0.6266118576074248],
    [-0.0308009221450374, -0.3549629742311511, -0.3284159598520485, -0.4194079576538787, -0.3412689118178062, 0.1520398117437613, 0.2034028059760752]
  ],
  "17": [],
  "18": [],
  "19": [
    [-0.3959661670915912, -0.2431334558454617, -0.01931867448907723, -0.02849289435391564, -0.02376064225963177, -0.1627281149011173, -0.1248256734144951],
    [0.1645953741785145, -0.2757171469241507, 0.0383600273258981, 0.07652510105215439, -0.02858362880751844, -0.3278598506073113, -0.1344264460676641]
  ],
  "20": [],
  "21": [],
  "22": [],
  "23": [],
  "24": [
    [-0.7374857138277122, -0.1184152596211139, -0.5944181596314752, 0.7810889884937604, -0.809837212655879, -0.00877844454975448, 0.07763343792136258],
    [-0.1560926101267315, -0.1344707914341564, -0.1394310787829511, 0.87735950945612, -0.1782089340968403, -0.07122740677898912, -0.4126625167475726],
    [0.03524559340320304, -0.1731043882053011, -0.3220600857349987, 0.3395750016655438, 0.2294958296198284, -0.2927961678722857, 0.6023594666129675],
    [0.3985309513403439, -0.1703287960016169, 0.6504288724485817, 0.6638993611695883, 0.5146215065576638, 0.0939729615296428, 0.0998959675306476]
  ],
  "25": [
    [0.0604900611096605, 0.2724135043384596, 0.1838478674125325, 0.0950308622868186, -0.1856149997047837, 0.806622562331735, 0.4436459292506957]
  ],
  "26": [],
  "27": [],
  "28": [],
  "29": [],
  "30": [
    [0.934461819068076, 0.04992280931965267, -0.1211452914391883, 0.05860425551276802, -0.04163704657875177, -0.07664553602227757, 0.6016625229353433]
  ],
  "31": [],
  "32": [
    [-0.3951521323803295, -0.2149719185338499, -0.5144595807938676, -0.3871208022311911, -0.1707278134185816, -0.1167105857909944, 0.817614313197239],
    [0.2557710010902996, 0.0873677540070642, -0.2275244930354224, -0.3772640951087288, 0.2958306932958712, -0.208188420844626, -0.5695783167377504]
  ],
  "33": [],
  "34": [],
  "35": [],
  "36": [],
  "37": [],
  "38": [
    [-0.2044251738311882, -0.6654391532406867, 0.2380667088286696, 0.5401290302731134, 0.1227375622233348, 0.0801458077489652, 0.07619571443572716]
  ],
  "39": [
    [0.0896823584528544, 0.3675859644473404, 0.0389931289552032, -0.820779849725779, -0.04173411468085603, 0.03431770721537911, -0.3062289855850132]
  ],
  "40": [],
  "41": [
    [-0.7440642682535891, -0.02127449542381144, 0.01623386397501934, 0.129901201299342, 0.5439634383510674, 0.3663985858065593, 0.1596753589695715],
    [0.1957596517199816, -0.04510242945798532, -0.1573837813875172, 0.03248201409636897, 0.01480231763906974, 0.02928233347032338, 0.6075838181186862]
  ],
  "42": [],
  "43": [],
  "44": [],
  "45": [],
  "46": [],
  "47": [],
  "48": [
    [0.3389944135333504, 0.2809551042145845, 0.3451739226563853, -0.91061562002997, 0.918114198580512, -0.5484584109304182, 0.004069604465750539]
  ],
  "49": [],
  "50": [],
  "51": [],
  "52": [
    [0.1035541032548907, -0.004292438897461554, -0.4628213758871734, 0.1088566789534698, -0.1655097692718362, -0.1503487635703697, -0.6128686247202754],
    [0.5444894033714965, -0.004427909755298948, 0.4859156752630947, 0.1216427799053433, 0.6340566856933841, -0.0919995143808986, -0.2067839311014833]
  ],
  "53": [
    [-0.2412972404575061, -0.1006281102914537, -0.1186474173537907, 0.07921463984790136, 0.2398072552546545, 0.2998053821584268, 0.02873040050006479],
    [-0.2088263306732793, -0.1037567092629117, -0.0463305911638647, 0.07071015164571415, -0.28454515962453, -0.3092379249074557, 0.0421103558561219],
    [0.0822746392834134, 0.01619718884127383, 0.607797904732421, 0.03499027180927894, 0.5716013879789825, 0.0690937300306454, 0.1030812807706624]
  ],
  "54": [],
  "55": [
    [0.1805236220917869, -0.04057168143631515, -0.5239457533121666, -0.5639489429589348, 0.2441775779985608, -0.2942235379340032, 0.003746675520232788]
  ],
  "56": [],
  "57": [
    [-0.1050286614511192, 0.0800927362807432, -0.209490030153763, -0.869384015246919, -0.3890074125286422, -0.02671851771479701, 0.03807926108191634]
  ],
  "58": [],
  "59": [],
  "60": [
    [-0.299579705530564, -0.1764288651995019, -0.04991187897506094, 0.03754627512700436, 0.6789377467149563, -0.5581976683108744, -0.06186781678567838],
    [0.5429214591964914, -0.2366306185044962, -0.1740912578924396, -0.2161845241987617, -0.4709913669728119, 0.2139153371832016, 0.0994947789676156]
  ],
  "61": [
    [-0.05186906082921954, 0.03102819355422248, -0.1944168136937878, 0.2494402276191964, -0.4302169307950733, -0.1131377507215589, 0.0670115147962981],
    [-0.02870665918417831, 0.02890723281699343, 0.2065712227716844, -0.1291550032582166, 0.4138255770184244, -0.1144028182986666, 0.0683961027629767],
    [0.00468845202080762, 0.02771812568995264, -0.1579076310282537, -0.1079151163953579, 0.3664736163114197, -0.1143304847247218, 0.06831690975917883],
    [0.01027729408188802, 0.02729225334465115, 0.1061542656714545, 0.2154245237024642, -0.3543815524589863, -0.1132493476691716, 0.06713361705181042]
  ],
  "62": [
    [0.005938751892826594, 0.2222615747516532, -0.2916735482112634, 0.1270890868318252, 0.06764553000802064, 0.2801355918376889, -0.196855648436425]
  ],
  "63": [],
  "64": [],
  "65": [],
  "66": [],
  "67": [],
  "68": [],
  "69": [],
  "70": [],
  "71": [],
  "72": [],
  "73": [],
  "74": [],
  "75": [],
  "76": [],
  "77": [],
  "78": [],
  "79": [],
  "80": [],
  "81": [
    [-0.1837609271897941, 0.4556044307390692, 0.3735820374028699, 0.1117728718340034, -0.582684374846904, -0.1986349326783221, -0.5180995141008374],
    [0.04235560864518999, 0.1585013409487887, 0.5764244268876477, -0.0416587960967414, 0.06226228327822426, -0.3844235425916638, 0.4890085313534112],
    [0.05773462492521744, -0.2033834728155683, -0.5389583494595767, 0.07686992595755203, -0.5594798636165389, 0.4624896286388777, -0.4905117622996663]
  ],
  "82": [],
  "83": [],
  "84": [],
  "85": [],
  "86": [],
  "87": [],
  "88": [],
  "89": [
    [-0.5175317795952555, -0.5353138681780715, 0.164460740262434, 0.1413357474962974, -0.884692330943301, -0.006485478741612035, -0.2098644542144174],
    [0.5795718639459118, -0.4718461527072193, -0.0825001028553162, 0.1540247611601014, 0.802043534164687, -0.03322069992755334, 0.01745984276843643]
  ],
  "90": [],
  "91": [],
  "92": [],
  "93": [],
  "94": [],