{
  "1": [],
  "2": [],
  "3": [],
  "4": [],
  "5": [],
  "6": [],
  "7": [],
  "8": [],
  "9": [],
  "10": [],
  "11": [
    [0.4232893441532859, -0.999829631561794]
  ],
  "12": [],
  "13": [
    [-0.490930428433524, 0.906715753013518],
    [-0.945739594062974, 0.807516097339356]
  ],
  "14": [],
  "15": [
    [0.5962664543957406, 0.922341804025735]
  ],
  "16": [
    [0.5948588763273409, 0.859201608499101],
    [-0.922833597097945, 0.829071296549128]
  ],
  "17": [
    [0.956530813670606, 0.7223273198707459],
    [-0.6425843159340976, -0.973974617107118],
    [0.950665923260015, -0.7255126885881773],
    [-0.6419106097802108, 0.974748528133701]
  ],
  "18": [
    [-0.916195077792047, 0.992164085724316]
  ],
  "19": [
    [0.940116665394472, 0.960920458591546],
    [0.934311012308923, 0.7287709098105714],
    [-0.931126874320043, 0.6764253432115406]
  ],
  "20": [],
  "21": [
    [0.921267891340575, -0.846925012780015]
  ],
  "22": [],
  "23": [],
  "24": [
    [-0.3760829697913946, 0.4872185658561403]
  ],
  "25": [],
  "26": [],
  "27": [],
  "28": [],
  "29": [],
  "30": [],
  "31": [],
  "32": [
    [-0.7062551806325691, 0.1453911089111761]
  ],
  "33": [],
  "34": [],
  "35": [
    [0.858907434596812, 0.991267116863802],
    [-0.868523666461284, -0.921015314980216]
  ],
  "36": [],
  "37": [],
  "38": [
    [0.818405854377872, 0.878784930707238]
  ],
  "39": [
    [-0.984738430796022, -0.921174152507016],
    [0.821278994319032, 0.974598031044981]
  ],
  "40": [],
  "41": [],
  "42": [
    [0.6620518517656927, -0.2268329595326116]
  ],
  "43": [],
  "44": [],
  "45": [],
  "46": [
    [-0.1947612081932769, 0.7748427802169605]
  ],
  "47": [],
  "48": [],
  "49": [],
  "50": [],
  "51": [],
  "52": [],
  "53": [],
  "54": [],
  "55": [],
  "56": [],
  "57": [
    [-0.7501717449116263, 0.6515094772165877]
  ],
  "58": [
    [0.518101121053856, 0.7857592036062158],
    [0.5143875303237057, -0.7620823388838578]
  ],
  "59": [],
  "60": [],
  "61": [],
  "62": [],
  "63": [],
  "64": [
    [0.892108538876412, 0.998075949518138]
  ],
  "65": [
    [-0.909115507835463, -0.7700622976694557],
    [0.843355813981454, -0.91705016314211]
  ],
  "66": [
    [-0.829453874440651, 0.860261212864059],
    [0.8596723695992, -0.818380914681702]
  ],
  "67": [
    [0.56503737270315, 0.4862666392759803]
  ],
  "68": [],
  "69": [],
  "70": [
    [-0.7697888008362028, 0.976022529894422]
  ],
  "71": [],
  "72": [
    [-0.963910024765716, 0.912282901961786]
  ],
  "73": [],
  "74": [],
  "75": [],
  "76": [],
  "77": [],
  "78": [
    [0.7796598945240715, -0.986459710686823],
    [-0.7506295611068143, 0.972280003636165]
  ],
  "79": [
    [0.4140166584996458, 0.819635217690236],
    [-0.4120921131240237, 0.818711002604401]
  ],
  "80": [],
  "81": [],
  "82": [],
  "83": [],
  "84": [],
  "85": [],
  "86": [
    [-0.957700085254024, 0.914821801526149],
    [0.5771789512774091, -0.7477262131066106],
    [-0.5753196542015779, 0.7485493775972362]
  ],
  "87": [
    [0.822829540959271, 0.6126728952564465],
    [-0.950970158258671, 0.903812589631091]
  ],
  "88": [],
  "89": [
    [-0.18605801267971, -0.809750132802624]
  ],
  "90": [],
  "91": [
    [-0.7659748385299181, -0.956181747149932],
    [0.7873990138462382, -0.920187415204856],
    [-0.902458626418037, 0.7363872920354564]
  ],
  "92": [],
  "93": [],
  "94": [],
  "95": [],
  "96": [
    [-0.909525296881811, 0.6443939818274464]
  ],
  "97": [],
  "98": [],
  "99": [],
  "100": []
}
