{
  "1": [
    [0.7531333815458995, 0.3049325867305525],
    [-0.6365106006809976, 0.1522941204451389]
  ],
  "2": [
    [-0.6947711298564977, 0.1304906466761835]
  ],
  "3": [
    [0.24241532862069, 0.6806759117160891]
  ],
  "4": [
    [-0.7282344159336215, -0.3750887854612024]
  ],
  "5": [],
  "6": [
    [0.3616646438378766, 0.4641442728810859],
    [0.3686029754766589, -0.4638303094700945]
  ],
  "7": [],
  "8": [],
  "9": [],
  "10": [],
  "11": [],
  "12": [],
  "13": [],
  "14": [
    [0.3429071712275969, 0.7849203682783963],
    [0.850549340228618, -0.7959417099002646],
    [0.3564597793777102, -0.78254273428925]
  ],
  "15": [],
  "16": [
    [-0.7266624084572463, -0.945388777873975]
  ],
  "17": [
    [0.3401732299638732, 0.05424947997083426]
  ],
  "18": [
    [0.869875015291871, 0.6191469139044694],
    [0.3268199233658773, 0.6753777635334758],
    [0.7662637445513222, -0.5248071805712321]
  ],
  "19": [
    [0.1340336737312232, -0.3956077314262558]
  ],
  "20": [],
  "21": [],
  "22": [
    [-0.1023159635377218, 0.6276718105398391]
  ],
  "23": [
    [0.7479253448545364, -0.07584691304800395],
    [-0.5048375682359939, 0.7072405800830084]
  ],
  "24": [],
  "25": [],
  "26": [],
  "27": [],
  "28": [],
  "29": [],
  "30": [
    [0.05709737262410725, 0.2659658299630051]
  ],
  "31": [
    [0.7823235836772652, 0.5726125013523548],
    [0.03983312247080992, 0.6559801383362187],
    [0.0398325142786538, -0.6559851448287388]
  ],
  "32": [
    [-0.05428831950650473, -0.7796702364830256],
    [-0.1828064442404825, -0.4661903800889236],
    [-0.07479054366856348, 0.6734135514210672],
    [-0.1323091271013389, 0.5272338409510553]
  ],
  "33": [
    [-0.5471379693501806, 0.2688750651737546]
  ],
  "34": [
    [-0.929590793369252, 0.821206846642327],
    [0.0849399470417253, 0.00583413931427759]
  ],
  "35": [],
  "36": [],
  "37": [
    [-0.07069716557344119, -0.01726556454978331]
  ],
  "38": [
    [0.892653878749488, -0.993774990386423]
  ],
  "39": [
    [0.943284732428067, 0.3880167623627982]
  ],
  "40": [
    [-0.4749872258602087, 0.6114092434946001],
    [0.4066239747164358, -0.5496020873941019]
  ],
  "41": [
    [-0.981087598931295, -0.1419670092947145]
  ],
  "42": [
    [0.6927354235406089, -0.815975623929918],
    [-0.871473250231745, 0.7665568183657488]
  ],
  "43": [],
  "44": [],
  "45": [],
  "46": [
    [0.03209922337701376, -0.834542805689075]
  ],
  "47": [
    [-0.717448957969998, 0.95444265529465]
  ],
  "48": [
    [-0.813054856510092, -0.1924128183051273],
    [0.7580558771480193, -0.2282891697727359]
  ],
  "49": [
    [-0.4722292647078466, 0.962019296228429]
  ],
  "50": [
    [-0.0990366703857575, 0.924771829466551],
    [-0.094179099528411, 0.05249296501948558]
  ],
  "51": [
    [0.2772898556337864, -0.7419543802885343],
    [0.958431554169695, -0.3279130123569132]
  ],
  "52": [
    [-0.03729794177160346, -0.05384068715436639],
    [-0.03676671874921285, 0.05384090122438389]
  ],
  "53": [
    [0.834290278252444, 0.1357958838108081],
    [-0.834299222522239, 0.1352569477575565]
  ],
  "54": [],
  "55": [],
  "56": [
    [-0.6227046330314036, -0.83959784817046],
    [-0.1221145121432094, -0.46976657758018]
  ],
  "57": [],
  "58": [
    [0.7325620622229692, 0.927930963914324],
    [-0.6180935735592912, -0.864151401212192],
    [-0.3457769085703763, -0.6307970250885357]
  ],
  "59": [
    [-0.5273040444295161, -0.2024288103309116],
    [0.156396972758558, -0.4304482961804357]
  ],
  "60": [
    [-0.6168461385609763, -0.898270120270184]
  ],
  "61": [
    [-0.2717351743524264, -0.7170578548293639],
    [-0.3466346331935483, 0.7871272858377781]
  ],
  "62": [
    [0.2793599624529579, 0.7360271506930788]
  ],
  "63": [
    [0.312075802286315, -0.05799599074723703]
  ],
  "64": [
    [-0.6051859536653535, -0.5064442355951351]
  ],
  "65": [],
  "66": [],
  "67": [
    [0.4311355517243653, 0.7165040951548107]
  ],
  "68": [
    [-0.7977393494345226, -0.868900911611726],
    [0.811598752826041, -0.853622805829381]
  ],
  "69": [
    [-0.4002584375581769, 0.857525709770523],
    [-0.990247574302138, 0.2900353386650375]
  ],
  "70": [
    [-0.4561694072440351, -0.66164407566061]
  ],
  "71": [],
  "72": [
    [0.5582917940802516, -0.983742103244799]
  ],
  "73": [
    [0.6107252825695686, 0.987321737447688],
    [0.530911645480596, -0.3762725720993237],
    [-0.4761179210135022, 0.4030505886470045],
    [-0.3155206882073251, 0.5773293343127593]
  ],
  "74": [
    [-0.336702630579318, -0.4461321146479843]
  ],
  "75": [],
  "76": [
    [-0.3533709485077976, 0.6761074998539177],
    [0.437389702731228, -0.266368360556129]
  ],
  "77": [
    [0.4428340306543598, 0.7941754661116103]
  ],
  "78": [
    [-0.00164106342176568, -0.7321260143168564]
  ],
  "79": [],
  "80": [
    [0.898667089207891, 0.4115050148814526],
    [0.5827646170763124, -0.6122454793941065]
  ],
  "81": [
    [-0.1126177354101743, -0.2451084741907877]
  ],
  "82": [
    [0.5359770154425219, -0.3619801382826282]
  ],
  "83": [
    [-0.01085392600182451, 0.7083596887849976]
  ],
  "84": [],
  "85": [],
  "86": [
    [-0.03037482949326166, -0.2435999261275978]
  ],
  "87": [
    [-0.7784715309665668, -0.0628764505191572],
    [0.852395139240812, -0.06033139522764246]
  ],
  "88": [],
  "89": [],
  "90": [
    [0.802787473600397, -0.4583760879847401]
  ],
  "91": [],
  "92": [
    [0.6821694742096234, 0.6121468633215152],
    [0.6059445143999046, 0.6608210736462529]
  ],
  "93": [],
  "94": [
    [-0.855023335761315, -0.5849093235298051]
  ],
  "95": [],
  "96": [
    [0.1309198506509311, 0.1728538923930328]
  ],
  "97": [],
  "98": [],
  "99": [],
  "100": [
    [-0.6806144238427237, -0.6454719731218437]
  ]
}
