{
  "1": [],
  "2": [],
  "3": [
    [0.839213137198289, 0.886588685782749],
    [-0.839213137198289, -0.886588685782749]
  ],
  "4": [],
  "5": [],
  "6": [],
  "7": [],
  "8": [],
  "9": [],
  "10": [],
  "11": [],
  "12": [
    [-0.911326755509087, -0.811092109519033],
    [-0.911326755509087, 0.811092109519033]
  ],
  "13": [
    [0.8934443856793, 0.933723031403017]
  ],
  "14": [
    [0.1205245115498673, 0.0],
    [0.7365520446454229, 0.545471455194953]
  ],
  "15": [],
  "16": [],
  "17": [],
  "18": [],
  "19": [],
  "20": [],
  "21": [
    [0.830851292016926, -0.910620469627016]
  ],
  "22": [],
  "23": [
    [-0.888462628073346, -0.3560759472805883],
    [0.88848297021335, 0.3560433339445766],
    [0.888461437630748, -0.356056275815011],
    [-0.888441083528724, 0.3560889012819508]
  ],
  "24": [],
  "25": [],
  "26": [],
  "27": [],
  "28": [
    [0.967323575652076, -0.806338642222056]
  ],
  "29": [],
  "30": [],
  "31": [],
  "32": [],
  "33": [],
  "34": [],
  "35": [],
  "36": [],
  "37": [],
  "38": [],
  "39": [
    [-0.768479327383575, -0.5677803301263812]
  ],
  "40": [],
  "41": [
    [0.848290967404855, -0.97694933569436]
  ],
  "42": [
    [-0.959111707191237, 0.999104284104915]
  ],
  "43": [],
  "44": [],
  "45": [
    [0.877715457226988, -0.873739604177024],
    [-0.944728803011487, 0.890964445637972]
  ],
  "46": [],
  "47": [
    [0.994872999573729, 0.821977533605723],
    [0.94638209096505, -0.821886054864635]
  ],
  "48": [],
  "49": [],
  "50": [
    [0.860853797024699, -0.880944450990771]
  ],
  "51": [
    [-0.965262779621001, -0.940861545044505]
  ],
  "52": [],
  "53": [
    [-0.842789770507702, -0.7051628125112721],
    [0.850972916187524, -0.684139613849495]
  ],
  "54": [],
  "55": [
    [-0.02780548142466299, 0.01623942194238087],
    [-0.00812736183022785, 0.01387317576101175]
  ],
  "56": [],
  "57": [
    [0.992576237861665, 0.7861634563393434]
  ],
  "58": [],
  "59": [
    [0.3922518896846479, -0.4791561471867944]
  ],
  "60": [],
  "61": [],
  "62": [],
  "63": [
    [-0.819286707019487, -0.983052626126358],
    [0.819286707020622, 0.983052626118595]
  ],
  "64": [],
  "65": [
    [-0.974921955875649, 0.8332790376073]
  ],
  "66": [
    [0.829993737051222, 0.924714758588485],
    [0.6404344617607575, 0.7617821872612786],
    [-0.973103332506725, 0.953720776421171]
  ],
  "67": [
    [0.92054052462606, -0.860837527778915]
  ],
  "68": [
    [-0.870699962038973, 0.876347002722443]
  ],
  "69": [],
  "70": [],
  "71": [],
  "72": [
    [-0.925612304862779, 0.979991648659329]
  ],
  "73": [],
  "74": [
    [0.802113764550768, -0.6335152307254788]
  ],
  "75": [],
  "76": [
    [0.0, 0.0],
    [-0.0802423196650432, -0.986556837284361],
    [0.3703310666359784, 0.7091224842042505],
    [-0.2446803035301211, -0.5679122591820649],
    [-0.4569780241771049, -0.2540997862236142],
    [0.05864285070392298, -0.434432245056058],
    [0.855795691030212, -0.1493209282322356],
    [0.00902712812325644, -0.341990191307832],
    [-0.0388804164260981, -0.2303612631955114],
    [0.1833602701920706, 0.06416752026183142],
    [-0.05436742398931614, -0.1431894065308052],
    [0.1209461110153733, 0.05900657952138034],
    [0.00978370259335456, 0.00907988268637981],
    [-0.00265546458142631, -0.00272013924084251]
  ],
  "77": [],
  "78": [
    [0.859758666717124, 0.993514583318199]
  ],
  "79": [],
  "80": [
    [-0.4779021767112758, -0.3067082085866571]
  ],
  "81": [],
  "82": [],
  "83": [],
  "84": [
    [0.7074791017819134, -0.5444112551696576]
  ],
  "85": [],
  "86": [],
  "87": [],
  "88": [
    [-0.828666793573938, -0.890931901588813]
  ],
  "89": [],
  "90": [],
  "91": [],
  "92": [
    [0.946673467272406, -0.978049198103517]
  ],
  "93": [],
  "94": [],
  "95": [],
  "96": [],
  "97": [],
  "98": [],
  "99": [
    [0.968711318234875, 0.4504399750863568],
    [0.968282924268621, -0.4505893377172158]
  ],
  "100": []
}
