{
  "1": [
    [-0.789746897377663, -0.901949813085007]
  ],
  "2": [
    [0.900387907603958, -0.3810537070667531]
  ],
  "3": [
    [-0.944726845735061, 0.3336105988007428],
    [0.944726845735054, -0.333610598800733]
  ],
  "4": [
    [0.7470168876482564, -0.6680941226444571],
    [-0.7470168876482564, 0.6680941226444571]
  ],
  "5": [],
  "6": [],
  "7": [
    [0.855600966641719, 0.7357543319833036],
    [0.5697535064919322, -0.994872983290885]
  ],
  "8": [],
  "9": [
    [-0.4631546083025565, -0.914653092279279]
  ],
  "10": [],
  "11": [],
  "12": [],
  "13": [],
  "14": [
    [-0.7432913276477899, -0.7279435552974349],
    [0.7546619298835382, 0.7187746502123264],
    [-0.7821365244323433, 0.6530559738803604],
    [0.7904808960977544, -0.647317766777154]
  ],
  "15": [],
  "16": [],
  "17": [
    [0.890907798311371, 0.6884940947351283],
    [-0.84339810709258, -0.5938498062625093]
  ],
  "18": [],
  "19": [],
  "20": [],
  "21": [
    [0.953962196707585, 0.920911768431243],
    [0.1856325666091904, 0.142766284363226]
  ],
  "22": [],
  "23": [],
  "24": [],
  "25": [
    [0.756331787253888, -0.4496820091408235]
  ],
  "26": [],
  "27": [
    [0.929371591419807, 0.961169308807289]
  ],
  "28": [],
  "29": [],
  "30": [
    [-0.6232462945465791, -0.932223220446535]
  ],
  "31": [
    [0.5161657394588474, -0.1295930115825963],
    [-0.952980265063724, 0.802310561285087],
    [-0.51688603048048, 0.5586497751882855]
  ],
  "32": [],
  "33": [
    [0.969574992417577, -0.954984710552147]
  ],
  "34": [],
  "35": [],
  "36": [],
  "37": [],
  "38": [],
  "39": [
    [0.853454044375769, 0.2758130547249824]
  ],
  "40": [],
  "41": [
    [0.4826136298820662, 0.659220495115374]
  ],
  "42": [
    [0.3171119860453847, -0.6424853475899281]
  ],
  "43": [],
  "44": [],
  "45": [],
  "46": [
    [-0.990012125740597, 0.6002088518053307]
  ],
  "47": [],
  "48": [],
  "49": [],
  "50": [],
  "51": [],
  "52": [
    [0.0935041298394043, 0.4357966597957029],
    [-0.0935041299788812, -0.4357966591578323]
  ],
  "53": [
    [-0.7600750311201644, 0.1014300692239006]
  ],
  "54": [],
  "55": [],
  "56": [],
  "57": [
    [-0.5377924212424419, -0.3344560955854613],
    [-0.5393476197425011, 0.3114910035709729]
  ],
  "58": [],
  "59": [
    [-0.230326002679175, -0.2266974914797178],
    [0.1783052707979589, 0.2928520380157341]
  ],
  "60": [],
  "61": [],
  "62": [],
  "63": [],
  "64": [
    [0.941628332413173, -0.5111981357287511]
  ],
  "65": [],
  "66": [],
  "67": [
    [0.889477017227934, 0.812402224610149],
    [-0.2431981320113759, 0.4139809551606832]
  ],
  "68": [],
  "69": [],
  "70": [
    [-0.6491865886336234, 0.3088038714797705]
  ],
  "71": [
    [0.7085430786482328, 0.959043073553]
  ],
  "72": [],
  "73": [
    [-0.7783326702683301, 0.897813968809594]
  ],
  "74": [
    [0.2461095030053295, -0.7254359397638563]
  ],
  "75": [],
  "76": [],
  "77": [],
  "78": [
    [0.7542178372117798, 0.934836542139371],
    [-0.7510080339840036, -0.4294997947126337]
  ],
  "79": [
    [0.4684224075212342, 0.3876173015911535],
    [0.874464881597394, 0.11126425266893],
    [-0.3609197704736513, 0.6570770033407206]
  ],
  "80": [
    [0.2906097709715455, 0.4716986170294674]
  ],
  "81": [],
  "82": [
    [0.916022187125216, 0.5224272473530683],
    [0.972264829599885, -0.7598920319500034]
  ],
  "83": [],
  "84": [],
  "85": [],
  "86": [
    [0.900458573344528, 0.3166521804238706]
  ],
  "87": [],
  "88": [
    [-0.0589256993615893, 0.3974976869259734]
  ],
  "89": [
    [0.872293283652412, 0.806238815283157],
    [0.1388176769847212, 0.6921444868019377],
    [-0.901494404920724, 0.848300361987683],
    [0.1387995121546862, -0.6899593688579483]
  ],
  "90": [],
  "91": [],
  "92": [],
  "93": [],
  "94": [
    [-0.5985742259290902, -0.753980695783286],
    [0.5895479737431499, -0.7092162377022889]
  ],
  "95": [
    [-0.805269224994657, -0.873272252034121]
  ],
  "96": [],
  "97": [
    [-0.7624929299557802, -0.7912133832781556]
  ],
  "98": [],
  "99": [],
  "100": []
}
