{
  "1": [],
  "2": [],
  "3": [],
  "4": [
    [-0.6687499762627118, -0.6477111736427955],
    [0.6843138652433445, -0.7824005343554838]
  ],
  "5": [
    [-0.833765393105352, -0.7315609823896045],
    [0.890286173536588, 0.2677023452542265],
    [-0.927412928852565, 0.2335468370409134],
    [0.896471397593574, -0.805755369745041]
  ],
  "6": [],
  "7": [
    [0.4404857770208041, 0.967847726759013]
  ],
  "8": [],
  "9": [],
  "10": [
    [0.5627099923307918, 0.910112657532938],
    [-0.7081462859915996, 0.864020560060266]
  ],
  "11": [
    [-0.912561760033316, 0.940968493737282]
  ],
  "12": [],
  "13": [],
  "14": [],
  "15": [
    [0.824342231906451, -0.7032403081154316],
    [0.956802798342414, -0.915862096649868]
  ],
  "16": [],
  "17": [
    [-0.4593486104750181, -0.7831310504369903],
    [0.4570123526426713, -0.7825813166297473]
  ],
  "18": [
    [0.5762630087707993, 0.7747540006484169],
    [-0.5885237161415321, 0.7744817190080406]
  ],
  "19": [],
  "20": [
    [-0.98052068071726, -0.5311784983170469],
    [-0.892894043311855, 0.837810319798257]
  ],
  "21": [],
  "22": [],
  "23": [],
  "24": [],
  "25": [
    [-0.2254079959026462, -0.0829371774315981]
  ],
  "26": [],
  "27": [],
  "28": [],
  "29": [
    [-0.941978102623067, 0.790487787298189]
  ],
  "30": [],
  "31": [],
  "32": [
    [0.5635212575075556, -0.3051532423903201]
  ],
  "33": [],
  "34": [],
  "35": [],
  "36": [],
  "37": [],
  "38": [],
  "39": [
    [-0.02837633902857393, -0.1296059911309217]
  ],
  "40": [],
  "41": [
    [0.947324397543585, -0.502558038931425]
  ],
  "42": [],
  "43": [],
  "44": [],
  "45": [
    [0.819103362543082, 0.7882745754551197],
    [0.7329207336526452, -0.6144079057272978]
  ],
  "46": [],
  "47": [
    [0.357905736388565, 0.808590745877495],
    [0.3653942371755214, -0.807582333273072]
  ],
  "48": [],
  "49": [
    [0.6737168191094147, 0.918415047913766],
    [0.5353645024313836, 0.7315002334248851],
    [0.990381518422099, -0.7861391741480391],
    [0.6807204645221738, -0.865197689668826],
    [0.5447212263373763, -0.7367983815238341]
  ],
  "50": [],
  "51": [
    [-0.883780270294475, -0.6602641806694933]
  ],
  "52": [
    [-0.7125805578086755, -0.5399765195730586],
    [0.7246954759777847, -0.540595989268034]
  ],
  "53": [
    [-0.944012272728313, -0.7717956896149557],
    [0.897879843381124, 0.5446701402810944],
    [0.899376098878262, -0.5436330289426776],
    [-0.95147854981662, 0.7674747309521585]
  ],
  "54": [],
  "55": [],
  "56": [],
  "57": [],
  "58": [],
  "59": [],
  "60": [
    [-0.950283400475338, 0.989481568673347]
  ],
  "61": [],
  "62": [
    [-0.984399904364489, 0.598702503500526]
  ],
  "63": [],
  "64": [
    [-0.5952967638073957, -0.879619418291046],
    [-0.3792143879170127, -0.912054501384799],
    [0.3253234392465212, 0.925119097534817],
    [0.3654684410643145, -0.861433689902643],
    [-0.4232040294385403, 0.869577252384239],
    [-0.6409532249880998, 0.86325112053594]
  ],
  "65": [
    [-0.1211246285549207, 0.0873492912150503]
  ],
  "66": [],
  "67": [],
  "68": [],
  "69": [
    [0.2167467728006273, -0.6461383229000858]
  ],
  "70": [
    [0.3070815580713074, -0.860135583676694],
    [-0.3911062373630778, 0.6750324098827591]
  ],
  "71": [
    [-0.6140835400992013, -0.922491196604947],
    [0.6604997214990609, -0.855171961727364]
  ],
  "72": [
    [0.371858816828162, -0.6268407244348962]
  ],
  "73": [
    [0.328506093350957, -0.5121936967224348],
    [-0.3287964321134422, 0.4804273553123318]
  ],
  "74": [
    [0.900665456917235, 0.4922409454967885],
    [-0.7388144137107654, 0.657564332422321]
  ],
  "75": [],
  "76": [],
  "77": [
    [-0.800642162430362, -0.6988691062048135]
  ],
  "78": [
    [0.350743802771434, 0.916653064656807]
  ],
  "79": [],
  "80": [
    [-0.999303250542522, -0.7890157163151509]
  ],
  "81": [],
  "82": [
    [0.7521294818599741, 0.942737913872771],
    [-0.4920850314226476, -0.3386208859518062],
    [0.4920246182149813, -0.3362892290867767]
  ],
  "83": [
    [-0.4365522768697325, -0.5683268870054606],
    [-0.5860623235024073, 0.7964012584840122],
    [-0.4729409401058283, 0.7093331556412618]
  ],
  "84": [],
  "85": [],
  "86": [],
  "87": [
    [-0.5377136538253632, 0.2246651543867108]
  ],
  "88": [],
  "89": [
    [0.939630203642541, 0.6811376693019597],
    [-0.848815957995198, -0.7046534411027883],
    [-0.00146393925146027, -0.4541195005539123]
  ],
  "90": [],
  "91": [],
  "92": [],
  "93": [],
  "94": [
    [0.03225271354167208, 0.07421046593459889]
  ],
  "95": [],
  "96": [
    [-0.897502329073716, 0.846315672790404],
    [0.897502329073716, -0.846315672790404]
  ],
  "97": [],
  "98": [],
  "99": [],
  "100": [
    [-0.1538548272133544, -0.2608840659451473],
    [-0.1537753860174295, 0.2607523915449533]
  ]
}
