{
  "1": [],
  "2": [
    [0.01030929986431168, -0.06740888787103444]
  ],
  "3": [],
  "4": [],
  "5": [],
  "6": [],
  "7": [
    [0.7147181833597087, -0.94634081427083]
  ],
  "8": [],
  "9": [],
  "10": [],
  "11": [],
  "12": [],
  "13": [],
  "14": [],
  "15": [],
  "16": [],
  "17": [],
  "18": [],
  "19": [],
  "20": [
    [0.1749560006417752, -0.1366420064096068],
    [-0.174951540275931, 0.1366454900790683]
  ],
  "21": [],
  "22": [
    [-0.6574282303176733, -0.980103248212459]
  ],
  "23": [],
  "24": [
    [0.8597003639156, 0.4337387622321125]
  ],
  "25": [],
  "26": [],
  "27": [],
  "28": [
    [0.4707375774628807, -0.4957288570292235]
  ],
  "29": [
    [-0.5040226455640116, -0.406559870311043]
  ],
  "30": [
    [0.4731270776102223, 0.5829601104008616]
  ],
  "31": [
    [0.6107820778455703, -0.6375950905745209]
  ],
  "32": [],
  "33": [],
  "34": [],
  "35": [],
  "36": [
    [0.00010220315646499, -0.6812996598476553],
    [-0.00010224497153694, 0.6810210290859703],
    [-0.2499041215473885, 0.00027863076168494]
  ],
  "37": [
    [-0.83870213390906, 0.3007940594040041]
  ],
  "38": [],
  "39": [],
  "40": [
    [0.3832222688855245, 0.996089810682862],
    [-0.3619062318049468, -0.818653117948237]
  ],
  "41": [],
  "42": [
    [0.2358179837726232, 0.6303273768091932],
    [0.2358114347843586, -0.6301549923955]
  ],
  "43": [
    [0.858399503575797, 0.5603002236119905]
  ],
  "44": [
    [-0.6709695984720936, -0.964979598414222]
  ],
  "45": [],
  "46": [],
  "47": [],
  "48": [],
  "49": [
    [0.02515968188064441, 0.7499039301400099],
    [-0.02515968188071367, -0.7499039301399093]
  ],
  "50": [
    [0.1576062011521638, 0.812373233887194],
    [-0.1576062011614028, 0.81237323388254]
  ],
  "51": [],
  "52": [
    [-0.866396097179854, -0.5830600170393105],
    [-0.837883885482997, 0.6338641119470282]
  ],
  "53": [
    [0.926444077666125, -0.984733935331883]
  ],
  "54": [],
  "55": [],
  "56": [
    [-0.7761228691000545, -0.839498885519164]
  ],
  "57": [
    [0.7907472505017676, 0.843439757529348],
    [0.7167296280341018, -0.7581626289645595]
  ],
  "58": [
    [-0.910135931784182, -0.832906984100701],
    [-0.6959123000528586, 0.812658412437864]
  ],
  "59": [
    [-0.5779440404291795, -0.975522056201272]
  ],
  "60": [],
  "61": [],
  "62": [
    [-0.7001782841307956, -0.965434629408095]
  ],
  "63": [],
  "64": [
    [0.82137695626478, 0.2359151107399092],
    [-0.821376199215373, -0.235916198252663]
  ],
  "65": [],
  "66": [],
  "67": [
    [-0.0806661127303113, -0.697196731437772]
  ],
  "68": [
    [-0.5301024608205084, -0.7750874362945931]
  ],
  "69": [
    [0.4699777272919966, -0.881929238376605]
  ],
  "70": [],
  "71": [],
  "72": [],
  "73": [],
  "74": [
    [0.990172511562123, 0.977950712389693],
    [-0.7978271445922699, 0.987994070276769]
  ],
  "75": [
    [-0.7645088572593359, 0.6155331082943726]
  ],
  "76": [],
  "77": [],
  "78": [],
  "79": [],
  "80": [],
  "81": [],
  "82": [],
  "83": [
    [-0.733604228612955, -0.5271349205667025]
  ],
  "84": [
    [0.961135719194488, 0.7088196930718771],
    [0.93811892743181, -0.7843242884458718],
    [0.989871175925363, -0.925953686160197]
  ],
  "85": [
    [0.969899864018996, 0.969681005576289],
    [-0.947624852107034, 0.928943969896779]
  ],
  "86": [],
  "87": [],
  "88": [],
  "89": [],
  "90": [
    [-0.820271001136128, 0.4276008176806792]
  ],
  "91": [],
  "92": [],
  "93": [],
  "94": [],
  "95": [],
  "96": [
    [-0.933311708147043, 0.910393895643127],
    [-0.4869566999497011, 0.979329178408154]
  ],
  "97": [],
  "98": [],
  "99": [],
  "100": []
}
