{
  "1": [],
  "2": [
    [0.934780981366918, 0.931061213353995],
    [0.2758335165202581, 0.7636174268143243],
    [-0.273186738171342, -0.7622817774898353]
  ],
  "3": [
    [-0.914185089921865, -0.977163439157916],
    [0.7904031143646428, -0.4845312790165538],
    [-0.927382124256918, 0.966222701185616],
    [0.6006961036733287, -0.7705230483601715]
  ],
  "4": [],
  "5": [],
  "6": [],
  "7": [],
  "8": [
    [-0.840181275010488, -0.853436570966472]
  ],
  "9": [
    [-0.532336020920429, -0.1156781075239872]
  ],
  "10": [],
  "11": [],
  "12": [],
  "13": [
    [0.2131239536594698, -0.984924350637592]
  ],
  "14": [
    [-0.4283515206779983, 0.3627693558952081]
  ],
  "15": [],
  "16": [],
  "17": [
    [0.6753356730693387, 0.7465239895574571],
    [0.90943264472253, -0.5652462351706115]
  ],
  "18": [
    [0.902479593592957, 0.969435911588822]
  ],
  "19": [
    [-0.301804380040338, -0.5240734093416565],
    [0.3016705947002793, -0.5244940102134418]
  ],
  "20": [],
  "21": [],
  "22": [],
  "23": [],
  "24": [],
  "25": [],
  "26": [
    [0.7107400404425213, -0.6925492597691778]
  ],
  "27": [],
  "28": [],
  "29": [
    [0.6796245908108912, -0.06364499369816516]
  ],
  "30": [],
  "31": [
    [0.829146510962382, 0.618309897116396]
  ],
  "32": [],
  "33": [],
  "34": [
    [-0.6395898536899929, 0.6441469641166011],
    [-0.6077168851593119, 0.956543025738204]
  ],
  "35": [],
  "36": [],
  "37": [
    [0.6513016839640211, 0.864322674992686]
  ],
  "38": [],
  "39": [],
  "40": [
    [0.995852285076058, 0.4689523200874176]
  ],
  "41": [
    [0.7534190200837699, -0.4656411371327219]
  ],
  "42": [],
  "43": [],
  "44": [],
  "45": [],
  "46": [],
  "47": [
    [-0.866332013060994, 0.579190840992641]
  ],
  "48": [
    [0.812693848267598, 0.89288513942062],
    [-0.792561941789022, 0.881475894941592]
  ],
  "49": [
    [0.971024630856518, -0.872125280587404]
  ],
  "50": [],
  "51": [],
  "52": [
    [-0.933011824717981, -0.950845255895966]
  ],
  "53": [
    [-0.960431748542901, -0.895275736090425],
    [-0.1382556900402309, 0.6139231006580337],
    [0.1926337756223383, -0.4166598178367829]
  ],
  "54": [],
  "55": [
    [0.7307230877999521, -0.862165856292796]
  ],
  "56": [],
  "57": [
    [-0.957130130921944, 0.5801755757755965]
  ],
  "58": [],
  "59": [],
  "60": [
    [0.3514578112661522, 0.962222010489316],
    [0.3748279994652632, -0.890007859743197]
  ],
  "61": [
    [-0.2729496639622135, 0.950266412124835],
    [-0.7068191447478698, 0.7202996225099282]
  ],
  "62": [],
  "63": [],
  "64": [
    [0.7988976503716636, 0.5624412913526962],
    [-0.980822367019036, 0.5219784190421256]
  ],
  "65": [
    [0.925672843279384, 0.7995202679723645]
  ],
  "66": [
    [0.657921054339822, -0.3573401666728215]
  ],
  "67": [],
  "68": [
    [0.7957263557942017, -0.6732981139346979]
  ],
  "69": [
    [0.6672218811402163, -0.5534913389627761]
  ],
  "70": [],
  "71": [],
  "72": [
    [0.4717536370171397, 0.840020591919353],
    [0.588670518444766, -0.7594011199953324]
  ],
  "73": [],
  "74": [],
  "75": [
    [0.994694097900791, 0.973996970761757]
  ],
  "76": [],
  "77": [],
  "78": [],
  "79": [],
  "80": [
    [-0.918871698879775, -0.841514741756587]
  ],
  "81": [
    [-0.950409412304514, -0.7792583101980042],
    [-0.929391360181323, 0.798176710821413]
  ],
  "82": [
    [-0.5272642949684937, -0.7944754254635072],
    [-0.479076483720931, -0.844579515878273],
    [0.930487907806645, -0.820568502075413]
  ],
  "83": [
    [-0.954493158213066, 0.1182622496281691],
    [0.961989394200077, -0.951790814576948]
  ],
  "84": [
    [0.910050895976197, 0.7600398350592119],
    [-0.87157065513158, 0.7942059053820248]
  ],
  "85": [
    [-0.6597375413654271, 0.815354465509126]
  ],
  "86": [],
  "87": [
    [-0.459370043014302, -0.908128193854962]
  ],
  "88": [],
  "89": [
    [-0.7431597822322971, -0.7788071364968219],
    [0.7245827693669328, -0.856457219144787]
  ],
  "90": [],
  "91": [],
  "92": [
    [0.899510073657864, 0.943308365225811]
  ],
  "93": [],
  "94": [],
  "95": [],
  "96": [],
  "97": [
    [-0.7803478221575229, 0.5689937322923324]
  ],
  "98": [],
  "99": [],
  "100": []
}
