{
  "1": [],
  "2": [],
  "3": [],
  "4": [],
  "5": [],
  "6": [],
  "7": [],
  "8": [
    [0.6370311270082274, 0.3418638589211009],
    [0.821536081142783, -0.0865108231419038],
    [0.3974369425237207, -0.2992196462370936]
  ],
  "9": [],
  "10": [
    [-0.7385434768236391, -0.3089274664077339]
  ],
  "11": [
    [-0.849771314301218, -0.967042988527817]
  ],
  "12": [
    [-0.1651830546241709, -0.00366896202529951]
  ],
  "13": [
    [-0.7183927586833136, 0.878188984617557]
  ],
  "14": [
    [-0.99107179800433, 0.984942368654399]
  ],
  "15": [],
  "16": [],
  "17": [
    [-0.858568573516159, -0.7921542884114263]
  ],
  "18": [],
  "19": [
    [0.4888841161576724, 0.9864785391402],
    [0.4811799379841939, -0.996763520111614]
  ],
  "20": [
    [-0.72632009541568, -0.929070301542707],
    [0.948864417515386, -0.5455862519620569],
    [0.7246906016343228, -0.909603970931839]
  ],
  "21": [],
  "22": [
    [-0.6901555657022617, -0.5842190074036395],
    [0.6898183964687967, -0.5844081124332149]
  ],
  "23": [],
  "24": [],
  "25": [],
  "26": [],
  "27": [
    [0.0, 0.0]
  ],
  "28": [],
  "29": [
    [0.825718083238101, 0.966104977041185],
    [0.997124805214857, 0.5848326677238576]
  ],
  "30": [
    [-0.07579673330536368, 0.07359755976091042]
  ],
  "31": [],
  "32": [
    [-0.7536661451178595, 0.6422545123392132]
  ],
  "33": [],
  "34": [],
  "35": [
    [0.831053548997665, 0.830221097305506]
  ],
  "36": [],
  "37": [],
  "38": [],
  "39": [],
  "40": [
    [0.4247074139247288, -0.944772474743348]
  ],
  "41": [
    [-0.2940717029191808, -0.98411344984842]
  ],
  "42": [
    [-0.872995162927392, -0.7909162993118999]
  ],
  "43": [
    [-0.944937161016647, 0.996800281939585]
  ],
  "44": [],
  "45": [],
  "46": [
    [0.956730533946975, 0.904711860902457]
  ],
  "47": [
    [-0.949756576932362, -0.99938549814702]
  ],
  "48": [
    [0.5521000582449171, 0.923144554320249],
    [0.5523111518049546, -0.922929463153363]
  ],
  "49": [],
  "50": [],
  "51": [
    [-0.1279100444424247, -0.86538040474706],
    [-0.127890994841326, 0.865375188855593]
  ],
  "52": [],
  "53": [],
  "54": [
    [0.3683769545592508, 0.6844596009315891],
    [0.5503402983896906, -0.6112365407765182],
    [-0.4059918506086642, 0.1449066641797162],
    [-0.932582316570531, 0.5448858629675466]
  ],
  "55": [
    [-0.841131923394207, -0.820824558463548]
  ],
  "56": [],
  "57": [],
  "58": [
    [0.267637494772391, 0.5213936926241759],
    [-0.2676410075768899, 0.5213929109409348]
  ],
  "59": [],
  "60": [],
  "61": [
    [0.7127552674112186, -0.882572887529355]
  ],
  "62": [
    [-0.988539094756591, 0.951050522837843]
  ],
  "63": [],
  "64": [],
  "65": [],
  "66": [],
  "67": [],
  "68": [],
  "69": [],
  "70": [],
  "71": [],
  "72": [
    [0.2179738813174234, -0.6945778879400786]
  ],
  "73": [
    [-0.55791754088247, -0.5775463686932836]
  ],
  "74": [
    [-0.844611392575202, -0.918203328632606],
    [0.863495185624995, -0.908543638612837]
  ],
  "75": [],
  "76": [],
  "77": [],
  "78": [],
  "79": [],
  "80": [],
  "81": [],
  "82": [],
  "83": [
    [0.7100024977131408, 0.3272174759338816],
    [-0.4150372530138481, 0.7674639731841051],
    [-0.06416797417279836, -0.02485587598963802],
    [0.01158374578193135, -0.221784728312696],
    [0.0108891114225214, -0.2248394177409765]
  ],
  "84": [],
  "85": [
    [0.5092140834072238, -0.824145061793274],
    [-0.5157070734721863, 0.814348123009309],
    [0.7245768083751983, -0.821756004487994],
    [-0.7731143504994589, 0.737478773203602]
  ],
  "86": [
    [0.849022907574318, -0.641288136356451]
  ],
  "87": [
    [-0.1219222149586067, -0.6208242200253618]
  ],
  "88": [],
  "89": [
    [-0.4095505011064771, -0.961729584769455],
    [0.4044629888855445, -0.966682078546657]
  ],
  "90": [],
  "91": [
    [0.892009717992959, 0.7576570922325258]
  ],
  "92": [
    [0.3954287157406939, 0.3922369682116888]
  ],
  "93": [
    [-0.6012005481438198, 0.985434232752214]
  ],
  "94": [],
  "95": [],
  "96": [],
  "97": [],
  "98": [
    [-0.881808133820893, -0.3254983216686048],
    [0.872018281916909, -0.34810766265525]
  ],
  "99": [
    [0.6772291229134666, -0.7181641251877898],
    [-0.6855038672147803, 0.6895114918332275]
  ],
  "100": []
}
