{
  "1": [],
  "2": [],
  "3": [
    [-0.5890354662150062, -0.1935828955467803]
  ],
  "4": [],
  "5": [],
  "6": [],
  "7": [],
  "8": [],
  "9": [
    [-0.7731457140665653, 0.843566648511584],
    [0.6543772352556073, -0.7478947530732888]
  ],
  "10": [
    [-0.876460356003181, -0.7573995070742229]
  ],
  "11": [],
  "12": [],
  "13": [
    [-0.6508162712034599, -0.613441365733294]
  ],
  "14": [
    [-0.967150824721847, 0.883292885641809]
  ],
  "15": [],
  "16": [],
  "17": [],
  "18": [],
  "19": [],
  "20": [
    [-0.6895818732932408, 0.558636828085897]
  ],
  "21": [
    [0.986278483665289, -0.4001719007303788]
  ],
  "22": [
    [0.904253477864341, 0.2494989010430682]
  ],
  "23": [],
  "24": [],
  "25": [],
  "26": [],
  "27": [
    [-0.75634626612063, -0.810866425642725]
  ],
  "28": [
    [0.07774638540436841, 0.4775131548464827]
  ],
  "29": [],
  "30": [
    [-0.807552805683443, 0.7972106205523471],
    [-0.856612721361277, 0.924882532003096]
  ],
  "31": [],
  "32": [
    [0.928624363922694, 0.5867441731005925]
  ],
  "33": [],
  "34": [],
  "35": [
    [-0.5687250920806585, -0.5653778905953556],
    [-0.5686336569459264, 0.5653353886027771]
  ],
  "36": [
    [0.5066493248501241, -0.929512601091012]
  ],
  "37": [],
  "38": [
    [0.6955838411087589, 0.7693121246103722],
    [-0.7159699568334486, -0.7478554127853962]
  ],
  "39": [],
  "40": [
    [0.960721989681543, 0.5446712334275245]
  ],
  "41": [],
  "42": [],
  "43": [],
  "44": [],
  "45": [],
  "46": [],
  "47": [],
  "48": [],
  "49": [],
  "50": [
    [0.849263796347272, 0.4072269902279799],
    [-0.844804613637619, -0.4059533135212729]
  ],
  "51": [
    [0.879707041133224, 0.7958878341559701],
    [-0.963003297412778, 0.7740333794083051]
  ],
  "52": [
    [0.963896420031623, 0.7623119399836423],
    [-0.914471301384934, 0.835831814826262]
  ],
  "53": [
    [0.7193094932008056, -0.989517955601555]
  ],
  "54": [],
  "55": [],
  "56": [],
  "57": [
    [0.875103936682317, -0.4719389554639423],
    [-0.6671423315306271, 0.861715104899222]
  ],
  "58": [
    [0.6004262507482419, 0.7888921255103734],
    [0.600426250748236, -0.7888921255103865]
  ],
  "59": [],
  "60": [],
  "61": [
    [0.911488853035562, 0.587102543331028],
    [-0.925687380185014, 0.840126291327375],
    [-0.996892348031599, 0.437061540026327]
  ],
  "62": [],
  "63": [
    [-0.976971763986849, 0.96051740122176]
  ],
  "64": [],
  "65": [
    [-0.6361079563006351, -0.4474167431798855],
    [0.5760227900734596, 0.4623722332081844]
  ],
  "66": [
    [0.7822899107120592, -0.903986274785115],
    [-0.6189109406735246, 0.920830042643589]
  ],
  "67": [],
  "68": [
    [0.855934037776708, -0.958748386647931]
  ],
  "69": [
    [0.7441103481222465, -0.908680540047617]
  ],
  "70": [],
  "71": [],
  "72": [],
  "73": [
    [0.82055028124929, -0.840660110452005]
  ],
  "74": [
    [0.6993956962366701, 0.5264742589768575],
    [-0.6993956962366839, 0.5264742589768665]
  ],
  "75": [
    [0.830009465495452, 0.978333477465458]
  ],
  "76": [],
  "77": [],
  "78": [],
  "79": [],
  "80": [],
  "81": [
    [0.806153166688861, 0.978511725653298],
    [-0.97091350996188, -0.860604150890343],
    [0.885361259238106, 0.7975466759478087]
  ],
  "82": [],
  "83": [],
  "84": [
    [0.96530143986443, 0.889542433816042]
  ],
  "85": [
    [0.6622393121477174, 0.4484573236538437],
    [-0.6622553401727237, -0.4483833711072201],
    [-0.6622553401727237, 0.4483833711072201],
    [0.6622393121477174, -0.4484573236538437]
  ],
  "86": [
    [-0.7340037910632788, -0.7208224950776931]
  ],
  "87": [],
  "88": [],
  "89": [],
  "90": [],
  "91": [],
  "92": [
    [0.5036139876523227, 0.7186641445674273]
  ],
  "93": [],
  "94": [],
  "95": [
    [0.904220979697584, 0.5949805149121133],
    [-0.91871199084538, 0.7699061404716493]
  ],
  "96": [],
  "97": [],
  "98": [
    [0.891071857450234, -0.7579847187013432]
  ],
  "99": [],
  "100": []
}
