{
  "1": [],
  "2": [],
  "3": [
    [0.835246847417419, 0.876665792503122],
    [-0.835246847417419, -0.876665792503122]
  ],
  "4": [],
  "5": [],
  "6": [],
  "7": [],
  "8": [],
  "9": [],
  "10": [
    [0.923949307306888, 0.961628406137098]
  ],
  "11": [],
  "12": [],
  "13": [
    [-0.4789310296487994, -0.826425553808201],
    [-0.748781248693953, -0.6152213619535348],
    [0.2211411911309104, -0.979183263387309],
    [0.05597975711090943, -0.2648492555495636],
    [-0.859262040987352, 0.7402607117261835],
    [-0.6837394616350813, 0.5509662547175972]
  ],
  "14": [],
  "15": [],
  "16": [],
  "17": [
    [-0.97244959460324, 0.5285187037887717],
    [0.971072750950957, -0.529574083874129]
  ],
  "18": [],
  "19": [],
  "20": [],
  "21": [
    [-0.2129076793850265, -0.2499828143676143]
  ],
  "22": [],
  "23": [],
  "24": [],
  "25": [],
  "26": [
    [-0.980729049418381, 0.6440488121349784]
  ],
  "27": [],
  "28": [],
  "29": [],
  "30": [],
  "31": [],
  "32": [],
  "33": [
    [-0.945374328926174, 0.889696543152043]
  ],
  "34": [],
  "35": [
    [0.6220677866097283, 0.835223068997129]
  ],
  "36": [],
  "37": [],
  "38": [],
  "39": [],
  "40": [],
  "41": [],
  "42": [],
  "43": [],
  "44": [],
  "45": [
    [-0.868549937048027, 0.7231137375539346],
    [0.7976545851078183, -0.830684320681984]
  ],
  "46": [],
  "47": [
    [-0.7419709891954933, -0.803267445586569],
    [-0.7358365845167977, 0.806193498311028]
  ],
  "48": [],
  "49": [],
  "50": [],
  "51": [],
  "52": [],
  "53": [],
  "54": [],
  "55": [],
  "56": [],
  "57": [],
  "58": [],
  "59": [],
  "60": [],
  "61": [
    [0.987674140861653, -0.913570033326324]
  ],
  "62": [],
  "63": [
    [-0.974877966532339, 0.791608847746364]
  ],
  "64": [],
  "65": [],
  "66": [],
  "67": [
    [0.816671449999701, -0.5871743727223797],
    [-0.81667145005833, 0.5871743727579798]
  ],
  "68": [],
  "69": [
    [-0.977203080440554, -0.990938660902019],
    [0.898777746996877, 0.451122305921198],
    [0.869345888970149, -0.4900979622886384],
    [-0.92912501685994, 0.952561368005227]
  ],
  "70": [],
  "71": [],
  "72": [],
  "73": [],
  "74": [],
  "75": [],
  "76": [],
  "77": [],
  "78": [],
  "79": [],
  "80": [],
  "81": [],
  "82": [],
  "83": [
    [0.925366525162555, 0.821958211897637]
  ],
  "84": [],
  "85": [
    [0.7194664835465343, -0.3621842492211454]
  ],
  "86": [],
  "87": [],
  "88": [],
  "89": [
    [-0.865942853823078, 0.888812976381246]
  ],
  "90": [],
  "91": [],
  "92": [],
  "93": [],
  "94": [
    [0.7632357610847812, 0.1313724017482794]
  ],
  "95": [
    [1.965046459513e-05, -0.05450862749351357]
  ],
  "96": [],
  "97": [],
  "98": [
    [0.844538413567666, 0.969832191801839],
    [0.910813890076085, -0.876670099534268]
  ],
  "99": [],
  "100": [
    [-0.902067336542489, 0.6787616254949375]
  ]
}
