{
  "1": [],
  "2": [],
  "3": [
    [0.03143026312730032, -0.0788628290182368]
  ],
  "4": [
    [0.098247926784419, 0.06378347912906747]
  ],
  "5": [
    [-0.677974711486897, -0.7990597045568183],
    [0.3953776883806474, -0.03970052396104634]
  ],
  "6": [
    [0.509333902903771, 0.4605666880130471],
    [-0.2232577669433994, -0.03774655917107064]
  ],
  "7": [
    [0.158678668096863, -0.04787689451408425]
  ],
  "8": [
    [0.997430474828055, 0.04329487723290809],
    [-0.942224405267467, 0.0580340722568474]
  ],
  "9": [
    [0.0932304741176378, -0.1336831992570984]
  ],
  "10": [
    [0.0991943139215884, -0.1628530061495961]
  ],
  "11": [
    [0.3892757481224696, -0.02522297194815671]
  ],
  "12": [],
  "13": [
    [0.161953349245401, 0.1148180938018306]
  ],
  "14": [],
  "15": [],
  "16": [
    [0.1031878240093426, 0.07247685828173729],
    [-0.05365461355068303, 0.1908782536860928]
  ],
  "17": [
    [0.00966846653118789, 0.193029990965003],
    [0.01048762255934652, -0.1897286142531986]
  ],
  "18": [],
  "19": [],
  "20": [
    [0.7569436016531268, -0.3539782676181891],
    [0.00472259607603756, 0.0201282997994315]
  ],
  "21": [
    [-0.01346697950760709, -0.06887961888818483]
  ],
  "22": [
    [-0.0971841252308705, 0.0845878317870533]
  ],
  "23": [],
  "24": [
    [0.1510445750439584, -0.0907511657122273]
  ],
  "25": [
    [-0.5715074084459868, -0.6108966669765002],
    [-0.299934620548412, -0.1432844423481073]
  ],
  "26": [
    [0.07359080362379632, -0.2740925944618864]
  ],
  "27": [
    [0.03997312321188909, 0.00607937522343854]
  ],
  "28": [
    [0.192178369532644, -0.04483158202143017]
  ],
  "29": [
    [-0.2209292955408869, -0.1735895353663248],
    [-0.2536040330187701, 0.881915621728159],
    [0.1307829856005796, 0.2950016479534151]
  ],
  "30": [
    [-0.05516796497450674, 0.124396641758688]
  ],
  "31": [],
  "32": [
    [-0.2876308257486415, -0.0012169108683658],
    [0.8325898841726, -0.3960682519763295],
    [0.6194250950912887, -0.3455940938736974]
  ],
  "33": [
    [0.2524405373018475, 0.1348396877706557],
    [0.2836442123339551, -0.1910706699189412]
  ],
  "34": [
    [0.1359448885349235, -0.2723983726023003]
  ],
  "35": [
    [0.0992501692111461, 0.0935820147427559]
  ],
  "36": [],
  "37": [
    [0.2192125255439418, -0.3853057741451352],
    [-0.03295091889253723, 0.06787210845746737]
  ],
  "38": [],
  "39": [],
  "40": [],
  "41": [
    [0.00290249106808299, 0.0879887804487628]
  ],
  "42": [],
  "43": [
    [0.02329140176676074, 0.057259516768133]
  ],
  "44": [
    [-0.434494159520623, -0.4035056094041615],
    [-0.1382651928762246, 0.2462247270571456]
  ],
  "45": [],
  "46": [
    [0.6199557957998224, 0.608865775501085],
    [0.158951405056338, 0.06374280947743534]
  ],
  "47": [
    [0.475784243539422, 0.6960404297416325],
    [-0.01295722624148811, -0.0846411805972575]
  ],
  "48": [],
  "49": [
    [0.5168915313241778, 0.253873787827188],
    [-0.4054527476499265, -0.0860853328011002]
  ],
  "50": [],
  "51": [],
  "52": [
    [-0.05585301662906512, -0.0356512200288736]
  ],
  "53": [
    [-0.05808197168840695, -0.06023591601874267]
  ],
  "54": [
    [-0.3361037756107219, -0.80688604767292],
    [-0.01483344527514646, -0.1207532754797064]
  ],
  "55": [
    [0.07618939445401363, -0.1579610426500891],
    [0.127579984692398, -0.1709416329794896]
  ],
  "56": [
    [0.3178196032780107, 0.3043689038563317]
  ],
  "57": [
    [0.02170851005546156, -0.06843579069255452]
  ],
  "58": [
    [0.1076814355786766, -0.150586037251915]
  ],
  "59": [
    [-0.1546748301845785, 0.03544904548967839]
  ],
  "60": [],
  "61": [
    [-0.3457691182079377, -0.1064584653872028],
    [0.2454515454797692, 0.1094938964104969]
  ],
  "62": [
    [0.0721509531939824, 0.2920231262598885]
  ],
  "63": [
    [-0.1339638421110078, -0.3411698009078348],
    [0.00333880194963318, 0.06380678739589264]
  ],
  "64": [
    [-0.1189205105686947, -0.01117563193287737]
  ],
  "65": [
    [-0.711386425801066, 0.172205291158359],
    [0.5205231122582702, 0.0308758882745432],
    [-0.01763011846079984, -0.1315913085326537]
  ],
  "66": [],
  "67": [],
  "68": [
    [0.1894494833926785, -0.0811125856094447]
  ],
  "69": [
    [-0.03924744085351439, -0.1428822186361232]
  ],
  "70": [
    [0.155787667574701, -0.2314945945752789]
  ],
  "71": [
    [0.1843128693231276, 0.0726253227008996]
  ],
  "72": [],
  "73": [
    [-0.6588024429065752, -0.967390954463248],
    [-0.01707609582918015, -0.1036756507426167]
  ],
  "74": [
    [0.1575170870251965, 0.3808050207197013],
    [0.5167288473998585, -0.4204965394919316]
  ],
  "75": [
    [0.04281030730422552, 0.2741311416166563]
  ],
  "76": [
    [0.3846590793558258, 0.2954096998032249],
    [0.05252018706405317, 0.06839463144005688],
    [0.3236872511484392, -0.1334786121231432],
    [0.05516872909724069, -0.0497084557929108]
  ],
  "77": [
    [-0.1864297561005757, -0.5412707921418706],
    [-0.02905165638433519, 0.4218113818264354]
  ],
  "78": [
    [0.4079357405006633, 0.3191139046818372]
  ],
  "79": [
    [-0.1410116999809512, -0.1414356095233519]
  ],
  "80": [
    [0.867424278546097, 0.2732902484419314],
    [0.4968325086845083, 0.1344406599053788],
    [0.2850476927557219, 0.108171364011753]
  ],
  "81": [
    [0.986910011756399, -0.3545829797472239],
    [-0.2104512399581364, 0.00699196535146873]
  ],
  "82": [
    [0.3108214591699459, 0.0727402931742752]
  ],
  "83": [],
  "84": [
    [0.5533261674893976, -0.962789803587904]
  ],
  "85": [
    [-0.827183122501508, -0.2214143118773747],
    [0.292344570064339, 0.1372259373100999]
  ],
  "86": [
    [-0.2363085578335482, -0.83821297727558],
    [0.00288264918491477, -0.02524079533874893]
  ],
  "87": [],
  "88": [
    [0.02796094228983617, 0.02702603111972518],
    [-0.5223089821470781, 0.7557351208284445]
  ],
  "89": [],
  "90": [
    [-0.0940432518789612, -0.2098924974171599]
  ],
  "91": [
    [-0.03878235691904766, -0.02496676746714213]
  ],
  "92": [
    [0.2105295310503008, 0.05860111093550283],
    [-0.2105295310503008, -0.05860111093550283]
  ],
  "93": [
    [-0.02150025814553777, 0.0860154865967128]
  ],
  "94": [
    [0.07497244780933698, 0.5624765658938555],
    [-0.0655937482533985, 0.01854966333796076]
  ],
  "95": [
    [0.0151454108180929, -0.1092969982985604]
  ],
  "96": [],
  "97": [
    [0.0848810817553804, 0.1491162524741386]
  ],
  "98": [
    [-0.3030906511731184, -0.6003612121799912],
    [0.2372164196860131, 0.2765867428341968],
    [-0.2643945484994087, 0.202592610633594],
    [0.3282597464232258, -0.4050685824845973]
  ],
  "99": [
    [0.04916861158904369, -0.01625924362327029]
  ],
  "100": [
    [0.05877979507304115, 0.0875821331397272]
  ]
}
