{
  "1": [],
  "2": [
    [-0.7877774904135629, -0.7318525710247242]
  ],
  "3": [],
  "4": [],
  "5": [],
  "6": [],
  "7": [],
  "8": [],
  "9": [
    [-0.867051008457954, -0.942849337385145]
  ],
  "10": [],
  "11": [],
  "12": [],
  "13": [],
  "14": [
    [0.835502835525539, 0.3590627314250225],
    [0.835499657610328, -0.3590688769607876]
  ],
  "15": [],
  "16": [],
  "17": [],
  "18": [],
  "19": [],
  "20": [],
  "21": [
    [0.807659160319229, 0.7922234935778293],
    [-0.7829469884074844, 0.810564350221822]
  ],
  "22": [
    [-0.932612930880814, 0.94006050702001]
  ],
  "23": [],
  "24": [],
  "25": [],
  "26": [],
  "27": [],
  "28": [],
  "29": [],
  "30": [
    [0.888379178446593, 0.6152823590165069],
    [-0.888891011207306, 0.6153859146855915]
  ],
  "31": [
    [0.6008550065968437, 0.906763150882401]
  ],
  "32": [],
  "33": [],
  "34": [
    [0.993368761704319, -0.857876784630687]
  ],
  "35": [],
  "36": [
    [0.7517030469690364, 0.1193663696234191],
    [0.3010695580626754, 0.5397568662883787],
    [-0.5828457576231462, 0.6937402962913454]
  ],
  "37": [
    [-0.826482844536875, -0.7573550081365337]
  ],
  "38": [],
  "39": [
    [0.824492281744013, 0.834923198354996],
    [0.822773422270742, -0.837903948104514]
  ],
  "40": [
    [-0.942265687778237, 0.932097547499836]
  ],
  "41": [
    [-0.07487250120857612, -0.5023197227064105],
    [-0.07864830320743517, 0.5023177715550375],
    [0.93714451349785, -0.913395406317068]
  ],
  "42": [
    [-0.976518855608335, -0.951180929868947]
  ],
  "43": [],
  "44": [
    [-0.994839510229328, -0.83560528544625],
    [-0.816400388254733, -0.905826000638433]
  ],
  "45": [],
  "46": [],
  "47": [
    [0.860412103039968, 0.874934162018648],
    [-0.826669768146276, 0.967504882060032]
  ],
  "48": [],
  "49": [],
  "50": [],
  "51": [],
  "52": [],
  "53": [],
  "54": [],
  "55": [],
  "56": [],
  "57": [
    [-0.6337006960441917, 0.662858763253556]
  ],
  "58": [],
  "59": [],
  "60": [],
  "61": [],
  "62": [
    [-0.901475688656262, 0.984289520674508]
  ],
  "63": [],
  "64": [],
  "65": [
    [-0.5202867953134117, 0.6715588718763323]
  ],
  "66": [],
  "67": [
    [0.943351294571887, 0.935368339087806]
  ],
  "68": [],
  "69": [],
  "70": [],
  "71": [],
  "72": [],
  "73": [],
  "74": [],
  "75": [
    [0.996998602028331, 0.6216489738125883],
    [-0.947634669443518, -0.6670400928543287]
  ],
  "76": [],
  "77": [
    [-0.876993126382487, -0.993201199491356]
  ],
  "78": [],
  "79": [],
  "80": [
    [-0.916803546416718, -0.98855367997058],
    [-0.4579553441846246, -0.877281710371223],
    [-0.4574086577393725, 0.861002768092759]
  ],
  "81": [],
  "82": [],
  "83": [
    [-0.852492879308302, 0.718786067434697]
  ],
  "84": [],
  "85": [
    [0.8542646587445, 0.892769252113299]
  ],
  "86": [],
  "87": [],
  "88": [],
  "89": [
    [0.879930147864357, -0.546953897035849],
    [-0.876871844176231, 0.5499203584959292]
  ],
  "90": [],
  "91": [],
  "92": [
    [0.7439492920390564, -0.7460835916742161]
  ],
  "93": [],
  "94": [],
  "95": [
    [-0.953525536397753, 0.983879601568779]
  ],
  "96": [],
  "97": [
    [0.927470356744179, -0.845088754793935]
  ],
  "98": [],
  "99": [],
  "100": [
    [-0.998544037838911, 0.1314144025538139]
  ]
}
