{
  "1": [],
  "2": [],
  "3": [],
  "4": [
    [0.923846997266421, -0.86354077528516]
  ],
  "5": [],
  "6": [],
  "7": [
    [0.857226252213999, 0.855311260507045],
    [-0.854374823848089, 0.7607240414438273]
  ],
  "8": [
    [-0.910478231024038, -0.4204479877114438]
  ],
  "9": [
    [-0.956962040877497, 0.837474661910414]
  ],
  "10": [],
  "11": [],
  "12": [],
  "13": [],
  "14": [],
  "15": [],
  "16": [],
  "17": [],
  "18": [
    [-0.912685970318812, -0.85579255332219],
    [0.888999059868496, -0.905272139038782]
  ],
  "19": [
    [-0.6455920682087839, -0.917095847881584],
    [0.6351177750332406, -0.917897067935579]
  ],
  "20": [
    [-0.87239372888623, -0.983929933111653]
  ],
  "21": [],
  "22": [],
  "23": [],
  "24": [
    [-0.908760484961106, 0.933734048782069],
    [-0.7518122751869215, 0.901465878808329]
  ],
  "25": [],
  "26": [],
  "27": [],
  "28": [],
  "29": [
    [-0.3365813541733146, -0.3367464497126436]
  ],
  "30": [],
  "31": [],
  "32": [
    [0.1041467966941657, -0.3189751795927171]
  ],
  "33": [
    [-0.6303417420612386, -0.997526672695685]
  ],
  "34": [
    [0.998595286227705, -0.99868032418543]
  ],
  "35": [],
  "36": [],
  "37": [],
  "38": [],
  "39": [],
  "40": [],
  "41": [],
  "42": [],
  "43": [],
  "44": [],
  "45": [],
  "46": [],
  "47": [
    [-0.997684581946718, 0.7327006722270603]
  ],
  "48": [],
  "49": [],
  "50": [],
  "51": [],
  "52": [],
  "53": [
    [-0.6216391859560205, -0.5393060165105648]
  ],
  "54": [],
  "55": [
    [0.969448521669686, 0.802770133296223],
    [0.3811063412677746, 0.6918230919632062],
    [-0.936680541275397, 0.820148349613549],
    [-0.3810951102736366, 0.6918231629738235]
  ],
  "56": [],
  "57": [],
  "58": [],
  "59": [
    [0.873660401436214, -0.7316602288421262]
  ],
  "60": [],
  "61": [
    [-0.7809218818473154, 0.0]
  ],
  "62": [],
  "63": [
    [0.7747183739206176, -0.977021261038924],
    [-0.7265137951171532, 0.983017663388668]
  ],
  "64": [],
  "65": [
    [-0.6212270806276489, 0.945521515705169]
  ],
  "66": [],
  "67": [
    [-0.1260218809460191, 0.7366994850498658]
  ],
  "68": [],
  "69": [],
  "70": [
    [0.980739093975796, -0.957330849671763]
  ],
  "71": [
    [-0.7434947369013885, -0.7670984598518404],
    [0.800468556146993, 0.7256181265807463]
  ],
  "72": [],
  "73": [
    [-0.934524928377778, -0.96357776262704]
  ],
  "74": [
    [-0.522758961538984, 0.985204004307953]
  ],
  "75": [],
  "76": [],
  "77": [],
  "78": [],
  "79": [],
  "80": [
    [-0.852582011876558, -0.4347659879623639]
  ],
  "81": [],
  "82": [],
  "83": [],
  "84": [
    [-0.7986585496470086, -0.839733159133105],
    [0.6948646359074063, -0.950651410283613]
  ],
  "85": [
    [-0.903917467581919, 0.871086036609417]
  ],
  "86": [
    [0.952047595859098, 0.979652439093513],
    [-0.952047595833398, -0.979652439035324],
    [0.4492398989023755, -0.6009962581931708],
    [-0.4492398998601192, 0.6009962587052993]
  ],
  "87": [],
  "88": [
    [-0.966468851700013, -0.7808286131806753]
  ],
  "89": [
    [0.0, 0.00064398482256103],
    [0.0, 0.00032280999837632],
    [0.917241147150022, 0.5794687891819646]
  ],
  "90": [
    [0.7515367073788682, 0.945030371850265],
    [-0.882084769816095, -0.819500953874756],
    [0.903513347125758, -0.867321296720568],
    [0.979153003340026, -0.844110387852407]
  ],
  "91": [
    [-0.7624683514590572, -0.6858194308790695],
    [-0.7627663712071947, 0.6758245512016449]
  ],
  "92": [],
  "93": [],
  "94": [],
  "95": [],
  "96": [],
  "97": [
    [0.0, -0.00017288316597737],
    [-0.7012898884699384, -0.837205517114908],
    [0.814505129701509, -0.915554363250301],
    [-0.1979368224160641, 0.0998451151404786]
  ],
  "98": [],
  "99": [],
  "100": [
    [0.971799815529395, -0.960301798850973]
  ]
}
