{
  "1": [
    [0.943739753428477, -0.900598019084575]
  ],
  "2": [
    [-0.996050497292845, -0.940319419117811]
  ],
  "3": [
    [-0.768146544494739, -0.1971269347966307],
    [-0.7681550199581991, 0.1971214968968802]
  ],
  "4": [
    [-0.4120696281813903, 0.3408311475661499],
    [0.4124824245808133, -0.3398089564694933]
  ],
  "5": [],
  "6": [],
  "7": [],
  "8": [
    [0.855089865387964, -0.844597590452503]
  ],
  "9": [],
  "10": [
    [-0.02564288629151588, -0.1097378497687675],
    [-0.2385644235778152, 0.2764225218541581],
    [-0.06418854739717499, 0.03867068109537644]
  ],
  "11": [],
  "12": [],
  "13": [
    [0.821014685105775, -0.493873942855645]
  ],
  "14": [],
  "15": [],
  "16": [],
  "17": [
    [0.995728714403825, 0.987007997426483]
  ],
  "18": [],
  "19": [],
  "20": [],
  "21": [
    [-0.2290369461764308, 0.0],
    [-0.6797111982953855, -0.3229124528562255]
  ],
  "22": [],
  "23": [],
  "24": [
    [0.2742090552979703, 0.1815975713435499],
    [-0.2581693059369962, -0.1852830812720613]
  ],
  "25": [],
  "26": [
    [-0.872453033415152, -0.873923376385501],
    [-0.6195730674037531, -0.7577049327928593],
    [-0.6143029218301461, 0.6863612801773735]
  ],
  "27": [
    [0.859105302768389, 0.2065864769699608]
  ],
  "28": [],
  "29": [],
  "30": [],
  "31": [],
  "32": [
    [0.994199029288333, 0.7262341358986398]
  ],
  "33": [
    [-0.7389280184523384, 0.6758595352978914]
  ],
  "34": [
    [0.1819788454139352, 0.7042437300249718]
  ],
  "35": [],
  "36": [],
  "37": [],
  "38": [],
  "39": [
    [0.5517709361254708, 0.950490132387366],
    [-0.5158530041737402, 0.844931474613206]
  ],
  "40": [
    [0.0, 0.0],
    [-0.4685189741837109, -0.5612961050783349],
    [0.3396016491223692, 0.2085980354164305],
    [0.236646435709222, 0.1306404870552967],
    [-0.213121791825365, -0.1416168652953192],
    [0.01310916614240214, -0.1402786761562141],
    [0.03709384282521544, -0.0842191938766011],
    [0.0681722040033669, 0.0],
    [0.06498824103941914, -0.07930764117397684],
    [0.02605040041389446, -0.00688394028976233],
    [-0.00053564548714307, -0.00247261914631733]
  ],
  "41": [],
  "42": [],
  "43": [
    [0.977732081957289, 0.855873932065527],
    [-0.963988443895168, 0.866712883212878]
  ],
  "44": [],
  "45": [],
  "46": [],
  "47": [],
  "48": [],
  "49": [
    [0.807567269134563, 0.876896204365664],
    [-0.932440298286162, 0.952720953846601]
  ],
  "50": [
    [-0.874734011754496, 0.858790360923809],
    [0.998723048924335, -0.7214588942157646]
  ],
  "51": [],
  "52": [],
  "53": [
    [-0.838752118865066, -0.909687502673764],
    [-0.848741650287245, 0.889289728518692]
  ],
  "54": [
    [-0.7945207437062497, 0.915072228046829]
  ],
  "55": [],
  "56": [],
  "57": [],
  "58": [
    [0.894610768595718, 0.950294056409554],
    [0.947538027864727, -0.877866431025237]
  ],
  "59": [
    [-0.4765339671857155, -0.1367414165480789],
    [-0.931538569067752, -0.03054063718585546],
    [0.650117806264735, -0.0913478733391579],
    [-0.6356549732915056, -0.01393216282991084],
    [0.7835691806000868, 0.3611534815342473],
    [0.7675468039158169, 0.7410947700732384],
    [0.4673245587487035, -0.2770853016437302],
    [0.5222107298115705, -0.3234705114388902],
    [-0.02355376317425431, 0.2358508299503055],
    [-0.1867788965121836, 0.2837294343669078],
    [-0.299237855251635, 0.3320055411045881]
  ],
  "60": [],
  "61": [],
  "62": [],
  "63": [],
  "64": [],
  "65": [],
  "66": [],
  "67": [],
  "68": [
    [-0.01046230123370443, 0.0],
    [-0.01042821926258431, 0.0],
    [-0.00467043874344406, 0.0],
    [-0.00063300794886252, -11.0],
    [-0.00063101592106048, -9.0],
    [-0.00057960164135708, -8.0],
    [-9.698209136103e-05, -6.0],
    [-0.02181925179683112, -2.80428300631e-05],
    [-0.00121998357851815, -2.073898606151e-05],
    [-0.00042922575227677, 1.140656135896e-05],
    [0.00200091243145731, 0.01955758096717117],
    [0.00216252484546295, -0.00996831076730826],
    [-0.01081014768676393, -0.05308571171169062],
    [-0.138677248033065, -0.5722658759360394],
    [-0.34698672686938, -0.7543131700764047],
    [-0.00591896509040864, -0.4235151595349301],
    [0.05072659387883562, 0.2873938996712368]
  ],
  "69": [],
  "70": [],
  "71": [
    [-0.863663587608043, 0.0966674312508468]
  ],
  "72": [],
  "73": [],
  "74": [
    [-0.2153335612812538, 0.935595032781796]
  ],
  "75": [
    [0.96791295748099, -0.938216312476971],
    [-0.969475218712056, 0.7717004632764487]
  ],
  "76": [],
  "77": [],
  "78": [
    [-0.7161976083737476, -0.7626072795034613]
  ],
  "79": [],
  "80": [],
  "81": [],
  "82": [
    [-0.863092168633466, 0.805758601147235]
  ],
  "83": [
    [-0.950245126827415, -0.7665563244162737],
    [0.865245577359871, -0.5581674729442239]
  ],
  "84": [
    [-0.841192636175561, 0.997437135429008]
  ],
  "85": [],
  "86": [],
  "87": [],
  "88": [],
  "89": [],
  "90": [
    [0.968381961815441, 0.7045090351952644]
  ],
  "91": [],
  "92": [
    [0.6604678760620416, -0.964062493209432]
  ],
  "93": [],
  "94": [],
  "95": [],
  "96": [
    [-0.984931357484666, 0.7117099761423179]
  ],
  "97": [],
  "98": [],
  "99": [],
  "100": []
}
