{
  "1": [
    [-0.575692538165299, -0.969013534329329],
    [-0.7391789505335313, 0.889526587203539]
  ],
  "2": [
    [0.991997881290096, 0.876831040117476],
    [-0.1374438778177449, -0.5883532138327311]
  ],
  "3": [],
  "4": [
    [-0.504502034032221, 0.06295423926062499]
  ],
  "5": [],
  "6": [
    [-0.00089153268128662, -0.5675099541215919],
    [-0.5425226889176584, 0.5527136041727445]
  ],
  "7": [],
  "8": [
    [0.935318718669641, 0.7107439107200562],
    [0.5542705832183543, 0.595416621971666]
  ],
  "9": [],
  "10": [],
  "11": [
    [0.862058774745816, 0.6063160210795329],
    [0.05036951019539595, 0.954366101104255],
    [-0.0503686206470531, 0.954366104136136]
  ],
  "12": [],
  "13": [
    [0.04096528136813924, -0.966860617257504]
  ],
  "14": [
    [-0.2308852441641969, -0.7744101371600776],
    [0.2309083977661179, -0.7743873092538839],
    [-0.4469337269581129, -0.206145039049234],
    [0.446920660600383, -0.2071168664084557]
  ],
  "15": [],
  "16": [
    [0.2098727005905417, 0.6776178157595604]
  ],
  "17": [],
  "18": [],
  "19": [
    [0.926706817973343, 0.931543664376958]
  ],
  "20": [
    [-0.1551690340817361, -0.670341325116035],
    [-0.1551865302927005, 0.670303934918942]
  ],
  "21": [],
  "22": [],
  "23": [
    [-0.925175838081635, -0.6164071988111309]
  ],
  "24": [],
  "25": [
    [-0.7414372997779447, -0.897236650635449]
  ],
  "26": [],
  "27": [
    [-0.6137398291493339, 0.1443860778860096]
  ],
  "28": [],
  "29": [
    [-0.896628098016289, -0.833388934576994],
    [0.922203545630376, 0.7831767794373592]
  ],
  "30": [
    [0.967743401766867, 0.7527334452200726],
    [0.825591831823228, -0.973695756464542]
  ],
  "31": [
    [-0.7178066169372199, -0.3259594693247998],
    [0.7260690609139987, 0.3188039232835318]
  ],
  "32": [
    [-0.849727411232263, 0.965779576101108]
  ],
  "33": [],
  "34": [
    [-0.6699159457081656, 0.7221274701780792]
  ],
  "35": [],
  "36": [],
  "37": [
    [-0.887491223546564, 0.967166560674391]
  ],
  "38": [],
  "39": [],
  "40": [],
  "41": [],
  "42": [],
  "43": [],
  "44": [],
  "45": [
    [-0.1715851950305219, -0.977887286029803],
    [0.1715848312130572, -0.969377278847133]
  ],
  "46": [],
  "47": [],
  "48": [],
  "49": [
    [0.975906787931067, -0.874997386353717]
  ],
  "50": [],
  "51": [],
  "52": [],
  "53": [
    [-0.5327772229918706, -0.982800965734956],
    [-0.931617763687975, -0.5070718662563223]
  ],
  "54": [],
  "55": [
    [-0.4196517990516043, -0.02444333711012686]
  ],
  "56": [
    [0.5914908498092897, 0.872807447664961],
    [0.5869706291267399, -0.991819644584372]
  ],
  "57": [
    [-0.5374524443252481, -0.472264576616491],
    [0.540571387599622, -0.4630551938174966]
  ],
  "58": [
    [-0.3202474635909401, 0.096486516851508]
  ],
  "59": [
    [-0.7002914585480553, -0.932215548502735]
  ],
  "60": [
    [0.5596643562898407, -0.853462991034582]
  ],
  "61": [],
  "62": [
    [0.877192144132522, 0.881813618601555],
    [-0.920997022420839, -0.7710453687785234]
  ],
  "63": [
    [-0.1801935254449078, -0.00296735227049696]
  ],
  "64": [],
  "65": [
    [-0.855723894662867, 0.6429809954567455]
  ],
  "66": [],
  "67": [],
  "68": [],
  "69": [
    [0.989445490349338, 0.3897071277976051],
    [0.5381241145844341, 0.870779836380254]
  ],
  "70": [],
  "71": [
    [-0.1845437388900585, -0.1141586517353844],
    [-0.1329995924090326, 0.116265591809517]
  ],
  "72": [],
  "73": [],
  "74": [
    [-0.986100907510692, -0.5711910229752631],
    [0.970041525551237, -0.6274850862874818]
  ],
  "75": [],
  "76": [],
  "77": [],
  "78": [],
  "79": [
    [0.4972231872456152, 0.5718371169187434],
    [-0.5007807791994207, -0.5663149596454123]
  ],
  "80": [],
  "81": [],
  "82": [],
  "83": [],
  "84": [
    [-0.01630103278804674, -0.6574164478643212],
    [-0.0990711306232831, 0.2668895060061873]
  ],
  "85": [
    [0.3985419226193942, 0.810770424821754]
  ],
  "86": [
    [-0.7405062112706119, -0.2551095469751799]
  ],
  "87": [
    [-0.848421991553273, -0.1677470834805268],
    [0.848430745167714, -0.167747152382166],
    [0.773186344122357, -0.814572207091274]
  ],
  "88": [],
  "89": [],
  "90": [
    [-0.861766699318243, -0.6850412367671278]
  ],
  "91": [
    [0.724352760255501, -0.903788650697436]
  ],
  "92": [],
  "93": [],
  "94": [],
  "95": [],
  "96": [],
  "97": [],
  "98": [],
  "99": [],
  "100": []
}
