{
  "1": [],
  "2": [],
  "3": [
    [-0.7723220550283142, 0.727761548361614],
    [0.895467667560498, -0.6847437667526505]
  ],
  "4": [],
  "5": [
    [-0.5682043648117098, -0.7509267931387229]
  ],
  "6": [],
  "7": [],
  "8": [],
  "9": [],
  "10": [
    [-0.7527497137257319, -0.7184676900524776]
  ],
  "11": [],
  "12": [],
  "13": [
    [0.566761858138404, 0.4886961802399243],
    [0.5671921783091269, -0.4918858896722048]
  ],
  "14": [
    [0.354377082958674, -0.49218849706397],
    [-0.3543770829586799, 0.4921884970639812]
  ],
  "15": [],
  "16": [
    [0.3116452589038233, 0.6517970745208151]
  ],
  "17": [
    [-0.5077873447520509, -0.0056464564618707],
    [0.5077878045760257, -0.00564644623614575]
  ],
  "18": [
    [0.2384511719153054, -0.0925178475941024],
    [-0.2383973092984819, 0.0928048342169616]
  ],
  "19": [],
  "20": [
    [0.90504879597521, 0.5219297627694148]
  ],
  "21": [
    [-0.854797456327607, -0.816647359060693],
    [0.8547974563276, 0.816647359060687],
    [-0.851026616802564, -0.4297324382489117],
    [0.851026616802561, 0.4297324382489121]
  ],
  "22": [],
  "23": [
    [-0.963480668354724, -0.994569573682304],
    [-0.6561530252275514, -0.7142152344929026]
  ],
  "24": [
    [-0.5613111188154557, -0.7775810442707427],
    [0.4762804180964079, -0.7331455005661343]
  ],
  "25": [
    [0.820067977142206, 0.6483238226652485]
  ],
  "26": [],
  "27": [],
  "28": [],
  "29": [
    [0.846671238908879, 0.7324614858979328],
    [-0.891757526107812, -0.5095031071481303],
    [0.966126348137743, 0.3881072974396791],
    [0.7279883290805911, -0.1275638729473753],
    [-0.6714142958153642, 0.959142454536593]
  ],
  "30": [],
  "31": [],
  "32": [
    [0.7584557470348527, -0.3678887106588667]
  ],
  "33": [],
  "34": [],
  "35": [],
  "36": [],
  "37": [],
  "38": [],
  "39": [],
  "40": [],
  "41": [
    [-0.6881936160605802, 0.7321095190674725],
    [0.804299666498085, -0.7201424693359608]
  ],
  "42": [],
  "43": [
    [-0.7583040259800957, -0.4008755290068225],
    [-0.4118296958463594, -0.0884889015701601],
    [0.4111966400546204, -0.0881011407045721],
    [0.921853487819798, -0.701861080779398]
  ],
  "44": [],
  "45": [],
  "46": [],
  "47": [
    [0.2298453602968259, 0.9188493983251],
    [-0.01687749425463513, -0.84259975581082],
    [-0.01693194555321913, 0.842602789099013]
  ],
  "48": [],
  "49": [
    [-0.2059390510356743, -0.6173085408779223],
    [0.1972071428200183, -0.6724421919718394]
  ],
  "50": [],
  "51": [],
  "52": [],
  "53": [
    [-0.915648995035449, -0.7466261655393341]
  ],
  "54": [],
  "55": [
    [-0.740970348395864, -0.7708416322766026],
    [-0.857119057581502, 0.82289729931128]
  ],
  "56": [
    [-0.3781162245222454, 0.677706717666191]
  ],
  "57": [
    [-0.936897446795143, -0.0839601237766873],
    [0.3284353407156924, -0.7120314965902146]
  ],
  "58": [
    [0.01614299483300905, -0.7691910775849965],
    [-0.7965849186342812, 0.01769407042612221],
    [0.89453225728178, -0.832353179307063]
  ],
  "59": [
    [-0.6455284669349615, -0.7088154185635727],
    [-0.7350990034592083, 0.966184670463616]
  ],
  "60": [],
  "61": [
    [-0.6271777200639593, -0.3743423585755878],
    [-0.6271729261157308, 0.3739081963637995]
  ],
  "62": [
    [-0.939031652887199, -0.989562037786671],
    [0.933223975852082, -0.4843111477215499]
  ],
  "63": [
    [-0.956511677052652, 0.931715239516015],
    [-0.885254742468687, 0.3546296596786507],
    [0.7874888209895206, -0.348294054366515]
  ],
  "64": [],
  "65": [
    [-0.5618315552953902, -0.1025888147138776],
    [-0.5618251143460607, 0.1026018972648305]
  ],
  "66": [],
  "67": [],
  "68": [
    [0.838422119834766, -0.6563617504102329]
  ],
  "69": [
    [-0.5126301389960869, -0.6914124647854292],
    [-0.5298609447969281, 0.6964928649753716]
  ],
  "70": [],
  "71": [],
  "72": [],
  "73": [],
  "74": [
    [0.545606118298228, 0.6248794074929463]
  ],
  "75": [
    [0.935966379917488, -0.6104692729866517]
  ],
  "76": [
    [-0.1819313191174431, -0.3402694167052296]
  ],
  "77": [
    [0.7312532572111672, 0.5167153132448865]
  ],
  "78": [],
  "79": [
    [0.811443316636893, 0.5656178662035617]
  ],
  "80": [
    [0.3377098755546175, -0.6064109653259191]
  ],
  "81": [
    [0.6045186897545248, 0.3772608291630935],
    [-0.6426884392996369, 0.3420677127390927]
  ],
  "82": [],
  "83": [
    [0.05474093182874506, -0.0997556679635184]
  ],
  "84": [],
  "85": [],
  "86": [
    [0.867967885465506, 0.930560213561587],
    [-0.342999213644775, -0.879717507305215]
  ],
  "87": [],
  "88": [
    [-0.917410031184172, 0.964469498102106]
  ],
  "89": [
    [0.867122208495773, -0.989649256728298],
    [0.1125181878127806, -0.1994151853184897]
  ],
  "90": [],
  "91": [
    [-0.2616367970133107, 0.709845839189923]
  ],
  "92": [
    [0.972828227997416, -0.3102205433953848]
  ],
  "93": [
    [-0.480228093859659, 0.1814778391232822],
    [0.4786293080867159, -0.180955758503861]
  ],
  "94": [
    [-0.976320734627533, -0.3661817862594579]
  ],
  "95": [],
  "96": [],
  "97": [
    [-0.2005057649015616, -0.2508985738866864],
    [-0.2003982087033031, 0.3373457061536815]
  ],
  "98": [],
  "99": [],
  "100": [
    [0.92176438713512, 0.2895637300022374],
    [-0.1245985241743774, -0.2676051835416033],
    [-0.0967362828446665, 0.267723430335146]
  ]
}
