{
  "1": [],
  "2": [
    [0.856074493998347, -0.6378598572916121]
  ],
  "3": [],
  "4": [],
  "5": [],
  "6": [],
  "7": [
    [0.1426615821758563, -0.3835687008793869]
  ],
  "8": [
    [-0.4299286333030834, -0.7448391323019115]
  ],
  "9": [
    [0.7954765617162424, -0.939413154721269]
  ],
  "10": [],
  "11": [
    [-0.923358658017567, 0.7262469026940669]
  ],
  "12": [],
  "13": [],
  "14": [
    [0.89155498164905, 0.7892276591823908]
  ],
  "15": [],
  "16": [],
  "17": [
    [0.2955407464839249, 0.4358504606877316],
    [0.3459406052801126, -0.4814736295251102]
  ],
  "18": [],
  "19": [],
  "20": [
    [0.5805138456994023, 0.999653228727015]
  ],
  "21": [],
  "22": [],
  "23": [
    [-0.898101616504422, -0.2005381533335104]
  ],
  "24": [],
  "25": [],
  "26": [],
  "27": [],
  "28": [
    [-0.98770030846558, 0.1202835382402978]
  ],
  "29": [],
  "30": [
    [0.5271115920083691, -0.2266989090486727],
    [-0.5254390304051466, 0.2267773990641388]
  ],
  "31": [],
  "32": [
    [0.4812204990483647, 0.4634330878079841]
  ],
  "33": [
    [-0.801693890230315, -0.908597666942426]
  ],
  "34": [
    [0.2389754298846167, 0.872420732544524]
  ],
  "35": [],
  "36": [],
  "37": [],
  "38": [],
  "39": [],
  "40": [],
  "41": [
    [-0.3936626878156058, -0.922582268417464],
    [0.6866922609104728, -0.4146411465175508],
    [0.5771837101445405, -0.6116776933862673]
  ],
  "42": [
    [0.864242580229667, -0.4536631326863577]
  ],
  "43": [],
  "44": [],
  "45": [
    [-0.954111770895429, -0.3519885037467103],
    [-0.997016901565504, 0.6303416391116128]
  ],
  "46": [],
  "47": [],
  "48": [
    [0.3886236882252044, -0.892386851161439]
  ],
  "49": [],
  "50": [
    [0.04326225710017323, -0.2476235842346447]
  ],
  "51": [
    [0.860703886344587, 0.2707641861392002]
  ],
  "52": [
    [0.908127605288735, 0.4477889189437833]
  ],
  "53": [],
  "54": [],
  "55": [
    [0.4740133873654224, 0.4928561781484737],
    [0.3491527099855118, -0.3696765863860765]
  ],
  "56": [],
  "57": [],
  "58": [
    [0.0906923199293653, 0.1954378303198139],
    [-0.0906922955617202, 0.1954378066585358]
  ],
  "59": [
    [0.5776394186221231, 0.7350392922708505]
  ],
  "60": [
    [-0.082868730664792, -0.1473557551443849],
    [0.0828553278632037, -0.1473557551447557]
  ],
  "61": [
    [0.979603935636262, 0.872422622381736]
  ],
  "62": [
    [0.2172577825686787, 0.6509027684617966]
  ],
  "63": [],
  "64": [],
  "65": [],
  "66": [],
  "67": [],
  "68": [
    [-0.4262973887393912, -0.814453593613121]
  ],
  "69": [],
  "70": [],
  "71": [],
  "72": [
    [0.873135122767881, 0.960581997705981],
    [-0.929626208682933, 0.0715149380678594],
    [0.9400739162606, -0.921351364695039]
  ],
  "73": [
    [0.885900624447504, 0.728702018517212]
  ],
  "74": [
    [0.5678849771683132, -0.872619317929131]
  ],
  "75": [],
  "76": [
    [0.3740159074809417, 0.982647247592067]
  ],
  "77": [],
  "78": [],
  "79": [
    [-0.2443796686912924, -0.5514132461387632],
    [0.2447911997334077, -0.5502080826817456]
  ],
  "80": [],
  "81": [],
  "82": [
    [-0.870126018251891, 0.5056574608599212]
  ],
  "83": [],
  "84": [
    [-0.7351062376450088, -0.3028732232658129],
    [0.7419536976837822, 0.2880269235519121]
  ],
  "85": [],
  "86": [
    [0.873344755559009, 0.824654852963473]
  ],
  "87": [
    [0.957455939543748, 0.6597013491896719]
  ],
  "88": [],
  "89": [
    [0.5367117422973134, -0.4232105191285079]
  ],
  "90": [],
  "91": [
    [0.86677353363423, 0.5268396996573034]
  ],
  "92": [],
  "93": [
    [-0.5656424859991463, -0.2232503777066123],
    [0.5579094490596529, 0.2334339533933741]
  ],
  "94": [],
  "95": [],
  "96": [],
  "97": [
    [0.838328630236402, 0.6930932827390687],
    [0.3635931017098635, 0.5543388146326559]
  ],
  "98": [],
  "99": [
    [-0.3142746778342047, -0.3621874281917956],
    [-0.46186541495396, 0.2988802479954727]
  ],
  "100": [
    [-0.7612936659365434, -0.2028502345142901],
    [0.4922201825565593, -0.4766967029837829]
  ]
}
