{
  "1": [
    [-0.841810958524366, -0.948621663253726]
  ],
  "2": [],
  "3": [
    [0.3336603365030304, 0.1614578180240832],
    [0.3336603364979955, -0.1607813443684008]
  ],
  "4": [
    [-0.988262228479417, -0.582740813052192],
    [0.98781737278567, -0.5854301098002745]
  ],
  "5": [],
  "6": [],
  "7": [],
  "8": [],
  "9": [],
  "10": [
    [-0.6816980707842983, 0.915380123749965]
  ],
  "11": [
    [-0.971701132910478, -0.7168719054603111]
  ],
  "12": [],
  "13": [],
  "14": [],
  "15": [
    [0.860834388780972, -0.89350115707513]
  ],
  "16": [
    [-0.946946933843012, -0.7252836798258993],
    [-0.6824995253682826, 0.987418349034489]
  ],
  "17": [
    [-0.6953764212506726, -0.631448026887165],
    [0.3506680206050045, 0.5363180519684017]
  ],
  "18": [],
  "19": [],
  "20": [
    [0.6567361533090476, -0.921618744713216],
    [-0.5093564129723446, 0.5162927886200342],
    [0.02927009232934062, -0.1830551435524953]
  ],
  "21": [],
  "22": [],
  "23": [],
  "24": [],
  "25": [],
  "26": [
    [0.00025096481932832, -7.0],
    [-0.5120988956550883, -0.3516089592828858],
    [0.2602390270964051, -0.6808311368256132],
    [0.383758490440231, -0.3413916196268146],
    [0.5003291302107034, -0.3231796811134747],
    [0.89166514015968, -0.5881171046045452]
  ],
  "27": [],
  "28": [
    [-0.660936733370539, 0.955611415877999]
  ],
  "29": [],
  "30": [],
  "31": [],
  "32": [],
  "33": [
    [0.868756019661069, 0.7711426176924864],
    [-0.983794333477999, -0.6310181617508281]
  ],
  "34": [],
  "35": [],
  "36": [],
  "37": [],
  "38": [
    [0.975797494900655, -0.934331623385008]
  ],
  "39": [],
  "40": [
    [0.5576326739981237, -0.981728510348983]
  ],
  "41": [],
  "42": [
    [0.927268632377024, 0.861318730723729]
  ],
  "43": [],
  "44": [],
  "45": [
    [0.92677946319529, 0.941908821854763]
  ],
  "46": [
    [-0.871482270174593, 0.907047747966715]
  ],
  "47": [],
  "48": [
    [0.275624315541662, -0.1587232042324062]
  ],
  "49": [],
  "50": [],
  "51": [],
  "52": [
    [-0.7828289734348601, -0.995674708467081],
    [-0.845823587751387, 0.923036108733147]
  ],
  "53": [
    [0.5614580736296246, -0.5672387020625678]
  ],
  "54": [],
  "55": [],
  "56": [],
  "57": [
    [-0.806836711434348, -0.905925947480493]
  ],
  "58": [
    [-0.95539130582606, 0.5168815385917597]
  ],
  "59": [
    [-0.4730674573952513, -0.1226129366651757],
    [-0.4730674573952513, 0.1226129366651755]
  ],
  "60": [],
  "61": [],
  "62": [],
  "63": [],
  "64": [],
  "65": [
    [0.864662648243656, -0.945645366084639]
  ],
  "66": [],
  "67": [
    [-0.5448197360214541, -0.4505303565242457],
    [-0.5448199008029815, 0.4505342144801003]
  ],
  "68": [],
  "69": [
    [-0.7987697690583254, -0.6396250647517471],
    [0.01617941577639085, -0.6401088957484328],
    [0.7906585561920977, -0.6396618423689208]
  ],
  "70": [],
  "71": [],
  "72": [],
  "73": [],
  "74": [],
  "75": [],
  "76": [],
  "77": [],
  "78": [
    [0.997469391096061, 0.923722873633648],
    [0.965776910111621, -0.853952101425515]
  ],
  "79": [],
  "80": [],
  "81": [],
  "82": [
    [-0.978974060512129, -0.871792003421098]
  ],
  "83": [],
  "84": [],
  "85": [],
  "86": [],
  "87": [],
  "88": [],
  "89": [],
  "90": [],
  "91": [],
  "92": [],
  "93": [],
  "94": [],
  "95": [
    [-0.965806413620019, 0.956257249034534]
  ],
  "96": [],
  "97": [],
  "98": [],
  "99": [],
  "100": [
    [-0.833361361985484, -0.985789910038158],
    [0.844074736236231, -0.6955156414270459]
  ]
}
