{
  "1": [
    [0.02559557816997427, 0.1133538626027657]
  ],
  "2": [
    [0.01259195472641309, -0.1091129527982506]
  ],
  "3": [
    [0.3876061377823204, 0.2859535477192481],
    [-0.4089440546834063, 0.3016443768067563]
  ],
  "4": [
    [-0.2985334753567958, -0.06054216421441547]
  ],
  "5": [
    [0.04389644113079624, -0.04956322724544801]
  ],
  "6": [
    [-0.5781897554970185, -0.1242599441630309],
    [0.7102166572716241, -0.2396551318195832]
  ],
  "7": [
    [-0.07397896524825093, -0.03446618017242975]
  ],
  "8": [
    [0.4527354327781507, 0.024640612639304]
  ],
  "9": [
    [-0.5672530918973713, -0.2019980754867314]
  ],
  "10": [
    [-0.2466189449500798, 0.3806541854053723]
  ],
  "11": [],
  "12": [
    [-0.05321064850636006, 0.03887272247259768]
  ],
  "13": [
    [0.7755116111379866, 0.3019793860299976],
    [-0.7755116111379847, 0.3019793860299969],
    [-0.141504814956526, -0.0235092089920338],
    [0.141504814956525, -0.023509208992034]
  ],
  "14": [
    [0.0260412038159637, -0.7725484025294646]
  ],
  "15": [],
  "16": [
    [-0.6362221785363884, -0.3107143787390114]
  ],
  "17": [
    [-0.610401485125074, -0.3092185903965387],
    [0.3296609398786346, 0.4069418577490945]
  ],
  "18": [
    [0.1222327863080455, 0.618130820934338]
  ],
  "19": [
    [0.1461128545173976, -0.6797745862559589],
    [0.1896361863764589, 0.1057133844943327],
    [-0.1657709121251363, -0.122628479932128]
  ],
  "20": [
    [-0.1219815180327469, -0.817002107809396],
    [-0.1489358884174745, -0.284512606274244]
  ],
  "21": [
    [-0.02401791396861363, -0.05513220538052112]
  ],
  "22": [],
  "23": [],
  "24": [
    [0.4569747105369377, 0.6412590920884104]
  ],
  "25": [],
  "26": [
    [-0.3928863630208502, -0.936307650273747],
    [0.217909919789045, -0.966829673951028]
  ],
  "27": [
    [-0.05022302452622264, 0.1884558640306548]
  ],
  "28": [],
  "29": [
    [0.826738878142687, -0.188919909567767]
  ],
  "30": [
    [0.856527533257572, 0.2424491373504417]
  ],
  "31": [],
  "32": [
    [-0.04425820201734178, -0.0962315800773516]
  ],
  "33": [
    [-0.968551884631981, -0.01612442855156959],
    [-0.3854786953486109, -0.05669489973186463]
  ],
  "34": [
    [-0.1112259552612185, -0.3964971722352344]
  ],
  "35": [
    [-0.06936577332775037, 0.01219079536078411]
  ],
  "36": [
    [-0.01478083400570522, 0.634854120769362],
    [-0.0150815599282022, -0.6008567879099006]
  ],
  "37": [
    [-0.0823634844224614, 0.0483515787681866]
  ],
  "38": [],
  "39": [
    [0.6716250629042957, -0.802368802228927],
    [-0.210528888291426, 0.1401037411300963]
  ],
  "40": [
    [-0.4716459718943382, 0.0134714704203367],
    [0.01352384022918937, -0.1097217933013917]
  ],
  "41": [
    [0.05687598256096744, -0.1739287874093348]
  ],
  "42": [
    [0.1850299123212988, 0.3489435102848457],
    [0.2618087243069494, -0.3551006044368116]
  ],
  "43": [
    [-0.0537568095090506, -0.879992044481997],
    [0.809003373606314, 0.0354951019638658]
  ],
  "44": [
    [0.5403422114703645, 0.823590095844353]
  ],
  "45": [],
  "46": [],
  "47": [
    [0.3807856742512982, 0.4137652688248967],
    [0.890324776988979, -0.2879471340729605]
  ],
  "48": [],
  "49": [
    [-0.3907055862314202, -0.2734280301326982]
  ],
  "50": [
    [-0.7502830864168989, -0.2452517871300272]
  ],
  "51": [],
  "52": [],
  "53": [
    [0.7383655470954223, -0.1207449098771847]
  ],
  "54": [
    [0.06703610558887069, 0.01497377976320293]
  ],
  "55": [
    [-0.2599802680413745, -0.4279990680591182],
    [0.986515971367845, -0.50229103800801]
  ],
  "56": [
    [-0.0810733120336636, -0.0044393334876973]
  ],
  "57": [
    [-0.4887701734635626, -0.5344276480794741]
  ],
  "58": [],
  "59": [
    [0.00638893585184604, 0.4130943154247157]
  ],
  "60": [
    [-0.4540532967901635, -0.850272118707294]
  ],
  "61": [
    [-0.6656279673985996, -0.2241668452144004],
    [0.2202163206208892, -0.2816807017166542]
  ],
  "62": [
    [0.7363158211038912, 0.2159663504501044]
  ],
  "63": [
    [-0.858193034706391, 0.07094047407284378],
    [-0.4504863029156927, 0.1330212632748756]
  ],
  "64": [
    [0.5239773223136412, 0.4304113594134172],
    [0.5239773223136408, -0.4304113594134177]
  ],
  "65": [
    [-0.5124702490817533, -0.902916815124679]
  ],
  "66": [
    [0.1410848158082271, 0.956616245488458]
  ],
  "67": [],
  "68": [
    [-0.03831742255854603, 0.05922140850143943]
  ],
  "69": [
    [0.0909822384345372, 0.6311327743112991],
    [-0.07839014166854573, -0.6188190949686416]
  ],
  "70": [
    [0.1548197072184552, 0.1905867292813693]
  ],
  "71": [
    [-0.3718161645739563, 0.03266273137071273]
  ],
  "72": [],
  "73": [
    [0.3606857486974258, 0.0855981953816072],
    [0.985915667606588, -0.868231188003884],
    [-0.3782662856008415, 0.0961345684116396]
  ],
  "74": [
    [-0.806383799772908, 0.05367414547427649]
  ],
  "75": [],
  "76": [],
  "77": [
    [-0.06097471650407956, 0.0069916853313753]
  ],
  "78": [
    [0.1817889140620963, 0.0925170435988513]
  ],
  "79": [
    [-0.4349401861534422, -0.341523947926654],
    [0.611023164073824, -0.5275842911267732]
  ],
  "80": [
    [0.6390926423153988, -0.0840043145476605]
  ],
  "81": [
    [-0.4769742402963074, -0.1212085988633454],
    [-0.825484434870557, 0.3985700143669366]
  ],
  "82": [
    [-0.5461342948604434, 0.5624094129883266],
    [0.4061998671159563, -0.5042914975651303],
    [0.05604577795442397, -0.1117974852266254]
  ],
  "83": [],
  "84": [],
  "85": [],
  "86": [
    [0.815513734512217, -0.03271145303792105],
    [-0.1263263975714254, -0.03065868374708447]
  ],
  "87": [],
  "88": [
    [-0.0883780654625067, 0.2110437022102591]
  ],
  "89": [
    [0.860464916533674, 0.7683001053809978],
    [0.167259758655011, 0.1632774597476817]
  ],
  "90": [
    [-0.05355192168665873, -0.1449549029799471],
    [-0.05553318475972056, 0.1506606332772641]
  ],
  "91": [],
  "92": [],
  "93": [
    [-0.2110496775163806, 0.7197287429072073],
    [-0.03927185314303432, 0.2598239169585046]
  ],
  "94": [
    [0.4795163950353188, 0.557976432780567],
    [0.3731456148997526, -0.4969016948860631],
    [0.4144589144713565, -0.3200706743608986]
  ],
  "95": [
    [-0.1690774795290644, -0.5780666898174983],
    [0.5760555779937601, -0.3948957500761867]
  ],
  "96": [],
  "97": [],
  "98": [],
  "99": [
    [-0.1668059476989164, -0.2555051271582217]
  ],
  "100": []
}
