{
  "1": [],
  "2": [
    [0.2531614359790435, -0.3218026521307502]
  ],
  "3": [],
  "4": [],
  "5": [],
  "6": [
    [-0.981044938040056, 0.944035678068155],
    [0.959902666735102, -0.943147613721675]
  ],
  "7": [],
  "8": [
    [0.912408971786413, -0.7040605764922949]
  ],
  "9": [
    [0.2183778764758778, 0.916528087296193],
    [-0.2180648833154347, -0.916955483826062],
    [0.2179836025509547, -0.917069469170949],
    [-0.2184600026005215, 0.916413218639368]
  ],
  "10": [],
  "11": [],
  "12": [],
  "13": [],
  "14": [],
  "15": [],
  "16": [
    [-0.808578792333719, -0.6263276352430343],
    [0.801806007173532, 0.6288477031598289],
    [0.80188669695221, -0.6286741506555449],
    [-0.808498494669846, 0.6265103080873078]
  ],
  "17": [
    [0.86733063542634, 0.932217637017007],
    [-0.879381605040763, 0.924859175967159]
  ],
  "18": [],
  "19": [
    [-0.1864948695477225, 0.5111229167651276],
    [0.186494874956066, -0.5111229187521839]
  ],
  "20": [],
  "21": [],
  "22": [],
  "23": [],
  "24": [
    [0.830600928950603, -0.970798817920408]
  ],
  "25": [],
  "26": [],
  "27": [],
  "28": [
    [0.5965276950197727, 0.5949621978863417]
  ],
  "29": [
    [-0.740275246723769, -0.871730136939113]
  ],
  "30": [
    [-0.874162738406576, -0.7864730873829258],
    [0.863476564041137, -0.816230506265887]
  ],
  "31": [],
  "32": [],
  "33": [
    [-0.724250970240183, -0.7998573703257753]
  ],
  "34": [],
  "35": [],
  "36": [],
  "37": [],
  "38": [],
  "39": [
    [-0.6171335099725971, 0.7967062106561387]
  ],
  "40": [],
  "41": [],
  "42": [],
  "43": [],
  "44": [],
  "45": [],
  "46": [],
  "47": [],
  "48": [],
  "49": [],
  "50": [],
  "51": [],
  "52": [],
  "53": [
    [0.3410029281891435, -0.905133483423652]
  ],
  "54": [],
  "55": [],
  "56": [],
  "57": [],
  "58": [
    [0.999187445518775, 0.755868564439039]
  ],
  "59": [
    [-0.876673472738417, -0.788769569299142]
  ],
  "60": [
    [-0.6168750847077664, -0.940348237196643],
    [-0.6688532202564877, 0.878586426653602]
  ],
  "61": [
    [0.959642482195701, -0.6982116301323069]
  ],
  "62": [
    [0.827359798393806, 0.82459225518395]
  ],
  "63": [
    [-0.5422401861847278, 0.2507200820828385]
  ],
  "64": [],
  "65": [
    [-0.5665587792659831, -0.883547646048615]
  ],
  "66": [],
  "67": [
    [0.7255054727816219, -0.787056094602652],
    [-0.83015119904804, 0.6215312205671054]
  ],
  "68": [
    [0.817433572720061, -0.984121666497348]
  ],
  "69": [
    [-0.7263307353855625, -0.970014987749159],
    [-0.5042014434845433, -0.7990608677084039],
    [0.5046347958766214, 0.7958801690968832]
  ],
  "70": [],
  "71": [
    [0.02201508534755687, 0.1182532730998702]
  ],
  "72": [
    [-0.87975532486796, -0.96462748190464]
  ],
  "73": [],
  "74": [],
  "75": [],
  "76": [],
  "77": [],
  "78": [],
  "79": [],
  "80": [],
  "81": [],
  "82": [],
  "83": [],
  "84": [],
  "85": [
    [0.994219408064906, 0.999288298813695]
  ],
  "86": [
    [0.3153282068828735, 0.7113684817777467]
  ],
  "87": [],
  "88": [
    [0.6941006434669021, -0.7528898568519753]
  ],
  "89": [],
  "90": [],
  "91": [],
  "92": [
    [0.933654750407716, 0.6807136117401933]
  ],
  "93": [],
  "94": [],
  "95": [],
  "96": [],
  "97": [
    [-0.6407348040031403, 0.7077224474197533]
  ],
  "98": [],
  "99": [
    [-0.6605695819214037, -0.6257128971369612],
    [-0.5887136027247069, 0.7114711090448645]
  ],
  "100": []
}
