{
  "1": [
    [0.85077666169963, 0.7638029336898832],
    [0.3545919968510905, 0.07071570625525986],
    [-0.3526630607054981, 0.0702123933194111]
  ],
  "2": [
    [0.0832627769100286, 0.3641620334961104],
    [0.0828473825318343, -0.364613507401068],
    [-0.920240592137162, 0.7100160368171683]
  ],
  "3": [
    [0.4444020759986598, 0.877646167344965],
    [-0.7775521567419553, 0.5372319166473666],
    [-0.4121475710357242, 0.2944792193318715]
  ],
  "4": [
    [0.4926688743071144, 0.6357949698444012],
    [-0.849276584218567, -0.160404651522667],
    [-0.6493589049856558, 0.2247793118421279]
  ],
  "5": [
    [0.4396484410251497, 0.652831351375663]
  ],
  "6": [
    [-0.4734363461452988, 0.05648822622052522]
  ],
  "7": [
    [-0.1973064035529885, -0.5381506403927622],
    [-0.2082345399409992, 0.5399650700035123]
  ],
  "8": [
    [-0.0076448025037054, -0.5307696864025472]
  ],
  "9": [],
  "10": [
    [0.9217082459616, -0.845352745746906]
  ],
  "11": [
    [0.828178338089454, 0.7018244786773736],
    [-0.6364396325914043, 0.976927309794055],
    [0.7067941197484398, -0.5409863959598701]
  ],
  "12": [
    [0.06205307307632994, 0.7444839613815208],
    [-0.06367074367860083, -0.7336901251902334]
  ],
  "13": [],
  "14": [
    [0.1123553070729268, 0.5547989276742694],
    [-0.1320460755770767, 0.857960695625016]
  ],
  "15": [],
  "16": [
    [0.811713512951891, -0.2920872526273465]
  ],
  "17": [
    [-0.469435583141933, 0.68867949896608]
  ],
  "18": [
    [-0.958045923874604, -0.4185760699697585]
  ],
  "19": [
    [-0.23190357945417, -0.3650237467793216]
  ],
  "20": [],
  "21": [
    [-0.02198309444188904, -0.7824063547472457]
  ],
  "22": [],
  "23": [
    [0.4718302738275526, -0.05622475473586707],
    [-0.03810617827282039, 0.6923176539911344]
  ],
  "24": [
    [0.4111292143774011, 0.5767137264026116],
    [0.4497828143634009, -0.6059353919339538]
  ],
  "25": [
    [0.955493117850059, 0.6970267112897012],
    [0.07699583928276077, 0.822581910855334],
    [-0.9050526503816, 0.828030071360797]
  ],
  "26": [
    [0.817222694218173, 0.356877419892166],
    [0.873797648094876, -0.06955085920858448]
  ],
  "27": [],
  "28": [
    [0.2989025612611866, 0.874785359088602],
    [-0.3247185017998604, -0.7157778393575795],
    [0.305788757522628, -0.828879129139784],
    [-0.3294750413849204, 0.684590084318986]
  ],
  "29": [
    [0.2440205196443896, -0.4247740993333765]
  ],
  "30": [
    [0.1496797019964126, 0.4908319082373339]
  ],
  "31": [
    [0.905898081639435, -0.0999912652028203]
  ],
  "32": [
    [-0.6299386483083408, -0.859448105631457],
    [0.5650580119536395, 0.04812329431626424],
    [-0.6455260889903734, 0.799642682221458],
    [-0.5648827875102608, 0.04837675910303005]
  ],
  "33": [
    [0.05426092206648785, -0.7770736802086683],
    [0.05416074945206884, 0.4843984312395828],
    [0.6942942473229863, -0.865489395392563]
  ],
  "34": [],
  "35": [],
  "36": [
    [0.0984159860235907, -0.931357691679385],
    [-0.4054933436227613, 0.3100949065151151]
  ],
  "37": [],
  "38": [
    [-0.4726700619377907, -0.03289405637657934]
  ],
  "39": [
    [0.175580600361507, -0.3937220773306897]
  ],
  "40": [
    [-0.7163432688969711, 0.3712919623285789]
  ],
  "41": [
    [-0.987221157907763, 0.934214764430237],
    [0.6342857481140757, -0.1393111222001093],
    [-0.2107690105897609, 0.4114334385138659]
  ],
  "42": [],
  "43": [
    [-0.4504950503951242, 0.4784382610652602]
  ],
  "44": [
    [0.02421533427860382, 0.2116706475705246],
    [-0.00614873694956574, -0.1642454978123464]
  ],
  "45": [
    [-0.730015093371258, 0.06861487688906193]
  ],
  "46": [],
  "47": [],
  "48": [],
  "49": [],
  "50": [
    [0.7581994657398513, 0.6360884485890759],
    [0.1816330344078354, 0.991370419687129],
    [0.1816330344078348, -0.991370419687128],
    [0.7581994657397071, -0.6360884485891591]
  ],
  "51": [],
  "52": [
    [-0.896946571895936, 0.4958418330639224]
  ],
  "53": [
    [-0.231851324761334, -0.7490241680007156]
  ],
  "54": [
    [0.03532130162469937, -0.4240802768114051]
  ],
  "55": [],
  "56": [],
  "57": [
    [0.7477327922229455, -0.03892402582471149],
    [-0.6491129564741943, -0.05128159436643958]
  ],
  "58": [
    [-0.6320565134727737, -0.3557551871547651],
    [0.4655092267062618, 0.4604923921875259]
  ],
  "59": [
    [-0.6947021947223188, 0.841924783827879]
  ],
  "60": [
    [0.35306259800418, 0.02085386837462595]
  ],
  "61": [],
  "62": [],
  "63": [
    [0.6204596579740348, 0.318620238836584],
    [-0.3547809402812796, -0.3338446481956536],
    [-0.6159109675972386, 0.3187692162193331],
    [0.356428397751872, -0.3338841701414629]
  ],
  "64": [
    [0.4260634987928219, 0.5477404057107698],
    [-0.7339425620779743, 0.00404981648547798]
  ],
  "65": [],
  "66": [
    [0.7494841115777229, -0.3582484350189488]
  ],
  "67": [
    [0.05772076763766422, 0.93496130245681],
    [0.05388334722377452, 0.03374740524850817],
    [0.05388334892890932, -0.03375399720712096]
  ],
  "68": [],
  "69": [
    [-0.5765092373489465, -0.7238172468474549],
    [-0.5818166046074037, -0.3160397576162466]
  ],
  "70": [
    [-0.6800475919620707, -0.6160017530049618],
    [-0.5508670342721108, -0.0963455160424658]
  ],
  "71": [
    [-0.1606004068000196, 0.3636420037864546]
  ],
  "72": [
    [-0.2831134328063328, 0.0257440503972736]
  ],
  "73": [],
  "74": [],
  "75": [],
  "76": [
    [0.6018588243060456, 0.06631713229892652]
  ],
  "77": [],
  "78": [
    [-0.3601353815861941, 0.0841478105998834]
  ],
  "79": [],
  "80": [
    [-0.826009054244268, -0.4435638363502507],
    [-0.7402409937165348, 0.3682817371682428]
  ],
  "81": [
    [0.7627237838578295, 0.0903217383791868],
    [0.2193719171513911, -0.881292002528711],
    [-0.1900755186291915, 0.828834995451865]
  ],
  "82": [
    [0.0808110224572021, 0.873859201692404],
    [0.0825085471772491, -0.857822204039603]
  ],
  "83": [],
  "84": [
    [0.907527999056331, 0.1439426948606964]
  ],
  "85": [],
  "86": [
    [0.4746126698156023, 0.6909489170587162],
    [0.1223192511603033, 0.7659168125545909],
    [-0.2464030628796801, -0.2117503625142059],
    [-0.5779605209971934, 0.6115549693936138]
  ],
  "87": [
    [0.0673251665846693, -0.5289989012119016]
  ],
  "88": [
    [-0.6641537653941957, -0.429651353864988],
    [0.816660585717073, -0.439313268288556]
  ],
  "89": [
    [-0.02748638372222228, 0.1484105532208684],
    [-0.03940301064680349, -0.00737565475239176]
  ],
  "90": [
    [-0.5923988561903833, -0.6570991713683194]
  ],
  "91": [
    [0.04753822684263073, -0.664917195998953]
  ],
  "92": [],
  "93": [
    [-0.06801999442557292, -0.7475513115410855],
    [-0.06801999442557284, 0.7475513115410866]
  ],
  "94": [
    [0.6747886014118041, -0.04366810198064183]
  ],
  "95": [
    [0.3594915895243438, 0.7227428503509715]
  ],
  "96": [],
  "97": [],
  "98": [
    [0.5672349935291146, -0.3906564672907241],
    [-0.7544780621422102, 0.936112564783672]
  ],
  "99": [
    [0.5018686991112564, 0.744184269232403]
  ],
  "100": [
    [-0.1810177338202446, 0.4825245902923716]
  ]
}
