{
  "1": [
    [-0.6015973642654125, 0.998556049953489],
    [0.7942498261555574, -0.7669254142964728]
  ],
  "2": [
    [-0.88322697858052, -0.6159150580720612],
    [0.880355418526336, -0.6085765299466951]
  ],
  "3": [],
  "4": [],
  "5": [],
  "6": [],
  "7": [
    [-0.992670838289614, -0.7907665938004599]
  ],
  "8": [],
  "9": [],
  "10": [],
  "11": [],
  "12": [],
  "13": [
    [0.987138782060499, -0.7215721891478795]
  ],
  "14": [],
  "15": [
    [0.807412686960277, -0.719896119789823]
  ],
  "16": [
    [-0.966523546042981, -0.6807431950963699],
    [-0.826855069360299, 0.7411676896469496]
  ],
  "17": [],
  "18": [],
  "19": [
    [-0.971810616021419, 0.999791762960382]
  ],
  "20": [],
  "21": [],
  "22": [],
  "23": [],
  "24": [],
  "25": [],
  "26": [],
  "27": [
    [-0.196825735675247, -0.969412048820779],
    [-0.1968257289886633, 0.969411934535045]
  ],
  "28": [
    [-0.825660196978629, 0.911528213919754],
    [-0.974803400194471, 0.7367885544464957]
  ],
  "29": [],
  "30": [],
  "31": [
    [0.6532805672043356, -0.866868816267495],
    [0.5927017249900018, -0.992488991644029]
  ],
  "32": [],
  "33": [],
  "34": [
    [-0.2753086544466475, 0.3353809681832455]
  ],
  "35": [],
  "36": [],
  "37": [],
  "38": [],
  "39": [],
  "40": [
    [-0.7056894716827022, 0.988673736743104],
    [0.7056894717273797, -0.988673736814116]
  ],
  "41": [],
  "42": [
    [-0.5178431645966832, -0.1271857739940305]
  ],
  "43": [],
  "44": [],
  "45": [
    [-0.7859890401954382, -0.615894235809201]
  ],
  "46": [],
  "47": [],
  "48": [],
  "49": [],
  "50": [],
  "51": [],
  "52": [],
  "53": [],
  "54": [],
  "55": [
    [0.2989301823977757, 0.0],
    [3.629241358332e-05, -0.933779160354517],
    [5.081894187181e-05, 0.899829949544576],
    [8.951268514696e-05, -0.825421278395741],
    [5.935634132728e-05, 0.3096115731951521],
    [5.001156693598e-05, -0.3041823546199511],
    [1.449316083879e-05, -0.1484242610830573],
    [1.467695507629e-05, 0.1348242303802416]
  ],
  "56": [],
  "57": [
    [-0.959463286529827, -0.985362541087801]
  ],
  "58": [],
  "59": [],
  "60": [],
  "61": [],
  "62": [
    [0.957971078225059, 0.934965509923458]
  ],
  "63": [],
  "64": [
    [-0.972849981003401, -0.975406491982168]
  ],
  "65": [
    [-0.7888282747925351, 0.848048142281751]
  ],
  "66": [],
  "67": [],
  "68": [
    [0.0, 0.00012851136841141]
  ],
  "69": [],
  "70": [],
  "71": [],
  "72": [
    [-0.2595164972285774, 0.4908920705486706]
  ],
  "73": [
    [-0.85667359148913, -0.867066290732814],
    [0.7735922690554914, 0.6712672066696389],
    [0.780528019950688, -0.826318265334749],
    [0.6700514327525734, -0.848445180927277]
  ],
  "74": [],
  "75": [],
  "76": [],
  "77": [],
  "78": [
    [-0.825010107668195, -0.6262199985154002]
  ],
  "79": [
    [-0.960917702819999, -0.6609545231548426],
    [0.960917702819953, 0.6609545231548262]
  ],
  "80": [
    [0.6897428893648085, -0.854704591813156]
  ],
  "81": [],
  "82": [
    [0.912207794705047, -0.7781182418447954],
    [-0.7378956364364242, 0.970093915927876]
  ],
  "83": [],
  "84": [],
  "85": [],
  "86": [],
  "87": [],
  "88": [
    [-0.336902745224099, 0.803492983039856]
  ],
  "89": [],
  "90": [],
  "91": [
    [0.896395608367141, 0.987620926970621]
  ],
  "92": [],
  "93": [],
  "94": [
    [0.0, -10.0]
  ],
  "95": [
    [0.95087277637901, 0.5061978835861098]
  ],
  "96": [],
  "97": [
    [0.7389575813263773, 0.5714881809528448],
    [0.2447626289990827, 0.7069699639373114],
    [-0.0264062481417568, 0.1715634753481406],
    [-0.02497006188865725, 0.149641118030056],
    [0.00858211203305211, 0.01461964269665781]
  ],
  "98": [],
  "99": [],
  "100": []
}
