{
  "1": [],
  "2": [
    [0.1866731657456411, -0.2419621540810036, -0.0871120278582778, -0.1504205173624755, -0.5665497665452482]
  ],
  "3": [
    [0.6403452655331112, -0.88462090490484, 0.5681907247142385, 0.6672800889346036, 0.3405834487744146],
    [0.2935189050124931, -0.4112603459501695, 0.3460354636224398, 0.4266381567746008, 0.1911951767118845]
  ],
  "4": [],
  "5": [],
  "6": [
    [0.6848864073166268, 0.132111631841751, 0.06946291815367771, -0.6260897362294147, 0.4186554403939534]
  ],
  "7": [],
  "8": [],
  "9": [],
  "10": [],
  "11": [
    [-0.1825864277843596, -0.1544126424556836, -0.02610835192484362, 0.3002344697643189, 0.01613887927524829],
    [-0.1820559803610539, -0.152464828458276, -0.0262981536331862, -0.2918907619788263, 0.00664617959551875]
  ],
  "12": [],
  "13": [
    [0.847556095057307, 0.00151156851977406, 0.127886494299562, -0.4564348168643077, -0.05129995651793755],
    [0.164471977992677, -0.1098716707622787, 0.1771855259255986, -0.7605328121812197, -0.2523586141257059],
    [0.7011843937461792, 0.3309641892195879, 0.2121419713130064, -0.5607465792492279, 0.05768987443483717],
    [-0.886925430832834, 0.2828650038686916, -0.1246635594220952, -0.07157629421549062, -0.03966636490130964],
    [-0.6651797342105858, 0.02154555833982119, -0.2085943393867626, 0.03362637170566626, 0.02773190129652814]
  ],
  "14": [
    [0.876651038290285, -0.1012879427202096, -0.7147536754827521, 0.02097246790468029, -0.2651703194309146],
    [0.1606567247365933, -0.1101861875020493, -0.2833790154701287, 0.0277149639690029, -0.2978104595916387]
  ],
  "15": [],
  "16": [
    [0.85656139434244, 0.3608106895669084, -0.0417679610693317, -0.831898943458467, -0.4050916963071201]
  ],
  "17": [],
  "18": [],
  "19": [],
  "20": [],
  "21": [
    [0.1152412353863736, 0.07029610172396734, -0.1532069806646035, -0.5346341378985303, 0.117399121089247]
  ],
  "22": [
    [-0.1227055121280326, -0.1986366194254809, -0.0843358994067054, -0.6474669074742105, -0.1508841004491572],
    [0.4121015045194591, -0.5495552747467874, -0.824810942972395, -0.6718154917034004, -0.667346346993754],
    [0.1401070437421165, -0.497334053214768, -0.6896787313954428, -0.6505414820656766, -0.6006484332542179]
  ],
  "23": [],
  "24": [
    [-0.2948140910712971, -0.4132767591910996, 0.883321473053173, -0.4889826139432597, -0.1050944898135808],
    [0.02534162863818135, 0.2790415243019028, 0.814202459063772, 0.3304952146573964, -0.06140781412593197],
    [0.6605761849795768, -0.2433386731796982, 0.925394839187725, -0.2672199953715608, -0.0962796946306051]
  ],
  "25": [],
  "26": [],
  "27": [],
  "28": [],
  "29": [
    [0.906784179768443, -0.081260831737856, 0.1399561641947263, -0.6062910784406971, -0.0894893464091741],
    [-0.01968626734494945, 0.1022383242730841, -0.3943714748561884, 0.04165451717047858, -0.01784453497593692]
  ],
  "30": [],
  "31": [],
  "32": [
    [0.140016351583633, 0.3364009040251408, 0.2767721782868946, -0.0891310244915502, 0.04972251878413548],
    [0.1857949639384118, 0.2265691047067189, 0.683615219293912, 0.831352049631864, 0.034900365995027],
    [0.1880113040519427, -0.221809933084957, 0.6764026723433316, 0.867259018818291, 0.03492982430335848],
    [0.1437200944310205, -0.3330032314363953, 0.2415159292671363, -0.05514654147235239, 0.05089418278774173]
  ],
  "33": [
    [-0.1767757210717893, 0.3505883726336285, -0.6692494930555125, 0.02659636409262776, 0.5511029365887234]
  ],
  "34": [],
  "35": [
    [0.5927339302470807, 0.0890398981285081, -0.2265339400229969, 0.0597134438847748, 0.3801255420887007],
    [0.2119399624658727, 0.3721746365705693, -0.1145136246420098, 0.06514182431467913, 0.733926533912098]
  ],
  "36": [],
  "37": [],
  "38": [],
  "39": [],
  "40": [
    [0.3313626691657252, -0.6220111909369987, -0.01961243270795002, -0.02855999117806988, 0.3167786181558428],
    [-0.4572629578531441, 0.5744147963300997, 0.277999768216757, 0.639960565269229, 0.2082353129730045],
    [0.2407267751881269, 0.7858312207886184, -0.06726078847466369, -0.02589831337186679, 0.4252245200977137]
  ],
  "41": [
    [0.1785185814438718, 0.856233670488988, -0.1200848477226279, -0.3479258388234703, -0.6903161080245797],
    [0.4597256146408728, 0.903964603431634, -0.2896334760339814, -0.02826686923647225, -0.05710221421626049]
  ],
  "42": [],
  "43": [],
  "44": [],
  "45": [],
  "46": [],
  "47": [],
  "48": [
    [0.00109457239138596, -0.2741836016100968, -0.7005313748213301, 0.1238136959912875, -0.5094497504382625]
  ],
  "49": [],
  "50": [
    [-0.2463622455778821, 0.05290436682059905, 0.04928255209308581, -0.3091042489099508, 0.03537274624459641]
  ],
  "51": [
    [-0.6102882346923336, 0.0169830489122935, -0.251888190785104, -0.1248540074563107, -0.05415857509519386],
    [-0.2818058809699478, -0.06346602193740004, -0.1261825605596055, -0.1801528693582277, -0.1268851240548178]
  ],
  "52": [],
  "53": [
    [0.1587916251538093, 0.850413483232525, -0.1907148851397266, 0.05681202470222884, 0.3949943013074064],
    [0.1438271094604162, -0.5630359883475085, -0.816429814395875, -0.0965975823177878, -0.160649736486337]
  ],
  "54": [],
  "55": [
    [-0.07003841064442301, 0.1643525351049612, 0.96979377785795, 0.03110978109511758, -0.07629753222168802]
  ],
  "56": [
    [0.1096923666218264, -0.306763713761511, -0.5085387781534036, 0.3859001979286413, -0.1884195646617916],
    [0.2747903640703462, -0.7107349006396975, -0.4256702634666595, 0.794844437751905, -0.4863961092324761]
  ],
  "57": [],
  "58": [],
  "59": [
    [-0.2931417875964584, -0.3402916673692689, 0.00207905673960292, -0.07085914432787493, 0.1623007065115754]
  ],
  "60": [
    [0.675458618623653, 0.1588957658853126, -0.02536283893691353, -0.4436107246345565, 0.6059431580047097]
  ],
  "61": [],
  "62": [],
  "63": [
    [-0.5605175162316639, -0.2698440276804654, 0.1153057342895317, 0.2663733034950126, 0.7235983912843416]
  ],
  "64": [],
  "65": [
    [-0.914064715546128, 0.871801061586471, -0.3400510797938235, 0.1472831030177137, 0.4993626181711234],
    [-0.07467871910219662, 0.03278980278054928, 0.954393197596802, -0.6872884121270812, -0.1225751984685321],
    [-0.3957747737181683, -0.2889442803343429, 0.1050074172431791, -0.06771974447489681, 0.2542587220798667]
  ],
  "66": [],
  "67": [
    [0.0538100215970648, 0.2736449316310001, -0.0964821470521522, 0.7835091010948353, -0.4671828502385939],
    [0.0538100215970648, 0.2736449316310001, -0.0964821470521522, 0.7835091010948353, 0.5475701805282331],
    [0.1720913081417189, 0.1446192171031629, -0.1502765823319907, 0.4418784792633982, -0.4041861825599248],
    [0.1720913081417189, 0.1446192171031629, -0.1502765823319907, 0.4418784792633982, 0.4495225177866561]
  ],
  "68": [],
  "69": [],
  "70": [
    [-0.787251641392528, 0.6922371157183865, 0.429090444876605, -0.0861777780322287, -0.2570739925722272],
    [0.3940372030248534, -0.4120118610580857, 0.4103313506522682, -0.04773624455035137, -0.01878413934860122],
    [0.3380835412378968, -0.3775641088616865, 0.6277632030643499, -0.0447818416585265, 0.00311200418273051]
  ],
  "71": [
    [-0.3121531768484203, -0.5679928463817547, -0.1619507134232066, 0.1479792590215087, 0.3073754293951621],
    [0.0816333638162897, 0.3987579583224259, -0.02764298603143483, -0.05796981608637152, -0.3798761464422725],
    [-0.291078613374575, 0.1719578862114885, 0.4273816959151881, -0.02694208738121506, -0.2007035032094084],
    [0.4068281764083731, -0.2699153588221161, -0.4243924156861838, -0.1792234326051621, 0.1116277078711458]
  ],
  "72": [
    [0.1456926905873331, -0.3709551171351915, -0.0938866890059206, -0.1799477069222818, -0.7084707002247277],
    [-0.06518966829425264, -0.835856514735386, -0.03485329838785618, -0.4025448702936139, -0.2889918777098967]
  ],
  "73": [],
  "74": [],
  "75": [],