{
  "1": [],
  "2": [],
  "3": [],
  "4": [],
  "5": [],
  "6": [],
  "7": [],
  "8": [],
  "9": [],
  "10": [],
  "11": [
    [-0.06250324516163012, 0.57221850448242, 0.07143019897463337, 0.1789931496934234, -0.1903897688452327],
    [-0.06262528117503002, -0.5540699519694084, 0.07713879449167736, 0.1925813463481595, 0.03341749877188431]
  ],
  "12": [],
  "13": [],
  "14": [],
  "15": [
    [-0.1601566434392344, 0.962576245950068, 0.6056251470770702, -0.5189069526187814, -0.0670011469266326]
  ],
  "16": [],
  "17": [],
  "18": [],
  "19": [],
  "20": [
    [0.7142415438093548, 0.0930592497335985, -0.03026100204490042, 0.2911333305118911, 0.1235028907529884]
  ],
  "21": [],
  "22": [
    [-0.3457358041546178, -0.3611169551877357, 0.892433142937896, 0.2827571364149602, -0.6384665194326499]
  ],
  "23": [],
  "24": [],
  "25": [
    [0.7106666836427938, -0.1925001957104125, -0.1319373338479296, -0.2140675492942777, -0.5561781943870765]
  ],
  "26": [],
  "27": [],
  "28": [
    [0.0, 0.0, 0.0, 0.0, 0.0]
  ],
  "29": [],
  "30": [],
  "31": [],
  "32": [],
  "33": [
    [0.7393114812535774, -0.00992188809735102, 0.5251231966693616, 0.4120818030208015, 0.2668511230734296],
    [-0.7542933091534842, -0.00994432201592274, 0.5241627233340282, -0.4441467878599967, -0.2518532326164934]
  ],
  "34": [
    [-0.4060338233228374, -0.886765074855137, -0.84361585735919, 0.967344546184892, 0.382615211974679]
  ],
  "35": [],
  "36": [],
  "37": [],
  "38": [],
  "39": [],
  "40": [],
  "41": [],
  "42": [],
  "43": [],
  "44": [],
  "45": [],
  "46": [],
  "47": [],
  "48": [],
  "49": [],
  "50": [
    [0.2702165715774037, -0.05819231242957267, -0.2587951254844859, 0.3919584504016953, 0.923768949413962]
  ],
  "51": [],
  "52": [],
  "53": [],
  "54": [
    [0.913182088703075, 0.2360593215430065, -0.838017278573121, -0.5556539794704737, 0.7153766094210531],
    [0.984433422440941, 0.3200337006494208, 0.7655842836604955, 0.840315896374012, -0.7114368502298996]
  ],
  "55": [
    [-0.536760849531791, -0.892702355872754, -0.3484918399601176, 0.3703475401268175, 0.7132445106270981]
  ],
  "56": [],
  "57": [],
  "58": [],
  "59": [],
  "60": [
    [0.6468928483310888, 0.3070173930562588, 0.2251350213824415, 0.04595831379394461, 0.6832550293255839]
  ],
  "61": [
    [-0.00067301096891532, -0.00019504153547305, 0.6235690687394319, 0.00390851967473116, 0.0],
    [0.0, 0.0, 0.0, 0.0, 0.0]
  ],
  "62": [],
  "63": [],
  "64": [],
  "65": [],
  "66": [],
  "67": [],
  "68": [
    [0.6442741308914693, 0.5090793114534976, 0.5918762922572468, -0.3815676311968759, 0.3620328712091511]
  ],
  "69": [],
  "70": [],
  "71": [],
  "72": [
    [-0.7188875731869443, 0.5972729731810825, -0.6921643865460496, 0.607227517554925, -0.7252797821921687]
  ],
  "73": [],
  "74": [
    [-0.1704597006395896, 0.2273173928462758, 0.5937850565029525, 0.6151695409454997, -0.03892749368523818],
    [0.999127646397997, 0.0974248766994944, -0.1203580129030138, -0.692466636744252, -0.048284092126483],
    [0.5093506063414307, 0.1102548802107994, -0.2318457397069707, -0.4795928284019464, -0.04717950374894341]
  ],
  "75": [
    [0.370637775762236, -0.7809980380457, 0.07269259390522194, -0.5628726266545669, 0.99001122612786],
    [-0.4206901128261595, -0.816497057179803, 0.05982298196117121, 0.563426355611161, 0.893635115832816]
  ],
  "76": [
    [0.2063269738521606, 0.811361646025764, -0.7685241004141831, 0.2702820615773909, 0.00316331109065335],
    [0.2075926003049863, -0.5705933253809052, -0.7641881327843719, 0.5508601629169391, -0.00336064564862164]
  ],
  "77": [],
  "78": [
    [-0.888397004868952, -0.872874713159881, 0.4673948345742197, -0.2327583739048872, -0.979702353626512],
    [-0.4812377756231343, -0.887390016990883, 0.7048208798799694, -0.876855323932199, -0.2347791396897748]
  ],
  "79": [],
  "80": [
    [0.3490037449295856, 0.5414163586543381, 0.976589963039713, -0.7891346141078458, 0.3905856724113375],
    [-0.3858671771099816, -0.6332696041111778, -0.97271289266968, -0.6772428350601003, 0.4445073397727287],
    [-0.05520401125799726, 0.03730239315592821, -0.7848199418662278, 0.2423703649725256, -0.710944006053113]
  ],
  "81": [],
  "82": [
    [-0.7602284006694443, -0.1112234351042398, -0.01411149658302218, 0.6282165158195615, -0.910394240663665]
  ],
  "83": [],
  "84": [],
  "85": [],
  "86": [
    [-0.4411580971276702, -0.1398541307896789, 0.1793822169891659, 0.2258058275379677, 0.192982947353285],
    [-0.4350184164992717, 0.0852326255732305, 0.1618428215458886, 0.1167201691007952, -0.5748658136854935]
  ],
  "87": [],
  "88": [],
  "89": [
    [0.01618257943495075, -0.6673512855815288, -0.1812585848794966, -0.283758117416559, 0.948721964752147],
    [0.1347969224319703, -0.7010499363363245, -0.0866392398651134, -0.06353330277500126, 0.3031194585797532],
    [0.1194168225832148, -0.6950762432665498, -0.0834896809121554, 0.1229947808218087, 0.3218091112187622],
    [0.0954038407578949, -0.6957913639710869, -0.0897626575744414, -0.1732980164884781, -0.3624684761169576],
    [0.1379435902800993, -0.6987750131680194, -0.0848388184481894, 0.05106963676611205, -0.2994122586754667],
    [0.04768475596279803, -0.6781510547053566, -0.099595443667289, -0.2479337316429259, -0.5271233509109562],
    [-0.885868745229938, -0.2431681310067502, -0.1804629801438463, -0.6059669257951825, 0.6528597329563249]
  ],
  "90": [
    [0.333550973708818, 0.976153555960606, 0.505604961984507, -0.2063500090771024, 0.5507622273391436]
  ],
  "91": [],
  "92": [
    [0.5847288049835665, -0.7279212382809735, -0.2889094230269775, -0.3309028171502852, 0.2676547488541943]
  ],
  "93": [],
  "94": [],
  "95": [],
  "96": [],
  "97": [],
  "98": [
    [-0.05416650288285936, -0.7810251344791092, -0.4204266967109526, -0.996432233237887, -0.7547171530140346]
  ],
  "99": [],
  "100": [
    [-0.2823358596180492, -0.00363848100222028, 0.4891425345384701, -0.1700263599848057, 0.4615609099247631]
  ]
}
