{
  "1": [
    [-0.01012688222340081, 0.6819743485174631, 0.4810433885432051, 0.5969498499933596, -0.5844381553941702]
  ],
  "2": [],
  "3": [
    [-0.1265341455369031, 0.986254775646407, 0.6425855590488992, 0.5343858684532067, 0.2869326483204425],
    [-0.04400167894449545, -0.7878399888086042, -0.00466351438697653, 0.3766393759648694, -0.3517407535259033],
    [-0.04093660977565436, -0.88506398024654, 0.1152792502272026, 0.5706240491546454, -0.284903761495416]
  ],
  "4": [],
  "5": [
    [-0.6264807524428432, 0.5791675522941451, 0.4891797809231366, 0.617320914648025, 0.2238002706084663],
    [0.80661869676931, -0.7180397550479126, 0.4634537371868733, 0.2368302019400295, 0.1859972380980811]
  ],
  "6": [],
  "7": [
    [0.602622536496203, -0.4560835773997381, 0.1122768918581442, -0.7785803892160904, -0.25362588861156]
  ],
  "8": [],
  "9": [
    [-0.5695262498622843, -0.4070548461431942, 0.2767814477945398, -0.2822158719346135, 0.06472875073514538]
  ],
  "10": [
    [-0.2509556776788627, -0.4849326485176984, 0.02269010163831936, 0.3902327932132227, -0.976809543367514]
  ],
  "11": [
    [-0.6184486092551102, 0.2420510959441188, -0.5389510903369517, -0.513318709650984, -0.7617186646967546]
  ],
  "12": [],
  "13": [
    [-0.03105257031008841, 0.0947308601491213, -0.1075260366998346, -0.564865155034695, 0.2302131295968734]
  ],
  "14": [],
  "15": [],
  "16": [
    [0.731085305636257, -0.4205044326358085, 0.0022769944528875, 0.3595656795717036, 0.7855112186653141],
    [0.7307107251199442, -0.4200232010265448, 0.00652169232296131, 0.3599512829745636, -0.575486905972137]
  ],
  "17": [],
  "18": [
    [-0.3698265979128468, -0.5952721700506921, 0.7251830632805437, 0.5501248129675717, 0.6728261527870946]
  ],
  "19": [
    [-0.05943695779874663, -0.5895746914940344, 0.876336548289314, 0.04513257215233225, 0.04871558182257917]
  ],
  "20": [],
  "21": [
    [-0.1419427636293662, -0.5876722219719729, -0.7738802474912369, 0.4583049266676648, -0.2768802456424419],
    [-0.2561712318085506, -0.517414635539651, -0.821878266995084, 0.3661264408350577, -0.2639132067937244],
    [-0.2400010273410639, 0.3149045285804856, 0.358170505795969, -0.7268148415122943, -0.3809235418566745]
  ],
  "22": [],
  "23": [],
  "24": [],
  "25": [],
  "26": [],
  "27": [],
  "28": [],
  "29": [
    [0.1200690890619928, -0.1147994170852919, -0.5047532545678138, -0.943822568524792, 0.1709055464338656],
    [-0.3790843332463607, -0.1206548668386311, 0.1108427819329189, 0.01088518816149569, -0.870298459373519]
  ],
  "30": [],
  "31": [],
  "32": [
    [0.983092417101716, 0.7361476696007463, 0.7398053565447279, -0.06657407102119846, 0.1006616295143226]
  ],
  "33": [],
  "34": [],
  "35": [],
  "36": [],
  "37": [],
  "38": [
    [0.638883356902952, -0.05188622672283127, 0.0544944122509384, 0.0959089321525973, 0.1602235947401937],
    [-0.2665922998433604, -0.3304341660930232, -0.07652444938577645, 0.1905224258194059, 0.03390571943235825]
  ],
  "39": [
    [-0.4722509303057885, -0.5293486079988883, 0.4916408640090043, -0.2853103120997885, 0.6256294710926804],
    [-0.41356621620705, -0.4350379202485893, -0.175711889102716, 0.2966549018402347, -0.3592896958961389]
  ],
  "40": [],
  "41": [],
  "42": [],
  "43": [],
  "44": [],
  "45": [
    [-0.4627374023534378, -0.03510619280589463, 0.4321169527927303, -0.687519612457002, 0.02617601847862687],
    [0.469883969293188, 0.5221597973433632, 0.3574265833082728, -0.4282703776120783, -0.549307064727041],
    [-0.241902307410745, -0.07638510211338341, 0.2510789748620494, -0.90953124394466, 0.00972948637719233]
  ],
  "46": [],
  "47": [],
  "48": [],
  "49": [],
  "50": [
    [-0.7083570918862031, -0.1503082236769768, 0.308420978336835, 0.49854486638591, 0.4705428643056387],
    [0.6397876932368458, 0.5418003897648315, 0.0809170794451319, -0.5828195747076458, -0.98295861127113]
  ],
  "51": [],
  "52": [],
  "53": [],
  "54": [],
  "55": [],
  "56": [
    [-0.3411817624293954, -0.5368865496014062, 0.5984526321377402, -0.4207113796482738, -0.2566190505996734]
  ],
  "57": [],
  "58": [],
  "59": [
    [0.356000934194304, -0.2226850086989275, -0.448002769950623, 0.0831524781510513, 0.3816612151894889],
    [-0.358372428609797, 0.2221270091961415, -0.4681212663071888, 0.07860002501611313, -0.3676034176756791],
    [-0.3337716444694135, 0.7322293844732306, -0.06991022128984604, 0.00232091946958466, -0.03515986602950981]
  ],
  "60": [],
  "61": [],
  "62": [],
  "63": [
    [0.3230887668519135, 0.0837611958045277, 0.575402294078695, -0.5422666368245546, -0.904647441277197],
    [0.2856279115376921, 0.05079923895110168, 0.5429073806886136, -0.5064400018808412, -0.04490158775373271]
  ],
  "64": [
    [0.01082279490845196, -0.01855374656356282, -0.974304929718246, 0.96777782410479, 0.1900296639839222],
    [0.01039125800622659, -0.01129554096296444, -0.2380971351905624, 0.96791979727071, 0.1856883609703629]
  ],
  "65": [],
  "66": [
    [-0.0961757407486138, -0.04988726056282438, 0.6864349253121383, -0.0910114112266342, -0.6040830319117596]
  ],
  "67": [
    [0.3824661594821708, 0.1018444295647183, -0.3323025544954766, 0.7460447511172359, -0.7013008373104388],
    [-0.2816059229292904, 0.3257061013433465, 0.1782914818216222, 0.5740622244899641, 0.7850118600377795],
    [0.5995438668965828, -0.3794758277151922, -0.7978223648668828, -0.863126838984925, 0.5362403313189668],
    [-0.1761344900135511, -0.3190981298832672, 0.4000171212021275, 0.1273011655472627, 0.3316349080426765]
  ],
  "68": [],
  "69": [
    [-0.1942569648316015, 0.6953754718632815, -0.4268504670903179, -0.1570608953964935, 0.06824665882293503]
  ],
  "70": [],
  "71": [
    [0.2001962803662581, 0.6841266004014134, -0.990902378695968, 0.5393625651335121, -0.1980914757218511],
    [-0.2410436107814032, 0.6908753597333392, 0.967062745372639, -0.05122523979384244, 0.3790024725062032]
  ],
  "72": [],
  "73": [],
  "74": [],
  "75": [
    [0.869962094279406, -0.1378947061190472, -0.7539870016187921, 0.3165410624135692, -0.1745970686459442]
  ],
  "76": [],
  "77": [],
  "78": [],
  "79": [],
  "80": [],
  "81": [
    [0.06656802559108135, -0.875005677995817, 0.03078739549096142, -0.211452439163807, 0.341066608405538],
    [0.1850974936897716, -0.4402253609878945, 0.179048331491253, -0.382646384646706, -0.7714921001415481]
  ],
  "82": [],
  "83": [],
  "84": [],
  "85": [],
  "86": [],
  "87": [],
  "88": [],
  "89": [
    [-0.0973597257712317, 0.4765993594395726, -0.1211504624941087, 0.2185684276168002, 0.03552866768876424]
  ],
  "90": [],
  "91": [
    [0.5242707375577185, -0.53783720722772, -0.636953085707817, 0.5868301547287292, -0.1664064040113916],
    [-0.3985810285802271, 0.1946098127332495, -0.4804266274339323, 0.4082855875704694, 0.2921214184159427],
    [-0.90562193934787, -0.5785095659662463, -0.4672506058990227, -0.4821904452013937, 0.1835885762697511]
  ],
  "92": [],
  "93": [],
  "94": [
    [0.1874958855850814, -0.85871992945967, 0.1421089383846181, 0.07823479726283068, -0.1024982927443219],
    [0.2908492224844903, -0.843518093319939, 0.1758688358518133, -0.0942583585481555, 0.2211568522562479],
    [0.1807101706780232, 0.885311783090224, 0.1326358112913895, 0.07655583545776357, 0.1967187052106374],
    [0.1780176893305694, 0.859210874255527, 0.1399781580773741, -0.0303262728753346, -0.195683497825758]
  ],
  "95": [
    [0.7816554826169559, 0.859249739634893, -0.5230123214102185, 0.02072931883793727, -0.6320906647775434],
    [0.6167491343719599, -0.444308757868113, 0.4907786428571031, -0.4944008588420959, 0.817091346066191],
    [-0.6014161556540788, 0.7086365624002624, 0.5973857963973856, -0.123316953867569, -0.5668601117433676]
  ],
  "96": [],
  "97": [
    [0.1620058547906472, -0.85879309000538, 0.1660632176352562, 0.3143375156406764, -0.4024582211170523]
  ],
  "98": [],
  "99": [],