{
  "1": [],
  "2": [],
  "3": [],
  "4": [],
  "5": [
    [-0.883571472580529, -0.3760453416444889, 0.03152368415113841, -0.513453864259203, 0.825703005749969]
  ],
  "6": [],
  "7": [],
  "8": [],
  "9": [],
  "10": [],
  "11": [],
  "12": [],
  "13": [],
  "14": [
    [-0.3550455982939464, -0.4041158762169273, 0.6611403810795455, -0.5895884762766715, 0.2495369952383535],
    [0.4094399675001959, 0.4084027905719184, 0.6560766339074647, 0.5933483651638022, -0.2314134188607481]
  ],
  "15": [],
  "16": [],
  "17": [],
  "18": [],
  "19": [],
  "20": [],
  "21": [],
  "22": [],
  "23": [],
  "24": [],
  "25": [],
  "26": [],
  "27": [],
  "28": [],
  "29": [],
  "30": [],
  "31": [],
  "32": [],
  "33": [],
  "34": [],
  "35": [
    [0.1396078827800103, -0.594986426314918, -0.3368056788055313, 0.3975072939828479, -0.314224549301301],
    [0.1425175206817155, -0.573357593503628, 0.4596407830392137, 0.4134532501563493, -0.3470873481484441],
    [0.1700209843134457, -0.5538141783500449, 0.7510729658622033, 0.6649845696923101, -0.6028605622538363]
  ],
  "36": [
    [0.990318105455605, 0.1696355894810584, -0.5205690847728067, 0.5743880501304055, -0.987826147788822]
  ],
  "37": [],
  "38": [],
  "39": [],
  "40": [],
  "41": [],
  "42": [],
  "43": [],
  "44": [],
  "45": [],
  "46": [],
  "47": [],
  "48": [],
  "49": [],
  "50": [],
  "51": [],
  "52": [],
  "53": [],
  "54": [],
  "55": [],
  "56": [],
  "57": [],
  "58": [],
  "59": [],
  "60": [
    [-0.876847017299751, -0.73404013010467, 0.1939115329894792, 0.224971226475671, -0.848001428695658]
  ],
  "61": [],
  "62": [],
  "63": [],
  "64": [],
  "65": [],
  "66": [],
  "67": [],
  "68": [
    [-0.884517465950806, 0.820811792733923, -0.808151050536268, -0.712999233493983, 0.7901119051219698]
  ],
  "69": [],
  "70": [],
  "71": [],
  "72": [],
  "73": [
    [0.6672084591834567, -0.4562695722136768, -0.6504851007944386, -0.526486101071095, -0.3237783678896939]
  ],
  "74": [],
  "75": [
    [0.4900305384988167, 0.524646593278375, 0.4480126992197561, -0.849068926430936, 0.7148091372161876]
  ],
  "76": [],
  "77": [],
  "78": [],
  "79": [],
  "80": [],
  "81": [],
  "82": [],
  "83": [],
  "84": [],
  "85": [],
  "86": [],
  "87": [],
  "88": [],
  "89": [],
  "90": [],
  "91": [],
  "92": [
    [0.2023459510236604, 0.04912199958720863, 0.06666455162880136, 0.00719304228446407, -0.3580571037969475]
  ],
  "93": [],
  "94": [],
  "95": [
    [-0.3153063839532847, 0.1549262607083833, 0.1256965905788783, 0.893693287647351, -6.0]
  ],
  "96": [],
  "97": [],
  "98": [],
  "99": [],
  "100": []
}
