{
  "1": [
    [-0.23913318869168465, 0.1958130089903177, 0.2733205213144959, -0.36660883433583863, -0.3889220078026509, 0.6658225912179216, 0.938759567925245]
  ],
  "2": [
    [-0.5602758142397152, 0.16580470040998607, 0.5317224187739904, 0.26061535276583314, -0.2572606533795666, 0.0764911976968767, 0.6493503385595906]
  ],
  "3": [],
  "4": [],
  "5": [],
  "6": [
    [-0.10857363503585139, 0.06871696827028738, 0.6892415004579607, -0.7590049598548941, -0.003931246632657765, -0.014529497417928465, -0.15851621189725756],
    [-0.1010933647803171, 0.10683154226479244, -0.5591583553861347, 0.7511939604098179, 0.0036314924970612832, 0.018877437517016663, -0.16194687677105338]
  ],
  "7": [],
  "8": [],
  "9": [],
  "10": [],
  "11": [],
  "12": [
    [0.0727993413242846, 0.7836253781771628, 0.05075632061625652, 0.031107737362707968, 0.6241786313025965, 0.08337310279478627, 0.08511576631293152],
    [0.2862078906112509, 0.13622864812213348, 0.34955528436375455, 0.4768963155894775, 0.47651895229113844, 0.1550298176578458, 0.44636579333982174]
  ],
  "13": [],
  "14": [
    [-0.09104601481412984, 0.4151076392318126, 0.14431623581193742, -0.5989397060351608, -0.5401378007701528, 0.8949872159143224, 0.16777743350614066]
  ],
  "15": [
    [0.5694141995852795, -0.0035425272878920515, -0.9239016998571838, 0.8288615038692396, -0.32558045308016487, 0.08731876636393934, 0.11796429584085764],
    [0.9843745059499452, 0.03770080615512844, 0.031136013102552908, -0.11454638058230027, 0.1630152783099029, 0.09225085725179168, 0.12406058374899248]
  ],
  "16": [
    [0.20340280597607505, 0.15203981174376144, -0.3412689118178062, -0.4194079576538787, -0.3284159598520487, -0.3549629742311511, -0.030800922145037338],
    [0.6266118576074251, 0.46087429854160405, 0.13058473425334674, -0.24501457509139044, 0.03661258469059999, -0.34619658782585977, -0.27547047043863254]
  ],
  "17": [],
  "18": [],
  "19": [
    [-0.1248256734144953, -0.16272811490111805, -0.023760642259631756, -0.028492894353915818, -0.019318674489077294, -0.24313345584546164, -0.39596616709159144],
    [-0.13442644606766452, -0.32785985060731276, -0.028583628807518496, 0.0765251010521547, 0.038360027325898265, -0.275717146924151, 0.16459537417851441]
  ],
  "20": [],
  "21": [],
  "22": [],
  "23": [],
  "24": [
    [-0.4126625167475721, -0.0712274067789888, -0.17820893409684038, 0.8773595094561211, -0.13943107878295097, -0.1344707914341564, -0.15609261012673173],
    [0.6023594666129678, -0.29279616787228574, 0.22949582961982815, 0.33957500166554455, -0.32206008573499856, -0.1731043882053011, 0.035245593403203185],
    [0.07763343792136337, -0.008778444549754369, -0.8098372126558812, 0.7810889884937606, -0.594418159631477, -0.11841525962111386, -0.7374857138277143],
    [0.09989596753064739, 0.09397296152964268, 0.514621506557664, 0.6638993611695887, 0.6504288724485822, -0.17032879600161693, 0.39853095134034444]
  ],
  "25": [
    [0.4436459292506957, 0.8066225623317338, -0.18561499970478412, 0.09503086228681851, 0.18384786741253253, 0.2724135043384599, 0.06049006110966049]
  ],
  "26": [],
  "27": [],
  "28": [],
  "29": [],
  "30": [
    [0.6016625229353455, -0.07664553602227724, -0.04163704657875167, 0.05860425551276719, -0.12114529143918584, 0.049922809319652546, 0.9344618190680772]
  ],
  "31": [],
  "32": [
    [-0.5695783167377498, -0.20818842084462627, 0.29583069329587125, -0.3772640951087292, -0.22752449303542222, 0.0873677540070643, 0.2557710010902997],
    [0.8176143131972383, -0.11671058579099426, -0.17072781341858162, -0.3871208022311911, -0.5144595807938679, -0.21497191853384995, -0.3951521323803296]
  ],
  "33": [],
  "34": [],
  "35": [],
  "36": [],
  "37": [],
  "38": [
    [0.07619571443572719, 0.08014580774896495, 0.12273756222333475, 0.5401290302731139, 0.23806670882866934, -0.6654391532406857, -0.20442517383118808]
  ],
  "39": [
    [-0.3062289855850134, 0.03431770721537946, -0.041734114680855916, -0.820779849725779, 0.03899312895520133, 0.36758596444734193, 0.08968235845285445]
  ],
  "40": [],
  "41": [
    [0.6075838181186858, 0.029282333470323448, 0.01480231763906982, 0.0324820140963694, -0.15738378138751696, -0.04510242945798537, 0.19575965171998105],
    [0.15967535896957152, 0.3663985858065593, 0.5439634383510676, 0.12990120129934182, 0.016233863975019355, -0.021274495423811414, -0.7440642682535902]
  ],
  "42": [],
  "43": [],
  "44": [],
  "45": [],
  "46": [],
  "47": [],
  "48": [
    [0.004069604465750113, -0.548458410930418, 0.9181141985805119, -0.9106156200299704, 0.3451739226563853, 0.28095510421458436, 0.3389944135333505]
  ],
  "49": [],
  "50": [],
  "51": [],
  "52": [
    [-0.6128686247202756, -0.15034876357036958, -0.16550976927183625, 0.10885667895346976, -0.4628213758871733, -0.004292438897461599, 0.10355410325489055],
    [-0.2067839311014832, -0.09199951438089878, 0.634056685693384, 0.12164277990534328, 0.4859156752630947, -0.004427909755298986, 0.5444894033714964]
  ],
  "53": [
    [0.028730400500065006, 0.29980538215842784, 0.23980725525465377, 0.07921463984790128, -0.11864741735378985, -0.10062811029145384, -0.24129724045750553],
    [0.04211035585612157, -0.3092379249074561, -0.2845451596245294, 0.07071015164571405, -0.04633059116386386, -0.10375670926291183, -0.2088263306732788],
    [0.10308128077066168, 0.06909373003064402, 0.5716013879789898, 0.03499027180927904, 0.6077979047324257, 0.0161971888412736, 0.08227463928341573]
  ],
  "54": [],
  "55": [
    [0.0037466755202327723, -0.29422353793400263, 0.24417757799856074, -0.5639489429589349, -0.5239457533121665, -0.04057168143631517, 0.18052362209178674]
  ],
  "56": [],
  "57": [
    [0.03807926108191643, -0.026718517714797132, -0.38900741252864063, -0.8693840152469099, -0.20949003015376313, 0.08009273628074447, -0.10502866145111985]
  ],
  "58": [],
  "59": [],
  "60": [
    [-0.06186781678567831, -0.5581976683108754, 0.6789377467149578, 0.037546275127004404, -0.04991187897506101, -0.17642886519950124, -0.29957970553056407],
    [0.09949477896761551, 0.2139153371832014, -0.4709913669728118, -0.2161845241987617, -0.17409125789243945, -0.236630618504496, 0.5429214591964918]
  ],
  "61": [
    [0.06701151479629806, -0.11313775072155888, -0.4302169307950733, 0.24944022761919654, -0.19441681369378808, 0.03102819355422243, -0.05186906082921957],
    [0.0671336170518104, -0.11324934766917158, -0.3543815524589862, 0.21542452370246423, 0.10615426567145436, 0.02729225334465111, 0.01027729408188805],
    [0.06831690975917878, -0.11433048472472179, 0.3664736163114196, -0.10791511639535789, -0.1579076310282538, 0.02771812568995259, 0.004688452020807749],
    [0.06839610276297667, -0.11440281829866654, 0.4138255770184244, -0.12915500325821663, 0.20657122277168433, 0.028907232816993388, -0.028706659184178262]
  ],
  "62": [
    [-0.19685564843642522, 0.2801355918376887, 0.06764553000802064, 0.12708908683182527, -0.29167354821126307, 0.22226157475165378, 0.005938751892826516]
  ],
  "63": [],
  "64": [],
  "65": [],
  "66": [],
  "67": [],
  "68": [],
  "69": [],
  "70": [],
  "71": [],
  "72": [],
  "73": [],
  "74": [],
  "75": [],
  "76": [],
  "77": [],
  "78": [],
  "79": [],
  "80": [],
  "81": [
    [-0.5180995141008377, -0.19863493267832233, -0.5826843748469052, 0.11177287183400347, 0.37358203740286855, 0.45560443073906925, -0.183760927189794],
    [-0.4905117622996664, 0.46248962863887816, -0.5594798636165398, 0.07686992595755215, -0.5389583494595773, -0.20338347281556826, 0.05773462492521757],
    [0.4890085313534112, -0.3844235425916638, 0.06226228327822411, -0.041658796096741516, 0.5764244268876485, 0.1585013409487885, 0.04235560864519007]
  ],
  "82": [],
  "83": [],
  "84": [],
  "85": [],
  "86": [],
  "87": [],
  "88": [],