{
  "1": [],
  "2": [],
  "3": [],
  "4": [],
  "5": [],
  "6": [],
  "7": [],
  "8": [],
  "9": [],
  "10": [],
  "11": [],
  "12": [],
  "13": [],
  "14": [],
  "15": [],
  "16": [],
  "17": [],
  "18": [],
  "19": [],
  "20": [],
  "21": [],
  "22": [],
  "23": [],
  "24": [],
  "25": [],
  "26": [],
  "27": [],
  "28": [],
  "29": [],
  "30": [],
  "31": [],
  "32": [],
  "33": [],
  "34": [],
  "35": [],
  "36": [],
  "37": [],
  "38": [],
  "39": [],
  "40": [
    [0.7175512763348875, -0.5536356961801349, -0.5446944271068354, 0.1003093080120939, 0.9181845742502884, -0.8909173740678652, -0.4685078587001477]
  ],
  "41": [],
  "42": [],
  "43": [],
  "44": [],
  "45": [],
  "46": [],
  "47": [],
  "48": [],
  "49": [],
  "50": [],
  "51": [],
  "52": [],
  "53": [],
  "54": [],
  "55": [],
  "56": [
    [0.3611925193439558, -0.09129716715536952, -0.9639612015932312, -0.6906957472349792, -0.7987023223698093, 0.40680023538438836, 0.9945305667592196]
  ],
  "57": [],
  "58": [],
  "59": [],
  "60": [],
  "61": [],
  "62": [],
  "63": [],
  "64": [],
  "65": [],
  "66": [],
  "67": [],
  "68": [],
  "69": [],
  "70": [],
  "71": [],
  "72": [],
  "73": [],
  "74": [
    [0.5721451162134612, -0.8815866375754036, -0.8060233874933483, 0.7642879288383884, -0.808583381357731, -0.9669743026346224, -0.4227289844641411]
  ],
  "75": [],
  "76": [],
  "77": [],
  "78": [],
  "79": [],
  "80": [],
  "81": [],
  "82": [],
  "83": [],
  "84": [],
  "85": [],
  "86": [],
  "87": [
    [-0.571848964737369, 0.2554875564255906, 0.5131812865371896, -0.18581552781125998, 0.5347604338000396, 0.6759491190315384, -0.039742432694462974]
  ],
  "88": [],
  "89": [],
  "90": [],
  "91": [],
  "92": [
    [0.8892303882866148, -0.18363257768880611, 0.48240251112871624, -0.030854689234427943, 0.7865382621673824, 0.551442667292021, 0.7140980060840583]
  ],
  "93": [],
  "94": [],
  "95": [],
  "96": [],
  "97": [],
  "98": [],
  "99": [],
  "100": []
}
