{
  "1": [],
  "2": [],
  "3": [],
  "4": [],
  "5": [],
  "6": [],
  "7": [],
  "8": [],
  "9": [],
  "10": [],
  "11": [],
  "12": [],
  "13": [],
  "14": [],
  "15": [],
  "16": [],
  "17": [],
  "18": [],
  "19": [],
  "20": [],
  "21": [],
  "22": [],
  "23": [],
  "24": [],
  "25": [],
  "26": [],
  "27": [],
  "28": [],
  "29": [],
  "30": [],
  "31": [],
  "32": [],
  "33": [],
  "34": [],
  "35": [
    [0.45474064898855515, -0.855933136323708, 0.6534240425772313, -0.102082284149513, 0.23776106748924627, 0.5843718764502421, -0.3009837941042219]
  ],
  "36": [],
  "37": [],
  "38": [],
  "39": [],
  "40": [],
  "41": [],
  "42": [
    [-0.8167419408210993, -0.1659125571931283, -0.4981557939153054, 0.8367792069402465, -0.8955951692523422, -0.5874709686760843, 0.919397632960212],
    [0.5022878178602004, 0.3045210728395273, 0.037122015007083134, -0.06553979587235807, 0.8381417592536642, 0.5814784034735371, -0.19467185074495746],
    [0.16838387245983777, 0.5096549500603347, 0.03573555305516951, -0.49760907012240696, 0.897332413658367, 0.3807363773520646, -0.6368310999973822]
  ],
  "43": [],
  "44": [],
  "45": [],
  "46": [
    [-0.5476481505239232, -0.8214340153363018, 0.31350515102611504, 0.5938288487693154, 0.9927566798724742, -0.0740755883687214, -0.9748527497530077]
  ],
  "47": [],
  "48": [],
  "49": [],
  "50": [],
  "51": [],
  "52": [],
  "53": [],
  "54": [],
  "55": [
    [0.22185025324691393, 0.7731048391169546, 0.09109448439382062, -0.08104336231848396, 0.3404462342429666, 0.5557618898039007, -0.7424767100522431]
  ],
  "56": [],
  "57": [],
  "58": [],
  "59": [],
  "60": [],
  "61": [],
  "62": [],
  "63": [],
  "64": [],
  "65": [],
  "66": [],
  "67": [],
  "68": [],
  "69": [],
  "70": [],
  "71": [],
  "72": [],
  "73": [
    [0.6052499442380803, -0.6938107334240501, 0.8399188820526127, -0.6512922814743658, -0.910855969170888, 0.4021987840399611, -0.2724952846316774]
  ],
  "74": [],
  "75": [],
  "76": [],
  "77": [],
  "78": [],
  "79": [
    [0.13438465047134074, 0.921892662683301, -0.33055107555912544, 0.7423241388576265, 0.8739694564200472, -0.9966745823164324, -0.7256619665290556]
  ],
  "80": [],
  "81": [],
  "82": [],
  "83": [],
  "84": [],
  "85": [],
  "86": [],
  "87": [],
  "88": [],
  "89": [
    [-0.6905231264655809, 0.8807371650672413, 0.189523271386746, 0.8155210852618701, -0.05322155861445659, 0.4408564407703216, -0.32730541657676376]
  ],
  "90": [],
  "91": [],
  "92": [],
  "93": [],
  "94": [],
  "95": [],
  "96": [],
  "97": [],
  "98": [],
  "99": [],
  "100": []
}
