{
  "1": [],
  "2": [],
  "3": [],
  "4": [],
  "5": [],
  "6": [],
  "7": [],
  "8": [],
  "9": [],
  "10": [],
  "11": [],
  "12": [],
  "13": [],
  "14": [],
  "15": [],
  "16": [],
  "17": [],
  "18": [],
  "19": [],
  "20": [],
  "21": [
    [0.49692118016113807, -0.1835771253922463, -0.9155594198015815, -0.930869293679047, -0.32847992317189617, 0.9841209223175339, -0.6494002568560309]
  ],
  "22": [],
  "23": [],
  "24": [],
  "25": [],
  "26": [],
  "27": [],
  "28": [],
  "29": [],
  "30": [],
  "31": [],
  "32": [
    [-0.204266276532822, -0.4352202740747326, 0.19783744939973752, 0.6071299704633697, -0.7788545183942598, 0.272666346270114, 0.7804845745109161]
  ],
  "33": [],
  "34": [
    [-0.7703116472475674, 0.7964788780751061, -0.9273316024417078, 0.6129582036688966, 0.3778943034673437, 0.7024834044819204, 0.4595724701052726]
  ],
  "35": [],
  "36": [],
  "37": [
    [0.22211842935924564, 0.4104867261194588, -0.3191214944945443, -0.26718398867667814, 0.8561086350380037, 0.8160506345759905, 0.4362740484776177]
  ],
  "38": [],
  "39": [],
  "40": [],
  "41": [],
  "42": [],
  "43": [],
  "44": [],
  "45": [],
  "46": [],
  "47": [],
  "48": [],
  "49": [],
  "50": [],
  "51": [],
  "52": [],
  "53": [],
  "54": [],
  "55": [],
  "56": [],
  "57": [],
  "58": [],
  "59": [],
  "60": [],
  "61": [],
  "62": [],
  "63": [],
  "64": [],
  "65": [],
  "66": [],
  "67": [],
  "68": [],
  "69": [],
  "70": [],
  "71": [],
  "72": [],
  "73": [],
  "74": [],
  "75": [],
  "76": [],
  "77": [],
  "78": [],
  "79": [],
  "80": [],
  "81": [],
  "82": [],
  "83": [],
  "84": [],
  "85": [],
  "86": [],
  "87": [],
  "88": [],
  "89": [],
  "90": [],
  "91": [],
  "92": [
    [0.5138807726748675, -0.43736836254874467, -0.9614371755085976, -0.6701839626992872, 0.8014287779193707, 0.5107435975809225, -0.014711983069921938]
  ],
  "93": [],
  "94": [],
  "95": [],
  "96": [],
  "97": [],
  "98": [],
  "99": [],
  "100": [
    [-0.8798393192368216, 0.9508731173406827, 0.7247896528420196, -0.9429739086563955, 0.10988973766532519, -0.8874000843647829, 0.3923509744358131]
  ]
}
