{
  "1": [],
  "2": [],
  "3": [
    [-0.11435737428999933, -0.05252012870220743, 0.752564844798864, 0.24529255394285826, 0.7317268847283848, 0.792394627690814, -0.823634341006735],
    [-0.14966289304284625, -0.051309841619024216, 0.6997108301568626, 0.15779708380174112, 0.8119854798960826, 0.6764988328928084, -0.8276539429438969]
  ],
  "4": [],
  "5": [],
  "6": [],
  "7": [],
  "8": [],
  "9": [
    [-0.6843575819757562, -0.2003744143815111, -0.46883183376002086, -0.5801684937149286, 0.3169739867846934, -0.4587071072268487, -0.08844226300025618],
    [-0.7348860658783399, -0.32565857295551354, -0.3601348992964685, -0.5482285802537811, 0.2150498649186851, 0.4539294956380206, -0.08667491565909173]
  ],
  "10": [],
  "11": [],
  "12": [
    [0.16318485204137573, -0.8416952715809136, 0.5738751285037469, 0.006333713723475304, -0.36011709677176174, 0.07035282025235737, -0.5797321380413677],
    [0.1568665376113045, -0.8380391460803878, 0.572383100054665, 0.0064357575928998345, 0.4035368148485982, 0.15077932107697342, -0.5673784789886483]
  ],
  "13": [],
  "14": [],
  "15": [
    [-0.4443358369011452, -0.4329567767241615, -0.7202542716988679, -0.8308300682437054, -0.43426091863448557, 0.4576363749045907, -0.44064765549861284],
    [-0.4901043212805624, 0.838659236948923, 0.06225041844040534, -0.2229280476158693, -0.5895268104235023, -0.42482407026848884, 0.42320749729610163]
  ],
  "16": [],
  "17": [],
  "18": [],
  "19": [],
  "20": [],
  "21": [],
  "22": [],
  "23": [],
  "24": [
    [0.13068716405430186, 0.5613705029209723, 0.49564578754464905, -0.6463056982831187, 0.33234338401981267, -0.16962187164156353, -0.700795744292495]
  ],
  "25": [],
  "26": [],
  "27": [],
  "28": [],
  "29": [],
  "30": [
    [0.07723610777026947, -0.018462072853828868, 0.7867686316908254, -0.03635108274087335, 0.7482320980369194, -0.3854395829631676, -0.4795384789453559],
    [0.07724213696272253, -0.012871805210915884, 0.6648084882985985, -0.04212443575633291, 0.795054857071795, 0.3735188197511104, -0.4783949114871194]
  ],
  "31": [
    [-0.5935571799254382, -0.6767826875676316, 0.08136046451401015, 0.493580375092523, -0.4524213993867974, -0.5889986194290006, -0.14427665119274652]
  ],
  "32": [],
  "33": [
    [0.8186071648810983, 0.10632799090202676, -0.1879341433726516, 0.2897643612325775, -0.5924729299332487, -0.002210014980652486, 0.47056047927268274]
  ],
  "34": [
    [0.30282879883107533, 0.6953109419013881, 0.11275093341166761, 0.9703408796198423, 0.022900534457943534, -0.6168115888077, 0.2200635151174559]
  ],
  "35": [],
  "36": [],
  "37": [],
  "38": [],
  "39": [
    [-0.47970213037655773, 0.17808702419671352, 0.5641457268961437, -0.8910637457031233, -0.8372751919732733, 0.9669785889990091, -0.45542627258540336],
    [0.5162016846748935, 0.6481388381457708, -0.4069459774578376, -0.49521161025097127, -0.5974381591545573, 0.9198602365572689, 0.7260661270876977]
  ],
  "40": [],
  "41": [],
  "42": [],
  "43": [],
  "44": [],
  "45": [
    [-0.21168070914288786, 0.18647672343035607, 0.8697294343841041, 0.4825552146200773, 0.22212705903537905, -0.1687164457428754, -0.8242617832276224],
    [0.5005602074734244, 0.10089048624688879, -0.9403182372010852, 0.3879072281082199, -0.09096027487086884, -0.15647380559764462, 0.46059076422268896]
  ],
  "46": [],
  "47": [],
  "48": [
    [0.8906051283161781, -0.7333095679018209, 0.0808347803311248, 0.7368949069865608, -0.558849557371282, 0.1321824255037498, -0.44957010480364756]
  ],
  "49": [],
  "50": [
    [0.8896860210672871, 0.7487008533797513, -0.5658012170807433, -0.28505140046081406, 0.2728707112322687, 0.46708582818747585, -0.030487429022173423]
  ],
  "51": [
    [0.3586829335991878, 0.9732794832736448, -0.09692626965496157, -0.08025554043353554, -0.8036836944134736, 0.7048045369930526, -0.6123091492084716]
  ],
  "52": [],
  "53": [],
  "54": [
    [-0.9664870772955672, -0.11510886934348485, 0.0215481996817028, -0.6148199162520023, 0.8866668353879478, 0.1318358688935934, 0.3764031593998584],
    [-0.9541891625938254, -0.11848062357337695, -0.00327740588292673, 0.6156563516529823, 0.8936249343502917, 0.1316844784207685, 0.37621295909541563],
    [-0.8138725943548044, 0.3704653805668508, -0.3270134484942348, 0.8121529206431455, -0.5158959324612045, 0.8096173549330186, 0.0641863945268604]
  ],
  "55": [],
  "56": [],
  "57": [],
  "58": [],
  "59": [],
  "60": [],
  "61": [
    [-0.9598233058258939, 0.2213154598974982, 0.39587901373740264, 0.3579550961795044, 0.047451315980455676, -0.41313608459570894, 0.047700890956483236]
  ],
  "62": [],
  "63": [],
  "64": [],
  "65": [],
  "66": [],
  "67": [],
  "68": [],
  "69": [],
  "70": [],
  "71": [],
  "72": [],
  "73": [],
  "74": [],
  "75": [],
  "76": [],
  "77": [],
  "78": [],
  "79": [],
  "80": [
    [-0.35657770452467835, 0.5179128781034915, -0.8269423383090945, -0.20895939501518582, 0.687535499110757, 0.6220223494330561, 0.5453494175906535],
    [-0.4143609962328093, 0.9252425345060152, -0.8577072698837478, -0.2678414379794044, 0.419928433955013, 0.8008705242355328, 0.4574182460212271],
    [0.18008475679633482, -0.8063864068783474, 0.5216724209612986, -0.6897557442870843, 0.5860432576659294, -0.9027069840117307, -0.08927240172853937],
    [0.5575249945386559, -0.34391658087666077, 0.21855403384282765, -0.3996678551544296, 0.7078593938840866, -0.9430175865666295, 0.5323225578746534],
    [0.2531792282715858, -0.8188150075102166, 0.512869791350583, -0.744124585700616, 0.5649221998711671, 0.9231404307425589, -0.0891040857460575],
    [0.5205486861288011, -0.34651932438115973, 0.21140767877653338, -0.40809375824848443, 0.7005951335993043, 0.9535051643882204, 0.5605560308177815]
  ],
  "81": [],
  "82": [],
  "83": [],
  "84": [],
  "85": [],
  "86": [],
  "87": [],
  "88": [
    [0.6033817655951877, -0.8210961958373459, 0.2592296249140985, 0.5803385247099657, 0.8939626561254321, 0.053671185578658, -0.31880994645041677]
  ],
  "89": [],
  "90": [],
  "91": [],
  "92": [],
  "93": [],
  "94": [
    [-0.4898594067319624, -0.41334112052669003, -0.8308340469324123, -0.09332093708835199, -0.602364764693746, 0.15669910166657533, -0.15038796829406292],
    [0.4576482009282414, -0.4499818296033795, -0.6063783665487451, -0.08685963255602613, -0.3107433334534084, 0.6148568104080695, -0.5561187178773217]
  ],
  "95": [],
  "96": [],
  "97": [],
  "98": [],
  "99": [],
  "100": []
}
