{
  "1": [],
  "2": [],
  "3": [],
  "4": [],
  "5": [],
  "6": [],
  "7": [
    [-0.29640322079026127, -0.05373079595764476, 0.21514951049177242, -0.7240749066125997, -0.2504569699578146, 0.4087086490826338, -0.20351676267842259],
    [0.37861122599098596, 0.49252792866361, 0.948948007553928, -0.44186983277934294, 0.7121131404806943, -0.3806133829822847, -0.189980971805671]
  ],
  "8": [],
  "9": [],
  "10": [],
  "11": [],
  "12": [],
  "13": [],
  "14": [
    [-0.5841678193133282, 0.19065258639369514, 0.09434323385733893, 0.08854641157023352, 0.713321318849106, -0.3467349168966513, -0.04893648490687155],
    [-0.816491202387133, 0.1661600067873615, 0.08144996364642183, 0.21039526972358497, 0.355624084796381, -0.244032367881294, -0.0435965789151756]
  ],
  "15": [
    [-0.38302020132866615, -0.6873507519003427, 0.3585130545214511, 0.20263224640836303, -0.7057665064617183, -0.20421123596624655, -0.7492401647582564],
    [-0.36108558108711386, 0.7067334169239445, -0.6681051576099162, -0.19516340455419864, -0.737565121386025, -0.12532888399557288, -0.7634262217409836]
  ],
  "16": [],
  "17": [],
  "18": [
    [0.18690588200635394, -0.5689736570986552, 0.6844575343546084, -0.6348739503400238, -0.8792181282151039, -0.5384716330889291, 0.1651153388189283]
  ],
  "19": [],
  "20": [
    [-0.7277885675205336, -0.5062505350229402, -0.09176980457500518, 0.10224029608244689, 0.2567069220007898, -0.2771682800178468, 0.3620635489367777],
    [0.730125156147101, 0.0189743616250165, 0.05273935598883741, -0.05036120175314559, -0.1645795048838036, -0.22543633657564413, -0.5252689260866864]
  ],
  "21": [],
  "22": [
    [-0.9119068050404544, 0.1778044049521256, 0.3944876550874649, 0.6429433027885952, 0.5328106693925682, -0.049043254672756664, -0.5599950693506518]
  ],
  "23": [
    [-0.1282079346969319, -0.21726463338865074, -0.5427814867831401, -0.2711561706051044, 0.45314772868167, -0.7552052783484188, -0.1659384397189168]
  ],
  "24": [
    [0.11687358132949656, -0.028687676417708054, -0.3359585352989145, -0.616389503169215, 0.004776909733395283, -0.03674745345877983, -0.17707867375299288]
  ],
  "25": [],
  "26": [],
  "27": [],
  "28": [],
  "29": [],
  "30": [],
  "31": [
    [0.30612084327357036, 0.23713777271400405, 0.838278675705884, 0.1609082348650808, -0.2526893061299002, 0.050164323147243985, 0.08378281060922053],
    [0.8528755958972761, 0.5517080212810814, 0.18234694064263318, 0.2857924011905835, -0.05072217346027571, 0.05933603587529008, 0.1297338147570151],
    [0.9547001259071843, 0.8066368029823267, 0.1712275179277701, 0.16708305709972204, -0.08313194644986237, 0.07964648532391276, 0.16272697855388069]
  ],
  "32": [
    [-0.9634105709376146, 0.11481685134067675, 0.047335146054706775, 0.03119489380942042, 0.010484740277676874, -0.07707823334001881, -0.4663093392414466]
  ],
  "33": [],
  "34": [
    [-0.15121739982273505, -0.28590826834293587, -0.06844167132428225, 0.04680257571662109, -0.03328439460974691, 0.9697039645627547, 0.6944655623179185]
  ],
  "35": [
    [-0.30802905972562733, -0.13288184172827194, -0.6409253028346916, -0.344189015032472, 0.2665539125533047, -0.8703111539689153, 0.9807315845872078],
    [0.4686600639961709, 0.27106863623604677, 0.06443382356802073, 0.4215190673872277, -0.6584059845469966, -0.5904056501615155, -0.20148775955078843]
  ],
  "36": [],
  "37": [
    [0.26222997726630265, 0.13574566413510303, 0.8622589854731031, -0.22274560421945502, 0.44157133945442606, 0.5039926601301106, -0.02564251236615646]
  ],
  "38": [],
  "39": [
    [0.39115735810248664, -0.5281291103759111, 0.18238098315691986, 0.3038508478811053, 0.11389729958004977, 0.33017216733337107, -0.05425851680785529]
  ],
  "40": [],
  "41": [],
  "42": [],
  "43": [],
  "44": [],
  "45": [
    [-0.5932052241547282, 0.42687058042445175, 0.044286723311497654, 0.12405037786902894, -0.44482782777180124, 0.272904555524344, -0.3242901175416646]
  ],
  "46": [],
  "47": [
    [0.27434297453271717, -0.3637746188521265, -0.7374748395357114, 0.04924158446463693, -0.45970453008661055, -0.17468467542906796, 0.10311353459943562],
    [0.3766422109101143, 0.2908850140679528, 0.8246272007024396, 0.11535278461025605, -0.021923804178357632, 0.2257118133948979, -0.2968910799702286]
  ],
  "48": [],
  "49": [],
  "50": [],
  "51": [],
  "52": [],
  "53": [
    [-0.16014317730780014, -0.20888531797839888, 0.09678377097477146, 0.9310084646613298, 0.4362037116886815, 0.0038894891192971007, -0.08197791066401111]
  ],
  "54": [],
  "55": [],
  "56": [],
  "57": [],
  "58": [],
  "59": [],
  "60": [],
  "61": [],
  "62": [],
  "63": [],
  "64": [],
  "65": [
    [0.2128896305287162, 0.10836479843160327, 0.13215313129523315, -0.0463438133699025, -0.21371611663411216, -0.7906155626925708, 0.43582523067016404]
  ],
  "66": [],
  "67": [],
  "68": [],
  "69": [],
  "70": [],
  "71": [],
  "72": [
    [-0.9532740381952245, -0.1534984144977668, 0.11010698940545968, 0.23276192819396163, 0.5180131439116344, 0.2002846235642843, 0.512084555599766],
    [-0.8911359460294832, 0.1360210583066877, 0.12127090893196205, 0.1260211734956268, -0.4331331879459775, 0.15369452269399864, 0.7051956912998912]
  ],
  "73": [],
  "74": [],
  "75": [],
  "76": [],
  "77": [],
  "78": [],
  "79": [],
  "80": [],
  "81": [],
  "82": [
    [0.1977219348310461, 0.19554889345515036, -0.16034528437976925, -0.0855713940692291, 0.8136872812001748, 0.2910943206750185, -0.36054091588746323]
  ],
  "83": [],
  "84": [
    [-0.48252834575838194, -0.06467758543989684, 0.8311832608419238, -0.19619317837651984, 0.7053511188133609, 0.11859454051460405, -0.06149909112288115]
  ],
  "85": [],
  "86": [],
  "87": [],
  "88": [],
  "89": [],
  "90": [
    [0.46025434068521553, 0.09447288821672015, -0.047205476454171134, -0.20901907916462165, -0.9930012617924048, 0.568963318196441, -0.2924266143480472],
    [0.4630922420031691, 0.09431984795676453, -0.046719847882049324, -0.20812696353610166, -0.9920841291871486, 0.5711508527239473, 0.21708518274196092]
  ],
  "91": [
    [0.3402344467811692, 0.9782212973667249, 0.138231198407118, 0.9845898734786143, 0.3792699947609857, 0.622801864754004, 0.8026618744400429]
  ],
  "92": [
    [-0.1287981751507368, -0.5453770867284083, -0.3140282349713024, -0.2497972847091564, -0.2644156922706943, -0.8425784638084568, 0.6974588539378453],
    [-0.1287981751507368, -0.5453770867284083, -0.3140282349713024, 0.24979728470915635, -0.2644156922706943, -0.8425784638084568, 0.6974588539378453]
  ],
  "93": [],
  "94": [],
  "95": [],
  "96": [],
  "97": [],
  "98": [],
  "99": [],
  "100": []
}
