{
  "1": [],
  "2": [],
  "3": [],
  "4": [],
  "5": [],
  "6": [],
  "7": [],
  "8": [],
  "9": [],
  "10": [],
  "11": [],
  "12": [],
  "13": [],
  "14": [],
  "15": [],
  "16": [],
  "17": [],
  "18": [],
  "19": [],
  "20": [],
  "21": [
    [0.4969211801611382, -0.18357712539224635, -0.9155594198015818, -0.9308692936790471, -0.3284799231718963, 0.9841209223175338, -0.6494002568560312]
  ],
  "22": [],
  "23": [],
  "24": [],
  "25": [],
  "26": [],
  "27": [],
  "28": [],
  "29": [],
  "30": [],
  "31": [],
  "32": [
    [-0.2042662765328218, -0.4352202740747319, 0.19783744939973766, 0.607129970463369, -0.7788545183942613, 0.2726663462701136, 0.7804845745109162]
  ],
  "33": [],
  "34": [
    [-0.7703116472475676, 0.7964788780751055, -0.927331602441708, 0.6129582036688966, 0.37789430346734376, 0.7024834044819205, 0.45957247010527286]
  ],
  "35": [],
  "36": [],
  "37": [
    [0.22211842935924558, 0.4104867261194589, -0.3191214944945443, -0.2671839886766782, 0.8561086350380038, 0.8160506345759903, 0.4362740484776176]
  ],
  "38": [],
  "39": [],
  "40": [],
  "41": [],
  "42": [],
  "43": [],
  "44": [],
  "45": [],
  "46": [],
  "47": [],
  "48": [],
  "49": [],
  "50": [],
  "51": [],
  "52": [],
  "53": [],
  "54": [],
  "55": [],
  "56": [],
  "57": [],
  "58": [],
  "59": [],
  "60": [],
  "61": [],
  "62": [],
  "63": [],
  "64": [],
  "65": [],
  "66": [],
  "67": [],
  "68": [],
  "69": [],
  "70": [],
  "71": [],
  "72": [],
  "73": [],
  "74": [],
  "75": [],
  "76": [],
  "77": [],
  "78": [],
  "79": [],
  "80": [],
  "81": [],
  "82": [],
  "83": [],
  "84": [],
  "85": [],
  "86": [],
  "87": [],
  "88": [],
  "89": [],
  "90": [],
  "91": [],
  "92": [
    [0.5138807726748678, -0.43736836254874445, -0.9614371755085975, -0.6701839626992874, 0.8014287779193705, 0.5107435975809225, -0.014711983069922028]
  ],
  "93": [],
  "94": [],
  "95": [],
  "96": [],
  "97": [],
  "98": [],
  "99": [],
  "100": [
    [-0.8798393192368203, 0.9508731173406821, 0.7247896528420197, -0.9429739086563971, 0.10988973766532514, -0.8874000843647828, 0.392350974435813]
  ]
}
