{
  "1": [],
  "2": [],
  "3": [
    [-0.11435737428999944, -0.052520128702207555, 0.7525648447988633, 0.24529255394285857, 0.7317268847283851, 0.792394627690814, -0.8236343410067346],
    [-0.14966289304284633, -0.0513098416190244, 0.6997108301568634, 0.1577970838017416, 0.8119854798960815, 0.6764988328928092, -0.8276539429438964]
  ],
  "4": [],
  "5": [],
  "6": [],
  "7": [],
  "8": [],
  "9": [
    [-0.6843575819757561, -0.20037441438151124, -0.4688318337600206, -0.5801684937149285, 0.3169739867846934, -0.45870710722684865, -0.08844226300025622],
    [-0.7348860658783398, -0.3256585729555136, -0.3601348992964683, -0.5482285802537812, 0.21504986491868522, 0.4539294956380206, -0.08667491565909173]
  ],
  "10": [],
  "11": [],
  "12": [
    [0.1631848520413758, -0.8416952715809134, 0.5738751285037469, 0.006333713723475304, -0.360117096771762, 0.07035282025235745, -0.5797321380413671],
    [0.1568665376113046, -0.8380391460803875, 0.572383100054665, 0.0064357575928998345, 0.40353681484859827, 0.1507793210769734, -0.5673784789886477]
  ],
  "13": [],
  "14": [],
  "15": [
    [-0.44433583690114536, -0.4329567767241615, -0.7202542716988681, -0.8308300682437059, -0.43426091863448557, 0.4576363749045906, -0.44064765549861284],
    [-0.4901043212805623, 0.8386592369489225, 0.06225041844040516, -0.22292804761586918, -0.5895268104235025, -0.42482407026848895, 0.4232074972961014]
  ],
  "16": [],
  "17": [],
  "18": [],
  "19": [],
  "20": [],
  "21": [],
  "22": [],
  "23": [],
  "24": [
    [0.1306871640543019, 0.5613705029209722, 0.4956457875446489, -0.6463056982831187, 0.3323433840198126, -0.16962187164156323, -0.7007957442924951]
  ],
  "25": [],
  "26": [],
  "27": [],
  "28": [],
  "29": [],
  "30": [
    [0.07723610777026879, -0.018462072853844522, 0.7867686316911774, -0.0363510827408575, 0.7482320980368042, -0.38543958296319786, -0.47953847894535756],
    [0.07724213696272195, -0.012871805210928155, 0.6648084882987881, -0.04212443575632057, 0.7950548570717078, 0.37351881975113055, -0.4783949114871197]
  ],
  "31": [
    [-0.5935571799254382, -0.6767826875676317, 0.0813604645140101, 0.493580375092523, -0.4524213993867975, -0.5889986194290006, -0.14427665119274644]
  ],
  "32": [],
  "33": [
    [0.8186071648810965, 0.10632799090202694, -0.18793414337265166, 0.28976436123257726, -0.5924729299332504, -0.0022100149806522722, 0.470560479272682]
  ],
  "34": [
    [0.3028287988310755, 0.69531094190139, 0.11275093341166721, 0.9703408796198428, 0.022900534457943485, -0.6168115888076986, 0.22006351511745553]
  ],
  "35": [],
  "36": [],
  "37": [],
  "38": [],
  "39": [
    [-0.47970213037655757, 0.17808702419671346, 0.5641457268961435, -0.8910637457031235, -0.8372751919732733, 0.9669785889990087, -0.4554262725854033],
    [0.5162016846748934, 0.6481388381457703, -0.4069459774578378, -0.49521161025097143, -0.5974381591545577, 0.9198602365572687, 0.7260661270876974]
  ],
  "40": [],
  "41": [],
  "42": [],
  "43": [],
  "44": [],
  "45": [
    [-0.2116807091428878, 0.1864767234303563, 0.869729434384105, 0.48255521462007733, 0.22212705903537938, -0.1687164457428756, -0.8242617832276228],
    [0.5005602074734244, 0.10089048624688891, -0.9403182372010852, 0.38790722810821976, -0.09096027487086891, -0.15647380559764473, 0.46059076422268913]
  ],
  "46": [],
  "47": [],
  "48": [
    [0.8906051283161781, -0.7333095679018209, 0.0808347803311249, 0.7368949069865607, -0.558849557371282, 0.1321824255037499, -0.44957010480364756]
  ],
  "49": [],
  "50": [
    [0.889686021067287, 0.7487008533797513, -0.5658012170807433, -0.2850514004608142, 0.2728707112322687, 0.4670858281874758, -0.03048742902217344]
  ],
  "51": [
    [0.3586829335991878, 0.9732794832736448, -0.09692626965496155, -0.08025554043353554, -0.803683694413474, 0.7048045369930523, -0.6123091492084716]
  ],
  "52": [],
  "53": [],
  "54": [
    [-0.9664870772955694, -0.11510886934348491, 0.021548199681702764, -0.6148199162520019, 0.8866668353879464, 0.13183586889359347, 0.37640315939985824],
    [-0.9541891625938264, -0.11848062357337712, -0.0032774058829267557, 0.6156563516529817, 0.8936249343502907, 0.13168447842076875, 0.37621295909541524],
    [-0.8138725943548034, 0.37046538056685036, -0.3270134484942344, 0.8121529206431456, -0.5158959324612047, 0.8096173549330185, 0.06418639452686041]
  ],
  "55": [],
  "56": [],
  "57": [],
  "58": [],
  "59": [],
  "60": [],
  "61": [
    [-0.9598233058258941, 0.2213154598974986, 0.3958790137374038, 0.3579550961795048, 0.04745131598045564, -0.41313608459570894, 0.04770089095648322]
  ],
  "62": [],
  "63": [],
  "64": [],
  "65": [],
  "66": [],
  "67": [],
  "68": [],
  "69": [],
  "70": [],
  "71": [],
  "72": [],
  "73": [],
  "74": [],
  "75": [],
  "76": [],
  "77": [],
  "78": [],
  "79": [],
  "80": [
    [-0.3565777045246784, 0.5179128781034916, -0.8269423383090946, -0.20895939501518554, 0.6875354991107571, 0.6220223494330561, 0.5453494175906533],
    [-0.41436099623280925, 0.9252425345060148, -0.8577072698837477, -0.26784143797940435, 0.4199284339550132, 0.8008705242355327, 0.45741824602122716],
    [0.18008475679633498, -0.8063864068783475, 0.5216724209612986, -0.6897557442870843, 0.5860432576659294, -0.9027069840117308, -0.08927240172853937],
    [0.5575249945386562, -0.3439165808766607, 0.21855403384282754, -0.3996678551544293, 0.7078593938840868, -0.9430175865666297, 0.5323225578746532],
    [0.2531792282715859, -0.8188150075102169, 0.512869791350583, -0.7441245857006158, 0.5649221998711672, 0.9231404307425589, -0.08910408574605753],
    [0.5205486861288018, -0.3465193243811596, 0.21140767877653321, -0.4080937582484841, 0.7005951335993045, 0.9535051643882209, 0.560556030817781]
  ],
  "81": [],
  "82": [],
  "83": [],
  "84": [],
  "85": [],
  "86": [],
  "87": [],
  "88": [
    [0.6033817655951877, -0.8210961958373448, 0.2592296249140985, 0.5803385247099664, 0.8939626561254321, 0.05367118557865792, -0.31880994645041705]
  ],
  "89": [],
  "90": [],
  "91": [],
  "92": [],
  "93": [],
  "94": [
    [-0.48985940673196227, -0.4133411205266901, -0.8308340469324124, -0.09332093708835199, -0.602364764693746, 0.15669910166657547, -0.15038796829406287],
    [0.4576482009282415, -0.4499818296033796, -0.6063783665487451, -0.08685963255602613, -0.3107433334534083, 0.6148568104080697, -0.5561187178773217]
  ],
  "95": [],
  "96": [],
  "97": [],
  "98": [],
  "99": [],
  "100": []
}
