{
  "1": [
    [-0.23913318869168473, 0.19581300899031748, 0.2733205213144959, -0.36660883433583846, -0.3889220078026512, 0.6658225912179215, 0.9387595679252445]
  ],
  "2": [
    [-0.5602758142397153, 0.16580470040998635, 0.5317224187739906, 0.26061535276583336, -0.2572606533795669, 0.07649119769687673, 0.6493503385595901]
  ],
  "3": [],
  "4": [],
  "5": [],
  "6": [
    [-0.10857363503585137, 0.0687169682702874, 0.6892415004579613, -0.7590049598548937, -0.003931246632657844, -0.014529497417928345, -0.1585162118972576],
    [-0.10109336478031705, 0.10683154226479243, -0.5591583553861359, 0.7511939604098153, 0.0036314924970619034, 0.018877437517015955, -0.16194687677105335]
  ],
  "7": [],
  "8": [],
  "9": [],
  "10": [],
  "11": [],
  "12": [
    [0.07279934132428487, 0.7836253781771619, 0.050756320616257074, 0.03110773736270868, 0.6241786313025962, 0.0833731027947863, 0.08511576631293179],
    [0.2862078906112508, 0.13622864812213362, 0.34955528436375444, 0.47689631558947715, 0.4765189522911385, 0.15502981765784574, 0.44636579333982135]
  ],
  "13": [],
  "14": [
    [-0.09104601481412973, 0.4151076392318129, 0.14431623581193756, -0.5989397060351604, -0.5401378007701528, 0.8949872159143216, 0.16777743350614044]
  ],
  "15": [
    [0.56941419958528, -0.003542527287892058, -0.9239016998571828, 0.8288615038692395, -0.32558045308016476, 0.08731876636393932, 0.11796429584085762],
    [0.9843745059499464, 0.037700806155128476, 0.031136013102552908, -0.11454638058230021, 0.16301527830990284, 0.09225085725179168, 0.12406058374899247]
  ],
  "16": [
    [0.20340280597607502, 0.15203981174376133, -0.3412689118178062, -0.4194079576538787, -0.32841595985204897, -0.35496297423115125, -0.03080092214503735],
    [0.6266118576074248, 0.46087429854160383, 0.13058473425334674, -0.2450145750913904, 0.036612584690599935, -0.3461965878258599, -0.2754704704386323]
  ],
  "17": [],
  "18": [],
  "19": [
    [-0.1248256734144953, -0.16272811490111722, -0.023760642259631804, -0.028492894353915655, -0.019318674489077252, -0.24313345584546156, -0.3959661670915923],
    [-0.13442644606766443, -0.32785985060731215, -0.028583628807518514, 0.07652510105215471, 0.038360027325898195, -0.2757171469241507, 0.16459537417851483]
  ],
  "20": [],
  "21": [],
  "22": [],
  "23": [],
  "24": [
    [-0.4126625167475715, -0.07122740677898852, -0.17820893409684063, 0.8773595094561211, -0.13943107878295072, -0.13447079143415638, -0.1560926101267319],
    [0.6023594666129678, -0.29279616787228563, 0.22949582961982817, 0.3395750016655448, -0.32206008573499834, -0.17310438820530108, 0.035245593403203324],
    [0.07763343792136362, -0.008778444549754169, -0.8098372126558819, 0.7810889884937608, -0.5944181596314776, -0.11841525962111384, -0.737485713827715],
    [0.09989596753064724, 0.09397296152964271, 0.5146215065576644, 0.6638993611695887, 0.6504288724485822, -0.17032879600161696, 0.39853095134034444]
  ],
  "25": [
    [0.4436459292506958, 0.8066225623317335, -0.18561499970478446, 0.09503086228681855, 0.1838478674125326, 0.2724135043384598, 0.06049006110966046]
  ],
  "26": [],
  "27": [],
  "28": [],
  "29": [],
  "30": [
    [0.6016625229353464, -0.07664553602227771, -0.04163704657875183, 0.05860425551276822, -0.1211452914391885, 0.04992280931965259, 0.9344618190680778]
  ],
  "31": [],
  "32": [
    [-0.5695783167377495, -0.20818842084462616, 0.2958306932958711, -0.3772640951087293, -0.22752449303542266, 0.08736775400706423, 0.25577100109029977],
    [0.8176143131972385, -0.11671058579099436, -0.17072781341858168, -0.38712080223119105, -0.514459580793868, -0.2149719185338499, -0.3951521323803294]
  ],
  "33": [],
  "34": [],
  "35": [],
  "36": [],
  "37": [],
  "38": [
    [0.07619571443572717, 0.08014580774896514, 0.12273756222333472, 0.5401290302731135, 0.23806670882866957, -0.6654391532406865, -0.20442517383118827]
  ],
  "39": [
    [-0.3062289855850133, 0.03431770721537936, -0.04173411468085575, -0.8207798497257787, 0.03899312895519815, 0.3675859644473424, 0.08968235845285452]
  ],
  "40": [],
  "41": [
    [0.607583818118686, 0.029282333470323413, 0.014802317639069815, 0.03248201409636905, -0.15738378138751724, -0.045102429457985364, 0.19575965171998172],
    [0.15967535896957116, 0.3663985858065592, 0.5439634383510684, 0.12990120129934185, 0.016233863975019327, -0.02127449542381142, -0.7440642682535903]
  ],
  "42": [],
  "43": [],
  "44": [],
  "45": [],
  "46": [],
  "47": [],
  "48": [
    [0.004069604465750333, -0.5484584109304184, 0.9181141985805121, -0.9106156200299705, 0.3451739226563853, 0.28095510421458453, 0.3389944135333506]
  ],
  "49": [],
  "50": [],
  "51": [],
  "52": [
    [-0.6128686247202755, -0.1503487635703696, -0.16550976927183614, 0.10885667895346976, -0.46282137588717326, -0.004292438897461616, 0.10355410325489063],
    [-0.2067839311014833, -0.09199951438089865, 0.6340566856933841, 0.12164277990534325, 0.48591567526309465, -0.004427909755299025, 0.5444894033714963]
  ],
  "53": [
    [0.02873040050006507, 0.2998053821584277, 0.23980725525465388, 0.07921463984790124, -0.11864741735378978, -0.10062811029145383, -0.2412972404575056],
    [0.04211035585612158, -0.30923792490745605, -0.28454515962452964, 0.07071015164571401, -0.04633059116386384, -0.10375670926291178, -0.20882633067327888],
    [0.10308128077066177, 0.06909373003064435, 0.5716013879789881, 0.03499027180927903, 0.6077979047324237, 0.016197188841273732, 0.08227463928341461]
  ],
  "54": [],
  "55": [
    [0.0037466755202328304, -0.29422353793400274, 0.244177577998561, -0.563948942958935, -0.5239457533121673, -0.04057168143631516, 0.18052362209178688]
  ],
  "56": [],
  "57": [
    [0.03807926108191639, -0.026718517714797146, -0.3890074125286411, -0.8693840152469208, -0.20949003015376316, 0.08009273628074344, -0.10502866145111969]
  ],
  "58": [],
  "59": [],
  "60": [
    [-0.061867816785678396, -0.5581976683108751, 0.6789377467149575, 0.03754627512700428, -0.049911878975060886, -0.17642886519950143, -0.29957970553056396],
    [0.09949477896761565, 0.21391533718320146, -0.47099136697281185, -0.2161845241987618, -0.17409125789243965, -0.23663061850449618, 0.5429214591964915]
  ],
  "61": [
    [0.0670115147962981, -0.1131377507215589, -0.43021693079507317, 0.2494402276191964, -0.19441681369378752, 0.031028193554222427, -0.051869060829219424],
    [0.06713361705181044, -0.11324934766917162, -0.3543815524589864, 0.21542452370246423, 0.10615426567145424, 0.02729225334465111, 0.010277294081887996],
    [0.0683169097591788, -0.1143304847247218, 0.36647361631141967, -0.10791511639535786, -0.15790763102825361, 0.027718125689952595, 0.004688452020807639],
    [0.06839610276297668, -0.11440281829866654, 0.4138255770184243, -0.12915500325821652, 0.20657122277168397, 0.028907232816993384, -0.02870665918417823]
  ],
  "62": [
    [-0.19685564843642503, 0.280135591837689, 0.06764553000802064, 0.1270890868318252, -0.29167354821126285, 0.22226157475165365, 0.005938751892826581]
  ],
  "63": [],
  "64": [],
  "65": [],
  "66": [],
  "67": [],
  "68": [],
  "69": [],
  "70": [],
  "71": [],
  "72": [],
  "73": [],
  "74": [],
  "75": [],
  "76": [],
  "77": [],
  "78": [],
  "79": [],
  "80": [],
  "81": [
    [-0.5180995141008375, -0.19863493267832222, -0.5826843748469037, 0.11177287183400335, 0.37358203740286877, 0.4556044307390693, -0.1837609271897941],
    [-0.49051176229966625, 0.4624896286388774, -0.5594798636165381, 0.07686992595755202, -0.5389583494595771, -0.20338347281556834, 0.05773462492521747],
    [0.48900853135341116, -0.3844235425916635, 0.062262283278223966, -0.04165879609674146, 0.5764244268876481, 0.15850134094878865, 0.04235560864518997]
  ],
  "82": [],
  "83": [],
  "84": [],
  "85": [],
  "86": [],
  "87": [],
  "88": [],