{
  "1": [],
  "2": [],
  "3": [],
  "4": [],
  "5": [],
  "6": [],
  "7": [],
  "8": [],
  "9": [],
  "10": [],
  "11": [],
  "12": [],
  "13": [],
  "14": [],
  "15": [],
  "16": [],
  "17": [],
  "18": [],
  "19": [],
  "20": [],
  "21": [],
  "22": [],
  "23": [],
  "24": [],
  "25": [],
  "26": [],
  "27": [],
  "28": [],
  "29": [],
  "30": [],
  "31": [],
  "32": [],
  "33": [],
  "34": [],
  "35": [],
  "36": [],
  "37": [],
  "38": [],
  "39": [],
  "40": [
    [0.7175512763348874, -0.5536356961801349, -0.5446944271068359, 0.10030930801209396, 0.918184574250288, -0.8909173740678653, -0.4685078587001477]
  ],
  "41": [],
  "42": [],
  "43": [],
  "44": [],
  "45": [],
  "46": [],
  "47": [],
  "48": [],
  "49": [],
  "50": [],
  "51": [],
  "52": [],
  "53": [],
  "54": [],
  "55": [],
  "56": [
    [0.3611925193439552, -0.09129716715536952, -0.9639612015932321, -0.6906957472349786, -0.7987023223698091, 0.4068002353843882, 0.9945305667592202]
  ],
  "57": [],
  "58": [],
  "59": [],
  "60": [],
  "61": [],
  "62": [],
  "63": [],
  "64": [],
  "65": [],
  "66": [],
  "67": [],
  "68": [],
  "69": [],
  "70": [],
  "71": [],
  "72": [],
  "73": [],
  "74": [
    [0.572145116213461, -0.8815866375754036, -0.8060233874933482, 0.7642879288383884, -0.808583381357731, -0.9669743026346225, -0.42272898446414103]
  ],
  "75": [],
  "76": [],
  "77": [],
  "78": [],
  "79": [],
  "80": [],
  "81": [],
  "82": [],
  "83": [],
  "84": [],
  "85": [],
  "86": [],
  "87": [
    [-0.5718489647373691, 0.25548755642559057, 0.5131812865371898, -0.18581552781125998, 0.5347604338000395, 0.675949119031539, -0.03974243269446288]
  ],
  "88": [],
  "89": [],
  "90": [],
  "91": [],
  "92": [
    [0.8892303882866138, -0.1836325776888059, 0.48240251112871674, -0.030854689234427767, 0.7865382621673817, 0.5514426672920227, 0.7140980060840584]
  ],
  "93": [],
  "94": [],
  "95": [],
  "96": [],
  "97": [],
  "98": [],
  "99": [],
  "100": []
}
