{
  "1": [
    [-0.5443496472937946, 0.34608753254049024, 0.06409828890089588, -0.4036808944352446, 0.034983629447412054, -0.1273753658382577]
  ],
  "2": [],
  "3": [],
  "4": [
    [0.14320044726439998, -0.5432995541547326, 0.02073840639264763, -0.6366798722650737, 0.12239081068219093, 0.8509106215816445],
    [0.3152131769056343, 0.7554260999095126, -0.2501624968937932, 0.24360945508668413, -0.08705608663954746, 0.3305259093870067]
  ],
  "5": [],
  "6": [],
  "7": [],
  "8": [],
  "9": [],
  "10": [],
  "11": [
    [0.2270398119144487, -0.5154943695507574, 0.18299806636144206, -0.6546870577658059, 0.49029153051231805, 0.14540039371506672]
  ],
  "12": [],
  "13": [],
  "14": [
    [0.24332612753056876, 0.3315117038229585, -0.03439829241527975, 0.28155166891607175, 0.6971657302492339, -0.9655252602431068]
  ],
  "15": [],
  "16": [],
  "17": [
    [0.011775714867226103, 0.2961675209601367, -0.8797623489348403, -0.7515207497382856, 0.2747464880694076, -0.015976308557834325]
  ],
  "18": [],
  "19": [],
  "20": [
    [-0.19501724837472045, -0.13026504998573732, -0.793625280323487, -0.9085217544798614, -0.024961474712880325, -0.923857584181736]
  ],
  "21": [
    [-0.04885226774965363, 0.10643536653683622, 0.7558943971993942, 0.5706806073178063, 0.010909854514921153, 0.7147600903640431],
    [-0.6860971859452399, 0.10633048043616163, 0.8951889267513309, 0.8455014166579867, 0.0808809494265721, 0.03580738800375559],
    [-0.13627236486790492, 0.10645990594879415, 0.6897593987431329, 0.6083791008542248, 0.05837578051140453, 0.6766725724587463],
    [0.2082775598643459, 0.10400989721166055, 0.5158806555106702, 0.4596954268782418, -0.10991930877037834, 0.5848876416749095]
  ],
  "22": [
    [-0.12068085725999507, 0.6231239894466982, 0.021304287159961705, -0.4071895501133793, 0.1661848481576808, 0.3937253894122642]
  ],
  "23": [
    [-0.2034809819280996, 0.644794894201859, 0.33608040462631456, 0.18681445827147006, -0.7413383545783775, -0.1376463526874006]
  ],
  "24": [],
  "25": [],
  "26": [],
  "27": [],
  "28": [],
  "29": [],
  "30": [
    [-0.01074721453641736, -0.24156378081974875, -0.22007578143253329, 0.11644432928365724, -0.08132927884992923, 0.5120901679413358],
    [-0.2115147243517768, 0.19426319593301242, -0.6663053873847259, 0.6815209813322827, -0.40279516937796905, -0.7317046577174164]
  ],
  "31": [
    [-0.15348041807585538, -0.6680653196390399, 0.47687730346772644, 0.14381291349722225, 0.16682100070778727, 0.6498687836913457]
  ],
  "32": [
    [-0.5420746105160101, -0.036923663840508304, -0.7732904322713546, 0.9449670945718786, -0.9419719918365883, -0.3205326488577227],
    [0.9605338376612796, 0.7308131412668848, 0.688306230273057, 0.33100155238262335, -0.37351827617791444, 0.9385899335044927]
  ],
  "33": [],
  "34": [],
  "35": [],
  "36": [
    [-0.5629433570330358, 0.07436868759819602, -0.4991197515186445, 0.0222180300427231, 0.9787219451496737, -0.36092975618943024],
    [0.15107557225274806, -0.6583630785863913, -0.2152324495669126, 0.9459750930303712, -0.4327474017259504, 0.26018786177769476],
    [0.4812211911226017, -0.1221405663474801, -0.4086899323091377, 0.13064264981205512, -0.51721477760278, 0.3856919918384012]
  ],
  "37": [],
  "38": [
    [0.02378926090431221, -0.850959582232679, -0.29449701596116407, -0.396345638303436, 0.37666300220716725, -0.9430382072237122]
  ],
  "39": [
    [0.038087126779910906, -0.747888426337871, -0.009943175917769036, -0.46912545957572405, 0.9743654183118203, -0.01979788142809486]
  ],
  "40": [
    [0.5646230848571272, -0.05395447664741113, -0.766946428062163, 0.36662801330338085, -0.2597552695326687, 0.26542859373920114],
    [0.7206688894158291, -0.32368718711770805, 0.9518800706486283, 0.28356277347019904, -0.5885757541633221, -0.1431700962741972]
  ],
  "41": [],
  "42": [
    [-0.35692669575123503, -0.3495589168505479, -0.7631484366690539, 0.39252862380050857, -0.13391001432577457, 0.11765663229922806]
  ],
  "43": [
    [-0.9508733236144804, -0.18509829199299146, 0.3907983384676678, -0.8000040184705328, 0.00712771435732118, 0.24716822546959058]
  ],
  "44": [
    [-0.5549290891291835, -0.7347253097669296, -0.36311270663750644, 0.49876621351956346, 0.4514453387123039, -0.41446558122538196],
    [-0.09985906239295896, -0.34315659026441553, 0.737206652781417, 0.2956099072772525, 0.3817186811017194, 0.5941594669224789]
  ],
  "45": [],
  "46": [],
  "47": [],
  "48": [],
  "49": [],
  "50": [
    [0.3706225047629489, 0.545103641907334, 0.27878110429624897, -0.12948613240269666, -0.15177006102929197, 0.9684427889481304]
  ],
  "51": [],
  "52": [
    [-0.2753150209788196, 0.781897966693971, -0.2746427425143152, 0.060814693469471395, -0.2065554747378166, 0.02232110389493697],
    [0.4310526233598237, 0.024617038221480772, 0.417861766393349, 0.5094593334269336, 0.13761296913121573, 0.03205722269230985]
  ],
  "53": [
    [-0.7096326362047204, 0.4828685884193452, 0.7051131501977418, 0.43664325170214086, 0.6492090269017943, -0.7711361701309766]
  ],
  "54": [
    [-0.24846935917241306, -0.023458744922253198, 0.7733478409214942, -0.5268333955832566, 0.21441342616577186, 0.8730206605944281]
  ],
  "55": [],
  "56": [],
  "57": [],
  "58": [],
  "59": [],
  "60": [
    [-0.07458237041078053, 0.4145351937083654, 0.40667556357971285, 0.25131328061531016, -0.4760854771115936, 0.037453856710614825],
    [-0.4492493328645198, 0.166261926198146, 0.13939027464631049, 0.2711037242267768, 0.4839266175597873, 0.5967519634711194],
    [0.2377233643544247, 0.2155108825860792, 0.19349552619547675, 0.20924617191231962, -0.5864511832385843, 0.4401398344363003]
  ],
  "61": [],
  "62": [],
  "63": [],
  "64": [],
  "65": [],
  "66": [],
  "67": [],
  "68": [
    [0.6172078280781662, 0.35606883781844473, 0.035491850939515665, 0.27432165308673634, 0.19321824357237752, 0.5838491831331966]
  ],
  "69": [
    [-0.8025914086902619, 0.32373618474987126, 0.37233902634339333, -0.5768312362482542, 0.43345041085528857, 0.7371955770258619],
    [-0.653629779740618, 0.35179893917711785, 0.07086943089631469, -0.5328617678551745, 0.6828282035624919, 0.41498715839274275],
    [0.823421567740746, 0.2825573056013382, -0.027436150874143896, 0.7673689922918709, -0.6422073967186073, -0.3436748978919294]
  ],
  "70": [
    [0.8047184503170087, -0.875173163847638, -0.32297867708486216, 0.3504614176703471, -0.5731472277938156, 0.10496848036247342]
  ],
  "71": [],
  "72": [
    [-0.19629656989759567, -0.5073794319043855, 0.6504557330161297, -0.558651647222353, -0.3750203869909637, 0.07036518582289905]
  ],
  "73": [],
  "74": [],
  "75": [
    [-0.09630354339454705, -0.08891504077832682, 0.12643578856249943, -0.7361991599490822, 0.23012928298423957, -0.7224694963272952],
    [0.17621823493451555, -0.36805015352061676, -0.2930057314873099, -0.7116667938690384, 0.3323103589668561, -0.8125014551865619]
  ],
  "76": [],
  "77": [],
  "78": [
    [0.24431473651276336, -0.8286165301627278, 0.837328617520617, 0.3962635641878719, -0.44842470332386214, -0.998094716251062],
    [0.30360982464762387, 0.8249614066505684, 0.829028211454608, 0.3749567227477369, 0.4272523122696724, 0.9686701505126603]
  ],
  "79": [],
  "80": [],
  "81": [],
  "82": [],
  "83": [],
  "84": [],
  "85": [],
  "86": [
    [0.757761728492627, -0.8959968598461193, 0.5148909222610087, -0.1820967736271632, 0.9665241232767519, -0.22767348904951662]
  ],
  "87": [
    [0.7892595798039729, -0.44196426174033787, -0.37963939988343076, -0.46665327289051245, 0.0012260601777251932, -0.3849585489020553],
    [0.4830797014191947, 0.09838409630234679, 0.9632171063922437, -0.009896671334295852, 0.12522364197410665, 0.2558766559469714]
  ],
  "88": [],
  "89": [],
  "90": [
    [-0.38750035266801613, -0.6633233811053334, -0.15221962501921074, -0.1487602196683602, 0.1278723069871449, 0.17129631539945964],
    [0.6485988718847353, -0.6712034432290737, 0.08069738544903511, 0.08972556095459941, 0.12910260198744547, 0.1774366410100907]
  ],
  "91": [],
  "92": [],
  "93": [],
  "94": [],