{
  "1": [],
  "2": [
    [0.7117476126926219, -0.8642108488347183, -0.7199793369527326, 0.43777309924996805, 0.46788002756050084, -0.29010235810845836],
    [0.7813674361628911, -0.784241380560903, -0.7016124197199964, 0.678711165727974, 0.6113066461830823, 0.281960872681183]
  ],
  "3": [
    [-0.8806631093121255, 0.3207924516232489, -0.395435072584187, -0.2910091470117804, 0.19740548983492506, -0.6926350604909536],
    [0.2107534911993907, 0.5425388170386863, -0.7469371188475641, 0.5200237686066335, 0.09250315914466006, 0.42233948143224853]
  ],
  "4": [
    [0.1867511936323914, 0.4469249939209496, 0.2456083910945233, -0.5635350529286935, -0.829194175705131, 0.7148537567714076]
  ],
  "5": [],
  "6": [],
  "7": [],
  "8": [
    [-0.23021082048112143, -0.15459043445148782, -0.039983678704690814, 0.42304317205068337, 0.6804841638034137, 0.391550721190305]
  ],
  "9": [],
  "10": [],
  "11": [
    [0.8483694616365394, 0.7794235160899562, 0.13410281293570786, -0.8578353976914399, -0.18002230325266338, -0.260932450501693]
  ],
  "12": [],
  "13": [],
  "14": [],
  "15": [
    [-0.8680632884735624, -0.13566068071484266, -0.03447538766954521, 0.5549416311115392, -0.4314879144316459, 0.5606812317476875]
  ],
  "16": [],
  "17": [],
  "18": [],
  "19": [],
  "20": [],
  "21": [
    [-0.47692774244465497, -0.09020828388827179, -0.4200422624353187, 0.7964978003992829, 0.9868148121935277, -0.6209658338067244],
    [-0.36621049331236977, 0.9653496376908429, -0.5571190080288472, -0.16429384016378384, 0.5544049610814658, 0.7450585364065206]
  ],
  "22": [],
  "23": [
    [0.8879415414750148, 0.9884528167759515, 0.21955712954395926, -0.28688133065145593, 0.39877698662958044, 0.5735916256564447]
  ],
  "24": [],
  "25": [],
  "26": [],
  "27": [],
  "28": [],
  "29": [],
  "30": [],
  "31": [],
  "32": [],
  "33": [],
  "34": [
    [0.149314827764375, 0.9340378011989262, 0.9949333517628215, -0.7736329739530685, -0.16186719246813064, -0.9992847861073136]
  ],
  "35": [],
  "36": [],
  "37": [],
  "38": [
    [-0.1586016151979383, 0.7968512331093295, -0.5136069139083744, 0.15526028673905815, -0.7689164009820222, 0.6418743717977019]
  ],
  "39": [],
  "40": [],
  "41": [],
  "42": [],
  "43": [],
  "44": [],
  "45": [],
  "46": [],
  "47": [],
  "48": [],
  "49": [],
  "50": [
    [0.11393038342972359, 0.620447691103124, -0.7493665503051362, -0.8266480127657, -0.5069890308467384, 0.8211644358354732]
  ],
  "51": [],
  "52": [
    [0.166289609665061, -0.4082449468461194, -0.09396038591518424, -0.08360040400279904, 0.09511455748080436, 0.7734042536643025],
    [0.5787808252527372, 0.12217756970911704, -0.09716464068929115, -0.2053534629528216, 0.09589093592800808, 0.28018350095199956]
  ],
  "53": [],
  "54": [],
  "55": [],
  "56": [],
  "57": [],
  "58": [
    [0.9712324646605366, -0.2407287956209647, -0.3170529839375229, 0.2792020389010168, 0.030456631349571363, 0.19551470937649623],
    [0.41409074282402614, 0.1061101262007025, -0.8643707533709712, 0.08914740615229427, 0.28565530142176715, -0.8371837837135748]
  ],
  "59": [],
  "60": [
    [0.9662800868737127, 0.32980102442009235, -0.5944257330395543, -0.1974032512481056, 0.13584552683622478, 0.9764053443725785]
  ],
  "61": [],
  "62": [],
  "63": [],
  "64": [
    [-0.45379453431402866, 0.030883677316495276, -0.3017258088351785, 0.08593233416778115, -0.39804584918938485, 0.7115709531148613],
    [-0.511130478890849, 0.03115491270767191, -0.18723822942521304, 0.08512522834097762, 0.3596347491329098, 0.6639925067910442],
    [0.9207213523184137, 0.03153668216035681, -0.2505156840623751, 0.1505212223114608, -0.3811953652467128, 0.35199761587239775],
    [0.9250534134133954, 0.030966607192717422, -0.04601928151309595, 0.15339716019424018, 0.30522003899120365, 0.3633458144611325]
  ],
  "65": [],
  "66": [
    [0.26533017597906666, -0.06187102001751671, -0.08421591852869759, -0.2986588168912411, 0.8847596810358374, -0.48991197564166494]
  ],
  "67": [],
  "68": [
    [-0.9259984359824092, -0.7481131003195163, 0.8635883386503775, 0.9841326666531541, 0.5645020773786817, -0.4109299880724694]
  ],
  "69": [],
  "70": [],
  "71": [],
  "72": [],
  "73": [],
  "74": [],
  "75": [],
  "76": [],
  "77": [],
  "78": [],
  "79": [],
  "80": [],
  "81": [
    [0.11574774406663792, 0.3350888923226917, 0.9466114649316392, -0.4266945014956957, -0.19566144255805576, -0.9285332896718015]
  ],
  "82": [],
  "83": [],
  "84": [],
  "85": [
    [-0.2325932957126735, -0.7335900503072769, -0.6010339821291935, -0.1469377730114018, 0.34443700956992995, 0.024285839853006818],
    [-0.2327306814664955, 0.7337147627603017, 0.611731618930096, 0.14771020234146257, 0.3440887629214024, 0.02885932135646077],
    [0.237059819814378, -0.728017488903731, -0.5993592652025519, -0.14821219854827394, 0.34458700850337326, 0.025802316106176133],
    [0.23822285712769858, 0.7268726993730612, 0.6100377243853825, 0.14934037660230795, 0.34426248001642573, 0.031048427769372368]
  ],
  "86": [],
  "87": [],
  "88": [],
  "89": [
    [-0.6591191569213628, 0.3861128697823704, -0.8781238728823282, 0.7109054393068704, 0.6179742037765227, -0.45124853464778975]
  ],
  "90": [
    [-0.5134154690104205, 0.9523739008057505, -0.5339139828870777, 0.7583400190918803, 0.5996022687890928, -0.15368724264000472]
  ],
  "91": [],
  "92": [],
  "93": [],
  "94": [],
  "95": [],
  "96": [],
  "97": [],
  "98": [],
  "99": [],
  "100": []
}
