{
  "1": [],
  "2": [
    [0.5096696086085567, 0.00959028576750578, -0.42536009286803617, 0.3258497645625044, -0.08808259289120875, -0.011971892386558365],
    [0.48948553822074475, 0.0027824758497411958, -0.5306393887800686, 0.0697289216030127, -0.06369842424419621, -0.12335298972140801],
    [0.12402287095821106, -0.1532503403171764, -0.11920044828114155, 0.4545167310373935, 0.4350268245896149, 0.3331172571128278],
    [0.3807537727695817, 0.03909135487781673, 0.18122846754951502, -0.4328318712304478, -0.4203275623340225, -0.2604398729383015],
    [0.9808271169647882, -0.11555172829501913, 0.15918766982683832, -0.5535490528333019, 0.403279954015649, -0.28609651470591385],
    [0.5566297932116517, -0.026403218998583316, 0.4136019046603689, -0.3662275527296023, 0.06174225055554506, -0.0006809506138214007],
    [0.500493875463725, -0.034945374028962556, 0.5488856791528935, -0.02887569077792641, 0.05566931682023758, 0.14232297426348361],
    [0.9368035552009005, -0.9729616594778207, 0.8460863590491862, 0.5846882971718145, -0.057288634659497455, 0.4394109581764522],
    [0.287666727088123, -0.07481242193941713, 0.3144615815427008, 0.4468315272585193, 0.629705681748304, -0.10918246568866075],
    [0.283702212664606, 0.09161720220188195, -0.3168191258295785, -0.39176324004757185, -0.6140715343641461, 0.10656345857291057],
    [0.6988815786480614, 0.2895745334837494, -0.23975635389627334, -0.08661127128707902, -0.5347071642874851, 0.19319550749477807],
    [0.863666168894369, 0.1640782642103954, 0.2936902196363412, 0.2286466111646229, -0.5685957477019147, -0.13234177888863743]
  ],
  "3": [],
  "4": [],
  "5": [
    [0.1922753361331667, 0.22865882448850952, -0.4181024598374018, 0.5638894146443902, -0.45175538694825285, -0.12588276767685033]
  ],
  "6": [
    [-0.028777632098213757, 0.14628536484948967, 0.07166059780624204, -0.37128304538374396, -0.8061286104461776, -0.37592968093270207],
    [0.10586910200352327, 0.196291049255077, 0.0654544441696577, 0.37140063484132835, 0.8292382979859578, 0.3078783150084669]
  ],
  "7": [],
  "8": [
    [-0.4204151289435524, 0.017267709555151372, 0.06855214281596814, -0.050411985952011365, 0.8583478733072321, -0.12119803496291774]
  ],
  "9": [],
  "10": [
    [-0.08752278498783975, 0.06754021832795598, 0.38956458784366677, -0.17916012072898246, -0.2430923362486672, 0.33354282614751873]
  ],
  "11": [
    [0.01316340347965912, -0.5899128727523534, 0.022292212497115677, -0.6083087187735968, -0.5155791101412595, 0.21882667169168663],
    [0.018935610881494737, -0.21478565717540693, 0.04287728944265187, 0.29922123827380803, -0.5481216113901042, 0.2188978103608827]
  ],
  "12": [],
  "13": [],
  "14": [],
  "15": [
    [-0.04340326230298577, -0.19305963409581187, 0.06566347318749809, 0.11281185052099166, 0.12411167479954065, 0.6267700684304996],
    [0.24315728308951443, 0.543936429274778, -0.12894971362113852, -0.13990301470043406, -0.21757136984857578, -0.09105746274379556]
  ],
  "16": [
    [0.18663163893985016, 0.12887135169937786, -0.006229002800485056, 0.3546737364236581, -0.468992902495905, 0.534444338675511]
  ],
  "17": [
    [0.7897452329707693, 0.11028274939779224, -0.6409438599189747, -0.4497924663259144, -0.13084275919900126, -0.5106591877855037],
    [-0.1302962637344926, -0.5735228669086446, 0.513719278069489, 0.5404944763367827, -0.39573668274469376, 0.11253661695731378]
  ],
  "18": [],
  "19": [],
  "20": [],
  "21": [
    [-0.4796279941616072, 0.4702817346455626, -0.052820880940062265, 0.2919582939223997, 0.7116387832998132, -0.1936538774566738]
  ],
  "22": [],
  "23": [],
  "24": [
    [0.49260085873808257, -0.5172115037216372, 0.27898415054325654, 0.7701328180657462, -0.3339390247238385, 0.2487403650992137]
  ],
  "25": [],
  "26": [
    [-0.2849818247876933, -0.2789285930966509, -0.07842766034988378, 0.0548995321709523, -0.09851932431323931, -0.01874546257736848],
    [-0.34286461405924185, -0.33254828156556165, -0.09032686368852519, 0.06613580679219289, 0.19369646193192208, 0.1067162030386009],
    [0.0012099065260353563, 0.18167348856608231, 0.06596580653939552, -0.13880458406408847, 0.07080591300605395, 0.19063738036340633],
    [0.1987773732213024, 0.11010952346465239, 0.04862813995998135, -0.10426131469704228, -0.08859200636262617, -0.07380358229930997],
    [0.09257986804538286, 0.12802894283530572, 0.0501933918239472, -0.10710509236708049, 0.051790699506536135, -0.03435063169034465]
  ],
  "27": [],
  "28": [
    [0.40902093058899847, -0.1788901612431577, -0.2149153494441103, 0.6127557833663965, -0.41009515079312436, -0.030391140527939037]
  ],
  "29": [],
  "30": [],
  "31": [],
  "32": [
    [-0.47026423138651197, -0.9857154398521012, 0.08132498809054316, 0.49380135699624383, 0.5887748202770208, 0.3215170294691314]
  ],
  "33": [],
  "34": [],
  "35": [],
  "36": [
    [-0.15034076324592266, -0.09091256319994798, -0.3971324313844942, -0.25295771781808446, -0.12973462651069023, -0.5506023467737934]
  ],
  "37": [],
  "38": [],
  "39": [
    [0.1362698871684294, -0.37949047065591895, -0.34772437929594147, -0.29479735018726166, 0.03789311048458938, -0.9004250856845252],
    [0.04084340823141021, 0.14493668535647644, 0.7789020210113364, 0.12807567453737137, 0.28910416903120534, 0.3789885781386587]
  ],
  "40": [
    [-0.3633636197741684, -0.13838093583238814, 0.07021207478416344, -0.06481648873178146, -0.7427711471039855, -0.34199545773335205]
  ],
  "41": [
    [-0.487451791787569, 0.35840592341364935, 0.4310414532699387, 0.5837731439196996, 0.13976699734790232, 0.271173432750795]
  ],
  "42": [
    [-0.2963750700098632, -0.07110335980812053, -0.05047786680205014, -0.19728125997796933, 0.02043197981371367, 0.26613480870211853],
    [0.2954333719514511, -0.07214880399193455, -0.054607301792022986, -0.19956276858251915, -0.00792698921903662, 0.27309870659145713]
  ],
  "43": [],
  "44": [
    [0.5124257026336206, -0.06642367672725086, -0.5378362948511138, 0.09672047041962872, 0.11920788646520691, -0.06670834629499134]
  ],
  "45": [
    [0.22750751610115458, -0.3939198118306656, -0.8895271080990637, -0.4533029734550742, 0.16745915698639394, -0.13549668826293515]
  ],
  "46": [
    [-0.027808693547506647, 0.7385187520991461, 0.16047996568125894, -0.3744388229672286, 0.11259262063149353, -0.5573851002144019],
    [-0.03183616110025092, 0.5983591458478913, -0.07424611482541994, 0.33614668946154586, -0.16470643535286836, 0.7076434484605232]
  ],
  "47": [],
  "48": [
    [0.24534566172783692, -0.04929757089837895, -0.18172301426180773, 0.015680006684829363, 0.2171011016702725, 0.6200708118318833]
  ],
  "49": [],
  "50": [],
  "51": [],
  "52": [
    [0.5455157011274265, 0.3024331282351041, 0.8589317047777401, -0.2420259128645597, 0.049096841959523116, 0.04644090825737857]
  ],
  "53": [],
  "54": [
    [-0.3097963819574943, 0.555174819413763, -0.0819528525694644, 0.06617210253024089, 0.04485488218527486, -0.052227798753635896]
  ],
  "55": [
    [0.23320383093930722, 0.04175437944698775, -0.11112717979769815, 0.0030602564612457616, 0.4990493063944705, -0.21249589332143176]
  ],
  "56": [],
  "57": [
    [-0.5877013557703697, 0.04858227578292149, 0.40327296837413606, -0.4729359266331083, -0.03361443064915788, -0.5552240786910684]
  ],
  "58": [],
  "59": [],
  "60": [],
  "61": [
    [0.4820739866194427, -0.7685215960119409, -0.5033361047583235, -0.26205430365147914, 0.06568258701619184, 0.004855306190524472]
  ],
  "62": [
    [-0.32899675359448693, 0.09598066794743812, -0.3856702632751586, -0.0037132080943699398, 0.22735253796107158, -0.28677163810985007]
  ],
  "63": [],
  "64": [],
  "65": [],
  "66": [],
  "67": [
    [-0.07668491107571515, 0.27329629894739904, -0.20242883223868002, 0.14589266109785465, 0.08182937934993478, 0.03548520902688029]
  ],
  "68": [
    [0.2402753331100101, -0.17249310523526643, 0.4707421481035453, -0.049986046045894475, 0.6073159230275633, -0.5602148102357145]
  ],