{
  "1": [
    [-0.23913318869168457, 0.19581300899031762, 0.2733205213144954, -0.3666088343358389, -0.38892200780265224, 0.6658225912179223, 0.9387595679252456]
  ],
  "2": [
    [-0.5602758142397153, 0.1658047004099863, 0.5317224187739907, 0.2606153527658333, -0.25726065337956705, 0.07649119769687669, 0.6493503385595905]
  ],
  "3": [],
  "4": [],
  "5": [],
  "6": [
    [-0.1085736350358514, 0.06871696827028738, 0.6892415004579592, -0.7590049598548955, -0.0039312466326577806, -0.014529497417928767, -0.15851621189725754],
    [-0.10109336478031712, 0.10683154226479233, -0.5591583553861362, 0.7511939604098152, 0.0036314924970617373, 0.0188774375170162, -0.16194687677105324]
  ],
  "7": [],
  "8": [],
  "9": [],
  "10": [],
  "11": [],
  "12": [
    [0.07279934132428445, 0.7836253781771625, 0.05075632061625696, 0.031107737362708294, 0.6241786313025965, 0.08337310279478632, 0.08511576631293179],
    [0.2862078906112506, 0.13622864812213367, 0.34955528436375455, 0.4768963155894772, 0.4765189522911385, 0.15502981765784576, 0.4463657933398216]
  ],
  "13": [],
  "14": [
    [-0.09104601481412959, 0.4151076392318127, 0.14431623581193762, -0.5989397060351607, -0.540137800770153, 0.8949872159143221, 0.1677774335061404]
  ],
  "15": [
    [0.5694141995852797, -0.0035425272878920697, -0.9239016998571834, 0.8288615038692395, -0.3255804530801647, 0.08731876636393919, 0.11796429584085764],
    [0.9843745059499511, 0.03770080615512855, 0.03113601310255312, -0.11454638058230084, 0.16301527830990323, 0.09225085725179152, 0.12406058374899247]
  ],
  "16": [
    [0.20340280597607513, 0.15203981174376122, -0.34126891181780616, -0.4194079576538787, -0.32841595985204897, -0.35496297423115125, -0.03080092214503735],
    [0.6266118576074254, 0.4608742985416046, 0.13058473425334663, -0.2450145750913904, 0.036612584690600344, -0.34619658782585966, -0.27547047043863304]
  ],
  "17": [],
  "18": [],
  "19": [
    [-0.12482567341449527, -0.16272811490111774, -0.023760642259631818, -0.028492894353915686, -0.01931867448907726, -0.24313345584546153, -0.3959661670915906],
    [-0.13442644606766455, -0.32785985060731165, -0.02858362880751852, 0.07652510105215464, 0.03836002732589817, -0.2757171469241506, 0.16459537417851539]
  ],
  "20": [],
  "21": [],
  "22": [],
  "23": [],
  "24": [
    [-0.41266251674757204, -0.07122740677898877, -0.1782089340968405, 0.8773595094561208, -0.13943107878295102, -0.13447079143415636, -0.15609261012673184],
    [0.6023594666129677, -0.2927961678722857, 0.22949582961982828, 0.3395750016655445, -0.32206008573499845, -0.17310438820530105, 0.03524559340320323],
    [0.07763343792136305, -0.008778444549754448, -0.8098372126558802, 0.7810889884937605, -0.5944181596314766, -0.11841525962111388, -0.7374857138277138],
    [0.09989596753064738, 0.09397296152964268, 0.5146215065576641, 0.6638993611695886, 0.6504288724485819, -0.1703287960016169, 0.39853095134034433]
  ],
  "25": [
    [0.44364592925069485, 0.8066225623317381, -0.18561499970478187, 0.09503086228681872, 0.18384786741253228, 0.272413504338459, 0.0604900611096603]
  ],
  "26": [],
  "27": [],
  "28": [],
  "29": [],
  "30": [
    [0.6016625229353453, -0.07664553602227765, -0.04163704657875173, 0.05860425551276802, -0.12114529143919249, 0.04992280931965256, 0.9344618190680783]
  ],
  "31": [],
  "32": [
    [-0.5695783167377493, -0.2081884208446265, 0.295830693295871, -0.3772640951087296, -0.22752449303542305, 0.08736775400706424, 0.25577100109029977],
    [0.8176143131972385, -0.11671058579099419, -0.17072781341858145, -0.38712080223119105, -0.5144595807938679, -0.21497191853384992, -0.3951521323803294]
  ],
  "33": [],
  "34": [],
  "35": [],
  "36": [],
  "37": [],
  "38": [
    [0.07619571443572719, 0.08014580774896522, 0.12273756222333503, 0.5401290302731138, 0.23806670882866943, -0.665439153240686, -0.20442517383118827]
  ],
  "39": [
    [-0.3062289855850133, 0.034317707215379176, -0.041734114680855756, -0.8207798497257783, 0.038993128955200816, 0.36758596444734093, 0.0896823584528545]
  ],
  "40": [],
  "41": [
    [0.6075838181186866, 0.029282333470323076, 0.014802317639069624, 0.0324820140963689, -0.15738378138751738, -0.04510242945798537, 0.19575965171998183],
    [0.15967535896957175, 0.3663985858065588, 0.5439634383510658, 0.1299012012993422, 0.01623386397501958, -0.021274495423811466, -0.7440642682535892]
  ],
  "42": [],
  "43": [],
  "44": [],
  "45": [],
  "46": [],
  "47": [],
  "48": [
    [0.0040696044657504244, -0.5484584109304179, 0.9181141985805121, -0.9106156200299701, 0.3451739226563853, 0.2809551042145845, 0.3389944135333504]
  ],
  "49": [],
  "50": [],
  "51": [],
  "52": [
    [-0.6128686247202755, -0.1503487635703695, -0.16550976927183605, 0.10885667895346977, -0.4628213758871733, -0.004292438897461606, 0.10355410325489058],
    [-0.20678393110148321, -0.09199951438089897, 0.6340566856933841, 0.12164277990534324, 0.4859156752630946, -0.004427909755299029, 0.5444894033714963]
  ],
  "53": [
    [0.028730400500064975, 0.299805382158427, 0.23980725525465418, 0.07921463984790142, -0.11864741735379039, -0.10062811029145372, -0.24129724045750597],
    [0.04211035585612192, -0.3092379249074555, -0.28454515962453025, 0.07071015164571424, -0.046330591163864863, -0.10375670926291174, -0.20882633067327938],
    [0.10308128077066217, 0.06909373003064546, 0.5716013879789824, 0.03499027180927904, 0.6077979047324219, 0.01619718884127397, 0.08227463928341368]
  ],
  "54": [],
  "55": [
    [0.0037466755202328916, -0.294223537934003, 0.24417757799856096, -0.5639489429589354, -0.5239457533121674, -0.040571681436315225, 0.1805236220917869]
  ],
  "56": [],
  "57": [
    [0.038079261081916456, -0.0267185177147971, -0.38900741252864146, -0.8693840152469087, -0.20949003015376308, 0.0800927362807446, -0.10502866145111969]
  ],
  "58": [],
  "59": [],
  "60": [
    [-0.06186781678567827, -0.5581976683108759, 0.6789377467149585, 0.03754627512700433, -0.04991187897506107, -0.176428865199501, -0.299579705530565],
    [0.09949477896761563, 0.21391533718320146, -0.4709913669728118, -0.2161845241987617, -0.17409125789243962, -0.23663061850449624, 0.5429214591964912]
  ],
  "61": [
    [0.06701151479629806, -0.11313775072155886, -0.4302169307950733, 0.24944022761919643, -0.19441681369378822, 0.03102819355422244, -0.05186906082921966],
    [0.0671336170518104, -0.11324934766917157, -0.35438155245898617, 0.21542452370246412, 0.10615426567145468, 0.027292253344651112, 0.010277294081887997],
    [0.06831690975917878, -0.11433048472472178, 0.3664736163114196, -0.10791511639535781, -0.15790763102825417, 0.02771812568995259, 0.004688452020807744],
    [0.06839610276297667, -0.11440281829866651, 0.41382557701842443, -0.12915500325821658, 0.2065712227716844, 0.028907232816993384, -0.028706659184178255]
  ],
  "62": [
    [-0.1968556484364247, 0.2801355918376886, 0.06764553000802068, 0.12708908683182482, -0.29167354821126423, 0.2222615747516528, 0.0059387518928264126]
  ],
  "63": [],
  "64": [],
  "65": [],
  "66": [],
  "67": [],
  "68": [],
  "69": [],
  "70": [],
  "71": [],
  "72": [],
  "73": [],
  "74": [],
  "75": [],
  "76": [],
  "77": [],
  "78": [],
  "79": [],
  "80": [],
  "81": [
    [-0.5180995141008374, -0.19863493267832225, -0.5826843748469046, 0.11177287183400345, 0.37358203740286927, 0.4556044307390692, -0.18376092718979412],
    [-0.4905117622996663, 0.46248962863887755, -0.559479863616538, 0.07686992595755224, -0.5389583494595768, -0.2033834728155683, 0.057734624925217394],
    [0.48900853135341116, -0.3844235425916633, 0.06226228327822418, -0.041658796096741675, 0.5764244268876482, 0.15850134094878882, 0.042355608645189995]
  ],
  "82": [],
  "83": [],
  "84": [],
  "85": [],
  "86": [],
  "87": [],
  "88": [],