{
  "1": [],
  "2": [],
  "3": [],
  "4": [],
  "5": [],
  "6": [],
  "7": [
    [-0.2964032207902611, -0.053730795957645086, 0.21514951049177194, -0.7240749066125994, -0.2504569699578147, 0.40870864908263416, -0.2035167626784222],
    [0.37861122599098523, 0.49252792866361, 0.9489480075539283, -0.44186983277934316, 0.7121131404806945, -0.38061338298228486, -0.18998097180567078]
  ],
  "8": [],
  "9": [],
  "10": [],
  "11": [],
  "12": [],
  "13": [],
  "14": [
    [-0.5841678193133333, 0.19065258639369442, 0.09434323385733862, 0.08854641157023581, 0.7133213188490979, -0.3467349168966489, -0.048936484906871434],
    [-0.8164912023871274, 0.1661600067873621, 0.08144996364642211, 0.21039526972358155, 0.35562408479639, -0.24403236788129648, -0.04359657891517568]
  ],
  "15": [
    [-0.3830202013286662, -0.6873507519003426, 0.35851305452145105, 0.20263224640836303, -0.7057665064617183, -0.20421123596624638, -0.7492401647582565],
    [-0.3610855810871139, 0.7067334169239443, -0.6681051576099162, -0.1951634045541986, -0.7375651213860249, -0.12532888399557293, -0.7634262217409836]
  ],
  "16": [],
  "17": [],
  "18": [
    [0.18690588200635405, -0.568973657098655, 0.6844575343546081, -0.6348739503400238, -0.8792181282151037, -0.538471633088929, 0.16511533881892845]
  ],
  "19": [],
  "20": [
    [-0.7277885675205361, -0.5062505350229566, -0.09176980457500655, 0.10224029608244826, 0.2567069220007934, -0.27716828001784766, 0.3620635489367732],
    [0.7301251561470898, 0.018974361625016905, 0.05273935598883667, -0.05036120175314465, -0.16457950488380088, -0.2254363365756445, -0.525268926086693]
  ],
  "21": [],
  "22": [
    [-0.9119068050404555, 0.1778044049521255, 0.3944876550874648, 0.6429433027885949, 0.5328106693925689, -0.0490432546727567, -0.5599950693506514]
  ],
  "23": [
    [-0.12820793469693184, -0.21726463338865076, -0.5427814867831408, -0.2711561706051042, 0.45314772868167014, -0.7552052783484186, -0.16593843971891678]
  ],
  "24": [
    [0.11687358132949642, -0.02868767641770591, -0.3359585352989139, -0.6163895031692159, 0.004776909733381016, -0.03674745345878012, -0.177078673752993]
  ],
  "25": [],
  "26": [],
  "27": [],
  "28": [],
  "29": [],
  "30": [],
  "31": [
    [0.3061208432735692, 0.23713777271400335, 0.8382786757058852, 0.16090823486508152, -0.2526893061298996, 0.05016432314724381, 0.08378281060922023],
    [0.8528755958972741, 0.5517080212810807, 0.18234694064263318, 0.2857924011905844, -0.05072217346027569, 0.059336035875289905, 0.12973381475701473],
    [0.9547001259071836, 0.8066368029823296, 0.17122751792777008, 0.16708305709972146, -0.08313194644986269, 0.0796464853239129, 0.16272697855388077]
  ],
  "32": [
    [-0.9634105709376143, 0.114816851340676, 0.04733514605470674, 0.031194893809420452, 0.010484740277676995, -0.0770782333400188, -0.46630933924144763]
  ],
  "33": [],
  "34": [
    [-0.15121739982273508, -0.2859082683429351, -0.06844167132428215, 0.046802575716621185, -0.03328439460974652, 0.9697039645627574, 0.6944655623179178]
  ],
  "35": [
    [-0.3080290597256259, -0.1328818417282711, -0.6409253028346837, -0.34418901503247473, 0.2665539125533049, -0.8703111539689086, 0.9807315845872138],
    [0.46866006399616983, 0.2710686362360465, 0.06443382356802291, 0.42151906738722555, -0.6584059845469993, -0.5904056501615125, -0.20148775955078702]
  ],
  "36": [],
  "37": [
    [0.26222997726630326, 0.13574566413509825, 0.8622589854731015, -0.22274560421945563, 0.44157133945442517, 0.5039926601301076, -0.025642512366156382]
  ],
  "38": [],
  "39": [
    [0.39115735810248586, -0.5281291103759113, 0.1823809831569199, 0.30385084788110517, 0.11389729958004965, 0.33017216733337085, -0.05425851680785534]
  ],
  "40": [],
  "41": [],
  "42": [],
  "43": [],
  "44": [],
  "45": [
    [-0.5932052241547288, 0.42687058042445236, 0.04428672331149766, 0.12405037786902888, -0.44482782777180124, 0.2729045555243438, -0.3242901175416645]
  ],
  "46": [],
  "47": [
    [0.2743429745327173, -0.3637746188521264, -0.7374748395357109, 0.04924158446463677, -0.4597045300866101, -0.17468467542906804, 0.10311353459943569],
    [0.3766422109101142, 0.29088501406795275, 0.8246272007024394, 0.11535278461025587, -0.021923804178358347, 0.22571181339489793, -0.2968910799702285]
  ],
  "48": [],
  "49": [],
  "50": [],
  "51": [],
  "52": [],
  "53": [
    [-0.16014317730780028, -0.20888531797839932, 0.09678377097477138, 0.9310084646613286, 0.43620371168868194, 0.0038894891192973987, -0.0819779106640113]
  ],
  "54": [],
  "55": [],
  "56": [],
  "57": [],
  "58": [],
  "59": [],
  "60": [],
  "61": [],
  "62": [],
  "63": [],
  "64": [],
  "65": [
    [0.21288963052871632, 0.10836479843160307, 0.1321531312952332, -0.0463438133699025, -0.2137161166341119, -0.7906155626925709, 0.43582523067016343]
  ],
  "66": [],
  "67": [],
  "68": [],
  "69": [],
  "70": [],
  "71": [],
  "72": [
    [-0.9532740381952246, -0.15349841449776697, 0.11010698940545965, 0.23276192819396163, 0.5180131439116334, 0.20028462356428428, 0.5120845555997662],
    [-0.8911359460294834, 0.13602105830668737, 0.121270908931962, 0.12602117349562703, -0.43313318794597827, 0.1536945226939987, 0.7051956912998909]
  ],
  "73": [],
  "74": [],
  "75": [],
  "76": [],
  "77": [],
  "78": [],
  "79": [],
  "80": [],
  "81": [],
  "82": [
    [0.19772193483104608, 0.19554889345515059, -0.16034528437976917, -0.08557139406922915, 0.8136872812001748, 0.2910943206750187, -0.3605409158874639]
  ],
  "83": [],
  "84": [
    [-0.48252834575838277, -0.06467758543989681, 0.8311832608419195, -0.19619317837651995, 0.7053511188133599, 0.11859454051460379, -0.06149909112288132]
  ],
  "85": [],
  "86": [],
  "87": [],
  "88": [],
  "89": [],
  "90": [
    [0.4602543406852156, 0.09447288821672023, -0.04720547645417091, -0.20901907916462167, -0.9930012617924048, 0.5689633181964411, -0.29242661434804723],
    [0.4630922420031692, 0.09431984795676465, -0.04671984788204909, -0.2081269635361017, -0.9920841291871486, 0.5711508527239473, 0.21708518274196087]
  ],
  "91": [
    [0.34023444678116904, 0.978221297366725, 0.13823119840711795, 0.9845898734786146, 0.37926999476098555, 0.622801864754004, 0.8026618744400432]
  ],
  "92": [
    [-0.1287981751507368, -0.5453770867284087, -0.31402823497130267, -0.24979728470915696, -0.26441569227069467, -0.8425784638084565, 0.6974588539378451],
    [-0.1287981751507368, -0.5453770867284086, -0.31402823497130267, 0.2497972847091569, -0.26441569227069467, -0.8425784638084565, 0.6974588539378451]
  ],
  "93": [],
  "94": [],
  "95": [],
  "96": [],
  "97": [],
  "98": [],
  "99": [],
  "100": []
}
