{
  "1": [],
  "2": [],
  "3": [
    [-0.11435737429000056, -0.05252012870220761, 0.752564844798865, 0.24529255394285557, 0.7317268847283851, 0.7923946276908108, -0.8236343410067345],
    [-0.14966289304284558, -0.0513098416190245, 0.6997108301568674, 0.15779708380174318, 0.8119854798960774, 0.6764988328928121, -0.8276539429438963]
  ],
  "4": [],
  "5": [],
  "6": [],
  "7": [],
  "8": [],
  "9": [
    [-0.6843575819757564, -0.20037441438151093, -0.46883183376002113, -0.5801684937149288, 0.31697398678469324, -0.4587071072268484, -0.08844226300025615],
    [-0.73488606587834, -0.32565857295551304, -0.3601348992964688, -0.5482285802537813, 0.2150498649186851, 0.4539294956380203, -0.08667491565909172]
  ],
  "10": [],
  "11": [],
  "12": [
    [0.16318485204137587, -0.8416952715809136, 0.5738751285037469, 0.006333713723475304, -0.360117096771762, 0.07035282025235734, -0.5797321380413676],
    [0.15686653761130462, -0.8380391460803878, 0.5723831000546651, 0.006435757592899834, 0.40353681484859827, 0.1507793210769734, -0.5673784789886481]
  ],
  "13": [],
  "14": [],
  "15": [
    [-0.4443358369011454, -0.43295677672416133, -0.7202542716988681, -0.8308300682437061, -0.4342609186344854, 0.4576363749045907, -0.44064765549861284],
    [-0.490104321280562, 0.838659236948922, 0.06225041844040499, -0.22292804761586932, -0.5895268104235026, -0.42482407026848895, 0.42320749729610146]
  ],
  "16": [],
  "17": [],
  "18": [],
  "19": [],
  "20": [],
  "21": [],
  "22": [],
  "23": [],
  "24": [
    [0.1306871640543019, 0.5613705029209721, 0.4956457875446491, -0.6463056982831188, 0.3323433840198127, -0.16962187164156378, -0.7007957442924951]
  ],
  "25": [],
  "26": [],
  "27": [],
  "28": [],
  "29": [],
  "30": [
    [0.07723610777026868, -0.018462072853847267, 0.786768631691237, -0.036351082740854815, 0.7482320980367851, -0.3854395829632029, -0.4795384789453584],
    [0.07724213696272188, -0.012871805210930816, 0.6648084882988259, -0.042124435756318, 0.7950548570716911, 0.3735188197511345, -0.4783949114871205]
  ],
  "31": [
    [-0.5935571799254382, -0.6767826875676317, 0.08136046451401004, 0.493580375092523, -0.4524213993867976, -0.5889986194290003, -0.1442766511927464]
  ],
  "32": [],
  "33": [
    [0.8186071648810982, 0.10632799090202669, -0.1879341433726516, 0.28976436123257726, -0.5924729299332473, -0.0022100149806525003, 0.4705604792726832]
  ],
  "34": [
    [0.30282879883107555, 0.6953109419013916, 0.11275093341166702, 0.970340879619843, 0.02290053445794356, -0.6168115888076986, 0.22006351511745523]
  ],
  "35": [],
  "36": [],
  "37": [],
  "38": [],
  "39": [
    [-0.4797021303765576, 0.17808702419671343, 0.5641457268961435, -0.8910637457031237, -0.8372751919732732, 0.9669785889990083, -0.45542627258540325],
    [0.5162016846748934, 0.6481388381457704, -0.4069459774578378, -0.49521161025097143, -0.5974381591545574, 0.9198602365572689, 0.7260661270876972]
  ],
  "40": [],
  "41": [],
  "42": [],
  "43": [],
  "44": [],
  "45": [
    [-0.21168070914288775, 0.18647672343035604, 0.8697294343841038, 0.4825552146200775, 0.22212705903537933, -0.16871644574287556, -0.8242617832276232],
    [0.5005602074734243, 0.1008904862468887, -0.9403182372010859, 0.38790722810821954, -0.09096027487086869, -0.15647380559764473, 0.4605907642226897]
  ],
  "46": [],
  "47": [],
  "48": [
    [0.890605128316178, -0.7333095679018212, 0.08083478033112484, 0.7368949069865606, -0.5588495573712821, 0.13218242550374995, -0.4495701048036476]
  ],
  "49": [],
  "50": [
    [0.8896860210672867, 0.7487008533797513, -0.5658012170807437, -0.28505140046081423, 0.2728707112322687, 0.4670858281874764, -0.030487429022173572]
  ],
  "51": [
    [0.35868293359918824, 0.9732794832736456, -0.09692626965496154, -0.08025554043353543, -0.803683694413475, 0.7048045369930521, -0.6123091492084699]
  ],
  "52": [],
  "53": [],
  "54": [
    [-0.9664870772955683, -0.11510886934348506, 0.02154819968170291, -0.6148199162520019, 0.8866668353879468, 0.1318358688935936, 0.37640315939985813],
    [-0.9541891625938231, -0.11848062357337688, -0.003277405882926674, 0.6156563516529819, 0.8936249343502921, 0.13168447842076886, 0.3762129590954149],
    [-0.8138725943548031, 0.37046538056685013, -0.32701344849423414, 0.8121529206431456, -0.5158959324612046, 0.8096173549330183, 0.0641863945268604]
  ],
  "55": [],
  "56": [],
  "57": [],
  "58": [],
  "59": [],
  "60": [],
  "61": [
    [-0.9598233058258938, 0.2213154598974983, 0.3958790137374026, 0.3579550961795037, 0.047451315980455586, -0.41313608459570916, 0.0477008909564836]
  ],
  "62": [],
  "63": [],
  "64": [],
  "65": [],
  "66": [],
  "67": [],
  "68": [],
  "69": [],
  "70": [],
  "71": [],
  "72": [],
  "73": [],
  "74": [],
  "75": [],
  "76": [],
  "77": [],
  "78": [],
  "79": [],
  "80": [
    [-0.3565777045246781, 0.5179128781034911, -0.826942338309095, -0.20895939501518526, 0.6875354991107577, 0.6220223494330556, 0.5453494175906538],
    [-0.4143609962328091, 0.9252425345060158, -0.8577072698837483, -0.2678414379794041, 0.4199284339550127, 0.8008705242355328, 0.4574182460212273],
    [0.18008475679633484, -0.8063864068783475, 0.5216724209612986, -0.6897557442870843, 0.5860432576659295, -0.9027069840117308, -0.08927240172853937],
    [0.5575249945386563, -0.3439165808766607, 0.21855403384282746, -0.39966785515442943, 0.7078593938840867, -0.94301758656663, 0.5323225578746531],
    [0.2531792282715859, -0.8188150075102169, 0.512869791350583, -0.7441245857006159, 0.5649221998711672, 0.9231404307425589, -0.0891040857460575],
    [0.5205486861288018, -0.3465193243811596, 0.21140767877653316, -0.4080937582484841, 0.7005951335993044, 0.953505164388221, 0.560556030817781]
  ],
  "81": [],
  "82": [],
  "83": [],
  "84": [],
  "85": [],
  "86": [],
  "87": [],
  "88": [
    [0.603381765595187, -0.8210961958373464, 0.2592296249140985, 0.5803385247099658, 0.8939626561254325, 0.05367118557865798, -0.31880994645041694]
  ],
  "89": [],
  "90": [],
  "91": [],
  "92": [],
  "93": [],
  "94": [
    [-0.4898594067319639, -0.4133411205266892, -0.8308340469324138, -0.093320937088352, -0.602364764693746, 0.15669910166657672, -0.15038796829406192],
    [0.4576482009282411, -0.44998182960337874, -0.6063783665487449, -0.08685963255602615, -0.3107433334534088, 0.6148568104080679, -0.5561187178773216]
  ],
  "95": [],
  "96": [],
  "97": [],
  "98": [],
  "99": [],
  "100": []
}
