{
  "1": [
    [0.9141476663038813,-0.38575250788678433],
    [0.7936108080452952,0.8657750172654549]
  ],
  "2": [
    [-0.10663003177477179,-0.5580389321542932],
    [-0.950021934988734,0.401585664240849],
    [-0.10685780505733088,0.5598406950996546],
    [0.9940984802173074,0.42285186071504605]
  ],
  "3": [
    [-0.08678540384390393,0.9714116028241143]
  ],
  "4": [
    [0.8257430842570305,-0.020470026822122265]
  ],
  "5": [
    [0.9549884267195563,0.6671976831286823]
  ],
  "6": [
    [0.0632078206285912,-0.3614992804719153],
    [0.06322329509884317,0.3613781024265371]
  ],
  "7": [],
  "8": [
    [-0.8650351395009478,-0.05953320954927759],
    [0.8822072035729932,0.06070457422706611]
  ],
  "9": [
    [-0.4790307664012639,-0.8350225432102105],
    [-0.6332278712706634,0.3746678042587688]
  ],
  "10": [],
  "11": [],
  "12": [],
  "13": [],
  "14": [],
  "15": [
    [-0.24755981735993338,0.21333847348320914],
    [0.24771272202029448,0.21345019401312196]
  ],
  "16": [
    [-0.8907481602977491,0.03278321377418735],
    [-0.049845892990002895,0.5888368616484058],
    [0.04913659210991468,-0.588871947794179]
  ],
  "17": [],
  "18": [],
  "19": [],
  "20": [
    [0.5176059723063074,-0.2847968777009822],
    [0.12117023242404915,0.5195720298362587],
    [0.48623960000897665,0.23520506592605928]
  ],
  "21": [
    [0.029697006052219966,0.04663880124674183]
  ],
  "22": [
    [-0.9781819180972688,-0.8040038813783924],
    [0.4420957651342155,-0.027397230271478355]
  ],
  "23": [],
  "24": [],
  "25": [],
  "26": [
    [0.8445318541281673,0.9818050494660626]
  ],
  "27": [],
  "28": [
    [-0.11154593489893855,0.09689008253722836],
    [0.11174432006125141,0.09689783730702897]
  ],
  "29": [
    [0.7155194841803453,-0.6124462458994725]
  ],
  "30": [
    [0.7410237031674574,-0.4365672272547354],
    [0.5199103745343875,0.5995251822253649]
  ],
  "31": [
    [0.7046953734060362,-0.794767832145897],
    [0.4074131123291508,0.9758900790919571]
  ],
  "32": [
    [-0.6539163610104592,0.0063675885755575985],
    [0.6344919492047782,0.006367729992264989]
  ],
  "33": [],
  "34": [
    [-0.968049707148814,-0.531450199375711],
    [0.10213284830251576,-0.8582253856573473]
  ],
  "35": [],
  "36": [
    [-0.9888414662795443,-0.4503285277193327]
  ],
  "37": [],
  "38": [
    [0.8762658025778335,0.3996816252862697]
  ],
  "39": [
    [-0.6627218255285942,-0.3972612708281779]
  ],
  "40": [
    [-0.026887242844502317,-0.1664763408796076]
  ],
  "41": [
    [-0.8945843791556584,0.5914587173192467]
  ],
  "42": [
    [0.08241926445589937,0.2467546345177838]
  ],
  "43": [],
  "44": [
    [0.8532873849235179,-0.6168323421442968]
  ],
  "45": [
    [0.14942913926229798,-0.1403022582491099],
    [0.16264726061306306,0.4645295913135609]
  ],
  "46": [],
  "47": [
    [-0.6614443588762312,0.1807117774105131],
    [-0.6790690715949639,0.7096227582613569]
  ],
  "48": [],
  "49": [
    [-0.04775640964603234,-0.5827599662240076],
    [-0.047800591743749905,0.309734615902878],
    [-0.04780655904151018,0.39245292501592405]
  ],
  "50": [
    [0.4656796688820845,0.9827029335745165]
  ],
  "51": [],
  "52": [
    [0.825006667676362,-0.23940519951590272]
  ],
  "53": [],
  "54": [],
  "55": [
    [-0.008991486079290806,-0.6245944436394868]
  ],
  "56": [
    [0.6492414621551645,-0.41012770958247013],
    [0.6122472346188714,0.6671618447188017]
  ],
  "57": [
    [0.15204129377452816,-0.13007427256296594]
  ],
  "58": [
    [-0.2832212778945032,0.7206468153314226],
    [0.5534163050652265,-0.2912531700954339]
  ],
  "59": [],
  "60": [],
  "61": [],
  "62": [],
  "63": [],
  "64": [
    [-0.942639675781259,0.6209380465442086]
  ],
  "65": [
    [-0.0857135201165262,0.7420889568306364],
    [-0.1607095627304746,0.13458911887411418]
  ],
  "66": [],
  "67": [
    [-0.6663181371487964,-0.4764588047389865]
  ],
  "68": [],
  "69": [
    [-0.20060774318405758,0.5558718079103175],
    [-0.19376221696506504,-0.5130549009958854]
  ],
  "70": [],
  "71": [
    [-0.5512285084371235,0.9287931496975409],
    [0.6571684369565151,-0.5781773448448475]
  ],
  "72": [
    [-0.5188403062642557,0.2513504049047248]
  ],
  "73": [],
  "74": [
    [-0.891594084977634,-0.7935420370639197],
    [0.08359626917331366,-0.11658618898624791]
  ],
  "75": [],
  "76": [],
  "77": [
    [0.6898421528643804,0.7754894522789332]
  ],
  "78": [
    [0.7279666457262371,-0.07321744323354462],
    [-0.6168191404944076,-0.06632932537173106]
  ],
  "79": [],
  "80": [
    [-0.08666346271070285,-0.08517950272192855]
  ],
  "81": [
    [-0.5118654341957203,0.5731845820233651],
    [-0.5733924862793303,0.8348633516544278],
    [0.8189910229882689,-0.11565524305775503]
  ],
  "82": [
    [-0.26746835478181863,0.15299825048500681]
  ],
  "83": [
    [0.765663993950547,0.10433711459341655]
  ],
  "84": [],
  "85": [],
  "86": [
    [-0.20593852439430418,-0.6054001873605147],
    [-0.24620722479746826,0.5452088006383071]
  ],
  "87": [],
  "88": [],
  "89": [
    [-0.31908292535366267,0.993076133494317]
  ],
  "90": [],
  "91": [
    [-0.7819569225395964,-0.16031022490062852],
    [-0.21557358227024156,-0.5669160582309299],
    [0.6290236961594436,-0.7626362514181863],
    [0.7662311259528298,0.1820818371572208],
    [0.7227421721205112,0.7606302374228913]
  ],
  "92": [
    [0.3681687740853979,-0.10377804789698178]
  ],
  "93": [
    [-0.9348941859885332,0.48596230308715693],
    [-0.7729738362157206,0.266693666897802],
    [-0.6909862291167257,0.5726118047352025],
    [-0.16524263427051789,0.7755524439966566],
    [0.8404348183042272,0.5181818209411991],
    [0.9052789120901847,0.27134375061212335]
  ],
  "94": [],
  "95": [],
  "96": [
    [0.9029423152419113,0.4000896493391048]
  ],
  "97": [],
  "98": [
    [-0.12420171992600107,-0.3823822620121662]
  ],
  "99": [],
  "100": [
    [-0.7768898095833555,0.8749158043181453],
    [0.8321265258529226,-0.7584500111704615]
  ]
}
