{
  "1": [
    [0.026351438561741696,0.10110869626780647]
  ],
  "2": [
    [-0.028337555068903418,-0.9521460731851199],
    [0.026880521133221855,0.9759551291703304]
  ],
  "3": [
    [0.1661407042032379,0.1178127193088881]
  ],
  "4": [],
  "5": [
    [0.6056295370784209,0.9768645440458706]
  ],
  "6": [],
  "7": [],
  "8": [],
  "9": [
    [0.5910705305410943,0.9264908198120198],
    [0.24020514250083536,0.7937916264041797],
    [0.8259471442658667,-0.8644023780178406]
  ],
  "10": [
    [-0.31203389835540557,0.5003085297256894],
    [0.9057250220971371,0.20975123670357568]
  ],
  "11": [],
  "12": [],
  "13": [
    [-0.5801801794768611,0.17606630106082835],
    [0.11914102743117236,-0.6442303286936903]
  ],
  "14": [],
  "15": [
    [0.776671457607852,0.9963065593620618],
    [-0.32533257467122223,-0.05991604119169415]
  ],
  "16": [],
  "17": [],
  "18": [],
  "19": [
    [-0.5125287719990296,0.5464252062969179],
    [-0.25271373164885147,0.4751057225996076],
    [0.5817633260045723,-0.9053252701000711],
    [-0.15958598582997816,-0.37454877699122796]
  ],
  "20": [
    [0.062213137343821945,-0.14989384567924788]
  ],
  "21": [
    [0.18318976109637775,0.02941543603827958]
  ],
  "22": [
    [-0.24533301920148617,-0.33130918037668755],
    [0.2546974158310325,0.30811592965907636]
  ],
  "23": [
    [-0.867167289813471,-0.5466310736698498]
  ],
  "24": [
    [0.2095882980362204,-0.1274869033190984]
  ],
  "25": [],
  "26": [
    [-0.1171998331211328,-0.6724125373374733],
    [-0.10734144259947041,0.7895578390383247]
  ],
  "27": [],
  "28": [
    [-0.966912921387887,-0.006816094367061994]
  ],
  "29": [],
  "30": [
    [-0.007584946403279998,0.2102010739552032]
  ],
  "31": [],
  "32": [
    [0.4926504348869441,-0.5734659633158179]
  ],
  "33": [],
  "34": [
    [-0.706099565753564,0.8380622172380398],
    [0.2428957652751869,0.06362601857900213]
  ],
  "35": [],
  "36": [
    [-0.2556351765279955,0.26603983522323504]
  ],
  "37": [
    [-0.23459509089905228,0.7910360346263549],
    [0.3175522574883038,-0.7360368895090804]
  ],
  "38": [],
  "39": [
    [-0.26122217859065167,-0.18688630942693224],
    [0.789124505112535,-0.23151685877149655]
  ],
  "40": [
    [0.20067920954598994,0.9095950921403546],
    [-0.050047756797664336,0.16111062328472783]
  ],
  "41": [],
  "42": [],
  "43": [],
  "44": [
    [-0.4373954288708821,-0.6392139132494455],
    [-0.43216372867283864,0.7340210071415082]
  ],
  "45": [
    [-0.39092781047004016,0.42078650071380413]
  ],
  "46": [
    [0.024012250373845998,-0.03825777004526944]
  ],
  "47": [
    [-0.9382442989381685,-0.7887484586976561],
    [-0.02827271892886334,-0.5289408471815872]
  ],
  "48": [
    [0.010521764505136734,0.45124078858954725]
  ],
  "49": [
    [0.5509060801404272,-0.16191780132836867]
  ],
  "50": [],
  "51": [
    [-0.40270749919919163,-0.0704916762748916],
    [0.39469607305856486,-0.07040245384402168]
  ],
  "52": [
    [-0.3600439958985471,-0.03442214519771661]
  ],
  "53": [
    [-0.1403483426125679,-0.12051334885973562],
    [-0.2763200000572994,0.7849052320705918],
    [0.6652976875314603,0.896395880969541],
    [0.14032027282061826,-0.11870117372071318]
  ],
  "54": [
    [-0.10990339667691937,-0.16623358063135002],
    [-0.14614250264710635,0.17708864644748784]
  ],
  "55": [
    [0.34959474959343195,0.2001416674390696],
    [0.3182133687075266,0.7583891941278692],
    [-0.3501342096230091,-0.17902229671071324],
    [-0.3502268887285924,0.1751479883503453],
    [0.350500432058253,-0.16319595509690465]
  ],
  "56": [],
  "57": [],
  "58": [],
  "59": [
    [0.03182252211723159,-0.9152498878315446]
  ],
  "60": [],
  "61": [],
  "62": [],
  "63": [
    [-0.5270148962096206,-0.28072113353596817],
    [-0.5605589995575505,0.28653378825454723],
    [0.4794861218362849,-0.1693381099956736],
    [0.47408598763514676,0.17146887387762794]
  ],
  "64": [
    [0.4066079690062499,-0.4117117239405107],
    [0.3394861406917699,0.2437449837945567]
  ],
  "65": [],
  "66": [
    [-0.2517519054491604,-0.3885180286395103]
  ],
  "67": [
    [0.41900009340359223,-0.17716848820156372],
    [-0.24343449842427026,0.01700606640297209],
    [0.21412499912816055,0.05842244678197889]
  ],
  "68": [],
  "69": [],
  "70": [
    [0.24757336116235448,0.6460754090692356]
  ],
  "71": [
    [-0.6610188966431166,-0.19177045497067366]
  ],
  "72": [],
  "73": [
    [0.8127178631812565,0.14451885931302005]
  ],
  "74": [],
  "75": [],
  "76": [
    [-0.3110889925254612,-0.5484650489938122],
    [-0.34794918801850944,0.35766976075047213]
  ],
  "77": [],
  "78": [
    [-0.09401526078291336,0.0007149426268858677]
  ],
  "79": [],
  "80": [
    [0.2290402605332118,0.03818323254420634]
  ],
  "81": [],
  "82": [
    [0.14618320746275157,-0.2852407484417064]
  ],
  "83": [],
  "84": [
    [-0.7540894209280911,-0.4106865004030271],
    [0.009895969250265688,-0.4091619310039296],
    [0.7469378403470818,-0.4076954521243037]
  ],
  "85": [
    [-0.4912538570688258,-0.6629464405974288],
    [-0.49343618758928354,-0.02804175935059803],
    [-0.47640488629515737,0.6897691295350362]
  ],
  "86": [],
  "87": [],
  "88": [],
  "89": [
    [-0.5162048884784788,0.4183517964210709]
  ],
  "90": [],
  "91": [
    [0.20321767467653243,0.5593514477093455],
    [0.1998072824242648,-0.28156029524754544]
  ],
  "92": [
    [0.3232116181482135,-0.8272620010676782]
  ],
  "93": [
    [-0.6646574899540773,-0.7302310510468222],
    [-0.210808365390649,0.6548777309078173],
    [0.23888993491907473,0.7047043035687757],
    [0.609481653166024,-0.6385717123751511]
  ],
  "94": [],
  "95": [
    [0.479683414727366,0.6089106887610359]
  ],
  "96": [
    [-0.4040883245758048,0.6390672276328957],
    [-0.21187259560831587,0.6598444461591987]
  ],
  "97": [
    [0.3261697284671914,-0.05932525898071823],
    [0.8126763090557642,-0.8727248037059864]
  ],
  "98": [
    [-0.5336448657606127,0.041683682702131034]
  ],
  "99": [
    [0.024304147813451034,0.5960193775531853]
  ],
  "100": [
    [0.3958402180029301,-0.7538167342316018],
    [0.42468137172910586,-0.6456941769449135]
  ]
}
