{
  "1": [],
  "2": [
    [0.010309299864311679,-0.06740888787103443]
  ],
  "3": [],
  "4": [],
  "5": [],
  "6": [],
  "7": [
    [0.714718183359628,-0.9463408142707481]
  ],
  "8": [],
  "9": [],
  "10": [],
  "11": [],
  "12": [],
  "13": [],
  "14": [],
  "15": [],
  "16": [],
  "17": [],
  "18": [],
  "19": [],
  "20": [
    [-0.17495154027593135,0.1366454900790677],
    [0.1749560006417755,-0.13664200640960703]
  ],
  "21": [],
  "22": [
    [-0.6574282303176735,-0.980103248212459]
  ],
  "23": [],
  "24": [
    [0.8597003639159932,0.43373876223185576]
  ],
  "25": [],
  "26": [],
  "27": [],
  "28": [
    [0.4707375774628809,-0.4957288570292254]
  ],
  "29": [
    [-0.5040226455635255,-0.4065598703112547]
  ],
  "30": [],
  "31": [
    [0.6107820778479466,-0.6375950905768072]
  ],
  "32": [],
  "33": [],
  "34": [],
  "35": [],
  "36": [
    [0.00010220315646502243,-0.681299659847655],
    [-0.24990412154738845,0.000278630761685111],
    [-0.00010224497153695705,0.6810210290859705]
  ],
  "37": [
    [-0.8387021339090617,0.30079405940400156]
  ],
  "38": [],
  "39": [],
  "40": [
    [-0.3619062318049471,-0.8186531179482365],
    [0.3832222688855246,0.9960898106828612]
  ],
  "41": [],
  "42": [
    [0.2358114347843585,-0.6301549923954998],
    [0.23581798377262328,0.630327376809193]
  ],
  "43": [
    [0.8583995035557974,0.5603002235977509]
  ],
  "44": [
    [-0.6709695984720937,-0.9649795984142217]
  ],
  "45": [],
  "46": [],
  "47": [],
  "48": [],
  "49": [
    [-0.025159681880667095,-0.7499039301399535],
    [0.025159681880667077,0.7499039301399536]
  ],
  "50": [
    [-0.1576062011603481,0.8123732338818341],
    [0.15760620116034826,0.8123732338818342]
  ],
  "51": [],
  "52": [
    [-0.8663960971784246,-0.5830600170400057],
    [-0.8378838854744467,0.6338641119415179]
  ],
  "53": [
    [0.9264440775962611,-0.9847339352254688]
  ],
  "54": [],
  "55": [],
  "56": [
    [-0.7761228691000546,-0.8394988855191637]
  ],
  "57": [
    [0.7167296280341016,-0.7581626289645594],
    [0.7907472505017676,0.8434397575293483]
  ],
  "58": [
    [-0.9101359317841815,-0.8329069841007004],
    [-0.6959123000528586,0.8126584124378635]
  ],
  "59": [
    [-0.5779440404291606,-0.975522056201274]
  ],
  "60": [],
  "61": [],
  "62": [
    [-0.7001782841307961,-0.9654346294080949]
  ],
  "63": [],
  "64": [
    [-0.8213761992243351,-0.23591619823864046],
    [0.8213769562644114,0.2359151107405527]
  ],
  "65": [],
  "66": [],
  "67": [
    [-0.08066611273029577,-0.6971967314377793]
  ],
  "68": [
    [-0.5301024608204766,-0.7750874362947324]
  ],
  "69": [
    [0.46997772729200954,-0.8819292383766202]
  ],
  "70": [],
  "71": [],
  "72": [],
  "73": [],
  "74": [
    [-0.7978271445922804,0.9879940702767681],
    [0.9901725115621232,0.9779507123896902]
  ],
  "75": [
    [-0.7645088572593178,0.6155331082943608]
  ],
  "76": [],
  "77": [],
  "78": [],
  "79": [],
  "80": [],
  "81": [],
  "82": [],
  "83": [
    [-0.7336042286129535,-0.5271349205667059]
  ],
  "84": [
    [0.9898711759254195,-0.9259536861602827],
    [0.9381189274318422,-0.7843242884459114],
    [0.9611357191944964,0.7088196930718795]
  ],
  "85": [
    [-0.9476227118131132,0.9289421536942709],
    [0.9698987845980722,0.9696805184104039]
  ],
  "86": [],
  "87": [],
  "88": [],
  "89": [],
  "90": [
    [-0.8202710011361003,0.4276008176806471]
  ],
  "91": [],
  "92": [],
  "93": [],
  "94": [],
  "95": [],
  "96": [
    [-0.9333117081483017,0.9103938956452434],
    [-0.486956699949929,0.9793291784080274]
  ],
  "97": [],
  "98": [],
  "99": [],
  "100": []
}
