{
  "1": [],
  "2": [],
  "3": [
    [-0.5890354662150068,-0.19358289554678054]
  ],
  "4": [],
  "5": [],
  "6": [],
  "7": [],
  "8": [],
  "9": [
    [-0.7731457140666655,0.8435666485116704],
    [0.6543772352555859,-0.7478947530732749]
  ],
  "10": [
    [-0.8764603560031878,-0.7573995070743093]
  ],
  "11": [],
  "12": [],
  "13": [
    [-0.6508162712034595,-0.6134413657332944]
  ],
  "14": [
    [-0.9671508247221406,0.8832928856421881]
  ],
  "15": [],
  "16": [],
  "17": [],
  "18": [],
  "19": [],
  "20": [
    [-0.6895818732930302,0.5586368280854085]
  ],
  "21": [
    [0.9862784836652299,-0.40017190073035325]
  ],
  "22": [
    [0.9042534778646507,0.24949890104286215]
  ],
  "23": [],
  "24": [],
  "25": [],
  "26": [],
  "27": [
    [-0.7563462661206314,-0.8108664256427284]
  ],
  "28": [
    [0.07774638540436833,0.47751315484648305]
  ],
  "29": [],
  "30": [
    [-0.8075528056511198,0.7972106205068359],
    [-0.8566127213126115,0.9248825319274584]
  ],
  "31": [],
  "32": [
    [0.9286243639542094,0.5867441730811102]
  ],
  "33": [],
  "34": [],
  "35": [
    [-0.5687250920901288,-0.5653778905990492],
    [-0.5686336558975512,0.5653353868315067]
  ],
  "36": [
    [0.5066493248513927,-0.9295126010914272]
  ],
  "37": [],
  "38": [
    [-0.7159699568464388,-0.7478554127760039],
    [0.6955838410970455,0.7693121246218672]
  ],
  "39": [],
  "40": [
    [0.9607219896815435,0.5446712334275243]
  ],
  "41": [],
  "42": [],
  "43": [],
  "44": [],
  "45": [],
  "46": [],
  "47": [],
  "48": [],
  "49": [],
  "50": [
    [-0.8448046136409821,-0.4059533135145094],
    [0.8492637963441934,0.40722699023372677]
  ],
  "51": [
    [-0.9630032974115409,0.7740333794077265],
    [0.8797070411329467,0.7958878341561477]
  ],
  "52": [
    [-0.9144713013849378,0.8358318148262674],
    [0.963896420031608,0.7623119399836551]
  ],
  "53": [
    [0.7193094946464862,-0.9895179578493654]
  ],
  "54": [],
  "55": [],
  "56": [],
  "57": [
    [-0.667142331530627,0.8617151048992218],
    [0.8751039366823168,-0.47193895546394243]
  ],
  "58": [
    [0.6004262507482353,-0.7888921255103872],
    [0.6004262507482344,0.7888921255103873]
  ],
  "59": [],
  "60": [],
  "61": [
    [-0.9256873801850142,0.8401262913273755],
    [-0.9968923480315982,0.437061540026327],
    [0.9114888530355618,0.5871025433310277]
  ],
  "62": [],
  "63": [
    [-0.9769717639868494,0.9605174012217597]
  ],
  "64": [],
  "65": [
    [-0.6361079557625414,-0.44741674350636174],
    [0.5760227903008146,0.4623722330910365]
  ],
  "66": [
    [-0.6189109406749006,0.9208300426458148],
    [0.7822899107118318,-0.9039862747848609]
  ],
  "67": [],
  "68": [
    [0.8559340377767303,-0.9587483866479652]
  ],
  "69": [
    [0.7441103481222768,-0.9086805400476314]
  ],
  "70": [],
  "71": [],
  "72": [],
  "73": [
    [0.820550281249291,-0.8406601104520046]
  ],
  "74": [
    [-0.6993956962366795,0.5264742589768505],
    [0.6993956962366796,0.5264742589768502]
  ],
  "75": [
    [0.8300094654960626,0.9783334774651449]
  ],
  "76": [],
  "77": [],
  "78": [],
  "79": [],
  "80": [],
  "81": [
    [-0.9709135099594717,-0.8606041508915591],
    [0.8061531666888582,0.9785117256534824],
    [0.8853612592382497,0.7975466759476179]
  ],
  "82": [],
  "83": [],
  "84": [
    [0.9653014398644186,0.8895424338160823]
  ],
  "85": [
    [-0.662255340172724,-0.44838337110721993],
    [-0.6622553401727239,0.44838337110721993],
    [0.6622393121477175,-0.4484573236538437],
    [0.6622393121477175,0.44845732365384355]
  ],
  "86": [
    [-0.7340037910632787,-0.7208224950776932]
  ],
  "87": [],
  "88": [],
  "89": [],
  "90": [],
  "91": [],
  "92": [
    [0.5036139876523223,0.7186641445674276]
  ],
  "93": [],
  "94": [],
  "95": [
    [-0.9187119908471587,0.7699061404741134],
    [0.9042209796975844,0.5949805149121195]
  ],
  "96": [],
  "97": [],
  "98": [
    [0.8910718574535315,-0.7579847187035196]
  ],
  "99": [],
  "100": []
}
