{
  "1": [],
  "2": [],
  "3": [],
  "4": [],
  "5": [],
  "6": [],
  "7": [],
  "8": [],
  "9": [
    [0.4283870013728522,0.8119517575819688]
  ],
  "10": [],
  "11": [],
  "12": [],
  "13": [
    [0.9473450366526738,0.6145602047947479],
    [0.8545156557650863,0.900325388916207]
  ],
  "14": [],
  "15": [],
  "16": [],
  "17": [],
  "18": [],
  "19": [],
  "20": [],
  "21": [
    [0.8347465876852778,-0.7172082541362108]
  ],
  "22": [],
  "23": [],
  "24": [],
  "25": [
    [0.7991396553406275,0.9475476498486398]
  ],
  "26": [],
  "27": [],
  "28": [],
  "29": [],
  "30": [],
  "31": [
    [0.7656176362183845,-0.34665794909650505]
  ],
  "32": [],
  "33": [
    [0.6855756860321954,-0.9861264335384097],
    [0.7865024888100782,0.8577258335023219]
  ],
  "34": [],
  "35": [],
  "36": [],
  "37": [],
  "38": [],
  "39": [],
  "40": [],
  "41": [],
  "42": [],
  "43": [
    [-0.7947327455024918,-0.5176670669383033],
    [0.5208384709120022,-0.7499932972146373]
  ],
  "44": [],
  "45": [],
  "46": [
    [0.8619892287464191,-0.5474802640669587]
  ],
  "47": [],
  "48": [],
  "49": [
    [-0.7350917897710764,-0.5091693512454667]
  ],
  "50": [],
  "51": [],
  "52": [
    [-0.7936946613225047,-0.8779259191492291]
  ],
  "53": [],
  "54": [
    [-0.9488628364501128,-0.9841005432134389],
    [0.7203945219277786,0.8039338497522275],
    [-0.12056163509908974,0.7308332434963337]
  ],
  "55": [
    [0.46281336260342604,-0.896412368258747]
  ],
  "56": [
    [-0.9475717225010929,0.562799861024468]
  ],
  "57": [
    [-0.8611875142585154,-0.9827965273703589],
    [0.44901453732564944,0.6488188742962981],
    [0.8381064271026496,0.96852951768465]
  ],
  "58": [],
  "59": [
    [0.607268108175606,-0.8578633480658158]
  ],
  "60": [
    [-0.1587720731929456,-0.24983882086134798],
    [0.15877207319298772,-0.24983882100753174]
  ],
  "61": [
    [-0.5851214412583009,-0.5093770244749867],
    [0.641060459417615,0.4640242942628461],
    [0.7484126456413668,0.3971124764593594]
  ],
  "62": [
    [-0.9979196139470706,0.9080895088456002]
  ],
  "63": [],
  "64": [],
  "65": [],
  "66": [],
  "67": [],
  "68": [],
  "69": [
    [-0.9574835767260867,-0.7109540021685425],
    [-0.5988692267538026,-0.9110461414560681]
  ],
  "70": [],
  "71": [],
  "72": [],
  "73": [],
  "74": [],
  "75": [
    [-0.11474810330210983,0.9426621819066912],
    [0.11366697483592181,-0.946126304223018],
    [0.954381890119193,0.9733993928999087]
  ],
  "76": [
    [0.38052896832185806,-0.5595256414914085]
  ],
  "77": [
    [-0.9604854655346007,-0.8278556264344651]
  ],
  "78": [],
  "79": [],
  "80": [],
  "81": [],
  "82": [],
  "83": [],
  "84": [
    [-0.28590493841398884,-0.7746211962330566],
    [0.8295642338304392,-0.9232605750046616]
  ],
  "85": [
    [0.7453884435174964,-0.7938509345404249]
  ],
  "86": [],
  "87": [
    [-0.7320408828212905,-0.581337221102825]
  ],
  "88": [
    [-0.5904591272653951,0.45952140889576587]
  ],
  "89": [
    [-0.7412943106035045,-0.5575205676774968],
    [0.8279734112214971,-0.9517114200038657],
    [0.6444766715151675,-0.654541155046645]
  ],
  "90": [],
  "91": [],
  "92": [],
  "93": [],
  "94": [],
  "95": [],
  "96": [
    [-0.5320668321204375,0.9565280478625444]
  ],
  "97": [],
  "98": [],
  "99": [
    [0.9873081456461392,-0.3146937748390071]
  ],
  "100": [
    [0.8899775543912365,-0.5831227679121891]
  ]
}
