{
  "1": [
    [-0.6015973642351717,0.9985560500199149],
    [0.7942498262610572,-0.766925414410326]
  ],
  "2": [
    [-0.8832269785805199,-0.615915058072061],
    [0.8803554185263356,-0.608576529946695]
  ],
  "3": [],
  "4": [],
  "5": [],
  "6": [],
  "7": [
    [-0.992670838300068,-0.7907665937941537]
  ],
  "8": [],
  "9": [],
  "10": [],
  "11": [],
  "12": [],
  "13": [
    [0.9871387820604998,-0.7215721891478791]
  ],
  "14": [],
  "15": [
    [0.8073835189737808,-0.7198722310940353]
  ],
  "16": [
    [-0.9665235460437328,-0.6807431950960827],
    [-0.8268550693598034,0.7411676896466692]
  ],
  "17": [],
  "18": [],
  "19": [
    [-0.9718106160214063,0.999791762960361]
  ],
  "20": [],
  "21": [],
  "22": [],
  "23": [],
  "24": [],
  "25": [],
  "26": [],
  "27": [
    [-0.19682573567524653,-0.9694120488207801],
    [-0.19682572898866316,0.9694119345350449]
  ],
  "28": [
    [-0.9748033748438376,0.7367885391900122],
    [-0.8256601958122584,0.9115282112823013]
  ],
  "29": [],
  "30": [],
  "31": [
    [0.5927017249900011,-0.9924889916440284],
    [0.6532805672043349,-0.8668688162674943]
  ],
  "32": [],
  "33": [],
  "34": [
    [-0.27530865444664754,0.33538096818324564]
  ],
  "35": [],
  "36": [],
  "37": [],
  "38": [],
  "39": [],
  "40": [
    [-0.7056894714703272,0.9886737364213903],
    [0.7056894714703273,-0.98867373642139]
  ],
  "41": [],
  "42": [
    [-0.5178431645966833,-0.12718577399403047]
  ],
  "43": [],
  "44": [],
  "45": [
    [-0.7859890397015925,-0.61589423630726]
  ],
  "46": [],
  "47": [],
  "48": [],
  "49": [],
  "50": [],
  "51": [],
  "52": [],
  "53": [],
  "54": [],
  "55": [
    [-0.8371927046333103,0.735650980183337]
  ],
  "56": [],
  "57": [
    [-0.9594632865298265,-0.9853625410878012]
  ],
  "58": [],
  "59": [],
  "60": [],
  "61": [],
  "62": [
    [0.9579710782250594,0.9349655099234571]
  ],
  "63": [],
  "64": [
    [-0.9728499810034009,-0.9754064919821676]
  ],
  "65": [
    [-0.7888282747924605,0.8480481422816397]
  ],
  "66": [],
  "67": [],
  "68": [],
  "69": [],
  "70": [],
  "71": [],
  "72": [
    [-0.2595164971135453,0.4908920704723789]
  ],
  "73": [
    [-0.8566735914891299,-0.8670662907328142],
    [0.6700514327525672,-0.8484451809272799],
    [0.7805280199506904,-0.8263182653347494],
    [0.7735922690554877,0.6712672066696411]
  ],
  "74": [],
  "75": [],
  "76": [],
  "77": [],
  "78": [
    [-0.8250101076681953,-0.6262199985154002]
  ],
  "79": [
    [-0.9609177028197539,-0.6609545231547377],
    [0.9609177028197537,0.6609545231547379]
  ],
  "80": [
    [0.6897428893712031,-0.8547045918221418]
  ],
  "81": [],
  "82": [
    [-0.7378956364364239,0.9700939159278762],
    [0.9122077947050471,-0.7781182418447948]
  ],
  "83": [],
  "84": [],
  "85": [],
  "86": [],
  "87": [],
  "88": [
    [-0.3369027452240992,0.8034929830398558]
  ],
  "89": [],
  "90": [],
  "91": [
    [0.8963955922493617,0.987620953644075]
  ],
  "92": [],
  "93": [],
  "94": [],
  "95": [
    [0.9508727763919825,0.5061978835886742]
  ],
  "96": [],
  "97": [],
  "98": [],
  "99": [],
  "100": []
}
