{
  "1": [],
  "2": [
    [-0.2731867381697747,-0.7622817774903349],
    [0.9347809813666842,0.9310612133539319],
    [0.2758335165256581,0.7636174268118097]
  ],
  "3": [
    [-0.9141850899218411,-0.9771634391579109],
    [-0.9273821242573002,0.9662227011862479],
    [0.6006961036734803,-0.7705230483604549],
    [0.7904031143645879,-0.4845312790164716]
  ],
  "4": [],
  "5": [],
  "6": [],
  "7": [],
  "8": [
    [-0.8401812750097432,-0.8534365709628722]
  ],
  "9": [
    [-0.5323360209204284,-0.11567810752398762]
  ],
  "10": [],
  "11": [],
  "12": [],
  "13": [
    [0.2131239536594699,-0.9849243506375918]
  ],
  "14": [
    [-0.4283515206782212,0.36276935589528087]
  ],
  "15": [],
  "16": [],
  "17": [
    [0.9094326447225295,-0.5652462351706119],
    [0.6753356730693387,0.7465239895574572]
  ],
  "18": [
    [0.9024795935929503,0.9694359115888137]
  ],
  "19": [
    [-0.3018043800403479,-0.5240734093416545],
    [0.30167059470028623,-0.5244940102134467]
  ],
  "20": [],
  "21": [],
  "22": [],
  "23": [],
  "24": [],
  "25": [],
  "26": [
    [0.7107400404424907,-0.6925492597691615]
  ],
  "27": [],
  "28": [],
  "29": [
    [0.6796245908109706,-0.06364499369816815]
  ],
  "30": [],
  "31": [
    [0.8291465109623776,0.6183098971163956]
  ],
  "32": [],
  "33": [],
  "34": [
    [-0.6395898536318398,0.6441469642216988],
    [-0.6077168851395162,0.9565430255347376]
  ],
  "35": [],
  "36": [],
  "37": [
    [0.6513016889135602,0.86432267308194]
  ],
  "38": [],
  "39": [],
  "40": [
    [0.9958522850760566,0.46895232008742094]
  ],
  "41": [
    [0.753419020142992,-0.4656411371871878]
  ],
  "42": [],
  "43": [],
  "44": [],
  "45": [],
  "46": [],
  "47": [
    [-0.8663320130609932,0.5791908409926411]
  ],
  "48": [
    [-0.792561941789022,0.8814758949415917],
    [0.8126938482675976,0.8928851394206203]
  ],
  "49": [
    [0.9710246308556889,-0.8721252805859219]
  ],
  "50": [],
  "51": [],
  "52": [
    [-0.933011824716781,-0.9508452558948877]
  ],
  "53": [
    [-0.9604317485429048,-0.8952757360897984],
    [0.19263377562234946,-0.4166598178367955],
    [-0.13825569004023036,0.6139231006580004]
  ],
  "54": [],
  "55": [
    [0.7307230597013915,-0.862165837334436]
  ],
  "56": [],
  "57": [
    [-0.9571301309219786,0.5801755757756129]
  ],
  "58": [],
  "59": [],
  "60": [
    [0.3748279994652631,-0.8900078597431971],
    [0.35145781126615216,0.9622220104893161]
  ],
  "61": [
    [-0.7068191447476402,0.7202996225097588],
    [-0.2729496639620305,0.9502664121247767]
  ],
  "62": [],
  "63": [],
  "64": [
    [-0.9808223670190331,0.5219784190421218],
    [0.7988976503716677,0.5624412913526936]
  ],
  "65": [
    [0.9256728432795887,0.799520267972212]
  ],
  "66": [
    [0.65792105413201,-0.3573401665376183]
  ],
  "67": [],
  "68": [
    [0.7957263557931357,-0.6732981139327496]
  ],
  "69": [
    [0.6672218811393996,-0.5534913389633584]
  ],
  "70": [],
  "71": [],
  "72": [
    [0.5886705184443256,-0.759401119994735],
    [0.471753637017146,0.8400205919193701]
  ],
  "73": [],
  "74": [],
  "75": [
    [0.9946940978998233,0.9739969707620287]
  ],
  "76": [],
  "77": [],
  "78": [],
  "79": [],
  "80": [
    [-0.918871698885319,-0.841514741761333]
  ],
  "81": [
    [-0.950409412352264,-0.7792583101140192],
    [-0.9293913601785352,0.7981767108073877]
  ],
  "82": [
    [-0.5272642949685076,-0.7944754254635022],
    [-0.47907648372091616,-0.8445795158782996],
    [0.930487907806648,-0.8205685020754142]
  ],
  "83": [
    [-0.9544931582130657,0.11826224962816946],
    [0.961989394200077,-0.9517908145769479]
  ],
  "84": [
    [-0.8715706551341141,0.7942059053852788],
    [0.9100508959762317,0.7600398350589912]
  ],
  "85": [
    [-0.6597375413654367,0.8153544655091279]
  ],
  "86": [],
  "87": [
    [-0.4593700430141896,-0.908128193855045]
  ],
  "88": [],
  "89": [
    [-0.7431597822322967,-0.7788071364968232],
    [0.724582769366925,-0.8564572191447792]
  ],
  "90": [],
  "91": [],
  "92": [
    [0.8995100736578531,0.9433083652258047]
  ],
  "93": [],
  "94": [],
  "95": [],
  "96": [],
  "97": [
    [-0.7803478221575253,0.5689937322923253]
  ],
  "98": [],
  "99": [],
  "100": []
}
