{
  "1": [
    [0.9437397534284767,-0.9005980190845755]
  ],
  "2": [
    [-0.9960504972928451,-0.9403194191178114]
  ],
  "3": [
    [-0.7681465444947391,-0.19712693479663107],
    [-0.7681550199581992,0.1971214968968798]
  ],
  "4": [
    [-0.41206962386345936,0.3408311399291248],
    [0.41248247195295745,-0.33980899433585726]
  ],
  "5": [],
  "6": [],
  "7": [],
  "8": [
    [0.8550898653877876,-0.8445975904521976]
  ],
  "9": [],
  "10": [],
  "11": [],
  "12": [],
  "13": [
    [0.821014685105163,-0.49387394285523417]
  ],
  "14": [],
  "15": [],
  "16": [],
  "17": [
    [0.9957287144038246,0.9870079974264834]
  ],
  "18": [],
  "19": [],
  "20": [],
  "21": [
    [-0.679711198295354,-0.3229124528562321]
  ],
  "22": [],
  "23": [],
  "24": [
    [-0.258169305928733,-0.18528308128500812],
    [0.2742090553013893,0.1815975713388246]
  ],
  "25": [],
  "26": [
    [-0.8724530334151521,-0.8739233763855011],
    [-0.619573067403753,-0.7577049327928592],
    [-0.6143029218301462,0.6863612801773737]
  ],
  "27": [
    [0.8591053027683889,0.20658647696996096]
  ],
  "28": [],
  "29": [],
  "30": [],
  "31": [],
  "32": [
    [0.9941990292883329,0.7262341358986398]
  ],
  "33": [
    [-0.7389280184523381,0.6758595352978911]
  ],
  "34": [
    [0.18197884541393525,0.7042437300249718]
  ],
  "35": [],
  "36": [],
  "37": [],
  "38": [],
  "39": [
    [-0.5158530041737365,0.8449314746131849],
    [0.5517709361254652,0.9504901323873562]
  ],
  "40": [
    [-0.7347937980543647,0.7723376472737119],
    [0.7845498623622466,-0.9368980345580904]
  ],
  "41": [],
  "42": [],
  "43": [
    [-0.9639884442113715,0.8667128834168205],
    [0.9777320819572115,0.8558739320653131]
  ],
  "44": [],
  "45": [],
  "46": [],
  "47": [],
  "48": [],
  "49": [
    [-0.9324402982860598,0.9527209538464281],
    [0.8075672691345531,0.8768962043656856]
  ],
  "50": [
    [-0.8747340117545236,0.8587903609238281],
    [0.9987230489243658,-0.7214588942157865]
  ],
  "51": [],
  "52": [],
  "53": [
    [-0.8387521188650663,-0.9096875026737634],
    [-0.848741650287245,0.8892897285186921]
  ],
  "54": [
    [-0.7945207437062493,0.9150722280468294]
  ],
  "55": [],
  "56": [],
  "57": [],
  "58": [
    [0.9475380279673632,-0.8778664310817502],
    [0.894610768595033,0.9502940564090647]
  ],
  "59": [],
  "60": [],
  "61": [],
  "62": [],
  "63": [],
  "64": [],
  "65": [],
  "66": [],
  "67": [],
  "68": [],
  "69": [],
  "70": [],
  "71": [
    [-0.8636635876080431,0.09666743125084673]
  ],
  "72": [],
  "73": [],
  "74": [
    [-0.21533356128125358,0.935595032781796]
  ],
  "75": [
    [-0.9694752187330805,0.7717004632973326],
    [0.9679129575405504,-0.9382163125111789]
  ],
  "76": [],
  "77": [],
  "78": [
    [-0.7161976083737578,-0.7626072795034499]
  ],
  "79": [],
  "80": [],
  "81": [],
  "82": [
    [-0.8630921686338631,0.805758601147488]
  ],
  "83": [
    [-0.9502451268418906,-0.7665563243972182],
    [0.8652455773595523,-0.5581674729439029]
  ],
  "84": [
    [-0.8411926361755606,0.9974371354290079]
  ],
  "85": [],
  "86": [],
  "87": [],
  "88": [],
  "89": [],
  "90": [
    [0.968381961815441,0.7045090351952645]
  ],
  "91": [],
  "92": [
    [0.6604678681642149,-0.964062487493493]
  ],
  "93": [],
  "94": [],
  "95": [],
  "96": [
    [-0.9849313574846655,0.7117099761423181]
  ],
  "97": [],
  "98": [],
  "99": [],
  "100": []
}
