{
  "1": [],
  "2": [],
  "3": [
    [-0.8352468474174192,-0.8766657925031222],
    [0.8352468474174191,0.8766657925031223]
  ],
  "4": [],
  "5": [],
  "6": [],
  "7": [],
  "8": [],
  "9": [],
  "10": [
    [0.9239493073068876,0.9616284061370975]
  ],
  "11": [],
  "12": [],
  "13": [],
  "14": [],
  "15": [],
  "16": [],
  "17": [
    [-0.9724495946055611,0.5285187037923288],
    [0.9710727509510148,-0.529574083874171]
  ],
  "18": [],
  "19": [],
  "20": [],
  "21": [
    [-0.21290767938502644,-0.2499828143676148]
  ],
  "22": [],
  "23": [],
  "24": [],
  "25": [],
  "26": [
    [-0.9807290494183803,0.644048812134976]
  ],
  "27": [],
  "28": [],
  "29": [],
  "30": [],
  "31": [],
  "32": [],
  "33": [
    [-0.945367479754447,0.889685664390853]
  ],
  "34": [],
  "35": [
    [0.6220677866220851,0.8352230690092566]
  ],
  "36": [],
  "37": [],
  "38": [],
  "39": [],
  "40": [],
  "41": [],
  "42": [],
  "43": [],
  "44": [],
  "45": [
    [-0.8685499317570765,0.7231137294698131],
    [0.7976545817438148,-0.8306843156994383]
  ],
  "46": [],
  "47": [
    [-0.741970989195574,-0.8032674455868746],
    [-0.7358365845079797,0.8061934983051949]
  ],
  "48": [],
  "49": [],
  "50": [],
  "51": [],
  "52": [],
  "53": [],
  "54": [],
  "55": [],
  "56": [],
  "57": [],
  "58": [],
  "59": [],
  "60": [],
  "61": [
    [0.9876741411196981,-0.91357003365019]
  ],
  "62": [],
  "63": [
    [-0.9748779665323393,0.7916088477463638]
  ],
  "64": [],
  "65": [],
  "66": [],
  "67": [
    [-0.8166714500224824,0.5871743727362894],
    [0.8166714500224824,-0.5871743727362895]
  ],
  "68": [],
  "69": [
    [-0.9772030804406414,-0.990938660902098],
    [-0.9291250168586883,0.9525613680036942],
    [0.8693458889781914,-0.4900979622944449],
    [0.8987777470028706,0.45112230591708946]
  ],
  "70": [],
  "71": [],
  "72": [],
  "73": [],
  "74": [],
  "75": [],
  "76": [],
  "77": [],
  "78": [],
  "79": [],
  "80": [],
  "81": [],
  "82": [],
  "83": [
    [0.9253665251625547,0.8219582118976375]
  ],
  "84": [],
  "85": [
    [0.7194664835465334,-0.36218424922114606]
  ],
  "86": [],
  "87": [],
  "88": [],
  "89": [
    [-0.8659390856247235,0.888813897964069]
  ],
  "90": [],
  "91": [],
  "92": [],
  "93": [],
  "94": [
    [0.7632357610847815,0.13137240174827913]
  ],
  "95": [],
  "96": [],
  "97": [],
  "98": [
    [0.9108138900760393,-0.8766700995342659],
    [0.844538413567698,0.9698321918018371]
  ],
  "99": [],
  "100": [
    [-0.9020673365424893,0.6787616254949371]
  ]
}
