{
  "1": [],
  "2": [
    [-0.787777490349699,-0.7318525710245218]
  ],
  "3": [],
  "4": [],
  "5": [],
  "6": [],
  "7": [],
  "8": [],
  "9": [
    [-0.8670510084580042,-0.9428493373977633]
  ],
  "10": [],
  "11": [],
  "12": [],
  "13": [],
  "14": [
    [0.8354996576104238,-0.35906887696087153],
    [0.8355028355260026,0.35906273142467177]
  ],
  "15": [],
  "16": [],
  "17": [],
  "18": [],
  "19": [],
  "20": [],
  "21": [
    [-0.7829469884074841,0.8105643502218219],
    [0.8076591603192288,0.7922234935778294]
  ],
  "22": [
    [-0.9326129308808133,0.9400605070200097]
  ],
  "23": [],
  "24": [],
  "25": [],
  "26": [],
  "27": [],
  "28": [],
  "29": [],
  "30": [
    [-0.8888910112144214,0.6153859146912143],
    [0.8883791784473419,0.6152823590162505]
  ],
  "31": [
    [0.6008550065965914,0.9067631508828484]
  ],
  "32": [],
  "33": [],
  "34": [
    [0.9933687617043192,-0.8578767846306864]
  ],
  "35": [],
  "36": [],
  "37": [
    [-0.826482844536871,-0.7573550081365384]
  ],
  "38": [],
  "39": [
    [0.8227734222707427,-0.8379039481045136],
    [0.8244922817440127,0.8349231983549954]
  ],
  "40": [
    [-0.9422656877782366,0.9320975474998355]
  ],
  "41": [
    [-0.07487250120857611,-0.5023197227064102],
    [-0.0786483032074352,0.5023177715550373],
    [0.9371445134978499,-0.9133954063170677]
  ],
  "42": [
    [-0.9765188556083343,-0.9511809298689472]
  ],
  "43": [],
  "44": [
    [-0.9948395102293288,-0.8356052854462496],
    [-0.8164003882547326,-0.9058260006384334]
  ],
  "45": [],
  "46": [],
  "47": [
    [-0.826669768146276,0.9675048820600314],
    [0.8604121030399682,0.8749341620186473]
  ],
  "48": [],
  "49": [],
  "50": [],
  "51": [],
  "52": [],
  "53": [],
  "54": [],
  "55": [],
  "56": [],
  "57": [
    [-0.6337006960441857,0.6628587632535557]
  ],
  "58": [],
  "59": [],
  "60": [],
  "61": [],
  "62": [
    [-0.901475688656262,0.9842895206745081]
  ],
  "63": [],
  "64": [],
  "65": [
    [-0.5202867953134039,0.6715588718763347]
  ],
  "66": [],
  "67": [
    [0.943351297900175,0.9353683399042255]
  ],
  "68": [],
  "69": [],
  "70": [],
  "71": [],
  "72": [],
  "73": [],
  "74": [],
  "75": [
    [-0.947634669443518,-0.6670400928543289],
    [0.9969986020283341,0.621648973812586]
  ],
  "76": [],
  "77": [
    [-0.8769931263793139,-0.9932011994923621]
  ],
  "78": [],
  "79": [],
  "80": [
    [-0.9168035464167176,-0.98855367997058],
    [-0.4579553441846244,-0.8772817103712233],
    [-0.4574086577393729,0.8610027680927586]
  ],
  "81": [],
  "82": [],
  "83": [
    [-0.8524928793083295,0.718786067434714]
  ],
  "84": [],
  "85": [
    [0.8542646587333881,0.892769252120272]
  ],
  "86": [],
  "87": [],
  "88": [],
  "89": [
    [-0.876871844176232,0.5499203584959262],
    [0.8799301478643564,-0.5469538970358512]
  ],
  "90": [],
  "91": [],
  "92": [
    [0.7439492920390561,-0.7460835916742162]
  ],
  "93": [],
  "94": [],
  "95": [
    [-0.9535255352798235,0.9838796004700682]
  ],
  "96": [],
  "97": [
    [0.9274703567453888,-0.845088754796006]
  ],
  "98": [],
  "99": [],
  "100": [
    [-0.9985440378389105,0.1314144025538138]
  ]
}
