{
  "1": [
    [0.7732193178159958,0.8699960706033746]
  ],
  "2": [],
  "3": [],
  "4": [
    [-0.11049972339058983,0.8849301661039]
  ],
  "5": [],
  "6": [],
  "7": [
    [0.7531298196297275,0.8820475354490767]
  ],
  "8": [],
  "9": [],
  "10": [],
  "11": [],
  "12": [],
  "13": [],
  "14": [
    [-0.8975134887713176,-0.45059450155772585]
  ],
  "15": [
    [0.9532422029129171,-0.9460109322978248]
  ],
  "16": [],
  "17": [],
  "18": [
    [-0.8408547987143411,0.42470390932698143],
    [0.8422185407802676,0.4228548455831684]
  ],
  "19": [
    [0.9158797620164784,-0.9406193634634468],
    [0.9158283109517875,0.9404466915127224]
  ],
  "20": [],
  "21": [],
  "22": [
    [-0.8247180956491293,0.985361427121169]
  ],
  "23": [],
  "24": [],
  "25": [],
  "26": [],
  "27": [
    [0.9144173911037162,-0.7812612500434027],
    [0.7974115500394617,0.8530719416605298]
  ],
  "28": [],
  "29": [
    [0.9205926760791572,-0.5988078184506859],
    [0.9731402279435956,0.9225664085884295]
  ],
  "30": [
    [-0.31039296834317925,-0.8968177048752702],
    [0.3103929683431795,0.8968177048752703]
  ],
  "31": [],
  "32": [],
  "33": [
    [-0.9246867499405953,-0.9233963782193189]
  ],
  "34": [],
  "35": [
    [-0.286495241131215,-0.45546533936251],
    [-0.2864952411375911,0.45546533935992145]
  ],
  "36": [],
  "37": [],
  "38": [],
  "39": [
    [-0.8544644084003397,-0.9870231370900566]
  ],
  "40": [],
  "41": [
    [-0.9733040478455782,0.8440260656538408],
    [0.9301302402591132,-0.7603140520904307]
  ],
  "42": [],
  "43": [],
  "44": [
    [-0.26811974860012716,0.836792359614047]
  ],
  "45": [],
  "46": [],
  "47": [],
  "48": [
    [0.8470476743034031,-0.8533950912421344]
  ],
  "49": [
    [-0.04845691534192272,-0.8457722459852554],
    [-0.04845691534191456,0.8457722459852896]
  ],
  "50": [],
  "51": [
    [-0.994388954540604,0.9257689771919527]
  ],
  "52": [],
  "53": [
    [0.867851041886846,0.845796406920259]
  ],
  "54": [],
  "55": [],
  "56": [],
  "57": [],
  "58": [],
  "59": [
    [-0.8298135418355038,-0.9912580289524577]
  ],
  "60": [
    [-0.3129201454220802,0.72813403662658],
    [0.312161501431847,0.7281340364423615]
  ],
  "61": [],
  "62": [],
  "63": [
    [0.5472948569078603,-0.7504424540178196]
  ],
  "64": [],
  "65": [],
  "66": [
    [-0.7046250528675047,0.9204619342287578]
  ],
  "67": [
    [0.7040384103013526,0.5702687034180106]
  ],
  "68": [],
  "69": [
    [-0.4516573006325867,-0.628469819460099],
    [-0.45169077021339726,0.9040316771083464],
    [0.45165607666768637,-0.628471588338379],
    [0.45175783233135014,0.9040565904839972]
  ],
  "70": [],
  "71": [],
  "72": [],
  "73": [
    [0.9816464937832063,-0.7582822432874732]
  ],
  "74": [
    [-0.4064355005125285,-0.891639123590545],
    [0.4064667991361394,0.8915978857509523]
  ],
  "75": [
    [-0.824860798851384,-0.7309315391587144]
  ],
  "76": [],
  "77": [
    [-0.7354890913979708,0.8858811149102025],
    [0.7316762156854852,0.8824471754782416]
  ],
  "78": [
    [-0.3252531305312601,0.4758066538575581],
    [0.3252531305312602,-0.47580665393308025]
  ],
  "79": [],
  "80": [],
  "81": [
    [0.9728123086787449,-0.6882447642702094]
  ],
  "82": [],
  "83": [],
  "84": [],
  "85": [],
  "86": [
    [-0.10810382721029216,0.6269306884354847],
    [0.10810382828261778,0.6269306884354808]
  ],
  "87": [],
  "88": [],
  "89": [],
  "90": [],
  "91": [],
  "92": [
    [0.8113215181644124,-0.905740028244575]
  ],
  "93": [
    [0.8133809104082992,0.9488290474642097]
  ],
  "94": [
    [0.7119610356342001,0.6893047728249829]
  ],
  "95": [],
  "96": [],
  "97": [],
  "98": [],
  "99": [],
  "100": [
    [0.17001083797495592,0.23662668730901773]
  ]
}
