{
  "1": [
    [0.8507766616996284,0.7638029336898771],
    [0.3545919968510878,0.07071570625525692],
    [-0.35266306070549985,0.07021239331940976]
  ],
  "2": [
    [-0.9202405921371675,0.7100160368171722],
    [0.08284738253183437,-0.3646135074010684],
    [0.08326277691002856,0.3641620334961109]
  ],
  "3": [
    [-0.7775521567419552,0.5372319166473675],
    [-0.41214757103572397,0.29447921933187166],
    [0.44440207599865994,0.8776461673449673]
  ],
  "4": [
    [-0.8492765842185737,-0.16040465152262276],
    [-0.649358904985648,0.22477931184201877],
    [0.4926688743071147,0.6357949698444815]
  ],
  "5": [
    [0.4396484410251498,0.6528313513756623]
  ],
  "6": [
    [-0.47343634614529984,0.056488226220525316]
  ],
  "7": [
    [-0.19730640355298806,-0.538150640392762],
    [-0.2082345399409989,0.5399650700035133]
  ],
  "8": [
    [-0.007644802503705344,-0.5307696864025507]
  ],
  "9": [],
  "10": [
    [0.9217082459625677,-0.8453527457467414]
  ],
  "11": [
    [-0.6364396325913843,0.976927309794043],
    [0.7067941197484424,-0.5409863959598668],
    [0.8281783380894534,0.7018244786773762]
  ],
  "12": [
    [-0.06367074367860286,-0.733690125190233],
    [0.06205307307633393,0.7444839613815205]
  ],
  "13": [],
  "14": [
    [-0.13204607557708345,0.8579606956250254],
    [0.11235530707292636,0.5547989276742711]
  ],
  "15": [],
  "16": [
    [0.8117135129518833,-0.29208725262734336]
  ],
  "17": [
    [-0.4694355831419188,0.6886794989660717]
  ],
  "18": [
    [-0.9580459238746045,-0.418576069969759]
  ],
  "19": [
    [-0.23190357945417048,-0.36502374677932103]
  ],
  "20": [],
  "21": [
    [-0.02198309444188815,-0.7824063547472475]
  ],
  "22": [],
  "23": [
    [0.471830273827571,-0.05622475473589585],
    [-0.03810617827282177,0.6923176539911357]
  ],
  "24": [
    [0.4497828143634036,-0.605935391933955],
    [0.4111292143774013,0.5767137264026112]
  ],
  "25": [
    [-0.9050526503815903,0.8280300713607889],
    [0.07699583928275885,0.8225819108553343],
    [0.9554931178500624,0.6970267112897025]
  ],
  "26": [
    [0.8737976480949176,-0.06955085920904343],
    [0.8172226942180808,0.3568774198922384]
  ],
  "27": [],
  "28": [
    [-0.324718501799591,-0.7157778393576182],
    [-0.3294750413849903,0.684590084319005],
    [0.3057887575223144,-0.8288791291397087],
    [0.2989025612611991,0.8747853590886221]
  ],
  "29": [
    [0.24402051964438953,-0.4247740993333774]
  ],
  "30": [
    [0.1496797019964126,0.4908319082373346]
  ],
  "31": [
    [0.9058980816394345,-0.09999126520282009]
  ],
  "32": [
    [-0.6299386483083397,-0.8594481056314549],
    [-0.5648827875102613,0.04837675910303095],
    [-0.6455260889903695,0.7996426822214547],
    [0.5650580119536448,0.04812329431626051]
  ],
  "33": [
    [0.05426092206648768,-0.777073680208667],
    [0.6942942473229808,-0.8654893953925601],
    [0.05416074945206964,0.48439843123958387]
  ],
  "34": [],
  "35": [],
  "36": [
    [-0.4054933436227621,0.3100949065151102],
    [0.09841598602359077,-0.9313576916793831]
  ],
  "37": [],
  "38": [
    [-0.47267006193779043,-0.03289405637658034]
  ],
  "39": [
    [0.17558060036152195,-0.39372207733071674]
  ],
  "40": [
    [-0.7163432688969634,0.3712919623285789]
  ],
  "41": [
    [-0.2107690105897162,0.4114334385138365],
    [-0.9872211579078879,0.9342147644303207],
    [0.6342857481140266,-0.1393111222000773]
  ],
  "42": [],
  "43": [
    [-0.4504950503951239,0.4784382610652607]
  ],
  "44": [
    [-0.006148736949565864,-0.16424549781234737],
    [0.024215334278603878,0.21167064757052526]
  ],
  "45": [
    [-0.7300150933712586,0.06861487688906187]
  ],
  "46": [],
  "47": [],
  "48": [],
  "49": [],
  "50": [
    [0.18163303440783415,-0.9913704196871285],
    [0.18163303440783418,0.9913704196871285],
    [0.7581994657397105,-0.6360884485891618],
    [0.7581994657397105,0.6360884485891618]
  ],
  "51": [],
  "52": [
    [-0.8969465718959337,0.49584183306392066]
  ],
  "53": [
    [-0.2318513247613366,-0.7490241680007126]
  ],
  "54": [
    [0.03532130162470217,-0.42408027681139876]
  ],
  "55": [],
  "56": [],
  "57": [
    [-0.6491129564741944,-0.051281594366439594],
    [0.74773279222295,-0.03892402582471127]
  ],
  "58": [
    [-0.6320565134727749,-0.35575518715476667],
    [0.46550922670626343,0.4604923921875261]
  ],
  "59": [
    [-0.6947021947223099,0.8419247838278714]
  ],
  "60": [
    [0.353062598004179,0.020853868374625956]
  ],
  "61": [],
  "62": [],
  "63": [
    [-0.615910967597177,0.31876921621922977],
    [-0.3547809402812717,-0.3338446481956605],
    [0.35642839775187,-0.3338841701414536],
    [0.6204596579740156,0.31862023883660184]
  ],
  "64": [
    [-0.7339425620779834,0.004049816485483954],
    [0.42606349879282124,0.5477404057107693]
  ],
  "65": [],
  "66": [
    [0.7494841115777261,-0.35824843501895115]
  ],
  "67": [
    [0.05388334892890931,-0.033753997207126636],
    [0.05388334722377451,0.033747405248514016],
    [0.05772076763766418,0.9349613024568094]
  ],
  "68": [],
  "69": [
    [-0.5818166046062279,-0.3160397576172812],
    [-0.5765092373485697,-0.7238172468477259]
  ],
  "70": [
    [-0.6800475919620708,-0.6160017530049625],
    [-0.550867034272111,-0.0963455160424663]
  ],
  "71": [
    [-0.16060040680002632,0.3636420037864541]
  ],
  "72": [
    [-0.2831134327842438,0.025744050404205403]
  ],
  "73": [],
  "74": [],
  "75": [],
  "76": [
    [0.601858824306044,0.06631713229892634]
  ],
  "77": [],
  "78": [
    [-0.36013538158619207,0.08414781059988331]
  ],
  "79": [],
  "80": [
    [-0.8260090542442693,-0.443563836350251],
    [-0.7402409937165337,0.3682817371682421]
  ],
  "81": [
    [-0.19007551862919006,0.8288349954518639],
    [0.2193719171513913,-0.8812920025287126],
    [0.7627237838578308,0.09032173837918654]
  ],
  "82": [
    [0.08250854717725489,-0.857822204039609],
    [0.08081102245720652,0.8738592016923885]
  ],
  "83": [],
  "84": [
    [0.9075279990563289,0.1439426948606954]
  ],
  "85": [],
  "86": [
    [-0.246403062879682,-0.21175036251420637],
    [-0.577960520997196,0.6115549693936149],
    [0.12231925116030043,0.765916812554591],
    [0.474612669815605,0.690948917058715]
  ],
  "87": [
    [0.06732516658466856,-0.5289989012119022]
  ],
  "88": [
    [-0.6641537653942079,-0.42965135386505154],
    [0.8166605857175401,-0.43931326828887624]
  ],
  "89": [
    [-0.0394030106468051,-0.0073756547523942985],
    [-0.02748638372222286,0.14841055322087016]
  ],
  "90": [
    [-0.5923988561903829,-0.6570991713683219]
  ],
  "91": [
    [0.047538226842630774,-0.6649171959989529]
  ],
  "92": [],
  "93": [
    [-0.06801999442557283,-0.7475513115410856],
    [-0.06801999442557283,0.7475513115410856]
  ],
  "94": [
    [0.6747886014118036,-0.043668101980641714]
  ],
  "95": [
    [0.35949158952434385,0.7227428503509719]
  ],
  "96": [],
  "97": [],
  "98": [
    [-0.7544780621422005,0.9361125647836629],
    [0.5672349935291107,-0.3906564672907203]
  ],
  "99": [
    [0.501868699111257,0.7441842692324013]
  ],
  "100": [
    [-0.181017733820246,0.4825245902923735]
  ]
}
