{
  "1": [],
  "2": [],
  "3": [],
  "4": [],
  "5": [],
  "6": [],
  "7": [],
  "8": [
    [0.3974369425214667,-0.29921964623495917],
    [0.821536081142456,-0.086510823141373],
    [0.6370311270086368,0.3418638589200736]
  ],
  "9": [],
  "10": [
    [-0.738543476823584,-0.3089274664077414]
  ],
  "11": [
    [-0.8497713142798126,-0.9670429885586166]
  ],
  "12": [
    [-0.1651830546241714,-0.003668962025299813]
  ],
  "13": [
    [-0.7183927586838253,0.878188984618343]
  ],
  "14": [
    [-0.9910717980043298,0.9849423686543987]
  ],
  "15": [],
  "16": [],
  "17": [
    [-0.8579038082079281,-0.7926046252793522]
  ],
  "18": [],
  "19": [
    [0.4811799379671287,-0.9967635200856696],
    [0.48888411616068816,0.986478539135365]
  ],
  "20": [
    [-0.7263200954156656,-0.9290703015426917],
    [0.7246906016343383,-0.9096039709318978],
    [0.948864417515329,-0.5455862519619552]
  ],
  "21": [],
  "22": [
    [-0.6901555657022472,-0.5842190074035907],
    [0.6898183964686128,-0.5844081124330909]
  ],
  "23": [],
  "24": [],
  "25": [],
  "26": [],
  "27": [],
  "28": [],
  "29": [
    [0.99712745128104,0.5848286912129766],
    [0.8257213640052371,0.9661011236689706]
  ],
  "30": [
    [-0.07579673330538564,0.07359755976094416]
  ],
  "31": [],
  "32": [
    [-0.753666145118027,0.6422545123393173]
  ],
  "33": [],
  "34": [],
  "35": [
    [0.8310535489976729,0.8302210973054689]
  ],
  "36": [],
  "37": [],
  "38": [],
  "39": [],
  "40": [
    [0.42470774519913873,-0.9447726330536537]
  ],
  "41": [
    [-0.2940717029230377,-0.9841134498495203]
  ],
  "42": [
    [-0.8729951629273919,-0.7909162993118999]
  ],
  "43": [
    [-0.9449371610184981,0.9968002819409145]
  ],
  "44": [],
  "45": [],
  "46": [
    [0.9567305339471184,0.9047118609028634]
  ],
  "47": [
    [-0.9497565769322828,-0.9993854981470507]
  ],
  "48": [
    [0.5523111518048648,-0.9229294631532384],
    [0.5521000582449161,0.9231445543202463]
  ],
  "49": [],
  "50": [],
  "51": [
    [-0.12791004444351267,-0.8653804047463503],
    [-0.12789099484428246,0.8653751888575337]
  ],
  "52": [],
  "53": [],
  "54": [
    [0.8421297086777515,-0.8990867344599567]
  ],
  "55": [
    [-0.8411319233942066,-0.8208245584635476]
  ],
  "56": [],
  "57": [],
  "58": [
    [-0.2676410075768904,0.5213929109409344],
    [0.2676374947723908,0.5213936926241758]
  ],
  "59": [],
  "60": [],
  "61": [
    [0.7127551969761851,-0.8825729216286836]
  ],
  "62": [
    [-0.9885492163477176,0.951057207885953]
  ],
  "63": [],
  "64": [],
  "65": [],
  "66": [],
  "67": [],
  "68": [],
  "69": [],
  "70": [],
  "71": [],
  "72": [
    [0.2179738813175091,-0.6945778879405227]
  ],
  "73": [
    [-0.5579175408824688,-0.5775463686932841]
  ],
  "74": [
    [-0.8446113925752018,-0.9182033286326061],
    [0.8634951856249945,-0.9085436386128372]
  ],
  "75": [],
  "76": [],
  "77": [],
  "78": [],
  "79": [],
  "80": [],
  "81": [],
  "82": [],
  "83": [
    [0.7548190052853009,-0.9606221842911856]
  ],
  "84": [],
  "85": [
    [-0.7731143504994006,0.7374787732035789],
    [-0.5157070734721636,0.8143481230092836],
    [0.7245768083752194,-0.8217560044880092],
    [0.5092140834072321,-0.8241450617932791]
  ],
  "86": [
    [0.8490229075743182,-0.6412881363564515]
  ],
  "87": [
    [-0.12192221495860661,-0.6208242200253618]
  ],
  "88": [],
  "89": [
    [-0.40955050110647706,-0.9617295847694548],
    [0.4044629888855441,-0.9666820785466569]
  ],
  "90": [],
  "91": [
    [0.8920097179913353,0.7576570922331539]
  ],
  "92": [
    [0.3954287157406928,0.3922369682116899]
  ],
  "93": [
    [-0.6012005481438198,0.9854342327522136]
  ],
  "94": [],
  "95": [],
  "96": [],
  "97": [],
  "98": [
    [-0.8818081338209667,-0.3254983216685935],
    [0.8720182819167654,-0.3481076626551606]
  ],
  "99": [
    [-0.6855038666054931,0.6895114910460145],
    [0.6772291205620405,-0.7181641234422635]
  ],
  "100": []
}
