{
  "1": [],
  "2": [],
  "3": [],
  "4": [
    [0.9238469972648145,-0.8635407752842988]
  ],
  "5": [],
  "6": [],
  "7": [
    [-0.854374823903172,0.760724041412253],
    [0.8572262522367561,0.8553112605236426]
  ],
  "8": [
    [-0.9104782310240298,-0.420447987711444]
  ],
  "9": [
    [-0.9569620408774969,0.8374746619104143]
  ],
  "10": [],
  "11": [],
  "12": [],
  "13": [],
  "14": [],
  "15": [],
  "16": [],
  "17": [],
  "18": [
    [-0.9126872369752024,-0.855792864788823],
    [0.8889879649364238,-0.9052654457827469]
  ],
  "19": [
    [-0.6455920682089316,-0.9170958478822185],
    [0.6351177750325521,-0.9178970679346002]
  ],
  "20": [
    [-0.872393728886236,-0.9839299331116554]
  ],
  "21": [],
  "22": [],
  "23": [],
  "24": [
    [-0.9087604859129264,0.9337340499546626],
    [-0.7518122731716078,0.901465876338761]
  ],
  "25": [],
  "26": [],
  "27": [],
  "28": [],
  "29": [
    [-0.33658135417327534,-0.3367464497126985]
  ],
  "30": [],
  "31": [],
  "32": [
    [0.10414679669414535,-0.3189751795927152]
  ],
  "33": [
    [-0.6303417420709828,-0.9975266726783473]
  ],
  "34": [
    [0.9985952862277049,-0.9986803241854298]
  ],
  "35": [],
  "36": [],
  "37": [],
  "38": [],
  "39": [],
  "40": [],
  "41": [],
  "42": [],
  "43": [],
  "44": [],
  "45": [],
  "46": [],
  "47": [
    [-0.9976845819552186,0.7327006722396292]
  ],
  "48": [],
  "49": [],
  "50": [],
  "51": [],
  "52": [],
  "53": [
    [-0.6216391859560758,-0.5393060165104554]
  ],
  "54": [],
  "55": [
    [-0.9366805412754334,0.8201483496136169],
    [-0.38109511027365456,0.6918231629738693],
    [0.9694485216696894,0.802770133296222],
    [0.3811063412677647,0.691823091963206]
  ],
  "56": [],
  "57": [],
  "58": [],
  "59": [
    [0.8736604005611456,-0.7316602282993389]
  ],
  "60": [],
  "61": [],
  "62": [],
  "63": [
    [-0.7265137951204131,0.9830176633928064],
    [0.7747183739174269,-0.9770212610343023]
  ],
  "64": [],
  "65": [
    [-0.6212270806276496,0.945521515705168]
  ],
  "66": [],
  "67": [
    [-0.12602188094601885,0.7366994850498657]
  ],
  "68": [],
  "69": [],
  "70": [
    [0.9807390939769036,-0.9573308496731899]
  ],
  "71": [
    [-0.743494736901388,-0.767098459851841],
    [0.8004685561469926,0.7256181265807464]
  ],
  "72": [],
  "73": [
    [-0.934524928377753,-0.9635777626270547]
  ],
  "74": [
    [-0.5227589615389805,0.9852040043079586]
  ],
  "75": [],
  "76": [],
  "77": [],
  "78": [],
  "79": [],
  "80": [
    [-0.8525820118765578,-0.4347659879623637]
  ],
  "81": [],
  "82": [],
  "83": [],
  "84": [
    [-0.7986585496470084,-0.8397331591331051],
    [0.6948646359074061,-0.9506514102836136]
  ],
  "85": [
    [-0.9039174675123748,0.8710860364986329]
  ],
  "86": [
    [-0.9520476167245459,-0.9796524137436962],
    [-0.44923988986366387,0.6009962549031551],
    [0.4492398898636637,-0.6009962549031548],
    [0.9520476167245459,0.9796524137436962]
  ],
  "87": [],
  "88": [
    [-0.9664688516993535,-0.7808286131808844]
  ],
  "89": [
    [0.9172411471500223,0.579468789181965]
  ],
  "90": [
    [-0.882084769852944,-0.8195009538736527],
    [0.9791530029226748,-0.8441103874461662],
    [0.9035133463345789,-0.8673212963903492],
    [0.7515367074325935,0.945030371852335]
  ],
  "91": [
    [-0.7624683508649097,-0.6858194673035989],
    [-0.7627663793080892,0.675824538479578]
  ],
  "92": [],
  "93": [],
  "94": [],
  "95": [],
  "96": [],
  "97": [
    [-0.7012916618871654,-0.8370690798808179],
    [0.6930752861592426,-0.8397719851727361]
  ],
  "98": [],
  "99": [],
  "100": [
    [0.9717998155295478,-0.9603017988511007]
  ]
}
