{
  "1": [
    [-0.9426548386885599,-0.967029711620424]
  ],
  "2": [],
  "3": [],
  "4": [
    [-0.85180314309934,0.9554783938266331]
  ],
  "5": [],
  "6": [],
  "7": [],
  "8": [
    [-0.8653326887742305,0.5818148109856135]
  ],
  "9": [],
  "10": [],
  "11": [
    [-0.9736934076165665,0.9384021340547614],
    [0.1453582618236059,-0.42332226055879363],
    [0.14535826184874287,0.4233222605587938]
  ],
  "12": [
    [0.7781244466884747,0.6887806223801676]
  ],
  "13": [],
  "14": [
    [-0.9634422434056422,0.9463957055289901]
  ],
  "15": [],
  "16": [],
  "17": [],
  "18": [],
  "19": [
    [-0.9846125709911575,-0.6857596408544299],
    [-0.6571070422188487,-0.8938584994572742],
    [0.9939630941910876,0.9997072750924633]
  ],
  "20": [],
  "21": [],
  "22": [],
  "23": [
    [-0.9241350631746457,0.7313962349808883],
    [0.9241350631746458,0.7313962349808882]
  ],
  "24": [],
  "25": [],
  "26": [],
  "27": [
    [0.5668414401344057,0.8500234498464098]
  ],
  "28": [],
  "29": [],
  "30": [],
  "31": [],
  "32": [
    [0.01640871191731454,-0.3950228247218733]
  ],
  "33": [],
  "34": [],
  "35": [],
  "36": [],
  "37": [],
  "38": [],
  "39": [],
  "40": [],
  "41": [],
  "42": [
    [-0.6129002707505395,-0.7916006412338492],
    [0.4646018615647728,-0.878825462759408]
  ],
  "43": [],
  "44": [],
  "45": [],
  "46": [],
  "47": [],
  "48": [
    [0.9736241113237591,-0.8778725537771244]
  ],
  "49": [
    [0.6309167375704855,-0.5421979864382389]
  ],
  "50": [],
  "51": [],
  "52": [],
  "53": [],
  "54": [],
  "55": [],
  "56": [],
  "57": [],
  "58": [],
  "59": [],
  "60": [
    [0.8633353184492196,-0.3467297276453247]
  ],
  "61": [
    [-0.7151957974713058,-0.8500271451445461],
    [0.6987985904837241,-0.8640892881213496]
  ],
  "62": [
    [-0.5096154073229281,0.9798616733952683],
    [0.9730036010139413,0.9967339296108882]
  ],
  "63": [
    [0.9628304318255202,0.564555202859418]
  ],
  "64": [],
  "65": [],
  "66": [],
  "67": [
    [-0.16805875554602065,-0.7577050376375485],
    [0.1683110147769079,0.7575848731971887],
    [0.9694326937228572,0.8689157218326323]
  ],
  "68": [],
  "69": [
    [-0.9831335751472936,0.9430218243552237]
  ],
  "70": [],
  "71": [],
  "72": [],
  "73": [
    [-0.9843407016088942,-0.9334462653407485]
  ],
  "74": [
    [0.7714873354768058,0.545696001501112]
  ],
  "75": [],
  "76": [],
  "77": [],
  "78": [],
  "79": [],
  "80": [],
  "81": [],
  "82": [],
  "83": [],
  "84": [],
  "85": [
    [-0.8242416674075335,0.9491154654247768]
  ],
  "86": [
    [-0.006547349207300768,0.4837854966029541]
  ],
  "87": [
    [-0.7405204404329596,-0.3612089304026133],
    [0.7405207700240591,0.3612125908429513]
  ],
  "88": [],
  "89": [],
  "90": [
    [-0.866300942063095,-0.3465262726963551]
  ],
  "91": [
    [-0.9437147837474702,-0.8356800827845772]
  ],
  "92": [],
  "93": [
    [-0.9270101076101659,-0.9119578006486669],
    [-0.7434002433702613,-0.7478675951510403]
  ],
  "94": [
    [-0.9131686824096854,-0.9847136558901458]
  ],
  "95": [],
  "96": [],
  "97": [],
  "98": [],
  "99": [],
  "100": []
}
