{
  "1": [],
  "2": [
    [0.25316143597904334,-0.32180265213075027]
  ],
  "3": [],
  "4": [],
  "5": [],
  "6": [
    [-0.9810449380108084,0.9440356780445233],
    [0.9599026667652081,-0.9431476137537834]
  ],
  "7": [],
  "8": [
    [0.9124089717861621,-0.7040605764914096]
  ],
  "9": [
    [-0.2180648833565947,-0.9169554838274274],
    [-0.21846000250887795,0.9164132185264006],
    [0.2179836025454473,-0.9170694691031548],
    [0.2183778765228991,0.9165280871904322]
  ],
  "10": [],
  "11": [],
  "12": [],
  "13": [],
  "14": [],
  "15": [],
  "16": [
    [-0.8085787923337189,-0.6263276352430343],
    [-0.8084984946698467,0.6265103080873073],
    [0.8018866969522098,-0.6286741506555449],
    [0.801806007173532,0.6288477031598287]
  ],
  "17": [
    [-0.8793815977367114,0.92485917362406],
    [0.8673306350649611,0.9322176359704161]
  ],
  "18": [],
  "19": [
    [-0.18649486954772235,0.5111229167651276],
    [0.18649487495606634,-0.5111229187521839]
  ],
  "20": [],
  "21": [],
  "22": [],
  "23": [],
  "24": [
    [0.8306009289498254,-0.9707988179191219]
  ],
  "25": [],
  "26": [],
  "27": [],
  "28": [
    [0.5965276950197719,0.5949621978863416]
  ],
  "29": [
    [-0.7402752467237724,-0.8717301369391122]
  ],
  "30": [
    [-0.8741627384065763,-0.7864730873829258],
    [0.8634765640411367,-0.8162305062658866]
  ],
  "31": [],
  "32": [],
  "33": [
    [-0.7242509702401833,-0.7998573703257758]
  ],
  "34": [],
  "35": [],
  "36": [],
  "37": [],
  "38": [],
  "39": [
    [-0.6171335099724494,0.7967062106559317]
  ],
  "40": [],
  "41": [],
  "42": [],
  "43": [],
  "44": [],
  "45": [],
  "46": [],
  "47": [],
  "48": [],
  "49": [],
  "50": [],
  "51": [],
  "52": [],
  "53": [
    [0.34100292818914546,-0.9051334834236504]
  ],
  "54": [],
  "55": [],
  "56": [],
  "57": [],
  "58": [
    [0.9991874455187523,0.755868564439055]
  ],
  "59": [
    [-0.8766734727384141,-0.788769569299141]
  ],
  "60": [
    [-0.6168750994055787,-0.9403482156575537],
    [-0.6688532182912569,0.8785864233732081]
  ],
  "61": [
    [0.9596424821957005,-0.6982116301323076]
  ],
  "62": [
    [0.8273597983744214,0.8245922551921084]
  ],
  "63": [
    [-0.5422401861841097,0.25072008208132496]
  ],
  "64": [],
  "65": [
    [-0.5665587770418197,-0.8835476518188949]
  ],
  "66": [],
  "67": [
    [-0.8301511979835594,0.621531219829387],
    [0.7255054731713919,-0.787056094857914]
  ],
  "68": [
    [0.817433572720061,-0.9841216664973481]
  ],
  "69": [
    [-0.7263307353857286,-0.9700149877491324],
    [-0.5042014434844292,-0.7990608677084806],
    [0.5046347958756912,0.7958801690975758]
  ],
  "70": [],
  "71": [
    [0.022015085347556886,0.11825327309987016]
  ],
  "72": [
    [-0.8797553248679597,-0.9646274819046395]
  ],
  "73": [],
  "74": [],
  "75": [],
  "76": [],
  "77": [],
  "78": [],
  "79": [],
  "80": [],
  "81": [],
  "82": [],
  "83": [],
  "84": [],
  "85": [
    [0.9942194080649243,0.999288298813684]
  ],
  "86": [
    [0.31532820688287366,0.7113684817777465]
  ],
  "87": [],
  "88": [
    [0.694100643466901,-0.7528898568519755]
  ],
  "89": [],
  "90": [],
  "91": [],
  "92": [
    [0.9336547504077165,0.6807136117401966]
  ],
  "93": [],
  "94": [],
  "95": [],
  "96": [],
  "97": [
    [-0.6407348040031408,0.7077224474197528]
  ],
  "98": [],
  "99": [
    [-0.6605695819214044,-0.6257128971369716],
    [-0.5887136027247013,0.7114711090448528]
  ],
  "100": []
}
