{
  "1": [],
  "2": [
    [0.8560744939983074,-0.6378598572916457]
  ],
  "3": [],
  "4": [],
  "5": [],
  "6": [],
  "7": [
    [0.1426615821768745,-0.3835687008821704]
  ],
  "8": [
    [-0.42992863330305836,-0.7448391323018507]
  ],
  "9": [
    [0.7954765617169873,-0.9394131547217575]
  ],
  "10": [],
  "11": [
    [-0.9233586580175908,0.7262469026940839]
  ],
  "12": [],
  "13": [],
  "14": [
    [0.8915549816488096,0.78922765918242]
  ],
  "15": [],
  "16": [],
  "17": [
    [0.3459406052801125,-0.48147362952510997],
    [0.2955407464839249,0.4358504606877315]
  ],
  "18": [],
  "19": [],
  "20": [
    [0.5805138456994015,0.9996532287270243]
  ],
  "21": [],
  "22": [],
  "23": [
    [-0.8981016165044244,-0.20053815333350877]
  ],
  "24": [],
  "25": [],
  "26": [],
  "27": [],
  "28": [
    [-0.9877003084655803,0.12028353824029757]
  ],
  "29": [],
  "30": [
    [-0.5254390304051416,0.22677739906413652],
    [0.5271115920083638,-0.22669890904866827]
  ],
  "31": [],
  "32": [
    [0.48122049901969716,0.4634330877970541]
  ],
  "33": [
    [-0.8016938902303187,-0.9085976669424253]
  ],
  "34": [
    [0.23897542988467016,0.8724207325444909]
  ],
  "35": [],
  "36": [],
  "37": [],
  "38": [],
  "39": [],
  "40": [],
  "41": [
    [-0.39366268781814384,-0.9225822684156607],
    [0.5771837101480606,-0.6116776934010945],
    [0.6866922609151331,-0.4146411465183649]
  ],
  "42": [
    [0.8642425802315601,-0.45366313268532016]
  ],
  "43": [],
  "44": [],
  "45": [
    [-0.9541117708954309,-0.35198850374672264],
    [-0.9970169015654803,0.6303416391115506]
  ],
  "46": [],
  "47": [],
  "48": [
    [0.3886236882353562,-0.8923868511743148]
  ],
  "49": [],
  "50": [
    [0.04326225710017307,-0.24762358423464434]
  ],
  "51": [
    [0.8607038863445864,0.2707641861392]
  ],
  "52": [
    [0.9081276052883053,0.4477889189403388]
  ],
  "53": [],
  "54": [],
  "55": [
    [0.34915270998406944,-0.3696765863846863],
    [0.4740133873654009,0.49285617814763516]
  ],
  "56": [],
  "57": [],
  "58": [
    [0.09069231992936513,0.19543783031981396],
    [-0.09069229556171911,0.19543780665853575]
  ],
  "59": [
    [0.5776394186221239,0.7350392922708551]
  ],
  "60": [
    [-0.08286873066479189,-0.14735575514438448],
    [0.08285532786320367,-0.14735575514475593]
  ],
  "61": [
    [0.9796039351837436,0.8724226222900902]
  ],
  "62": [
    [0.21725778256867798,0.6509027684617952]
  ],
  "63": [],
  "64": [],
  "65": [],
  "66": [],
  "67": [],
  "68": [
    [-0.42629738871251366,-0.8144535935946654]
  ],
  "69": [],
  "70": [],
  "71": [],
  "72": [
    [-0.9296262086826835,0.07151493806742253],
    [0.9400739162610398,-0.9213513646946927],
    [0.8731351227680885,0.9605819977061332]
  ],
  "73": [
    [0.8859006244480626,0.7287020185172711]
  ],
  "74": [
    [0.5678849771683219,-0.872619317929141]
  ],
  "75": [],
  "76": [
    [0.37401590748094143,0.9826472475920692]
  ],
  "77": [],
  "78": [],
  "79": [
    [-0.24437966869129243,-0.5514132461387633],
    [0.24479119973340777,-0.5502080826817455]
  ],
  "80": [],
  "81": [],
  "82": [
    [-0.8701260182504224,0.505657460859269]
  ],
  "83": [],
  "84": [
    [-0.735106237645009,-0.3028732232658129],
    [0.7419536976837817,0.28802692355191284]
  ],
  "85": [],
  "86": [
    [0.8733447555590075,0.8246548529634773]
  ],
  "87": [
    [0.9574559395437553,0.6597013491896749]
  ],
  "88": [],
  "89": [
    [0.5367117422973136,-0.42321051912850793]
  ],
  "90": [],
  "91": [
    [0.8667735336342354,0.5268396996573065]
  ],
  "92": [],
  "93": [
    [-0.5656424859989926,-0.22325037770640088],
    [0.5579094490597509,0.2334339533935076]
  ],
  "94": [],
  "95": [],
  "96": [],
  "97": [
    [0.8383286302364535,0.6930932827389819],
    [0.36359310170987513,0.5543388146327333]
  ],
  "98": [],
  "99": [
    [-0.3142746778342061,-0.36218742819179467],
    [-0.46186541495395644,0.29888024799547397]
  ],
  "100": [
    [-0.7612936659373067,-0.20285023451381992],
    [0.4922201825563591,-0.4766967029837396]
  ]
}
