{
  "1": [],
  "2": [],
  "3": [
    [0.03143026312730026,-0.07886282901823688]
  ],
  "4": [
    [0.09824792678441896,0.06378347912906726]
  ],
  "5": [
    [-0.6779747114868894,-0.7990597045568187],
    [0.39537768838064585,-0.03970052396104644]
  ],
  "6": [
    [-0.22325776694339936,-0.03774655917107078],
    [0.5093339029037712,0.4605666880130474]
  ],
  "7": [
    [0.15867866809686296,-0.04787689451408424]
  ],
  "8": [
    [-0.9422244052674658,0.05803407225684727],
    [0.9974304748280569,0.04329487723290822]
  ],
  "9": [
    [0.0932304741176369,-0.1336831992570979]
  ],
  "10": [
    [0.09919431392158842,-0.1628530061495961]
  ],
  "11": [
    [0.3892757481224693,-0.025222971948156675]
  ],
  "12": [],
  "13": [
    [0.16195334924540097,0.11481809380183054]
  ],
  "14": [],
  "15": [],
  "16": [
    [-0.05365461355068275,0.19087825368609254],
    [0.1031878240093425,0.07247685828173742]
  ],
  "17": [
    [0.010487622559346543,-0.18972861425319862],
    [0.009668466531187903,0.19302999096500284]
  ],
  "18": [],
  "19": [],
  "20": [
    [0.00472259607603749,0.020128299799431572],
    [0.7569436016531272,-0.35397826761818935]
  ],
  "21": [
    [-0.013466979507607172,-0.0688796188881847]
  ],
  "22": [
    [-0.0971841252308707,0.08458783178705295]
  ],
  "23": [],
  "24": [
    [0.15104457504395824,-0.09075116571222736]
  ],
  "25": [
    [-0.29993462054841175,-0.1432844423481076],
    [-0.5715074084459865,-0.6108966669765001]
  ],
  "26": [
    [0.07359080362379616,-0.2740925944618871]
  ],
  "27": [
    [0.03997312321188905,0.006079375223438561]
  ],
  "28": [
    [0.19217836953264367,-0.04483158202143022]
  ],
  "29": [
    [-0.2209292955408866,-0.17358953536632493],
    [-0.25360403301965095,0.8819156217295043],
    [0.13078298560079754,0.29500164795308215]
  ],
  "30": [
    [-0.055167964974507225,0.12439664175868831]
  ],
  "31": [],
  "32": [
    [-0.28763082574864024,-0.0012169108683662206],
    [0.8325898841726054,-0.3960682519763306],
    [0.6194250950912832,-0.3455940938736959]
  ],
  "33": [
    [0.2836442123339539,-0.1910706699189263],
    [0.2524405373018489,0.1348396877706419]
  ],
  "34": [
    [0.13594488853492334,-0.27239837260230104]
  ],
  "35": [
    [0.09925016921114599,0.0935820147427561]
  ],
  "36": [],
  "37": [
    [-0.032950918892537186,0.0678721084574672],
    [0.21921252554394183,-0.38530577414513517]
  ],
  "38": [],
  "39": [],
  "40": [],
  "41": [
    [0.0029024910680830597,0.08798878044876286]
  ],
  "42": [],
  "43": [
    [0.023291401766760814,0.05725951676813289]
  ],
  "44": [
    [-0.1382651928762404,0.24622472705715037],
    [-0.434494159520625,-0.4035056094041528]
  ],
  "45": [],
  "46": [
    [0.1589514050563381,0.06374280947743537],
    [0.6199557957998222,0.6088657755010846]
  ],
  "47": [
    [-0.01295722624148808,-0.08464118059725773],
    [0.47578424353942156,0.6960404297416323]
  ],
  "48": [],
  "49": [
    [0.5168915313241731,0.2538737878271856],
    [-0.4054527476499295,-0.08608533280110123]
  ],
  "50": [],
  "51": [],
  "52": [
    [-0.055853016629065146,-0.03565122002887361]
  ],
  "53": [
    [-0.05808197168840692,-0.06023591601874279]
  ],
  "54": [
    [-0.33610377561072197,-0.8068860476729199],
    [-0.014833445275146642,-0.12075327547970671]
  ],
  "55": [
    [0.07618939445393925,-0.1579610426500702],
    [0.12757998469240542,-0.1709416329794913]
  ],
  "56": [
    [0.3178196032780122,0.30436890385633153]
  ],
  "57": [
    [0.021708510055461917,-0.06843579069255352]
  ],
  "58": [
    [0.10768143557867683,-0.15058603725191522]
  ],
  "59": [
    [-0.15467483018457862,0.035449045489678435]
  ],
  "60": [],
  "61": [
    [-0.3457691182079376,-0.10645846538720276],
    [0.24545154547976938,0.10949389641049703]
  ],
  "62": [
    [0.0721509531939824,0.2920231262598884]
  ],
  "63": [
    [-0.1339638421110077,-0.34116980090783466],
    [0.003338801949633196,0.0638067873958927]
  ],
  "64": [
    [-0.11892051056869513,-0.011175631932876432]
  ],
  "65": [
    [-0.7113864258010711,0.1722052911583622],
    [-0.017630118460800103,-0.13159130853265388],
    [0.5205231122582726,0.0308758882745445]
  ],
  "66": [],
  "67": [],
  "68": [
    [0.1894494833926779,-0.08111258560944462]
  ],
  "69": [
    [-0.0392474408535144,-0.14288221863612313]
  ],
  "70": [
    [0.15578766757470075,-0.2314945945752787]
  ],
  "71": [
    [0.18431286932312754,0.07262532270089982]
  ],
  "72": [],
  "73": [
    [-0.6588024429065754,-0.967390954463248],
    [-0.017076095829180175,-0.10367565074261668]
  ],
  "74": [
    [0.5167288473998582,-0.42049653949193033],
    [0.15751708702519696,0.3808050207197003]
  ],
  "75": [
    [0.04281030730422541,0.27413114161665625]
  ],
  "76": [
    [0.05516872909724233,-0.0497084557929098],
    [0.05252018706404673,0.06839463144005861],
    [0.32368725114837305,-0.13347861212310225],
    [0.38465907935582655,0.29540969980322546]
  ],
  "77": [
    [-0.18642975610057594,-0.5412707921418708],
    [-0.029051656384335302,0.42181138182643535]
  ],
  "78": [
    [0.40793574050066334,0.3191139046818368]
  ],
  "79": [
    [-0.1410116999809511,-0.1414356095233521]
  ],
  "80": [
    [0.2850476927557208,0.108171364011753],
    [0.4968325086845097,0.13444065990537918],
    [0.8674242785460957,0.27329024844193284]
  ],
  "81": [
    [0.9869100117564017,-0.3545829797472247],
    [-0.21045123995813633,0.006991965351468815]
  ],
  "82": [
    [0.3108214591699452,0.07274029317427502]
  ],
  "83": [],
  "84": [
    [0.553326167489398,-0.9627898035879053]
  ],
  "85": [
    [-0.8271831225015069,-0.22141431187737423],
    [0.2923445700643389,0.13722593731010005]
  ],
  "86": [
    [-0.23630855783354807,-0.8382129772755792],
    [0.002882649184914794,-0.025240795338749126]
  ],
  "87": [],
  "88": [
    [-0.5223089821470785,0.755735120828445],
    [0.027960942289836106,0.027026031119725305]
  ],
  "89": [],
  "90": [
    [-0.09404325187896143,-0.20989249741715907]
  ],
  "91": [
    [-0.038782356919047675,-0.02496676746714213]
  ],
  "92": [
    [-0.21052953105030106,-0.05860111093550317],
    [0.21052953105030092,0.05860111093550322]
  ],
  "93": [
    [-0.021500258145538048,0.08601548659671297]
  ],
  "94": [
    [-0.06559374825339866,0.018549663337960716],
    [0.07497244780933685,0.5624765658938555]
  ],
  "95": [
    [0.015145410818092852,-0.10929699829856047]
  ],
  "96": [],
  "97": [
    [0.08488108175538037,0.1491162524741387]
  ],
  "98": [
    [-0.3030906511731186,-0.6003612121799916],
    [-0.26439454849940924,0.20259261063359402],
    [0.3282597464232255,-0.40506858248459754],
    [0.23721641968601287,0.27658674283419676]
  ],
  "99": [
    [0.049168611589043676,-0.01625924362327027]
  ],
  "100": [
    [0.05877979507304103,0.08758213313972736]
  ]
}
