{
  "1": [],
  "2": [
    [-0.9443395415347181,0.028404106510109817]
  ],
  "3": [],
  "4": [],
  "5": [
    [0.8119210459285948,-0.9285620765892617]
  ],
  "6": [
    [0.7841923311636156,0.7986644022101533]
  ],
  "7": [],
  "8": [],
  "9": [],
  "10": [],
  "11": [
    [-0.9378570171054783,0.7717123635603054],
    [0.9713924834900323,-0.7281510521775769]
  ],
  "12": [],
  "13": [],
  "14": [],
  "15": [
    [-0.19564777308496678,0.6868879179244649]
  ],
  "16": [
    [-0.8423893103587794,-0.9052172671948706]
  ],
  "17": [],
  "18": [],
  "19": [
    [-0.6126009684989755,0.9559310540710445]
  ],
  "20": [],
  "21": [],
  "22": [],
  "23": [],
  "24": [],
  "25": [],
  "26": [
    [-0.4236443042085659,0.18049555000130932],
    [0.4236443042085659,-0.18049555000130926]
  ],
  "27": [],
  "28": [],
  "29": [],
  "30": [],
  "31": [
    [0.44818683040290636,-0.8342396253244386]
  ],
  "32": [
    [0.8921009311424972,0.6949699249554039]
  ],
  "33": [],
  "34": [],
  "35": [],
  "36": [],
  "37": [
    [0.9400719765662959,0.9962373984873877]
  ],
  "38": [],
  "39": [],
  "40": [
    [0.568340559476754,0.9189991674271248]
  ],
  "41": [],
  "42": [
    [0.6085267259071341,0.7483166203139284]
  ],
  "43": [],
  "44": [],
  "45": [],
  "46": [
    [-0.7844121924782577,-0.6475556106931176],
    [-0.7254143540606965,0.7798249033153328]
  ],
  "47": [
    [-0.7584336106987543,-0.9890595836833448],
    [0.758433610698754,0.989059583683345]
  ],
  "48": [],
  "49": [
    [0.8075280964190503,-0.9601544863518187]
  ],
  "50": [],
  "51": [],
  "52": [
    [-0.7969314141453433,-0.9021660984359344]
  ],
  "53": [],
  "54": [],
  "55": [
    [0.9845641214681077,0.889306269241022]
  ],
  "56": [],
  "57": [],
  "58": [],
  "59": [],
  "60": [],
  "61": [
    [-0.9828698734647577,0.282796521965032],
    [0.9829193698248857,-0.28279176314461973]
  ],
  "62": [],
  "63": [],
  "64": [],
  "65": [],
  "66": [],
  "67": [],
  "68": [
    [-0.9544211712533949,0.46911005446519094],
    [-0.7588278663577211,0.5450152887934444],
    [0.744963899050818,0.549658868883359]
  ],
  "69": [],
  "70": [],
  "71": [
    [-0.8917207674337474,0.9440349439051706]
  ],
  "72": [],
  "73": [
    [-0.8707365792668745,-0.51035584470821],
    [0.8707365792668746,-0.5103558447082097]
  ],
  "74": [],
  "75": [],
  "76": [],
  "77": [],
  "78": [],
  "79": [],
  "80": [],
  "81": [
    [-0.9241735620202254,0.9467493175278459]
  ],
  "82": [
    [-0.9559867568756735,-0.9901663769700414]
  ],
  "83": [],
  "84": [
    [0.9788818175808344,-0.040471230558224894]
  ],
  "85": [],
  "86": [],
  "87": [],
  "88": [],
  "89": [],
  "90": [
    [0.8107621096213066,-0.5299592867660851]
  ],
  "91": [],
  "92": [
    [0.9586834651113375,-0.5013983593913959]
  ],
  "93": [],
  "94": [
    [0.9386176467293084,-0.8156036465029731]
  ],
  "95": [],
  "96": [
    [0.6430291067407963,-0.8716242893161089],
    [0.8256663957922324,0.5284601149050443]
  ],
  "97": [],
  "98": [
    [-0.9385641477291619,0.848675451666878],
    [-0.9216543797195856,0.5936024191154305]
  ],
  "99": [
    [-0.8636697589560812,0.872347172208543],
    [0.8636697589560812,-0.872347172208543]
  ],
  "100": [
    [0.4345961495163541,0.23635913387984878]
  ]
}
