{
  "1": [],
  "2": [],
  "3": [
    [-0.8392131371982893,-0.8865886857827487],
    [0.8392131371982888,0.886588685782749]
  ],
  "4": [],
  "5": [],
  "6": [],
  "7": [],
  "8": [],
  "9": [],
  "10": [],
  "11": [],
  "12": [
    [-0.9113267555090862,-0.811092109519033],
    [-0.9113267555090868,0.8110921095190325]
  ],
  "13": [
    [0.8934443856792685,0.9337230314030587]
  ],
  "14": [
    [0.7365520446454229,0.5454714551949528]
  ],
  "15": [],
  "16": [],
  "17": [],
  "18": [],
  "19": [],
  "20": [],
  "21": [
    [0.8308512589905719,-0.9106204467849541]
  ],
  "22": [],
  "23": [
    [-0.8884626280743027,-0.3560759472800226],
    [-0.8884410835259307,0.3560889012803869],
    [0.8884614376251316,-0.35605627581255594],
    [0.8884829702066576,0.3560433339484546]
  ],
  "24": [],
  "25": [],
  "26": [],
  "27": [],
  "28": [
    [0.9669570661557254,-0.8040538402632085]
  ],
  "29": [],
  "30": [],
  "31": [],
  "32": [],
  "33": [],
  "34": [],
  "35": [],
  "36": [],
  "37": [],
  "38": [],
  "39": [
    [-0.7684793273835663,-0.5677803301263803]
  ],
  "40": [],
  "41": [
    [0.8482909674048553,-0.9769493356943595]
  ],
  "42": [
    [-0.9591117070797894,0.9991042840359659]
  ],
  "43": [],
  "44": [],
  "45": [
    [-0.9447288030117387,0.8909644456381486],
    [0.8777154572271019,-0.8737396041770937]
  ],
  "46": [],
  "47": [
    [0.9463820909650493,-0.8218860548646355],
    [0.9948729995737284,0.8219775336057233]
  ],
  "48": [],
  "49": [],
  "50": [
    [0.8608537970246993,-0.8809444509907706]
  ],
  "51": [
    [-0.9652627794741012,-0.940861545385265]
  ],
  "52": [],
  "53": [
    [-0.8427897755803198,-0.7051628133670107],
    [0.8509728659846512,-0.6841395713005011]
  ],
  "54": [],
  "55": [],
  "56": [],
  "57": [
    [0.9925762378808185,0.7861634564345744]
  ],
  "58": [],
  "59": [
    [0.39225188968464825,-0.47915614718679406]
  ],
  "60": [],
  "61": [],
  "62": [],
  "63": [
    [-0.8192867069823739,-0.9830526261442843],
    [0.8192867069823735,0.9830526261442847]
  ],
  "64": [],
  "65": [
    [-0.97492195587565,0.8332790376073003]
  ],
  "66": [
    [-0.9731033325067242,0.9537207764211705],
    [0.8299937370512215,0.9247147585884852],
    [0.640434461760757,0.7617821872612781]
  ],
  "67": [
    [0.9205405246260606,-0.8608375277789148]
  ],
  "68": [
    [-0.8706999620390846,0.8763470027225129]
  ],
  "69": [],
  "70": [],
  "71": [],
  "72": [
    [-0.9256123048234732,0.9799916486020406]
  ],
  "73": [],
  "74": [
    [0.8021137645507679,-0.633515230725479]
  ],
  "75": [],
  "76": [],
  "77": [],
  "78": [
    [0.8597586667884293,0.9935145832719515]
  ],
  "79": [],
  "80": [
    [-0.47790217671127555,-0.3067082085866576]
  ],
  "81": [],
  "82": [],
  "83": [],
  "84": [
    [0.7074791017819136,-0.5444112551696582]
  ],
  "85": [],
  "86": [],
  "87": [],
  "88": [
    [-0.828666793573937,-0.8909319015888132]
  ],
  "89": [],
  "90": [],
  "91": [],
  "92": [
    [0.9466734672723455,-0.978049198103477]
  ],
  "93": [],
  "94": [],
  "95": [],
  "96": [],
  "97": [],
  "98": [],
  "99": [
    [0.9682829242686206,-0.45058933771721554],
    [0.968711318234876,0.45043997508635614]
  ],
  "100": []
}
