{
  "1": [],
  "2": [
    [-0.885948636957716, 0.6083583441725803, -0.6154256405324007, -0.4739052962588572, -0.07778658887337125, -0.04567121203879692, -0.7620397067471667, -0.3941003728753836]
  ],
  "3": [
    [0.5440555092840739, -0.00842990264716704, 0.3400720252007995, 0.6633347660426709, -0.1549944667814095, 0.3626058757056674, -0.847854953107396, -0.97595251293746]
  ],
  "4": [
    [-0.02875985005749254, -0.148420404832836, 0.6793863954788767, -0.0819758111256336, 0.02657041904180566, -0.6301069756507753, 0.7822022892141263, 0.3809846769880735]
  ],
  "5": [],
  "6": [],
  "7": [],
  "8": [],
  "9": [],
  "10": [],
  "11": [],
  "12": [],
  "13": [],
  "14": [],
  "15": [],
  "16": [],
  "17": [],
  "18": [
    [-0.2114755853391333, 0.06565722958935227, 0.888857951281508, -0.1306007139499528, -0.1967495432070172, -0.2965473069609438, -0.6208377558927982, -0.4979501881468063],
    [-0.1922343272434739, 0.04756564622731108, 0.9972276348139, -0.0841587949827988, -0.1452450718132683, -0.3220875609764166, 0.6772666189793894, -0.3774984518926603]
  ],
  "19": [],
  "20": [
    [-0.7089171384531753, 0.238566392258763, -0.697896905171984, 0.06965954072780844, -0.5517874544752828, -0.5700859419817672, 0.7637731139323471, 0.843316023754064]
  ],
  "21": [],
  "22": [],
  "23": [],
  "24": [],
  "25": [
    [-0.3936007943114507, 0.6196609050153761, 0.7987991449535821, 0.07781919794903931, 0.4130127671519358, -0.7605594343686581, 0.4399531663509158, 0.356402976024733],
    [0.3173064975531802, -0.0929853817183195, 0.862207526260702, 0.05621063141771727, -0.6849376244801367, -0.443240712453613, 0.1660315211733024, -0.07477831826309225],
    [0.3561909210157375, -0.1800346706952062, 0.6186083949162482, 0.0803097444664951, -0.4203447345730616, -0.6301178969765764, 0.5705087417899982, -0.1715797186803872]
  ],
  "26": [],
  "27": [],
  "28": [],
  "29": [],
  "30": [],
  "31": [],
  "32": [],
  "33": [],
  "34": [],
  "35": [],
  "36": [],
  "37": [],
  "38": [],
  "39": [],
  "40": [],
  "41": [],
  "42": [
    [0.05240738425604462, -0.2572068362276274, -0.1212506194709487, 0.4397036388619265, 0.3941215747963701, -0.3998330008642648, 0.3912590724696037, -0.0201880779845335]
  ],
  "43": [
    [-0.5650082873703689, 0.122783242006033, -0.974633894112833, 0.1286463176467889, -0.03760870109497958, -0.993765840856903, -0.616679376026021, 0.986162386825964],
    [-0.5398341053458804, -0.1464346676828899, -0.920947776171802, -0.100849279623411, 0.04702114692605027, 0.96173121315616, 0.572401617907124, 0.816521121837884]
  ],
  "44": [],
  "45": [
    [0.600834182039581, -0.877210109805578, 0.2224585693699793, -0.4901348362757073, 0.3823521442498624, -0.1803184105371446, 0.04148759678835348, -0.5311175147488255]
  ],
  "46": [
    [-0.06246834487211263, -0.3347746918196942, 0.6380322251850711, 0.03211800295440615, -0.5611650981169856, 0.1582652797410813, 0.04300434398046205, 0.02805552068865462],
    [-0.04566685707804641, -0.99953657977585, 0.5854749539382288, 0.693138040427851, 0.6168010919454058, 0.5189576371350917, 0.0844632174593549, 0.5556683081435243],
    [-0.02708054053559026, -0.5077545326282136, -0.577172181321652, -0.0193243323232854, 0.7194732519516386, 0.2512222404901631, -0.02539842856543164, 0.02190629646484984],
    [0.02470056947046565, 0.4550813433907709, -0.5773719651269166, -0.04550261468174709, 0.7410652519365019, -0.2986107836416441, -0.03851717300592172, 0.0339688174438674],
    [0.04524936290958555, 0.4252151620541567, 0.637099574670177, 0.01838778817651983, -0.6050572135772759, -0.1498268346156126, 0.03254480758648369, 0.02301104136808559],
    [0.5482500773459456, 0.04413515388954139, 0.629717194687359, 0.0977608996928421, -0.978160686775001, 0.4693703278511906, 0.06558578083703893, 0.03605811639797686],
    [0.824143465235653, 0.002836850616144757, -0.6455885839418681, -0.1231079656069161, -0.1110207857743694, -0.706157065427167, -0.05153707843794608, 0.1630754289532617]
  ],
  "47": [
    [-0.807076303881693, -0.7902716810582456, -0.01637827060364099, -0.6330127104600693, 0.3026030152784698, -0.4161622997617297, 0.3774213416645074, 0.6016213531842424]
  ],
  "48": [],
  "49": [],
  "50": [],
  "51": [],
  "52": [],
  "53": [
    [0.04316148543746108, 0.947600215189954, -0.7371554844318514, -0.04000316790380597, -0.03809436387152738, 0.0835723819685534, 0.1226927395308681, -0.04127865249906315]
  ],
  "54": [
    [-0.2790167753937633, 0.2862488001042758, 0.6685287577150739, 0.3069085161978578, 0.1915414538533047, 0.1190235013596989, -0.5699733994075907, 0.5137037075302417],
    [-0.1935536737501984, -0.1691569580955313, 0.3358896382936185, 0.0942954754522512, -0.1784911271666356, -0.12781373861518, 0.5038086123540788, -0.4772806047230628],
    [-0.133318016390944, -0.07365451443876896, 0.1828879086806513, -0.01853851286409801, -0.1052845270767754, -0.07344131587907245, 0.2726121821478599, -0.2630529308236389],
    [-0.0953204818761471, -0.03606759122269254, 0.02310278788267365, -0.2790986455013974, -0.07997434885322575, -0.05624586869248558, 0.1833121167697318, -0.1814543584912744]
  ],
  "55": [],
  "56": [],
  "57": [],
  "58": [],
  "59": [],
  "60": [
    [-0.04449562158779327, -0.1427033889682427, 0.860247310534724, 0.07791321851980708, -0.7427760437181106, 0.1213835823891523, 0.5687408648919272, -0.01991749307594453]
  ],
  "61": [],
  "62": [
    [-0.2648053144056943, 0.1212160953278504, -0.7388810039113347, 0.1564363645413608, -0.4414156667627216, -0.2407162766037241, 0.4167574215688795, 0.085047523115127]
  ],
  "63": [],
  "64": [],
  "65": [
    [0.02830812358094913, -0.07909850395839298, -0.1087990758777084, -0.4748197846244663, 0.3609706720542619, 0.2095333664015768, -0.01978858131311315, -0.2350138752230233]
  ],
  "66": [
    [-0.1438625640025592, 0.5394644372784314, 0.03508120745072014, -0.4968729947583412, -0.3538522403068303, -0.03206424454985473, 0.089173757118561, -0.07073622769611827],
    [-0.05512331078568637, -0.913873569100992, 0.01587947016606979, 0.815224937083723, 0.524736287156953, -0.1753571479501274, 0.03848999310322066, 0.03337884726056533]
  ],
  "67": [],
  "68": [],
  "69": [
    [-0.03722462552448454, 0.03701019984593597, 0.1976515974346282, -0.264235260695626, 0.2372233527914401, 0.2948798965444674, 0.2128188689534639, 0.03247395124245178]
  ],
  "70": [
    [0.05332895389741226, 0.792860606507947, 0.816123365776487, 0.6770434940552299, -0.2969184471177318, 0.2598461595268056, 0.03399527966022553, 0.2072677848060248],
    [0.1308951813351412, -0.3191485502563527, 0.2121217389605452, 0.7168975883026598, -0.2765607653538051, 0.3087455429516822, 0.1770453281658031, 0.6069393108936731]
  ],
  "71": [],
  "72": [],
  "73": [
    [-0.1038278374247665, 0.2978122661513063, -0.2544556732797612, 0.4582453990059312, 0.2520409954715701, 0.2246521836808288, -0.1039193513779021, 0.4625858501948017],
    [0.05171292109880521, -0.2482500528134569, -0.2468248496763894, 0.007175063383679562, -0.4829615666018895, 0.05899571588540722, 0.5949855859306857, -0.0704993989344297],
    [0.0529141520485253, -0.4396533752001808, -0.2287515255746523, -0.03250134906416179, -0.5950864990123897, 0.0836489594694852, 0.3627281987987052, 0.132151760853968]
  ],
  "74": [
    [0.840001590942098, -0.4132635537405719, 0.3350122137625508, -0.1647589826177789, -0.94250477889907, -0.01530752618693933, -0.8746789132912, -0.6013813788229805],
    [0.903588051792993, -0.4769356019541269, 0.4321068852658527, -0.3987965994356435, 0.3931974677504926, -0.0447182037491761, -0.2133950370936532, 0.3764983026309487]
  ],
  "75": [],
  "76": [
    [-0.1847186313376226, 0.3512874783524675, -0.5613515062389784, 0.1653809214267394, -0.0952696549996858, -0.4506807492292044, 0.2826851980181922, -0.3621839379810837]
  ],
  "77": [],
  "78": [
    [-0.7720483593943543, 0.7759482644618392, -0.7779021834732832, -0.2026070618437187, 0.0896719252681593, 0.1890686550787446, 0.02783194802463674, 0.268100614602901]
  ],
  "79": [],
  "80": [],