{
  "1": [],
  "2": [
    [-0.8859486369577155,0.6083583441725802,-0.6154256405324007,-0.47390529625885724,-0.07778658887337127,-0.04567121203879682,-0.7620397067471667,-0.3941003728753837]
  ],
  "3": [
    [0.544055509284074,-0.008429902647167106,0.34007202520079954,0.6633347660426709,-0.1549944667814094,0.36260587570566744,-0.8478549531073956,-0.9759525129374597]
  ],
  "4": [
    [-0.028759850057492594,-0.14842040483283575,0.679386395478874,-0.08197581112563346,0.026570419041805626,-0.630106975650773,0.7822022892141263,0.3809846769880745]
  ],
  "5": [],
  "6": [],
  "7": [],
  "8": [],
  "9": [],
  "10": [],
  "11": [],
  "12": [],
  "13": [],
  "14": [],
  "15": [],
  "16": [],
  "17": [],
  "18": [
    [-0.2114755853391333,0.06565722958935225,0.8888579512815079,-0.13060071394995257,-0.1967495432070171,-0.29654730696094384,-0.6208377558927983,-0.49795018814680614],
    [-0.1922343272434739,0.04756564622731108,0.9972276348139003,-0.08415879498279855,-0.1452450718132683,-0.3220875609764166,0.6772666189793896,-0.3774984518926602]
  ],
  "19": [],
  "20": [
    [-0.7089171384531752,0.23856639225876292,-0.6978969051719839,0.06965954072780847,-0.5517874544752827,-0.5700859419817671,0.7637731139323475,0.843316023754064]
  ],
  "21": [],
  "22": [],
  "23": [],
  "24": [],
  "25": [
    [-0.3936007943114507,0.6196609050153759,0.7987991449535822,0.07781919794903933,0.41301276715193547,-0.7605594343686582,0.4399531663509161,0.3564029760247333],
    [0.31730649755318024,-0.09298538171831952,0.8622075262607021,0.05621063141771729,-0.6849376244801365,-0.44324071245361313,0.16603152117330308,-0.07477831826309225],
    [0.35619092101573746,-0.18003467069520623,0.6186083949162482,0.08030974446649514,-0.4203447345730615,-0.6301178969765764,0.5705087417899983,-0.17157971868038724]
  ],
  "26": [],
  "27": [],
  "28": [],
  "29": [],
  "30": [],
  "31": [],
  "32": [],
  "33": [],
  "34": [],
  "35": [],
  "36": [],
  "37": [],
  "38": [],
  "39": [],
  "40": [],
  "41": [],
  "42": [
    [0.05240738425604451,-0.2572068362276272,-0.12125061947094869,0.4397036388619264,0.3941215747963704,-0.399833000864265,0.39125907246960356,-0.020188077984533506]
  ],
  "43": [
    [-0.5398341053458804,-0.1464346676828899,-0.9209477761718021,-0.10084927962341105,0.04702114692605024,0.9617312131561594,0.572401617907124,0.8165211218378841],
    [-0.5650082873703691,0.12278324200603304,-0.9746338941128332,0.1286463176467889,-0.0376087010949796,-0.9937658408569031,-0.6166793760260209,0.986162386825964]
  ],
  "44": [],
  "45": [
    [0.6008341820395813,-0.877210109805578,0.22245856936997951,-0.49013483627570725,0.38235214424986247,-0.1803184105371446,0.04148759678835351,-0.5311175147488255]
  ],
  "46": [
    [-0.02708054053559036,-0.5077545326282131,-0.5771721813216519,-0.019324332323285523,0.7194732519516399,0.25122224049016306,-0.025398428565431497,0.021906296464849873],
    [-0.06246834487211265,-0.3347746918196949,0.6380322251850711,0.032118002954406095,-0.5611650981169857,0.1582652797410815,0.04300434398046204,0.028055520688654547],
    [-0.04566685707804641,-0.9995365797758496,0.5854749539382288,0.6931380404278512,0.6168010919454061,0.5189576371350917,0.08446321745935474,0.5556683081435244],
    [0.024700569470465717,0.4550813433907706,-0.5773719651269166,-0.045502614681747156,0.7410652519365024,-0.298610783641644,-0.03851717300592169,0.03396881744386736],
    [0.8241434652356526,0.0028368506161447907,-0.645588583941868,-0.12310796560691617,-0.11102078577436929,-0.7061570654271672,-0.051537078437946124,0.16307542895326166],
    [0.04524936290958557,0.42521516205415727,0.637099574670177,0.01838778817651975,-0.605057213577276,-0.14982683461561286,0.03254480758648372,0.023011041368085437],
    [0.5482500773459451,0.044135153889541485,0.6297171946873591,0.09776089969284187,-0.9781606867750001,0.4693703278511901,0.06558578083703874,0.03605811639797691]
  ],
  "47": [
    [-0.8070763038816928,-0.7902716810582457,-0.01637827060364098,-0.633012710460069,0.30260301527846967,-0.4161622997617296,0.3774213416645076,0.6016213531842426]
  ],
  "48": [],
  "49": [],
  "50": [],
  "51": [],
  "52": [],
  "53": [
    [0.04316148543746119,0.9476002151899539,-0.7371554844318517,-0.04000316790380604,-0.038094363871528085,0.08357238196855331,0.12269273953086814,-0.04127865249906304]
  ],
  "54": [
    [-0.09532048187614654,-0.03606759122269239,0.02310278788267285,-0.2790986455014032,-0.07997434885322573,-0.05624586869248559,0.18331211676973166,-0.181454358491274],
    [-0.13331801639094465,-0.07365451443876996,0.1828879086806539,-0.018538512864096527,-0.1052845270767761,-0.07344131587907292,0.27261218214786237,-0.2630529308236412],
    [-0.1935536737501979,-0.16915695809553088,0.33588963829361806,0.09429547545225057,-0.1784911271666353,-0.12781373861517972,0.5038086123540778,-0.47728060472306183],
    [-0.2790167753937637,0.286248800104276,0.668528757715074,0.30690851619785825,0.1915414538533049,0.1190235013596991,-0.5699733994075908,0.5137037075302421]
  ],
  "55": [],
  "56": [],
  "57": [],
  "58": [],
  "59": [],
  "60": [
    [-0.044495621587793265,-0.1427033889682428,0.8602473105347243,0.07791321851980718,-0.7427760437181106,0.12138358238915227,0.5687408648919271,-0.019917493075944582]
  ],
  "61": [],
  "62": [
    [-0.2648053144056949,0.12121609532785031,-0.7388810039113348,0.1564363645413652,-0.4414156667627212,-0.24071627660372402,0.4167574215688787,0.08504752311512698]
  ],
  "63": [],
  "64": [],
  "65": [
    [0.028308123580949213,-0.07909850395839296,-0.10879907587770839,-0.4748197846244673,0.36097067205426214,0.20953336640157683,-0.019788581313113073,-0.23501387522302356]
  ],
  "66": [
    [-0.0551233107856867,-0.9138735691009922,0.01587947016606969,0.815224937083721,0.5247362871569538,-0.17535714795012733,0.038489993103220765,0.033378847260565385],
    [-0.14386256400255898,0.5394644372784334,0.03508120745071968,-0.4968729947583396,-0.35385224030683116,-0.032064244549854674,0.08917375711856065,-0.07073622769611833]
  ],
  "67": [],
  "68": [],
  "69": [
    [-0.037224625524484585,0.03701019984593596,0.19765159743462804,-0.26423526069562603,0.23722335279144005,0.2948798965444676,0.2128188689534639,0.03247395124245237]
  ],
  "70": [
    [0.05332895389741219,0.7928606065079516,0.8161233657764873,0.6770434940552299,-0.2969184471177318,0.25984615952680556,0.033995279660225364,0.20726778480602476],
    [0.13089518133514116,-0.3191485502563529,0.21212173896054526,0.7168975883026598,-0.2765607653538051,0.3087455429516821,0.17704532816580312,0.6069393108936734]
  ],
  "71": [],
  "72": [],
  "73": [
    [-0.10382783742476649,0.29781226615130757,-0.25445567327976115,0.45824539900593136,0.25204099547156994,0.2246521836808289,-0.10391935137790169,0.46258585019480164],
    [0.05171292109880521,-0.24825005281345786,-0.2468248496763891,0.007175063383679089,-0.48296156660188994,0.05899571588540757,0.5949855859306833,-0.07049939893442916],
    [0.05291415204852524,-0.43965337520018,-0.22875152557465225,-0.032501349064161876,-0.5950864990123886,0.08364895946948515,0.3627281987987056,0.1321517608539663]
  ],
  "74": [
    [0.8400015909420969,-0.4132635537405718,0.33501221376255075,-0.16475898261777874,-0.9425047788990695,-0.015307526186939306,-0.8746789132912002,-0.6013813788229799],
    [0.9035880517929922,-0.47693560195412676,0.43210688526585245,-0.39879659943564283,0.39319746775049236,-0.04471820374917608,-0.21339503709365382,0.37649830263094936]
  ],
  "75": [],
  "76": [
    [-0.18471863133762237,0.3512874783524675,-0.5613515062389784,0.16538092142673932,-0.09526965499968586,-0.4506807492292043,0.28268519801819214,-0.3621839379810838]
  ],
  "77": [],
  "78": [
    [-0.7720483593943542,0.7759482644618391,-0.7779021834732833,-0.20260706184371868,0.08967192526815927,0.18906865507874449,0.02783194802463669,0.268100614602901]
  ],
  "79": [],
  "80": [],