{
  "1": [
    [-0.0851718106302359, 0.06166949438647958, 0.4777562243073826, -0.6575520607953592, 0.719154178615586, -0.5423220312357564, 0.2944248038502743, 0.07836544212809077],
    [0.0852844428607812, 0.1195737533732237, 0.5631407652260298, -0.5978810412236244, 0.5093663487646057, 0.5239001424841913, -0.5083135366981258, 0.1866046038527851]
  ],
  "2": [],
  "3": [],
  "4": [],
  "5": [],
  "6": [],
  "7": [],
  "8": [],
  "9": [],
  "10": [],
  "11": [
    [-0.980140491146469, -0.3828523108903078, 0.984151155391636, 0.817591710773961, 0.6676021307976131, 0.802128706224177, 0.2242073542266486, 0.89609873306364]
  ],
  "12": [],
  "13": [],
  "14": [
    [-0.960077232358546, 0.3149946368183778, 0.4747300480801384, 0.3532719076611497, -0.0723195828430601, 0.827981447611074, -0.6322798052606268, -0.3978292937739348]
  ],
  "15": [],
  "16": [
    [-0.3077303459559818, 0.6503728841495962, -0.5072489892924469, -0.843760381690811, -0.2464492397303748, 0.6901390369302367, -0.1715550953951035, 0.00929303383025432]
  ],
  "17": [],
  "18": [
    [0.0054239720324442, -0.3705871550224404, 0.5798370755467986, 0.01781209367399445, -0.0973618592657528, -0.2565903958092689, 0.3234890271346559, -0.882616103487568],
    [-0.2813571383929682, -0.4218562304986194, 0.832833217124305, 0.06015888884219759, -0.1185313022293065, -0.4301121984071794, 0.1414834000183377, -0.4088354167027124]
  ],
  "19": [],
  "20": [
    [0.3301437126615792, 0.4396054036338381, 0.3132867022733723, -0.2376265779586566, 0.5379185905513361, 0.3269628168372923, 0.1015127449021626, -0.987280149580849]
  ],
  "21": [],
  "22": [],
  "23": [],
  "24": [],
  "25": [],
  "26": [],
  "27": [],
  "28": [],
  "29": [
    [0.4964178366786825, 3.916180965601e-05, -0.282416878509732, 0.7854615404125063, 0.1401476877061116, -0.4759616084133982, 0.5956803093718593, -0.845199871656043]
  ],
  "30": [],
  "31": [],
  "32": [],
  "33": [],
  "34": [],
  "35": [],
  "36": [],
  "37": [],
  "38": [],
  "39": [],
  "40": [],
  "41": [],
  "42": [],
  "43": [
    [0.5186191075431145, 0.1711353784406434, -0.2642290922384403, 0.2921370902666997, -0.6087886626994625, -0.06234344878248561, 0.2494506926280759, 0.2629332393326445],
    [-0.5766189521718891, -0.04218434652183452, -0.3795289160995587, 0.2456678353835609, 0.4128294864648489, -0.04554595184547315, 0.863390871698321, -0.4723618686139428],
    [-0.4714284751168254, 0.01312644822316556, -0.6335998893050526, -0.7223826643099875, 0.3366987775360531, 0.2443999493193836, 0.997642133368186, -0.4367148672992837],
    [-0.0950003243183848, -0.2037594859356927, 0.830211467995562, 0.5801890234972142, -0.848049446836468, -0.1345486438629274, -0.1736272005694719, 0.1629373149558401],
    [0.7327478840805698, -0.3626284410586662, 0.2397388700158361, 0.4064878449478816, 0.5307480578981498, -0.0847729712251366, -0.4159517786432773, -0.3843357704215859]
  ],
  "44": [],
  "45": [],
  "46": [],
  "47": [],
  "48": [],
  "49": [],
  "50": [
    [-0.4194883152770057, 0.581206753461944, 0.1463604292032127, -0.00044701817623476, -0.1549603057894776, -0.1118088993341801, 0.05987378683922465, -0.798258636305257]
  ],
  "51": [],
  "52": [
    [0.989056666032922, -0.1243060134938813, 0.2777220902357293, -0.5113355704894726, -0.3945879400202321, 0.4204081301322487, -0.5819033989747848, -0.5667199540379106]
  ],
  "53": [],
  "54": [],
  "55": [],
  "56": [],
  "57": [],
  "58": [
    [0.0844820170654687, 0.00187130823841394, 0.07467954671793782, 0.295115626978733, -0.1206733028518332, -0.6620172502406966, -0.977698553494799, -0.1558458607352313]
  ],
  "59": [],
  "60": [],
  "61": [],
  "62": [],
  "63": [],
  "64": [],
  "65": [],
  "66": [],
  "67": [],
  "68": [],
  "69": [],
  "70": [],
  "71": [],
  "72": [],
  "73": [],
  "74": [],
  "75": [],
  "76": [],
  "77": [],
  "78": [],
  "79": [],
  "80": [
    [-0.1753841515388931, 0.1480669734373195, 0.01710437133925008, -0.4931881868413512, -0.124301502002524, 0.00143806422481678, 0.969548504124886, -0.7338368263860694],
    [-0.899323555257552, 0.1435341091054898, 0.03703256921798821, 0.7281452359596262, -0.168505128292809, 0.05557985525493913, 0.6903209799880217, -0.6307301808037538]
  ],
  "81": [],
  "82": [],
  "83": [],
  "84": [],
  "85": [],
  "86": [],
  "87": [],
  "88": [],
  "89": [],
  "90": [],
  "91": [],
  "92": [],
  "93": [
    [-0.831623150333549, -0.2636599906085071, -0.2522357801974622, -0.7609355701070657, -0.1238048195074851, 0.951969850147455, 0.2896613797334368, -0.07828388014140275]
  ],
  "94": [],
  "95": [],
  "96": [],
  "97": [],
  "98": [],
  "99": [
    [0.989030412290514, 0.1564737159169319, -0.5290594898608946, 0.0800623524730799, 0.2932484460063683, 0.07447758228190698, -0.1105795008954683, 0.5502909876280428]
  ],
  "100": []
}
