{
  "1": [],
  "2": [
    [-0.885947140350629, 0.6083601678265861, -0.6154244799252848, -0.4739056110346025, -0.07778721501092727, -0.04567553867592215, -0.7620393624668842, -0.3940983724436473]
  ],
  "3": [
    [0.544055509266305, -0.00842990264581184, 0.3400720252309781, 0.6633347660218938, -0.1549944667816529, 0.3626058757058646, -0.847854953082408, -0.975952512920754]
  ],
  "4": [
    [-0.02875985005749254, -0.148420404832836, 0.6793863954788767, -0.0819758111256336, 0.02657041904180566, -0.6301069756507753, 0.7822022892141263, 0.3809846769880735]
  ],
  "5": [],
  "6": [],
  "7": [],
  "8": [],
  "9": [],
  "10": [],
  "11": [],
  "12": [],
  "13": [],
  "14": [],
  "15": [],
  "16": [],
  "17": [],
  "18": [
    [-0.2114755853391333, 0.06565722958935227, 0.888857951281508, -0.1306007139499528, -0.1967495432070172, -0.2965473069609438, -0.6208377558927982, -0.4979501881468063],
    [-0.1922343272434739, 0.04756564622731108, 0.9972276348139, -0.0841587949827988, -0.1452450718132683, -0.3220875609764166, 0.6772666189793894, -0.3774984518926603]
  ],
  "19": [],
  "20": [
    [-0.7089171384531753, 0.238566392258763, -0.697896905171984, 0.06965954072780844, -0.5517874544752828, -0.5700859419817672, 0.7637731139323471, 0.843316023754064]
  ],
  "21": [],
  "22": [],
  "23": [],
  "24": [],
  "25": [
    [0.3173064973498951, -0.0929853816922572, 0.86220752625858, 0.05621063141256428, -0.6849376242186467, -0.4432407125430592, 0.1660315213145323, -0.0747783182048061],
    [0.3561909213043319, -0.1800346709007169, 0.6186083955002677, 0.0803097444726146, -0.4203447349358593, -0.6301178971462419, 0.5705087427490717, -0.1715797187761514],
    [-0.3936007951881988, 0.6196609061228465, 0.7987991460482987, 0.07781919795438684, 0.4130127681198145, -0.7605594349293632, 0.4399531674442637, 0.3564029767980637]
  ],
  "26": [],
  "27": [],
  "28": [],
  "29": [],
  "30": [],
  "31": [],
  "32": [],
  "33": [],
  "34": [],
  "35": [],
  "36": [],
  "37": [],
  "38": [],
  "39": [],
  "40": [],
  "41": [],
  "42": [
    [0.05240738425604462, -0.2572068362276274, -0.1212506194709487, 0.4397036388619265, 0.3941215747963701, -0.3998330008642648, 0.3912590724696037, -0.0201880779845335]
  ],
  "43": [
    [-0.5650380011253922, 0.1227862510746402, -0.974650103091474, 0.1286522063905329, -0.03759605542110295, -0.993772895458218, -0.6166937626298966, 0.986182907727122],
    [-0.539833803486807, -0.1464345982901915, -0.920947598044118, -0.1008491939532511, 0.047021277877993, 0.961731135779269, 0.5724014989129669, 0.816520928103461]
  ],
  "44": [],
  "45": [
    [0.600834182039581, -0.877210109805578, 0.2224585693699793, -0.4901348362757073, 0.3823521442498624, -0.1803184105371446, 0.04148759678835348, -0.5311175147488255]
  ],
  "46": [
    [-0.062468344209962, -0.3347747016805813, 0.6380322244251447, 0.03211799920072433, -0.5611650922655987, 0.1582652807198804, 0.04300434502890175, 0.02805551860653157],
    [0.02470056990669873, 0.4550813645068264, -0.5773719655759539, -0.04550262310711974, 0.7410652662748591, -0.298610796165856, -0.03851717448968475, 0.03396881955942498],
    [-0.02708054282586563, -0.5077545416892252, -0.5771721849455927, -0.01932433422770785, 0.7194732553674931, 0.2512222439312811, -0.02539842860939132, 0.02190629841395401],
    [0.04524936788325386, 0.4252151688114651, 0.637099572256489, 0.01838774927445004, -0.6050571764044705, -0.149826832557484, 0.03254480907391289, 0.02301103815932581],
    [0.5482500786253809, 0.04413516416683434, 0.629717195870157, 0.0977609045196162, -0.978160704001421, 0.4693703226081697, 0.06558577976158517, 0.03605811385902473],
    [0.824143462709133, 0.0028368467161954, -0.6455885837549818, -0.1231079703177685, -0.1110207780930454, -0.7061570603283156, -0.05153707845770948, 0.1630754286499046],
    [-0.04566686124926814, -0.999536583685658, 0.5854749542437716, 0.6931380485679833, 0.6168010957349556, 0.5189576350451979, 0.084463217313031, 0.5556683113184414]
  ],
  "47": [
    [-0.807076303881693, -0.7902716810582456, -0.01637827060364101, -0.6330127104600693, 0.3026030152784698, -0.4161622997617297, 0.3774213416645074, 0.6016213531842424]
  ],
  "48": [],
  "49": [],
  "50": [],
  "51": [],
  "52": [],
  "53": [
    [0.04316148543746108, 0.947600215189954, -0.7371554844318514, -0.04000316790380597, -0.03809436387152738, 0.0835723819685534, 0.1226927395308681, -0.04127865249906315]
  ],
  "54": [
    [-0.2790167753937633, 0.2862488001042758, 0.6685287577150739, 0.3069085161978578, 0.1915414538533047, 0.1190235013596989, -0.5699733994075907, 0.5137037075302417],
    [-0.1935536737501984, -0.1691569580955313, 0.3358896382936185, 0.0942954754522512, -0.1784911271666356, -0.12781373861518, 0.5038086123540788, -0.4772806047230628],
    [-0.0953204818761471, -0.03606759122269254, 0.02310278788267365, -0.2790986455013974, -0.07997434885322575, -0.05624586869248558, 0.1833121167697318, -0.1814543584912744],
    [-0.133318016390944, -0.07365451443876896, 0.1828879086806513, -0.01853851286409801, -0.1052845270767754, -0.07344131587907245, 0.2726121821478599, -0.2630529308236389]
  ],
  "55": [],
  "56": [],
  "57": [],
  "58": [],
  "59": [],
  "60": [
    [-0.04449562158779327, -0.1427033889682427, 0.860247310534724, 0.07791321851980708, -0.7427760437181106, 0.1213835823891523, 0.5687408648919272, -0.01991749307594453]
  ],
  "61": [],
  "62": [
    [-0.2648053149452623, 0.1212160985386058, -0.7388810054448722, 0.1564363627764627, -0.4414156698058184, -0.240716276783931, 0.4167574234859174, 0.0850475228448282]
  ],
  "63": [],
  "64": [],
  "65": [
    [0.02830812363226955, -0.07909850395524534, -0.108799075877801, -0.4748197845783737, 0.3609706721886192, 0.2095333665223205, -0.01978858127321093, -0.2350138751964154]
  ],
  "66": [
    [-0.05512331078568637, -0.913873569100992, 0.01587947016606979, 0.815224937083723, 0.524736287156953, -0.1753571479501274, 0.03848999310322066, 0.03337884726056533],
    [-0.1438625640025592, 0.5394644372784314, 0.03508120745072014, -0.4968729947583412, -0.3538522403068303, -0.03206424454985473, 0.089173757118561, -0.07073622769611827]
  ],
  "67": [],
  "68": [],
  "69": [
    [-0.03722462533870089, 0.03701019983143765, 0.1976515960793536, -0.2642352606101879, 0.2372233534479038, 0.2948798928676548, 0.2128188705543484, 0.03247394926805999]
  ],
  "70": [
    [0.05332895389704104, 0.7928606065443926, 0.816123365779264, 0.6770434940551874, -0.2969184471178396, 0.2598461595266483, 0.03399527965931526, 0.2072677848042279],
    [0.130895181335945, -0.3191485502587465, 0.2121217389531985, 0.7168975883032843, -0.2765607653535925, 0.3087455429523059, 0.1770453281675066, 0.6069393108981634]
  ],
  "71": [],
  "72": [],
  "73": [
    [-0.1038278374257008, 0.2978122661525869, -0.2544556732794025, 0.4582453990091031, 0.2520409954874108, 0.224652183680602, -0.1039193513712476, 0.4625858501971988],
    [0.05171292109986499, -0.2482500528176868, -0.2468248496761598, 0.00717506337998806, -0.4829615666078179, 0.05899571588388469, 0.5949855859369425, -0.0704993989379785],
    [0.05291415204951194, -0.4396533752053805, -0.2287515255742517, -0.03250134906812509, -0.5950864990192025, 0.0836489594680423, 0.3627281988037236, 0.1321517608519079]
  ],
  "74": [
    [0.840001590942098, -0.4132635537405719, 0.3350122137625508, -0.1647589826177789, -0.94250477889907, -0.01530752618693933, -0.8746789132912, -0.6013813788229805],
    [0.903588051792993, -0.4769356019541269, 0.4321068852658527, -0.3987965994356435, 0.3931974677504926, -0.0447182037491761, -0.2133950370936532, 0.3764983026309487]
  ],
  "75": [],
  "76": [
    [-0.1847186313376226, 0.3512874783524675, -0.5613515062389784, 0.1653809214267394, -0.0952696549996858, -0.4506807492292044, 0.2826851980181922, -0.3621839379810837]
  ],
  "77": [],
  "78": [
    [-0.7720483593943543, 0.7759482644618392, -0.7779021834732832, -0.2026070618437187, 0.0896719252681593, 0.1890686550787446, 0.02783194802463671, 0.268100614602901]
  ],
  "79": [],
  "80": [],