{
  "1": [],
  "2": [],
  "3": [
    [-0.7426865779456738, -0.40338221455354906, 0.8278069565183921],
    [0.9666349214225026, 0.2846063602568093, -0.802311628665029]
  ],
  "4": [],
  "5": [],
  "6": [
    [0.9142402211986634, -0.6406088351003837, 0.8850013608731272]
  ],
  "7": [],
  "8": [],
  "9": [],
  "10": [],
  "11": [],
  "12": [],
  "13": [],
  "14": [],
  "15": [],
  "16": [
    [-0.8941798520114698, -0.9252690782219909, -0.9417023693187696],
    [0.515727124317148, -0.9601872866124118, 0.9726946682373727]
  ],
  "17": [],
  "18": [],
  "19": [],
  "20": [],
  "21": [],
  "22": [],
  "23": [
    [-0.9381757499350029, 0.7402920755248152, 0.4714852900700428]
  ],
  "24": [
    [-0.8084604929255266, 0.42843350600871233, 0.30248087251415434],
    [0.7979221533956798, 0.41194980128154185, 0.3272698073081281]
  ],
  "25": [],
  "26": [
    [-0.9800394444286681, 0.5658767010650081, 0.8420000492092709],
    [0.9800394444286685, 0.5658767010650079, 0.8420000492092705]
  ],
  "27": [],
  "28": [],
  "29": [],
  "30": [],
  "31": [],
  "32": [],
  "33": [],
  "34": [],
  "35": [],
  "36": [],
  "37": [
    [-0.8542377618299969, 0.8074413485877707, 0.5197620763243771]
  ],
  "38": [],
  "39": [],
  "40": [
    [-0.9699837951511868, 0.3398405864876079, -0.6417504466660094],
    [-0.6613938537528118, 0.6159154432788554, -0.8443652500201606],
    [0.5071671808083401, -0.9653560140007765, -0.8451326241571598]
  ],
  "41": [],
  "42": [],
  "43": [],
  "44": [],
  "45": [],
  "46": [],
  "47": [],
  "48": [],
  "49": [],
  "50": [],
  "51": [],
  "52": [],
  "53": [],
  "54": [],
  "55": [],
  "56": [],
  "57": [
    [0.943311670529477, -0.8834009655922916, 0.9223999185761443]
  ],
  "58": [],
  "59": [],
  "60": [],
  "61": [],
  "62": [
    [-0.9367479502564156, -0.8481489060451783, -0.9965961383248464]
  ],
  "63": [
    [0.9675658226332667, 0.9111658363419369, 0.8594573940733176]
  ],
  "64": [],
  "65": [],
  "66": [],
  "67": [],
  "68": [],
  "69": [],
  "70": [],
  "71": [],
  "72": [],
  "73": [],
  "74": [],
  "75": [],
  "76": [],
  "77": [],
  "78": [],
  "79": [],
  "80": [],
  "81": [],
  "82": [],
  "83": [
    [0.5956427983788596, 0.5967933086612447, 0.8874059800270007]
  ],
  "84": [],
  "85": [],
  "86": [],
  "87": [],
  "88": [],
  "89": [],
  "90": [],
  "91": [
    [0.7711364992011054, -0.9820203118498804, -0.5954020514852039],
    [0.8156521696877339, -0.987871466468426, 0.6218304672567673],
    [0.7950936933857794, 0.9959023584094395, -0.6231568769335302],
    [0.7543980455472887, 0.9952393908509305, 0.5955354265843213]
  ],
  "92": [],
  "93": [],
  "94": [
    [-0.9214966893456984, -0.4979097589378652, 0.9198082991393587]
  ],
  "95": [],
  "96": [],
  "97": [],
  "98": [],
  "99": [],
  "100": []
}
