{
  "1": [
    [-0.8205096745591252, -0.8704745926219661, 0.8464917379670892]
  ],
  "2": [],
  "3": [],
  "4": [],
  "5": [],
  "6": [],
  "7": [],
  "8": [
    [0.7157657046172534, 0.9204146592615574, -0.5847173933075517]
  ],
  "9": [],
  "10": [],
  "11": [
    [-0.6589081453149681, -0.7163785920805301, -0.6018197836881202]
  ],
  "12": [],
  "13": [
    [-0.7362255182693218, -0.9214511811645594, 0.4544045597779009],
    [0.7401430299216339, 0.9350310094853782, 0.44184895748630487]
  ],
  "14": [],
  "15": [],
  "16": [
    [-0.7240447135009773, -0.6427229537004742, 0.7611047685586434],
    [0.8484990928794892, 0.5891677256246078, -0.6562857703995599]
  ],
  "17": [
    [-0.482530580504807, 0.9351411658388212, 0.3272350562396463]
  ],
  "18": [],
  "19": [],
  "20": [],
  "21": [],
  "22": [
    [-0.7074045594769169, -0.6394679629215758, 0.7643554947334927]
  ],
  "23": [],
  "24": [],
  "25": [
    [-0.07404228504070434, -0.04588207281148962, -0.6803330938179569]
  ],
  "26": [],
  "27": [],
  "28": [],
  "29": [
    [-0.9264659474031238, 0.5330452473167729, 0.9676096702507601]
  ],
  "30": [],
  "31": [],
  "32": [],
  "33": [],
  "34": [
    [0.5760366605986386, -0.6056338603581806, 0.9729206919753072]
  ],
  "35": [],
  "36": [],
  "37": [],
  "38": [],
  "39": [],
  "40": [],
  "41": [],
  "42": [],
  "43": [],
  "44": [],
  "45": [],
  "46": [],
  "47": [],
  "48": [],
  "49": [],
  "50": [],
  "51": [],
  "52": [
    [-0.9747503985023023, -0.9749373049273585, 0.8671586900546445],
    [-0.4629202229701862, -0.768443037606942, 0.8053023821700129]
  ],
  "53": [],
  "54": [],
  "55": [],
  "56": [],
  "57": [
    [0.5611642737656647, -0.8093883550125511, -0.8425861872332696]
  ],
  "58": [],
  "59": [],
  "60": [],
  "61": [],
  "62": [
    [-0.12641189005505415, 0.2858523585232085, -0.4077522691676005],
    [-0.12641188913788562, 0.28585237262359375, 0.40776790275102076]
  ],
  "63": [],
  "64": [],
  "65": [],
  "66": [
    [0.07627238457656586, 0.9026880900049888, 0.0023123815583429136]
  ],
  "67": [
    [-0.9307613220080766, 0.9496335914804741, -0.16112617665119702],
    [0.9974079725172249, 0.8267321387462555, -0.2097822089273071]
  ],
  "68": [
    [-0.876266770671286, 0.42896335055476026, -0.678896167756487],
    [0.8048151538692168, -0.6289428141114618, -0.5837120130758141]
  ],
  "69": [],
  "70": [],
  "71": [],
  "72": [],
  "73": [],
  "74": [],
  "75": [],
  "76": [],
  "77": [
    [0.5326574222315877, -0.7984742867854614, -0.14653939175337224],
    [0.5326617796229808, 0.7984740850967477, 0.14662988617026762],
    [0.7890117822963599, 0.7722001437415515, 0.9057101107698087]
  ],
  "78": [],
  "79": [],
  "80": [],
  "81": [],
  "82": [
    [0.9761889477161958, 0.11981163781023849, -0.8909217980345236]
  ],
  "83": [
    [0.05700965772274848, 0.8351471908587818, 0.3773917980480099]
  ],
  "84": [
    [-0.638129337164396, -0.6631949200166588, -0.3730356380228878],
    [-0.6676009398370689, 0.6310592059343959, -0.35129441282336943]
  ],
  "85": [],
  "86": [],
  "87": [],
  "88": [],
  "89": [],
  "90": [],
  "91": [],
  "92": [
    [-0.6176117881508189, -0.6422102269019504, -0.6706286931542641],
    [0.5444795620867285, -0.5887428914467873, -0.8192224115908295]
  ],
  "93": [],
  "94": [],
  "95": [
    [-0.6853300077966709, 0.7676698819776224, -0.5545833353626514]
  ],
  "96": [],
  "97": [],
  "98": [],
  "99": [],
  "100": [
    [0.45314478284912657, -0.5996832354204559, -0.7071718895130987],
    [0.32953531019628296, -0.6728776093092049, 0.8233718711395988],
    [0.33150911639094777, 0.6328354878514216, -0.8998689475878049],
    [0.4456010502583752, 0.6203412973174461, 0.7858023133975828]
  ]
}
