{
  "1": [],
  "2": [
    [0.2412672065543952, 0.021102281757268113, 0.11148134732883123]
  ],
  "3": [
    [-0.1920276089390178, -0.2655091649375984, -0.6087741138740902],
    [-0.29330866455592525, 0.14886381540733687, -0.3089052475652115],
    [0.08537792800064896, -0.11572900109015902, -0.3438887640459319],
    [0.12554269745897562, 0.514396511545125, -0.17364838769372362]
  ],
  "4": [],
  "5": [],
  "6": [
    [-0.06787020633693767, -0.028818485190647038, 0.024420416877952954]
  ],
  "7": [
    [-0.07864425402693363, 0.09619679239863443, 0.05469113365794559]
  ],
  "8": [
    [0.0336213245048228, -0.8735281146115471, 0.2795924176342168],
    [0.07802358225059156, -0.5969816286349899, 0.12045200865012744]
  ],
  "9": [
    [-0.7780885855130153, 0.023422242412378686, -0.6233297783424175]
  ],
  "10": [
    [0.11305906995083775, -0.052377625110423556, 0.8396641652941005]
  ],
  "11": [],
  "12": [
    [-0.7978133183980524, 0.7165112353126427, -0.9107774123317044],
    [0.08823202368654644, -0.8576562050365636, 0.16408709130728877],
    [0.508509600949283, 0.8249759749681039, -0.6880808903667612]
  ],
  "13": [],
  "14": [],
  "15": [],
  "16": [
    [0.09647183345263964, -0.010207885392231051, 0.039804905429097884]
  ],
  "17": [
    [-0.18801585430560186, 0.09232751917044872, -0.08274825066688286],
    [-0.10803714179354156, 0.10429330496858863, 0.14440055527211718]
  ],
  "18": [],
  "19": [
    [0.16465149513946803, 0.31579471541782334, 0.42819418981664104]
  ],
  "20": [],
  "21": [
    [0.06687472697581912, -0.31330832873048875, 0.0709170596332499]
  ],
  "22": [
    [-0.10084765083346743, -0.033010194440650675, -0.16750108395323784],
    [-0.10956070449213445, 0.022036111656055346, -0.1628447233578606]
  ],
  "23": [],
  "24": [
    [-0.34870167589453815, -0.7215994744313534, -0.6943640208864359],
    [0.15733176352018083, -0.05409656099528313, 0.15390993710234402]
  ],
  "25": [
    [-0.4868447072220079, -0.0915864467359324, 0.21994729521778728],
    [-0.11103669040363845, -0.2599088893999792, 0.2427918448431115]
  ],
  "26": [
    [0.1890978195555435, -0.3852781720265294, 0.15825899652347433]
  ],
  "27": [
    [-0.3261546099259546, 0.8709107078140788, -0.7999730788767212],
    [0.34609032583775234, 0.3936890237942351, 0.5139957479561704]
  ],
  "28": [
    [-0.14895085741230618, -0.10050212423368825, -0.6742596748980061]
  ],
  "29": [],
  "30": [
    [0.11744085778338091, 0.20118220226664765, 0.09750269000577003],
    [0.11963412282733091, 0.31304874849918285, 0.14474322585562643]
  ],
  "31": [],
  "32": [
    [-0.03214610528697843, -0.219591409840521, 0.09312563637737331]
  ],
  "33": [],
  "34": [
    [-0.6276170213654888, -0.48610542198758916, 0.7426250780126663],
    [0.6082654738627606, -0.4967231401135968, 0.7641825875165863]
  ],
  "35": [],
  "36": [],
  "37": [],
  "38": [
    [-0.08404890868068347, -0.053756662498381035, -0.07276878806888638]
  ],
  "39": [
    [-0.6412892843401977, -0.5824028322619801, 0.5308966888366004],
    [-0.061241049328634375, 0.050815548383231844, 0.13239669283938355]
  ],
  "40": [
    [-0.1089787324585061, -0.0005393411156166378, 0.0829320765494547],
    [0.08987184257314568, -0.0004994021936866586, 0.08547126346093963]
  ],
  "41": [
    [-0.5527208772114789, -0.3119506401558631, -0.034980099583699006],
    [-0.03449099267613399, 0.30187137557775123, 0.04362511914497267],
    [0.8989323698603074, -0.1377116259816118, -0.2677716554702771],
    [0.461183314990474, -0.29009999552023485, -0.05412045013259126],
    [0.22668598453011676, 0.3069433493705833, 0.039237456180292014]
  ],
  "42": [
    [0.013123429612423665, 0.14984000240771753, -0.3237891330219301],
    [0.41681896781726063, -0.09753947312023047, -0.5956031510475519]
  ],
  "43": [
    [-0.05333240466435693, -0.007056163448657706, 0.1360549207180314]
  ],
  "44": [
    [0.05008741570347853, -0.0759821697343535, -0.055016001916421156],
    [0.16734309628152189, -0.08278873935088905, 0.11947985297245511]
  ],
  "45": [
    [0.024376911512638245, 0.10274686200298175, -0.48717500656042945]
  ],
  "46": [],
  "47": [],
  "48": [],
  "49": [
    [-0.5705528136405396, 0.9100862764446268, -0.871954730866214]
  ],
  "50": [
    [0.48375012689287383, 0.020504799954955532, -0.542281003998039]
  ],
  "51": [
    [0.05253353346121497, 0.18496141762618648, 0.24962511171325144],
    [0.05253353346121497, 0.18496141762618648, 0.3767505712847321]
  ],
  "52": [
    [-0.31177755791402717, 0.44384257076282074, -0.15464820071489302]
  ],
  "53": [],
  "54": [
    [-0.5226930373751334, -0.241512679322062, -0.41281685613280755],
    [-0.27020938031468045, -0.08657703390384096, 0.2351225250144597],
    [0.09288830043624377, -0.241512679322062, -0.4128168561328075],
    [0.1161337459155115, -0.08657703390384096, 0.2351225250144597]
  ],
  "55": [
    [-0.0480671901846059, -0.16350181420327434, 0.03136069943609822],
    [0.0690515960547452, 0.06306204647574111, 0.05390151766302672]
  ],
  "56": [],
  "57": [
    [-0.028949760651349157, -0.08368732225244915, 0.3630153064331578]
  ],
  "58": [],
  "59": [],
  "60": [],
  "61": [
    [-0.47577644882781545, 0.24898752549818923, -0.14913041475456845],
    [0.5834740926649524, 0.015834793053825902, -0.21581143962477684]
  ],
  "62": [],
  "63": [
    [-0.012639254983701158, 0.002065790319157716, -0.010117025496027186]
  ],
  "64": [
    [0.14828402461286772, 0.9692375619442112, -0.3015909167808822]
  ],
  "65": [
    [-0.6876836793721154, -0.6471855528623579, 0.031265819385091966],
    [0.01015546317535827, -0.5113734810921979, -0.21835792550916697]
  ],
  "66": [],
  "67": [],
  "68": [
    [0.08591746513321996, 0.08740569908050323, -0.022272710921884258]
  ],
  "69": [
    [0.6635384245331657, -0.1024871451469702, -0.10946927811883204]
  ],
  "70": [
    [-0.2574617233079146, -0.3610301456840103, 0.2775819206396541],
    [0.21675048329168206, -0.18404213123684338, -0.41221623259833123]
  ],
  "71": [
    [-0.030407394812681367, 0.014382140844195578, -0.6791186624895772],
    [0.47018406393159007, 0.018390895993476358, 0.01882895856336776],
    [0.18364408564099985, 0.08502296903366346, -0.7164277471014998]
  ],
  "72": [
    [-0.19808889672711094, -0.22081843984045052, -0.06642800322309676]
  ],
  "73": [],
  "74": [
    [0.17667015656627832, 0.3622882085349212, -0.9478894415246627]
  ],
  "75": [
    [-0.460767658672558, 0.13095418383783436, -0.0703662356095834],
    [0.5068231693137111, -0.0667774932967607, -0.03554615322672365]
  ],
  "76": [
    [0.011589138194846398, -0.057421181162062664, -0.31703391674248976],
    [0.006251019586859448, -0.05733177009309018, 0.31051305754245484]
  ],
  "77": [
    [-0.04112499308376714, -0.022039306418595677, -0.20640168051279903]
  ],
  "78": [],
  "79": [
    [-0.3648360611803289, -0.04595766165644524, -0.5660239585368952],
    [0.1716664482724283, -0.04060007701405146, 0.002725325868560864]
  ],
  "80": [
    [-0.030489478614400805, 0.20084959276801548, 0.6595190298397394],
    [0.4527148433888145, 0.04768164417792507, 0.08303170037474196]
  ],
  "81": [],
  "82": [
    [0.675934459209812, 0.6863946115502191, -0.7428829589636597]
  ],
  "83": [
    [-0.21860186517764044, -0.2857213395532617, -0.1115762155197328],
    [0.19024644544924102, 0.20843763722659814, -0.09236949487515962]
  ],
  "84": [
    [0.7455703954156595, 0.11638793378875324, -0.16752796067885753]
  ],
  "85": [],
  "86": [
    [-0.06730247307432356, 0.5700199908163772, -0.09963381042302843]
  ],
  "87": [],
  "88": [
    [-0.020734645632448256, 0.08986549258954118, -0.5679558139486726],
    [-0.020385709951933367, 0.03228418009936454, -0.03600095844285826]
  ],
  "89": [],
  "90": [],
  "91": [
    [-0.16224648401344507, 0.11118339228583614, -0.3086668104246469]
  ],
  "92": [],
  "93": [
    [-0.3274192249963415, 0.19388891454678692, 0.28600592591715396],
    [0.3071275112535576, -0.18538715955474294, -0.3812418604494361]
  ],
  "94": [],
  "95": [],