{
  "1": [],
  "2": [
    [0.6578945500486276, -0.9063310159973174, 0.6031487069865001]
  ],
  "3": [],
  "4": [],
  "5": [],
  "6": [],
  "7": [],
  "8": [],
  "9": [
    [-0.8554172530768753, 0.9708324560834977, -0.9474597613273285],
    [0.9000901378659628, -0.9624282262286361, 0.9355126334575685]
  ],
  "10": [],
  "11": [],
  "12": [],
  "13": [],
  "14": [],
  "15": [],
  "16": [],
  "17": [],
  "18": [],
  "19": [],
  "20": [
    [0.6336499296635886, 0.9899721284827585, 0.852290409590831]
  ],
  "21": [
    [0.9763796440809882, 0.9670006159416429, -0.8403883533941865]
  ],
  "22": [],
  "23": [],
  "24": [],
  "25": [],
  "26": [],
  "27": [],
  "28": [],
  "29": [
    [0.6182249400259121, 0.9322022441032258, -0.09580643612291177]
  ],
  "30": [],
  "31": [
    [0.9349373472045361, -0.7569738909362839, -0.8637593987260259]
  ],
  "32": [],
  "33": [],
  "34": [],
  "35": [
    [-0.9119126341638991, -0.8159156790062093, 0.3343661059436423]
  ],
  "36": [],
  "37": [
    [-0.771705691526929, -0.8568792045069924, 0.9206539615562813]
  ],
  "38": [
    [-0.5605036201814493, 0.45116436985521163, 0.526714333101706]
  ],
  "39": [],
  "40": [],
  "41": [],
  "42": [],
  "43": [],
  "44": [],
  "45": [],
  "46": [],
  "47": [],
  "48": [],
  "49": [
    [-0.7537236996652249, 0.888638660018024, -0.8800101153959526],
    [0.7466220755514678, 0.893918142022098, -0.8831190117079339]
  ],
  "50": [],
  "51": [],
  "52": [],
  "53": [],
  "54": [],
  "55": [],
  "56": [],
  "57": [],
  "58": [],
  "59": [],
  "60": [],
  "61": [
    [0.9500355184533322, 0.4637475009596017, 0.7998689363117396]
  ],
  "62": [],
  "63": [],
  "64": [],
  "65": [],
  "66": [],
  "67": [],
  "68": [],
  "69": [],
  "70": [],
  "71": [],
  "72": [],
  "73": [],
  "74": [
    [0.5742716148594437, -0.7512051769968734, -0.5008682769334643]
  ],
  "75": [],
  "76": [],
  "77": [],
  "78": [],
  "79": [],
  "80": [],
  "81": [],
  "82": [],
  "83": [],
  "84": [],
  "85": [],
  "86": [
    [0.5772752496761048, -0.8980328889706718, 0.7072326063848754],
    [0.5859669943414981, 0.8916230031984139, -0.7151407693622687]
  ],
  "87": [],
  "88": [
    [0.9398565279043475, 0.8671314090907092, -0.7800664893706585]
  ],
  "89": [],
  "90": [],
  "91": [],
  "92": [],
  "93": [],
  "94": [],
  "95": [],
  "96": [],
  "97": [],
  "98": [],
  "99": [],
  "100": [
    [0.5917616481025648, -0.732137259805787, 0.8865004946868327],
    [0.6276052027634569, 0.7524815012478177, -0.7893718450679023]
  ]
}
