{
  "1": [],
  "2": [],
  "3": [],
  "4": [],
  "5": [],
  "6": [],
  "7": [],
  "8": [],
  "9": [],
  "10": [],
  "11": [],
  "12": [
    [-0.7011632919564015, -0.5645026400132072, -0.7464041186874344]
  ],
  "13": [
    [0.8972742561373941, -0.5563490381964963, -0.9929414748924963]
  ],
  "14": [],
  "15": [],
  "16": [],
  "17": [],
  "18": [],
  "19": [],
  "20": [
    [0.999788457203783, -0.9884178049376111, -0.5771251998845874]
  ],
  "21": [],
  "22": [],
  "23": [],
  "24": [
    [-0.9535502415209183, 0.9972729559222986, -0.442320231988363],
    [0.9591024059915003, 0.712668271962625, -0.6289366475706862],
    [0.9481654211001311, 0.8967565983824435, -0.5072235977318331]
  ],
  "25": [],
  "26": [],
  "27": [],
  "28": [],
  "29": [],
  "30": [],
  "31": [],
  "32": [],
  "33": [],
  "34": [],
  "35": [
    [-0.8060896836868746, -0.8638064532558434, 0.6289464756562165]
  ],
  "36": [
    [-0.9243237021780701, 0.8453895766201772, 0.40646314736152017],
    [0.8910794531732975, 0.8635005281684706, 0.40740367000197636]
  ],
  "37": [],
  "38": [],
  "39": [],
  "40": [],
  "41": [
    [-0.8457416559900638, 0.9413611089357523, 0.9581785940588958]
  ],
  "42": [],
  "43": [],
  "44": [],
  "45": [],
  "46": [],
  "47": [],
  "48": [],
  "49": [],
  "50": [],
  "51": [
    [-0.6483774327350871, 0.914084921517523, 0.9121946874514735],
    [0.6419146979610232, 0.9138480658582963, -0.8931031671068513]
  ],
  "52": [],
  "53": [],
  "54": [
    [-0.9124075036771954, 0.7121912913602332, -0.8116007049637366]
  ],
  "55": [],
  "56": [],
  "57": [],
  "58": [],
  "59": [],
  "60": [],
  "61": [],
  "62": [],
  "63": [],
  "64": [],
  "65": [],
  "66": [],
  "67": [],
  "68": [],
  "69": [],
  "70": [],
  "71": [],
  "72": [],
  "73": [],
  "74": [],
  "75": [],
  "76": [],
  "77": [],
  "78": [],
  "79": [],
  "80": [],
  "81": [],
  "82": [],
  "83": [],
  "84": [],
  "85": [],
  "86": [],
  "87": [],
  "88": [],
  "89": [],
  "90": [],
  "91": [],
  "92": [
    [0.7594907086813097, 0.9100363037212095, -0.9580747066928779],
    [0.818006072662152, 0.8902273007184436, -0.9011927531197994]
  ],
  "93": [],
  "94": [],
  "95": [],
  "96": [],
  "97": [
    [-0.6598512417421667, 0.7205225679340649, 0.8028354146931252]
  ],
  "98": [],
  "99": [],
  "100": []
}
