{
  "1": [],
  "2": [],
  "3": [],
  "4": [],
  "5": [
    [-0.3990067881988995, -0.1308801677011854, 0.026364801172965004]
  ],
  "6": [
    [-0.7237745801695049, -0.19226589228073365, -0.738992789830933]
  ],
  "7": [
    [-0.7726229919583785, -0.11479739897366673, -0.10319703833056816],
    [-0.2667110621184999, -0.9687849289901616, -0.40035779679706013],
    [0.692996393218932, -0.14235016575694576, -0.06518290834503611]
  ],
  "8": [],
  "9": [],
  "10": [
    [0.6920316324424177, 0.11139497797025645, -0.5892568772858381]
  ],
  "11": [],
  "12": [],
  "13": [],
  "14": [
    [0.5176996714482256, -0.7637634228784337, -0.22489676436804348]
  ],
  "15": [],
  "16": [],
  "17": [],
  "18": [
    [0.14607373119338057, 0.623473605795185, -0.0075548277970039135]
  ],
  "19": [],
  "20": [],
  "21": [],
  "22": [
    [0.521946207630264, 0.1653696754433678, 0.11346183646818307]
  ],
  "23": [
    [-0.4743495888313131, 0.03494915071130773, -0.648061470799535],
    [0.49122956362291725, 0.04698254606783374, 0.7679028003369569]
  ],
  "24": [
    [-0.4804363409640494, -0.17035803967691027, -0.09365476708725194]
  ],
  "25": [
    [-0.9382491102334218, 0.12718875057318146, 0.7615540598022811],
    [-0.3402562053177237, 0.8182203610314076, 0.23922274566604118],
    [0.30625639265759497, 0.8577814336076546, -0.2475397005267838]
  ],
  "26": [
    [-0.16297409272020244, 0.10957535581656423, 0.7217497321810764]
  ],
  "27": [],
  "28": [
    [-0.3507950959162293, 0.2886695849734974, -0.6963435537720292],
    [0.3404432447011174, 0.34871066324635575, 0.6907868409707583]
  ],
  "29": [],
  "30": [],
  "31": [
    [-0.32971827972656753, 0.5125550150821705, -0.892386521655943]
  ],
  "32": [
    [0.4361952889433449, 0.15501169369432963, -0.8505222747561317]
  ],
  "33": [],
  "34": [
    [0.5224174187403743, -0.6447582114228867, -0.4278145874942379]
  ],
  "35": [],
  "36": [],
  "37": [
    [0.3014375496565819, -0.7484543368293525, 0.20696685831938932],
    [0.31748759418287725, 0.6901636199844087, 0.20900737730841587]
  ],
  "38": [],
  "39": [],
  "40": [
    [-0.7948177808115809, -0.28848269143646504, -0.6012862794454977]
  ],
  "41": [],
  "42": [
    [-0.3158967670048819, -0.8723750130271792, 0.49843294980845104],
    [-0.1803013012896621, 0.8142306025953738, 0.5657343543254388],
    [0.5248787514500929, 0.666272958820556, -0.34156599896541645]
  ],
  "43": [
    [-0.3712341226023298, -0.3385006289816648, -0.48132493260655285],
    [-0.7402441969780921, 0.9250252922464595, -0.20012661765813944],
    [0.6352615447315255, 0.5005138263004568, 0.19475791027125092]
  ],
  "44": [
    [-0.057869545606376235, 0.22077191578244737, -0.14321292530812096],
    [-0.06090856208157385, 0.20443705649606794, 0.1809491788961755],
    [0.061925314572116544, -0.2325391610406531, -0.18388286828675865],
    [0.05790538572233876, -0.2424506828606333, 0.14158079453734917]
  ],
  "45": [
    [-0.9972857316086967, 0.5542352093725385, 0.6761116196826464]
  ],
  "46": [],
  "47": [
    [-0.35683178344698174, 0.2702893801534831, -0.6683704590999523]
  ],
  "48": [
    [-0.858460506660363, 0.917707402957785, -0.9131148649969905]
  ],
  "49": [],
  "50": [
    [0.16157455630795955, -0.8484305120875496, -0.46655977233697193]
  ],
  "51": [],
  "52": [],
  "53": [
    [-0.39885339104517525, 0.21474569534128501, 0.45748096953064366]
  ],
  "54": [
    [-0.17511497743002863, -0.02259027253249823, 0.555822167142581],
    [0.2861592308096938, -0.02165507958637384, -0.645123281861568]
  ],
  "55": [],
  "56": [],
  "57": [],
  "58": [],
  "59": [],
  "60": [
    [0.2820690989811885, 0.6564629049253261, 0.09290452893972852]
  ],
  "61": [
    [0.06880757316193163, 0.9382419030674657, 0.37525754005619777]
  ],
  "62": [
    [-0.1200977222502419, -0.10188379142405468, 0.4844198823448286]
  ],
  "63": [
    [-0.8235905467540607, 0.040371194161503116, -0.17465379577498427]
  ],
  "64": [],
  "65": [
    [-0.07330905534079946, 0.8399413631932287, 0.8544803665590578],
    [-0.36607453614778873, 0.5402324635828406, 0.7191720141874146]
  ],
  "66": [],
  "67": [],
  "68": [
    [0.8513606468910571, -0.06509150173395613, -0.028442851197536145]
  ],
  "69": [
    [-0.07173243902273452, -0.09032762214784577, -0.6496760704507827],
    [-0.07160947400839868, -0.09034066066611315, 0.6520846273948112]
  ],
  "70": [],
  "71": [
    [-0.30986239265608023, -0.3461529420769642, -0.826708450085127]
  ],
  "72": [],
  "73": [],
  "74": [
    [-0.06635849913258034, 0.09188857803738584, 0.7885018327774992],
    [-0.06635849913258034, 0.7688847813599239, 0.7885018327774992],
    [-0.13880576941630648, 0.07996113451073279, -0.7296206058126942]
  ],
  "75": [],
  "76": [],
  "77": [
    [-0.32113565534067, 0.014503092363331398, -0.3527008778364981],
    [0.3387124931669494, 0.0365097982780042, -0.387202324502514]
  ],
  "78": [],
  "79": [
    [-0.1656070087625929, -0.030582093590587642, -0.11841822115360566]
  ],
  "80": [],
  "81": [],
  "82": [],
  "83": [
    [0.984451665569775, -0.2168432071400982, -0.6802704594425646]
  ],
  "84": [],
  "85": [
    [-0.09139190049297634, -0.47740480730742835, 0.44793481092414195],
    [0.36615603270008, -0.2477182898486361, 0.19482971056461298],
    [0.37550694461729206, 0.5394894455975958, -0.8371562364360172]
  ],
  "86": [
    [0.37807978786559215, -0.7902903222448299, -0.1964987437922252]
  ],
  "87": [],
  "88": [],
  "89": [
    [0.32931085755363954, 0.8971033023009991, -0.2655388218575634]
  ],
  "90": [],
  "91": [
    [-0.08244748693291558, -0.4942652050062873, -0.16186159345200868]
  ],
  "92": [],
  "93": [
    [0.04919681927993965, -0.18463325013611903, -0.05014559356343745],
    [0.04922489074388203, 0.24107658683546765, -0.04571500936830989],
    [0.04925525574360714, 0.9237497254685832, -0.04093631171240403]
  ],
  "94": [],
  "95": [],
  "96": [],
  "97": [
    [0.6120228046941525, 0.4464497926618437, 0.3893875852597156]
  ],
  "98": [
    [-0.3782278376971064, 0.13332559767166788, -0.7831136401102317],
    [0.38307348960993826, 0.1451572963816258, 0.7538574892169738]
  ],
  "99": [
    [-0.3749183562829117, -0.4478486611818558, -0.816353998632102],
    [-0.17061675843888582, 0.6029594893763282, -0.31201835931804933],
    [0.2682683031322144, -0.42881342336411354, 0.6225653590458037],
    [0.15193966607011564, 0.5328758021117563, 0.3476032369462141]
  ],
  "100": [
    [0.5164051479890251, -0.06463999572965759, 0.012860091142514787]
  ]
}
