{
  "1": [],
  "2": [],
  "3": [],
  "4": [],
  "5": [
    [-0.9985328740143669, 0.8607163694941249, -0.20064532380000083]
  ],
  "6": [],
  "7": [],
  "8": [],
  "9": [],
  "10": [
    [0.2274977100619712, -0.7854259171903321, -0.6056437112971057],
    [0.866961101111444, -0.8851844580224055, -0.9915434813745627]
  ],
  "11": [],
  "12": [],
  "13": [
    [-0.8070955640551379, 0.24041686738435383, 0.8544599370348926]
  ],
  "14": [
    [-0.7949686319154817, -0.8310381786355924, 0.7482190297815788],
    [0.8471618971917529, 0.8364258348199901, -0.7881214703975613]
  ],
  "15": [
    [-0.8580328944469472, 0.8838824266404894, 0.9222879755113291]
  ],
  "16": [],
  "17": [],
  "18": [],
  "19": [],
  "20": [],
  "21": [],
  "22": [],
  "23": [
    [0.6637757181806281, 0.693699061730263, 0.5807582217142438]
  ],
  "24": [
    [-0.7847566902717665, -0.7883126934258132, -0.3384025456815279],
    [-0.5386718674216736, 0.6621404867386694, -0.7535652307733458]
  ],
  "25": [
    [-0.6465111639009989, -0.895041447632032, -0.9336820167890251]
  ],
  "26": [],
  "27": [],
  "28": [],
  "29": [],
  "30": [],
  "31": [
    [-0.7091295897406323, 0.38478981697652187, -0.7537357545150231],
    [0.7043069974953222, 0.3958975956871589, -0.7511369634240562]
  ],
  "32": [],
  "33": [
    [0.5707963298144925, 0.6684599057452671, -0.9449791688104817]
  ],
  "34": [],
  "35": [],
  "36": [
    [-0.9620732256754043, -0.48296442861688904, 0.9021734380793235]
  ],
  "37": [],
  "38": [],
  "39": [],
  "40": [],
  "41": [],
  "42": [],
  "43": [],
  "44": [
    [0.8094961600711568, -0.7903332187701555, -0.7598156953701201],
    [0.8964697657411949, -0.9927821211433085, 0.4854315936221546]
  ],
  "45": [],
  "46": [
    [0.7498798316032667, 0.9995512244597121, -0.6343861904416791]
  ],
  "47": [],
  "48": [
    [-0.42320406777555186, -0.4043837393224164, 0.8919769388387502]
  ],
  "49": [],
  "50": [],
  "51": [],
  "52": [],
  "53": [],
  "54": [
    [-0.6046349808011541, -0.9591829182591187, -0.9403345664296195]
  ],
  "55": [],
  "56": [
    [-0.24466290323473225, 0.7851178866889399, 0.30327438853305294]
  ],
  "57": [],
  "58": [
    [-0.7187145275667343, 0.47118401466548393, -0.870002598526807],
    [0.8858454667636758, 0.38747750893593697, -0.8592697250491871]
  ],
  "59": [],
  "60": [],
  "61": [],
  "62": [],
  "63": [],
  "64": [],
  "65": [],
  "66": [],
  "67": [],
  "68": [],
  "69": [],
  "70": [],
  "71": [],
  "72": [],
  "73": [],
  "74": [],
  "75": [],
  "76": [],
  "77": [],
  "78": [],
  "79": [],
  "80": [],
  "81": [],
  "82": [
    [-0.8928755994902937, -0.8929639124504584, 0.9889166949409239],
    [-0.866164981077714, -0.4078463226537664, 0.13533591248725524],
    [0.6139859549874858, -0.5786656756984574, -0.33614037634651267],
    [0.7854025030566513, -0.4498564296018775, -0.15818568643341682],
    [0.5298567933677568, 0.6542817237851773, -0.5333820419465515]
  ],
  "83": [],
  "84": [],
  "85": [],
  "86": [
    [-0.580637937181864, -0.8435264572419306, -0.3311169268394161],
    [0.812844117606249, 0.36856930989583697, -0.7066529940505135]
  ],
  "87": [
    [-0.6110430242539162, -0.04769577877785078, -0.4418389440977474],
    [0.6110358903095456, -0.04769577904246, 0.4418406816360967]
  ],
  "88": [
    [-0.9812842482838873, 0.5975438193962331, 0.5279479784027034]
  ],
  "89": [],
  "90": [],
  "91": [],
  "92": [],
  "93": [],
  "94": [],
  "95": [],
  "96": [
    [0.3597684951213486, -0.9265594667445091, 0.9410035081559617]
  ],
  "97": [
    [0.9485894285523032, -0.9476476911952957, 0.21199505124812587]
  ],
  "98": [
    [-0.8427604592901545, 0.6547006636612064, 0.558834401010185]
  ],
  "99": [],
  "100": []
}
