{
  "1": [
    [-0.31314871353001633, 0.3318882314143934, -0.31411895602247475],
    [-0.5551222487794725, 0.6757078371293924, 0.7979316675869061],
    [-0.32188365618218945, 0.3858211551768169, 0.38788327294755626],
    [-0.3705760524370013, 0.5587526722719427, 0.5899195109195421],
    [0.3239535364760144, 0.24430179613570518, -0.5524028546516376],
    [0.5431337396580438, 0.8361930104769523, 0.6994154874226176]
  ],
  "2": [],
  "3": [],
  "4": [],
  "5": [],
  "6": [],
  "7": [
    [-0.25303964197551915, 0.3673577454637434, 0.6398508547380531],
    [-0.2898815172134458, 0.9989176286864158, 0.46686425241999724]
  ],
  "8": [],
  "9": [
    [0.9313335964089368, 0.25704490055397083, 0.46161665215937514]
  ],
  "10": [],
  "11": [
    [-0.3850503545872184, -0.5058104481864661, 0.6226052473974134],
    [-0.25248270775881954, -0.027834165832925757, 0.6909455329125714],
    [-0.23543326731600392, 0.22450160996481494, 0.7067663633702645]
  ],
  "12": [],
  "13": [],
  "14": [
    [-0.8265478075940245, 0.08605521114909212, 0.012595936849393889],
    [-0.7652125573853288, 0.08556076257447537, -0.01414041521026436],
    [-0.2847221573468477, 0.08384732410415499, -0.23733498474594647],
    [0.2832664824773654, 0.08366973989285437, 0.23865047780870363]
  ],
  "15": [
    [-0.24073119580302033, -0.57546810481113, -0.17221962393199003],
    [-0.26991120999504437, 0.5498933102791237, 0.16752226894861855],
    [0.5984986881632229, -0.8428033936376349, -0.4576814295592857]
  ],
  "16": [],
  "17": [],
  "18": [],
  "19": [],
  "20": [],
  "21": [
    [-0.1437103643866782, -0.10252506306740553, 0.4966810499442257]
  ],
  "22": [
    [0.9200643017648117, -0.09999500170961195, 0.3398315374115844],
    [0.9459101805571344, -0.9142436262409607, 0.08621250152858422]
  ],
  "23": [],
  "24": [],
  "25": [
    [-0.9441808645785273, -0.5517380732483764, -0.7199782157392094]
  ],
  "26": [],
  "27": [],
  "28": [],
  "29": [
    [0.4685489301996311, -0.0967644229155783, 0.08581536926567364]
  ],
  "30": [
    [0.8100155560899184, -0.7298635900696995, -0.16749623501554842],
    [0.7459840589872153, 0.30000403042009655, 0.3207744229508526]
  ],
  "31": [],
  "32": [],
  "33": [],
  "34": [
    [-0.026227641196530895, 0.9029281091530383, -0.29265392290588066]
  ],
  "35": [],
  "36": [],
  "37": [
    [0.6589169872871975, -0.6013713962827559, -0.5202239724712573],
    [0.7070038326281347, -0.5690320933165642, 0.45240851836460594]
  ],
  "38": [
    [0.15629863777117825, -0.997187419506195, 0.0917919819673607]
  ],
  "39": [],
  "40": [
    [0.04803420433429141, 0.5285157565498418, -0.8518849906709182],
    [0.06495969350506804, 0.42461901542180974, 0.7949829446413783]
  ],
  "41": [],
  "42": [],
  "43": [
    [-0.5119737731922229, 0.5089176880146722, -0.5364140397763015],
    [-0.7002269297164087, 0.2868107285244192, -0.36619679403226224],
    [0.5554357903279574, -0.7326394467297119, -0.7672430654925321],
    [0.7713556146344339, 0.4492928629684564, -0.39961838459277926]
  ],
  "44": [],
  "45": [],
  "46": [],
  "47": [
    [-0.20885198398286278, -0.6189908880805829, 0.6964454278824909],
    [-0.1680910443798715, 0.6096292645336278, -0.6325223989265484]
  ],
  "48": [],
  "49": [],
  "50": [],
  "51": [
    [-0.20735917035120136, 0.43703051248691194, -0.7381850603286741],
    [0.7964939287029608, -0.4960467487291515, 0.9232463863059126]
  ],
  "52": [],
  "53": [
    [-0.8140030437187449, -0.4098223727696751, 0.13895231849126005],
    [-0.1743932806422737, -0.36018809554950443, 0.5579483464904564],
    [0.11142239214889037, 0.8776771130455121, -0.3853531259223819]
  ],
  "54": [
    [0.9449810925074305, -0.23862328883320927, 0.02228109183239866]
  ],
  "55": [
    [-0.15463693394211883, 0.9502128198696702, 0.5594149184076405]
  ],
  "56": [],
  "57": [],
  "58": [],
  "59": [],
  "60": [
    [0.6223629428725592, 0.8277589724798591, -0.5871805356865699]
  ],
  "61": [],
  "62": [
    [-0.037535373188584076, 0.5647919754643361, 0.21598134515355344]
  ],
  "63": [],
  "64": [
    [-0.9233367017779552, -0.9646950125350352, -0.7050364587417888]
  ],
  "65": [
    [-0.22374251825070327, -0.3133576700913746, 0.5506498524807953],
    [-0.20900504320949748, 0.1281402149754694, -0.47937955736313226]
  ],
  "66": [],
  "67": [
    [-0.30704117073089243, -0.7047940406293283, 0.9544527770579809],
    [-0.3253167560811785, -0.7744750628569295, -0.19760646947699823]
  ],
  "68": [],
  "69": [],
  "70": [
    [-0.7560098746583556, 0.6917552395632632, 0.3382294885633888]
  ],
  "71": [],
  "72": [],
  "73": [],
  "74": [
    [0.8489053876745742, -0.27113900700798416, 0.8314713067532269]
  ],
  "75": [
    [-0.6829982578214644, -0.16006901240939475, -0.8394341747959949]
  ],
  "76": [
    [-0.3383441144797477, -0.22996775411064296, -0.08192850505853315],
    [-0.3383441144797477, 0.22996775411064235, -0.08192850505853286],
    [0.4498908542926905, -0.44988947893680076, -0.28036511016573207],
    [0.4498908542926905, 0.4498894789368007, -0.28036511016573207]
  ],
  "77": [
    [0.5246782661424096, 0.5068040700507873, 0.1568839905538521]
  ],
  "78": [],
  "79": [],
  "80": [
    [0.7168471014414965, 0.5320807541931553, -0.5658664935204312]
  ],
  "81": [],
  "82": [
    [-0.43338143579799904, 0.9400574409675712, -0.8793232399761934]
  ],
  "83": [
    [-0.805878075324311, 0.5602549962769748, -0.40436718176285025]
  ],
  "84": [],
  "85": [],
  "86": [
    [-0.12999345610992707, -0.11906039332498415, -0.16545347626579684],
    [-0.13096069700208804, 0.11980198158958988, -0.1647630611631229]
  ],
  "87": [],
  "88": [],
  "89": [
    [0.337914528619168, 0.2841636893013051, -0.8930696745605667]
  ],
  "90": [],
  "91": [],
  "92": [
    [0.5592299648912818, -0.6063779146214302, -0.7523450705421376],
    [0.6371203201859227, -0.68713212627271, -0.5244991623036805]
  ],
  "93": [],
  "94": [],
  "95": [
    [0.6006265832402681, -0.5504737904529383, -0.904000175980553],
    [0.40381320831803186, -0.7280288465777951, 0.6433707173477674]
  ],
  "96": [
    [0.131119938363362, -0.6881586343414615, 0.4176337391625825]
  ],
  "97": [],
  "98": [],
  "99": [],
  "100": []
}
