{
  "1": [],
  "2": [],
  "3": [],
  "4": [],
  "5": [],
  "6": [],
  "7": [],
  "8": [],
  "9": [],
  "10": [],
  "11": [],
  "12": [],
  "13": [],
  "14": [],
  "15": [],
  "16": [],
  "17": [],
  "18": [],
  "19": [],
  "20": [],
  "21": [],
  "22": [],
  "23": [],
  "24": [],
  "25": [],
  "26": [],
  "27": [],
  "28": [],
  "29": [
    [0.9616420045014458, -0.9938488995398578, -0.5632287901757049]
  ],
  "30": [],
  "31": [],
  "32": [],
  "33": [],
  "34": [],
  "35": [
    [-0.7771678432259195, 0.9209494306094609, -0.8899827278660168],
    [-0.8432358532775812, 0.86419779888349, 0.874920159068835]
  ],
  "36": [],
  "37": [
    [-0.9046585767412021, -0.7994932838327893, -0.7435659865485326],
    [0.7672520944061108, -0.8863718541927037, -0.8181965869520138],
    [0.8286024502838399, 0.9229847057313695, 0.7637141372170744],
    [0.9101168381211446, 0.8221001521500337, 0.9905571138293555]
  ],
  "38": [],
  "39": [],
  "40": [],
  "41": [
    [-0.9337672484489498, 0.9656300231501284, -0.909533321003767]
  ],
  "42": [
    [-0.937427612407663, -0.8178749162844233, 0.9210497788715232],
    [0.6869569957128419, 0.9750591064263172, 0.9137087325606101]
  ],
  "43": [],
  "44": [],
  "45": [],
  "46": [],
  "47": [
    [-0.8585435840012496, -0.9266980091154194, -0.9442578992272329]
  ],
  "48": [
    [-0.9167748317829679, -0.6976378391113144, 0.5774603005634703],
    [-0.6492803491883535, 0.8087290508089411, -0.9043498109401396],
    [0.5777626668579193, -0.7797413427440404, -0.8917866012933413],
    [0.8456277846163441, -0.9647511257913184, -0.7159023588807114],
    [0.8503217049313222, -0.8770398857849848, -0.6547803659502159]
  ],
  "49": [],
  "50": [],
  "51": [],
  "52": [],
  "53": [],
  "54": [],
  "55": [],
  "56": [],
  "57": [],
  "58": [],
  "59": [],
  "60": [],
  "61": [],
  "62": [],
  "63": [
    [0.6064108042971649, 0.9045640366231494, 0.9335272140251119]
  ],
  "64": [],
  "65": [
    [0.9323587118654295, 0.9657097723800891, -0.9989687656193551]
  ],
  "66": [],
  "67": [],
  "68": [],
  "69": [
    [-0.9938998250594363, -0.4406193040784472, -0.933928929575921]
  ],
  "70": [],
  "71": [],
  "72": [],
  "73": [],
  "74": [],
  "75": [
    [-0.9476507653757457, -0.890052239272456, 0.9427459377616042],
    [0.979916737525085, 0.9922811498299778, 0.6101739034138142]
  ],
  "76": [],
  "77": [],
  "78": [],
  "79": [],
  "80": [],
  "81": [],
  "82": [],
  "83": [],
  "84": [],
  "85": [
    [0.7955777361980871, -0.8642254437695894, -0.8347551292489706]
  ],
  "86": [],
  "87": [],
  "88": [],
  "89": [],
  "90": [
    [0.8967686754367935, 0.6136110381576015, -0.8442805747838699]
  ],
  "91": [],
  "92": [],
  "93": [],
  "94": [],
  "95": [],
  "96": [],
  "97": [
    [-0.9193463843127379, -0.8532206469470796, 0.7740707127134342],
    [0.8124309115621121, 0.900910833618168, -0.8197588256707433]
  ],
  "98": [],
  "99": [],
  "100": []
}
