{
  "1": [],
  "2": [],
  "3": [],
  "4": [
    [-0.232057082477183, -0.700181461295438, -0.12549086647902047],
    [0.1871072636390732, -0.279221856479508, -0.9911724371147772]
  ],
  "5": [],
  "6": [],
  "7": [],
  "8": [
    [0.736523151094425, -0.24505311982991382, -0.9606629981040223]
  ],
  "9": [],
  "10": [
    [-0.7146132552462906, 0.6885042873872178, 0.3619455184701621]
  ],
  "11": [
    [-0.5458952615250519, -0.6155674911114734, -0.08250721884819039],
    [-0.7385185102936253, 0.8691357699343619, -0.07678084105511364]
  ],
  "12": [],
  "13": [
    [-0.8841272246695049, 0.8465858762414302, 0.3912290829857245]
  ],
  "14": [],
  "15": [],
  "16": [],
  "17": [],
  "18": [],
  "19": [],
  "20": [],
  "21": [
    [-0.9228259996175664, 0.667591754730443, -0.8719875847155745]
  ],
  "22": [],
  "23": [
    [-0.7126604512985065, -0.14248055860221043, 0.2969596523577867]
  ],
  "24": [
    [-0.45812613076753994, 0.010990860813866514, 0.9012184557909256],
    [0.4584486667179005, 0.010990860814913022, 0.9002719692313728]
  ],
  "25": [],
  "26": [
    [-0.9406289011306301, -0.9009756096624316, -0.920047050480513]
  ],
  "27": [],
  "28": [],
  "29": [],
  "30": [],
  "31": [
    [0.7479238004398553, 0.21091461509406922, -0.8635574810119288]
  ],
  "32": [
    [-0.4518234568372867, 0.03498340247419228, -0.04693847697463182],
    [0.4519990189237212, 0.034975020502235096, -0.04009224555907363]
  ],
  "33": [],
  "34": [],
  "35": [
    [-0.12745887072887302, 0.8099040803479199, -0.4218907209361092]
  ],
  "36": [
    [-0.05211129125345512, 0.5427786329574539, -0.7932462005823854]
  ],
  "37": [],
  "38": [
    [0.4900440334603964, 0.79661317674209, -0.9835911306257684]
  ],
  "39": [],
  "40": [
    [-0.9577782327059341, 0.050720717838484024, 0.7373517125186779],
    [0.8979203963740041, -0.05370151853264751, 0.7371992920904917]
  ],
  "41": [],
  "42": [],
  "43": [],
  "44": [],
  "45": [],
  "46": [],
  "47": [],
  "48": [],
  "49": [],
  "50": [],
  "51": [],
  "52": [
    [0.4921991021026394, -0.5197522217662818, -0.8631685294138844],
    [0.9976541881145735, -0.46046087371118893, -0.5018347517747691]
  ],
  "53": [],
  "54": [],
  "55": [
    [0.9105114614681066, 0.9271557142215213, 0.2126903195571921]
  ],
  "56": [],
  "57": [],
  "58": [
    [-0.39065898545340777, 0.9968665838781232, 0.30429208480583686],
    [-0.38928549886731223, 0.9308783430594306, 0.4180813593038189]
  ],
  "59": [
    [-0.7784820438078102, -0.8145814947803004, 0.3407065547587309]
  ],
  "60": [
    [-0.9163668373665613, 0.6350854598336736, 0.8965028044119536]
  ],
  "61": [],
  "62": [],
  "63": [
    [-0.38426879702838174, 0.5496653086133398, -0.5188905916686307]
  ],
  "64": [
    [-0.5447537532660209, 0.9116643127751398, -0.9282411383231114],
    [0.5418355662982536, 0.9068446603351694, 0.9419900141448089]
  ],
  "65": [
    [-0.6413334119662156, -0.7036176450548597, -0.777941408120215]
  ],
  "66": [
    [-0.886173803818899, 0.31506819722692647, 0.6809478490490822]
  ],
  "67": [],
  "68": [],
  "69": [],
  "70": [],
  "71": [],
  "72": [],
  "73": [],
  "74": [
    [-0.5716940404319597, 0.9458119948463479, -0.3275221936893838],
    [0.9705279654676269, 0.3966837574077044, 0.7960605551493452]
  ],
  "75": [],
  "76": [],
  "77": [
    [0.6279731536051556, -0.7276044119693758, -0.4224706105114609]
  ],
  "78": [],
  "79": [],
  "80": [
    [0.35188688376643984, -0.7580773306611186, 0.6767238632200867]
  ],
  "81": [],
  "82": [],
  "83": [],
  "84": [],
  "85": [],
  "86": [],
  "87": [
    [0.7720456641073705, -0.5771098794621059, -0.5444634382649255]
  ],
  "88": [
    [-0.24664988316263337, -0.4719864546979834, 0.7304692726477701]
  ],
  "89": [],
  "90": [],
  "91": [],
  "92": [
    [-0.29895105001543415, 0.9173399520207386, -0.04595846672202323]
  ],
  "93": [],
  "94": [],
  "95": [],
  "96": [
    [0.586508568734071, -0.9603685352267557, 0.9566194343007157]
  ],
  "97": [],
  "98": [],
  "99": [],
  "100": [
    [0.43214067948912416, -0.7636516729823051, -0.19499689978098292],
    [0.3910283943746779, -0.03814896016898129, -0.8852960676671694]
  ]
}
