{
  "1": [],
  "2": [],
  "3": [],
  "4": [],
  "5": [],
  "6": [],
  "7": [],
  "8": [],
  "9": [],
  "10": [],
  "11": [],
  "12": [],
  "13": [],
  "14": [],
  "15": [],
  "16": [],
  "17": [],
  "18": [],
  "19": [
    [-0.510098617772897, -0.9720404183093336, -0.7228885257002048]
  ],
  "20": [],
  "21": [],
  "22": [],
  "23": [
    [-0.7529222587270724, 0.4184294304676336, 0.6645081816706929]
  ],
  "24": [
    [-0.6067883997326209, 0.9508577920639238, 0.8401127550406472],
    [0.7283820488528523, -0.3318288107084395, -0.5965829382924568],
    [0.7301388922141597, -0.33171222272410583, 0.5947780222568507]
  ],
  "25": [],
  "26": [],
  "27": [],
  "28": [],
  "29": [],
  "30": [
    [0.8381892434798355, -0.6675916018534619, -0.9469451900018924]
  ],
  "31": [],
  "32": [],
  "33": [
    [-0.6589701055278326, 0.6661171222998227, -0.6728823617468491]
  ],
  "34": [],
  "35": [],
  "36": [],
  "37": [],
  "38": [],
  "39": [
    [-0.2947839035271403, 0.4972444201942626, -0.24975417830297936],
    [-0.30156121422741095, 0.4860546789344445, 0.24922122578098632]
  ],
  "40": [],
  "41": [],
  "42": [],
  "43": [
    [-0.8243533740645106, 0.5311823348240059, 0.23723355183137326]
  ],
  "44": [],
  "45": [],
  "46": [],
  "47": [],
  "48": [],
  "49": [],
  "50": [
    [0.8762349516180615, 0.9344165353113517, -0.12447733182186435],
    [0.8472914208215021, 0.9500255484254608, 0.12714195703704523]
  ],
  "51": [],
  "52": [],
  "53": [],
  "54": [
    [0.7001059781578002, -0.8903928451969869, -0.6982346133593821],
    [0.7807931453896337, 0.8833451323522961, -0.595527347095434]
  ],
  "55": [],
  "56": [
    [-0.3421636228961766, -0.7367111339166886, -0.6696637912225067]
  ],
  "57": [
    [0.8833461170133027, 0.6046449156805587, 0.9126432902994269]
  ],
  "58": [],
  "59": [],
  "60": [],
  "61": [],
  "62": [],
  "63": [],
  "64": [],
  "65": [],
  "66": [
    [0.9063848568397258, -0.5002211712069977, 0.8498430295032413]
  ],
  "67": [],
  "68": [
    [-0.7529925608826419, 0.8978829905004199, -0.5333039504510176]
  ],
  "69": [],
  "70": [],
  "71": [],
  "72": [],
  "73": [
    [0.5941772956309653, -0.655541149601441, -0.9887717311261931]
  ],
  "74": [],
  "75": [
    [-0.848475495321574, 0.7624878558497886, 0.9812355055514191]
  ],
  "76": [],
  "77": [],
  "78": [
    [0.6341563240461637, 0.35350018030307706, 0.9354277199657405]
  ],
  "79": [],
  "80": [],
  "81": [],
  "82": [],
  "83": [],
  "84": [],
  "85": [
    [0.4309955645003148, -0.7957084873049153, -0.8642016048324114]
  ],
  "86": [
    [-0.2770867747812159, 0.2993964064796138, -0.8874938498148537]
  ],
  "87": [
    [-0.9756045152875323, -0.36726916744998633, -0.4009715016901978],
    [0.6221181283758282, 0.7300771469282213, 0.6760803168322084]
  ],
  "88": [
    [0.17547619048178364, -0.7004546956851269, 0.35701714870154133]
  ],
  "89": [],
  "90": [],
  "91": [],
  "92": [],
  "93": [
    [0.6616101509285514, -0.8046689890913054, 0.5511590225167956],
    [0.6677019155315436, 0.8208748827988575, 0.532796705055658]
  ],
  "94": [],
  "95": [],
  "96": [],
  "97": [],
  "98": [],
  "99": [],
  "100": []
}
