{
  "1": [],
  "2": [],
  "3": [],
  "4": [],
  "5": [],
  "6": [],
  "7": [],
  "8": [],
  "9": [],
  "10": [],
  "11": [],
  "12": [],
  "13": [],
  "14": [],
  "15": [],
  "16": [],
  "17": [],
  "18": [],
  "19": [],
  "20": [
    [0.5883427410954307, -0.5767539641745045, -0.9430231798183422],
    [0.5948117801622824, -0.5724761050560321, 0.9436951347577792]
  ],
  "21": [],
  "22": [],
  "23": [],
  "24": [],
  "25": [],
  "26": [],
  "27": [],
  "28": [
    [-0.7049833817672738, -0.9203074467358904, -0.907891965628597]
  ],
  "29": [],
  "30": [],
  "31": [],
  "32": [],
  "33": [],
  "34": [],
  "35": [],
  "36": [],
  "37": [],
  "38": [
    [-0.8105351489896937, -0.851705983544729, -0.9924180019849966]
  ],
  "39": [],
  "40": [],
  "41": [],
  "42": [],
  "43": [],
  "44": [],
  "45": [],
  "46": [],
  "47": [],
  "48": [
    [-0.8192792800387434, 0.9098355624544905, 0.8617068474143529]
  ],
  "49": [],
  "50": [],
  "51": [],
  "52": [],
  "53": [],
  "54": [],
  "55": [],
  "56": [],
  "57": [],
  "58": [],
  "59": [],
  "60": [
    [-0.85504488986577, -0.9917108697191067, 0.9764275975853626]
  ],
  "61": [],
  "62": [],
  "63": [],
  "64": [],
  "65": [],
  "66": [],
  "67": [],
  "68": [],
  "69": [],
  "70": [],
  "71": [
    [-0.9042405734292825, -0.8228616292323943, -0.930857028097299]
  ],
  "72": [],
  "73": [],
  "74": [],
  "75": [],
  "76": [],
  "77": [],
  "78": [],
  "79": [],
  "80": [],
  "81": [],
  "82": [],
  "83": [
    [-0.5919081450224832, -0.95209448291594, 0.7939422880845487],
    [-0.6065097103570695, 0.9399516096403763, 0.9020543954715706]
  ],
  "84": [],
  "85": [],
  "86": [],
  "87": [],
  "88": [],
  "89": [],
  "90": [
    [0.9975401733556569, 0.20490339571178218, 0.7186969786943166],
    [0.8391094124277106, 0.579667451990938, 0.3823655587283637]
  ],
  "91": [],
  "92": [],
  "93": [],
  "94": [],
  "95": [
    [-0.62555774497231, 0.8506129104440026, 0.9336107900191046]
  ],
  "96": [],
  "97": [],
  "98": [],
  "99": [],
  "100": []
}
