{
  "1": [],
  "2": [],
  "3": [],
  "4": [
    [0.6036328845243505, -0.4399131125789181, -0.92438195684286]
  ],
  "5": [],
  "6": [
    [-0.9576151941983109, -0.5412095360872837, -0.9686525030074347]
  ],
  "7": [],
  "8": [
    [-0.8478311788969042, -0.429156917212127, -0.6220134764727048]
  ],
  "9": [],
  "10": [],
  "11": [],
  "12": [],
  "13": [
    [0.8002745120158294, 0.7017467954230062, 0.8979032315713169]
  ],
  "14": [],
  "15": [],
  "16": [],
  "17": [],
  "18": [
    [0.742611978724951, -0.027415441985182327, -0.9459898262917906]
  ],
  "19": [
    [-0.63091230362338, -0.7888138357868172, 0.538295103760053]
  ],
  "20": [
    [-0.5723323103556385, -0.9597985181032813, 0.305460873698785]
  ],
  "21": [
    [0.620791180660982, 0.11059245430861736, -0.7531586352192983]
  ],
  "22": [],
  "23": [],
  "24": [],
  "25": [
    [-0.39966957826678046, -0.9075634382200186, 0.5652066750550344],
    [-0.4312519780946257, 0.9055255628944912, -0.5315243231514256]
  ],
  "26": [],
  "27": [],
  "28": [],
  "29": [],
  "30": [
    [0.22685517966186128, -0.7303727529801989, -0.9753566602387409],
    [0.7383339905487571, -0.6550929921007823, 0.9342692574003246]
  ],
  "31": [],
  "32": [],
  "33": [],
  "34": [],
  "35": [],
  "36": [
    [-0.597543456851411, 0.8018704191967322, 0.06774281351977529],
    [0.6530544269245818, -0.7253056812343383, 0.36861230454187854],
    [0.6355065760621731, -0.7539627485023741, 0.2725595261899603]
  ],
  "37": [],
  "38": [],
  "39": [],
  "40": [
    [-0.5893726090571295, 0.17911313793306585, -0.9858884588373545]
  ],
  "41": [],
  "42": [],
  "43": [
    [0.24558073113819637, -0.4774212606032089, -0.7828119144082423]
  ],
  "44": [],
  "45": [],
  "46": [],
  "47": [],
  "48": [],
  "49": [],
  "50": [],
  "51": [],
  "52": [],
  "53": [
    [0.9066368034338748, 0.8632818802623148, -0.9027758863076302]
  ],
  "54": [],
  "55": [],
  "56": [],
  "57": [],
  "58": [],
  "59": [],
  "60": [],
  "61": [],
  "62": [],
  "63": [],
  "64": [],
  "65": [],
  "66": [],
  "67": [
    [-0.5806895329560046, -0.43716291640409516, 0.9260947941057487]
  ],
  "68": [],
  "69": [],
  "70": [],
  "71": [
    [-0.5321410973142695, -0.9971964126044411, -0.9980961513543043]
  ],
  "72": [],
  "73": [],
  "74": [],
  "75": [],
  "76": [],
  "77": [],
  "78": [],
  "79": [],
  "80": [],
  "81": [],
  "82": [],
  "83": [
    [0.722877570771052, 0.9563411127383242, 0.6920100469965098]
  ],
  "84": [],
  "85": [],
  "86": [],
  "87": [],
  "88": [
    [0.9289441287278747, 0.680589025304648, -0.9132116474270271]
  ],
  "89": [],
  "90": [],
  "91": [
    [-0.610621009824241, 0.8789137901221232, 0.29979561226948925]
  ],
  "92": [],
  "93": [],
  "94": [
    [0.686210404740539, -0.4172171429370895, -0.7224298529092844]
  ],
  "95": [
    [0.9788008521734335, -0.40670871292380156, 0.8690834003585833]
  ],
  "96": [],
  "97": [],
  "98": [],
  "99": [],
  "100": []
}
