{
  "1": [],
  "2": [
    [-0.8526085845504429, -0.0657958308228363, 0.586756521394753],
    [0.8905438728123355, -0.07089071547862504, 0.16969362662459156]
  ],
  "3": [
    [-0.6970904100902511, 0.34760776542194405, -0.1283716052263505],
    [0.6667613660750206, 0.3380539888997506, 0.06664364633865548]
  ],
  "4": [
    [-0.92243930705728, -0.05518928762233828, 0.16958478022432596]
  ],
  "5": [
    [-0.22419948587368121, 0.043476715638042375, -0.2479841808740614],
    [-0.23322189488950218, 0.003953607368893203, 0.06228190681146891]
  ],
  "6": [],
  "7": [
    [-0.7893597543679197, 0.010180726246934547, 0.03301762224601613]
  ],
  "8": [
    [-0.1261224430402527, 0.6247356478975086, -0.2337085605145029]
  ],
  "9": [
    [-0.2984857601879245, 0.31691616840819636, -0.327957154524422]
  ],
  "10": [],
  "11": [],
  "12": [
    [-0.9577761099841615, -0.3188963557410723, 0.21918142633843538]
  ],
  "13": [],
  "14": [],
  "15": [
    [-0.9732918875163357, -0.6330504829901521, -0.9572358693174873],
    [0.1246634134401726, -0.5315630442373926, -0.010614493810641851],
    [0.5266785334735087, 0.27686535836175924, -0.012411097974972793]
  ],
  "16": [
    [0.17597249652167246, -0.12087647940421836, -0.7200558802890135]
  ],
  "17": [
    [0.5579301744208196, -0.4264230953809309, -0.3685650295192399]
  ],
  "18": [],
  "19": [],
  "20": [
    [-0.09588179746955296, -0.09860058631598595, -0.33575089240530015],
    [-0.06693972066516529, 0.4656121215572323, 0.7181626519685986]
  ],
  "21": [
    [-0.6689602928089363, -0.1341241908920572, -0.1650842137948945],
    [0.044114307658712285, 0.2517850398228007, -0.8938948809424343]
  ],
  "22": [
    [0.06717853280303725, -0.02201979839049367, 0.2563514689867264]
  ],
  "23": [],
  "24": [
    [0.008259377036478596, -0.019554726554150057, -0.1724334943508922]
  ],
  "25": [],
  "26": [
    [-0.7422123885433495, 0.47434502898626985, 0.09900543638141496]
  ],
  "27": [
    [-0.0734708245865299, -0.7831341875177152, 0.7712800462471561]
  ],
  "28": [],
  "29": [],
  "30": [],
  "31": [],
  "32": [
    [-0.23155193689986617, -0.05976109693140764, -0.265103238246117],
    [-0.2633676627152306, -0.031072859200679367, 0.13215305865642898]
  ],
  "33": [
    [-0.40402532259944735, -0.4568231778456787, 0.3573045976036847]
  ],
  "34": [
    [-0.328606975495799, 0.8088903720952803, 0.44131111385558913]
  ],
  "35": [],
  "36": [
    [-0.6161569436914508, -0.754875559027223, 0.21139781547676859],
    [-0.9839200452747187, 0.5407280882460163, -0.18031481119314877],
    [0.44266346255656364, 0.6454007329475667, 0.13338173571506926]
  ],
  "37": [],
  "38": [
    [-0.5963191942598344, -0.017609150848234688, 0.20842862239266693]
  ],
  "39": [],
  "40": [],
  "41": [],
  "42": [
    [-0.4819346550646408, 0.6121463718547537, 0.09712109639283321]
  ],
  "43": [],
  "44": [
    [0.10292467587100557, -0.22873833878583727, 0.004371193227767584]
  ],
  "45": [
    [0.8789792607822282, 0.089817616868955, -0.11938187694687896],
    [0.7011253419426074, -0.07176808193649192, 0.143794140067162]
  ],
  "46": [
    [-0.06865774526137547, 0.6286031904011502, -0.0004578659446619076]
  ],
  "47": [
    [-0.16305648236012807, -0.34614171066770505, -0.8150933720130615],
    [-0.0017416794188064365, 0.4880573086264087, -0.026397295469176747]
  ],
  "48": [
    [-0.06672559837957286, -0.09280077204500523, -0.4942946273848541]
  ],
  "49": [
    [-0.11549903440301848, -0.04614910940492459, 0.7428264231114396],
    [-0.270073760836796, 0.43751053351691727, -0.6881489923104467],
    [-0.16296023842303603, 0.2039076610870263, -0.6425462286261066]
  ],
  "50": [],
  "51": [],
  "52": [
    [-0.14844247011211162, -0.02850843891979339, 0.20503520947455553]
  ],
  "53": [
    [0.5138391477122427, -0.2779940622963183, 0.7618781346425938],
    [0.6190584398547864, -0.26535348320648283, 0.39808302323556444],
    [0.5516114490443937, 0.33263675961508604, 0.2642107898237376]
  ],
  "54": [],
  "55": [
    [0.08370326687618367, -0.6543338613064331, -0.22234539333001802]
  ],
  "56": [],
  "57": [],
  "58": [],
  "59": [
    [0.34176287113381154, -0.1010373275313499, 0.04918323975361591]
  ],
  "60": [],
  "61": [
    [-0.4269730818971697, 0.08168599762851098, -0.08884486476159015],
    [0.4284390943741119, 0.09174805515284519, 0.08775042337992028]
  ],
  "62": [],
  "63": [
    [-0.6897306133754032, -0.605285709142437, -0.5730109999075519]
  ],
  "64": [],
  "65": [
    [-0.5753718275162131, -0.22054361404030295, -0.8848930610705078],
    [-0.3757783473025231, 0.07976862186067375, 0.33973421538548143]
  ],
  "66": [],
  "67": [],
  "68": [
    [0.6060040406746797, -0.3541704582656096, -0.01045871460714653],
    [0.5927654797080334, 0.3540933721899738, -0.010392575683598389]
  ],
  "69": [],
  "70": [],
  "71": [],
  "72": [],
  "73": [
    [-0.20582322100513822, 0.069758516846149, -0.2504743007348157]
  ],
  "74": [
    [-0.10918065221749301, -0.9224577687993982, -0.24140036040721277],
    [-0.13578110579964903, -0.4735426839633942, -0.10009873006808502],
    [-0.16468716318749238, 0.5671413538329165, -0.13018734394624606],
    [-0.22337096634791395, 0.6238410006999915, -0.22506629238602627]
  ],
  "75": [
    [-0.8172589371665469, 0.7594663425042758, -0.4409299979436017]
  ],
  "76": [],
  "77": [],
  "78": [
    [-0.008625357956602896, 0.13523685087778434, 0.8573677222019236],
    [0.39352779139010363, 0.1560565895480929, 0.7146335325694476]
  ],
  "79": [
    [-0.3692691005423069, -0.7661485092641215, 0.7576468307550167],
    [0.49206262532458955, 0.5576670052769503, 0.577935672955722]
  ],
  "80": [
    [-0.03141854985086356, 0.011620555638457795, -0.21784403887939824]
  ],
  "81": [
    [0.1777164170139963, 0.07666403412116363, -0.44321385987461737]
  ],
  "82": [
    [0.48352721391020964, -0.01832395537426089, -0.7926281574444947]
  ],
  "83": [],
  "84": [
    [-0.18506534461131216, 0.31521998863108197, -0.4633126880503303],
    [-0.020189553116282937, 0.587794875087558, -0.35568484111100657],
    [0.057616754209870114, -0.5652415209257629, -0.33660385179262053],
    [0.18800774284918276, 0.2865687020017294, -0.3261779287496972]
  ],
  "85": [
    [-0.3036510509496049, -0.13458383943604288, 0.9884555161002825]
  ],
  "86": [],
  "87": [
    [0.31111026741003955, 0.8771004287591601, -0.4732436662933558]
  ],
  "88": [],
  "89": [],
  "90": [],
  "91": [
    [0.1199953716637572, -0.2635051878706204, -0.5447152803763033]
  ],
  "92": [
    [0.11135518628544, -3.151201352528215e-05, 0.3779006776945103]
  ],
  "93": [],
  "94": [],
  "95": [],
  "96": [
    [-0.4548523700484551, -0.5863984561233171, 0.055437812094110764]
  ],
  "97": [],
  "98": [],
  "99": [
    [-0.12315473487375343, -0.9100966576425048, 0.44383680691589167],
    [-0.25940532656187415, -0.9784011797484945, 0.6566057283310918],
    [-0.12152700287814319, 0.913583587257919, -0.4190224776971839]
  ],
  "100": []
}
