{
  "1": [],
  "2": [],
  "3": [],
  "4": [],
  "5": [],
  "6": [],
  "7": [],
  "8": [
    [-0.3495457327616373, -0.9677281574271291, 0.8784552982329741],
    [0.3551494969052377, 0.960075265385788, 0.8643524069842174]
  ],
  "9": [],
  "10": [
    [-0.9919191643551717, 0.7325727210355903, 0.568764230242874]
  ],
  "11": [],
  "12": [
    [0.8988699877228763, -0.67337513645023, 0.89998026504861]
  ],
  "13": [],
  "14": [
    [-0.7137410162006349, -0.7305369918026992, -0.7341617602831259],
    [0.7713812062898386, -0.9174624971067623, -0.7810502794290359]
  ],
  "15": [
    [0.6601551304339276, -0.8425287665542408, 0.6356373542252018]
  ],
  "16": [],
  "17": [],
  "18": [],
  "19": [],
  "20": [],
  "21": [],
  "22": [],
  "23": [],
  "24": [
    [-0.1925754039741695, -0.5857376166727748, 0.9160518520604725]
  ],
  "25": [],
  "26": [],
  "27": [],
  "28": [],
  "29": [
    [0.14191898181280016, 0.9456247513520979, -0.5913891718424396]
  ],
  "30": [],
  "31": [
    [-0.662169151928079, 0.954372555988515, 0.8130094918279543]
  ],
  "32": [],
  "33": [],
  "34": [],
  "35": [
    [0.8561107814916937, 0.9856219170486206, -0.6943754105261662]
  ],
  "36": [],
  "37": [],
  "38": [],
  "39": [
    [0.5067973562081757, 0.5566062076398108, 0.7591420805071294]
  ],
  "40": [],
  "41": [],
  "42": [],
  "43": [],
  "44": [
    [-0.25767313325630165, 0.9382571639443946, -0.7130991254322624],
    [0.2569744658002569, -0.9294081502945547, 0.7244427309475313]
  ],
  "45": [],
  "46": [],
  "47": [],
  "48": [
    [0.9059505255828623, -0.8140789810901888, -0.8103032585116862]
  ],
  "49": [],
  "50": [],
  "51": [],
  "52": [
    [-0.8839567745121486, 0.2139329382197483, 0.42808772469330614]
  ],
  "53": [
    [0.721556100108287, -0.17085640492581486, -0.8685341974776309]
  ],
  "54": [
    [-0.6230990505261018, -0.6982256895626099, -0.6858066110236974],
    [-0.6435929838026248, 0.6831270376614351, 0.668334003222773]
  ],
  "55": [],
  "56": [],
  "57": [],
  "58": [],
  "59": [],
  "60": [],
  "61": [],
  "62": [],
  "63": [],
  "64": [],
  "65": [],
  "66": [
    [-0.664513326629143, -0.8702070963984441, 0.19657878782782784],
    [0.5286439237140884, 0.7585883790577334, -0.39071833257374927]
  ],
  "67": [],
  "68": [],
  "69": [],
  "70": [],
  "71": [
    [0.5595543857714065, 0.4996750837400743, -0.5995396904145648]
  ],
  "72": [],
  "73": [],
  "74": [],
  "75": [],
  "76": [],
  "77": [],
  "78": [],
  "79": [],
  "80": [
    [-0.6276986254730641, -0.8006531467974187, -0.4230837007019501],
    [0.6276961389696959, 0.7999347730833326, 0.42345941723734914]
  ],
  "81": [],
  "82": [
    [0.6752701656106134, -0.9748603242571837, -0.7823667454355386]
  ],
  "83": [],
  "84": [],
  "85": [],
  "86": [],
  "87": [],
  "88": [],
  "89": [
    [-0.49108632261726415, 0.43288122900052745, 0.68903193707214]
  ],
  "90": [],
  "91": [],
  "92": [
    [-0.4405514885939699, -0.5868612619577582, -0.9006371983184616]
  ],
  "93": [],
  "94": [],
  "95": [],
  "96": [],
  "97": [],
  "98": [
    [0.9335919555331271, 0.7770039692482911, -0.625877655808535]
  ],
  "99": [],
  "100": []
}
