{
  "1": [],
  "2": [
    [-0.40257916623223156, 0.9913924260175698, -0.21139219311673868, 0.1309366242893068, 0.48421102124801635, 0.11694190005762137, 0.07220569766989722, 0.8650313055110145]
  ],
  "3": [],
  "4": [],
  "5": [],
  "6": [
    [0.8641670617652814, 0.43689566960985576, -0.04917939573199886, -0.07906907675216053, -0.22052258565318414, 0.5830001382604998, -0.45495213732118006, 0.07782017192277678]
  ],
  "7": [],
  "8": [],
  "9": [],
  "10": [],
  "11": [],
  "12": [],
  "13": [],
  "14": [],
  "15": [],
  "16": [],
  "17": [],
  "18": [],
  "19": [
    [-0.7178630198846454, -0.032241939303742126, -0.44544254117248483, 0.5070654215625271, 0.7557444987198778, 0.5836607026136889, -0.3799539003889474, -0.18554219439092157]
  ],
  "20": [],
  "21": [],
  "22": [
    [-0.17047256924480467, 0.23442700668389488, 0.10262718240099707, -0.7791869310808694, 0.5951590848057635, 0.9604516797386906, 0.8662817632732753, -0.5991772072377476],
    [0.6656693189848116, -0.15482878633329972, -0.4766019843412581, 0.5559027511304967, -0.38142628909754184, -0.7444001592689695, 0.6403504429709727, 0.733759666041738]
  ],
  "23": [],
  "24": [],
  "25": [],
  "26": [],
  "27": [],
  "28": [
    [0.11119399030915142, 0.7424733314355876, -0.6320474800844684, -0.28622193885716535, 0.401802993149329, 0.22504684515484935, -0.23298318136035392, 0.2699761491452564]
  ],
  "29": [],
  "30": [],
  "31": [],
  "32": [],
  "33": [],
  "34": [],
  "35": [],
  "36": [],
  "37": [],
  "38": [],
  "39": [],
  "40": [],
  "41": [],
  "42": [],
  "43": [
    [0.037106850684573686, -0.2240361991918517, -0.12782475181866998, -0.6714413215595233, 0.7634765932542211, -0.5896516068254278, -0.38133195688291205, -0.286410886334897]
  ],
  "44": [],
  "45": [],
  "46": [],
  "47": [],
  "48": [],
  "49": [],
  "50": [],
  "51": [],
  "52": [],
  "53": [],
  "54": [
    [0.5039233150614193, 0.9559505522543381, -0.05372517089078658, -0.6690375508477231, -0.6148373668562941, -0.8090087849908099, -0.6495801966991316, -0.7244551740539784]
  ],
  "55": [
    [0.8695973890766431, 0.028863763908510927, 0.0501633661553866, -0.35719204838771523, -0.16374232939114766, -0.23781584093249103, -0.26356007470372167, -0.12448982922550933],
    [0.9132347610781746, 0.15594036050595328, 0.049743880529299615, -0.35621218058845683, -0.19263115311890677, 0.07989144450497211, -0.2642866149811748, -0.18741079694456883]
  ],
  "56": [],
  "57": [],
  "58": [],
  "59": [
    [0.8268171162273247, -0.2563449840219999, 0.6772849497063985, 0.7169484052953904, -0.13799861687409473, 0.616907555715416, -0.6808701858285044, 0.07877084917580716]
  ],
  "60": [],
  "61": [],
  "62": [
    [-0.12909586847529292, -0.3654221605952885, -0.5345990690593011, -0.7606302308858521, -0.10095858342482295, -0.14289521927425963, 0.8200471580194373, 0.8801843848920189],
    [-0.15317113996179302, -0.34138617429710366, 0.5582924929893652, -0.7659091455643925, -0.08368006874274797, -0.18759620981117597, 0.8845714522444695, 0.7873277463714309]
  ],
  "63": [],
  "64": [],
  "65": [],
  "66": [
    [-0.45472292938068753, 0.6807661617139991, -0.7655162903238307, 0.8314868118449005, 0.1335418175171423, -0.9772294597169963, -0.014653742817267409, -0.16621225025334613],
    [-0.5905255091154293, 0.6348443792733074, 0.9191206763071539, -0.19947183740172428, -0.1210879364285674, 0.7520159829880305, 0.06264426694549588, -0.17314164430633994]
  ],
  "67": [],
  "68": [],
  "69": [],
  "70": [
    [-0.3481708788488191, -0.08252948883955254, -0.9162618265465512, -0.13181155476457193, 0.18749585435376379, -0.8389492309279681, 0.06804440171890004, -0.5791076867879807],
    [-0.367082481160745, -0.18566657345759055, -0.7786815635054432, -0.11740794652966076, 0.30144832086517637, -0.6623415219578451, 0.03615041512379345, -0.46746285137148763],
    [0.40595343309078, -0.9145230157918135, 0.3843954366321966, 0.09893757015423088, 0.47843002947569313, 0.8197219608644385, 0.027294266012001855, 0.4519289162610536]
  ],
  "71": [],
  "72": [],
  "73": [],
  "74": [],
  "75": [],
  "76": [],
  "77": [],
  "78": [],
  "79": [],
  "80": [],
  "81": [],
  "82": [],
  "83": [],
  "84": [],
  "85": [],
  "86": [],
  "87": [
    [0.8871544722675133, 0.3686856187917069, -0.916710607581849, 0.276299480207134, -0.699811891076803, -0.3651027550605972, -0.02355964352752468, 0.06874380878155431]
  ],
  "88": [],
  "89": [],
  "90": [],
  "91": [],
  "92": [],
  "93": [],
  "94": [],
  "95": [],
  "96": [],
  "97": [],
  "98": [],
  "99": [],
  "100": []
}
