{
  "1": [
    [-0.08517181063023574, 0.061669494386479506, 0.47775622430738274, -0.6575520607953595, 0.7191541786155862, -0.5423220312357576, 0.29442480385027375, 0.07836544212809061],
    [0.08528444286078116, 0.11957375337322362, 0.5631407652260298, -0.5978810412236245, 0.5093663487646057, 0.5239001424841911, -0.5083135366981255, 0.18660460385278493]
  ],
  "2": [],
  "3": [],
  "4": [],
  "5": [],
  "6": [],
  "7": [],
  "8": [],
  "9": [],
  "10": [],
  "11": [
    [-0.980142745703049, -0.38285250607013904, 0.9841498951059156, 0.8175927103978955, 0.6676008083621072, 0.8021279464402759, 0.22420732828515588, 0.896097992038738]
  ],
  "12": [],
  "13": [],
  "14": [
    [-0.9600772323585456, 0.31499463681837797, 0.4747300480801384, 0.35327190766114974, -0.07231958284306014, 0.8279814476110742, -0.6322798052606268, -0.3978292937739348]
  ],
  "15": [],
  "16": [
    [-0.30773034595329585, 0.6503728841445626, -0.5072489892899916, -0.8437603816840487, -0.24644923973005345, 0.6901390369273585, -0.17155509539247196, 0.00929303383563477]
  ],
  "17": [],
  "18": [
    [0.005423972032444453, -0.3705871550224404, 0.579837075546799, 0.017812093673994545, -0.09736185926575276, -0.25659039580926857, 0.323489027134656, -0.8826161034875685],
    [-0.28135713839296767, -0.4218562304986191, 0.8328332171243061, 0.0601588888421976, -0.11853130222930632, -0.4301121984071789, 0.14148340001833792, -0.40883541670271306]
  ],
  "19": [],
  "20": [
    [0.3301437126615796, 0.4396054036338382, 0.31328670227337224, -0.2376265779586565, 0.537918590551336, 0.3269628168372918, 0.10151274490216246, -0.9872801495808491]
  ],
  "21": [],
  "22": [],
  "23": [],
  "24": [],
  "25": [],
  "26": [],
  "27": [],
  "28": [],
  "29": [
    [0.4964178366786825, 3.9161809656018506e-05, -0.2824168785097321, 0.7854615404125064, 0.14014768770611155, -0.47596160841339824, 0.5956803093718592, -0.845199871656043]
  ],
  "30": [],
  "31": [],
  "32": [],
  "33": [],
  "34": [],
  "35": [],
  "36": [],
  "37": [],
  "38": [],
  "39": [],
  "40": [],
  "41": [],
  "42": [],
  "43": [
    [-0.4714284751168255, 0.013126448223165478, -0.6335998893050525, -0.7223826643099881, 0.3366987775360531, 0.24439994931938375, 0.9976421333681857, -0.43671486729928366],
    [-0.5766189521718889, -0.042184346521834254, -0.3795289160995589, 0.24566783538356013, 0.41282948646484885, -0.045545951845472964, 0.8633908716983213, -0.47236186861394264],
    [-0.0950003243183847, -0.20375948593569335, 0.8302114679955623, 0.5801890234972145, -0.8480494468364683, -0.13454864386292736, -0.173627200569472, 0.16293731495584005],
    [0.7327478840805698, -0.36262844105866643, 0.23973887001583616, 0.4064878449478815, 0.5307480578981496, -0.08477297122513655, -0.41595177864327754, -0.38433577042158595],
    [0.5186191075431148, 0.17113537844064355, -0.26422909223844016, 0.29213709026669943, -0.6087886626994626, -0.062343448782485524, 0.24945069262807607, 0.26293323933264445]
  ],
  "44": [],
  "45": [],
  "46": [],
  "47": [],
  "48": [],
  "49": [],
  "50": [
    [-0.4194883152770055, 0.581206753461944, 0.14636042920321268, -0.0004470181762347368, -0.15496030578947834, -0.1118088993341801, 0.05987378683922466, -0.798258636305257]
  ],
  "51": [],
  "52": [
    [0.989056666032922, -0.12430601349388126, 0.27772209023572925, -0.5113355704894726, -0.39458794002023206, 0.42040813013224865, -0.5819033989747847, -0.5667199540379108]
  ],
  "53": [],
  "54": [],
  "55": [],
  "56": [],
  "57": [],
  "58": [
    [0.08448201706546858, 0.0018713082384139356, 0.07467954671793804, 0.29511562697873295, -0.12067330285183332, -0.6620172502406968, -0.9776985534947994, -0.15584586073523135]
  ],
  "59": [],
  "60": [],
  "61": [],
  "62": [],
  "63": [],
  "64": [],
  "65": [],
  "66": [],
  "67": [],
  "68": [
    [0.9962378714904485, 0.9868153505451359, 0.7732689743537096, -0.08716547751110505, 0.5473407582972746, -0.7134273731046774, 0.1569359217619285, -0.12447118687024337]
  ],
  "69": [],
  "70": [],
  "71": [],
  "72": [],
  "73": [],
  "74": [],
  "75": [],
  "76": [],
  "77": [],
  "78": [],
  "79": [],
  "80": [
    [-0.17538415153889347, 0.14806697343731937, 0.01710437133925007, -0.4931881868413511, -0.1243015020025241, 0.0014380642248168758, 0.9695485041248866, -0.7338368263860698],
    [-0.8993235552575508, 0.14353410910548978, 0.03703256921798811, 0.7281452359596255, -0.168505128292809, 0.05557985525493895, 0.690320979988022, -0.6307301808037545]
  ],
  "81": [],
  "82": [],
  "83": [],
  "84": [],
  "85": [],
  "86": [],
  "87": [],
  "88": [],
  "89": [],
  "90": [],
  "91": [],
  "92": [],
  "93": [
    [-0.8316231503335496, -0.26365999060850726, -0.25223578019746223, -0.7609355701070665, -0.12380481950748509, 0.9519698501474558, 0.28966137973343703, -0.07828388014140293]
  ],
  "94": [],
  "95": [],
  "96": [],
  "97": [],
  "98": [],
  "99": [
    [0.989030412290514, 0.1564737159169317, -0.5290594898608946, 0.08006235247307988, 0.293248446006368, 0.07447758228190703, -0.11057950089546832, 0.5502909876280426]
  ],
  "100": []
}
