{
  "1": [],
  "2": [
    [-0.8859486369577158, 0.6083583441725801, -0.6154256405324008, -0.47390529625885724, -0.07778658887337127, -0.04567121203879684, -0.7620397067471667, -0.3941003728753837]
  ],
  "3": [
    [0.5440555092840741, -0.008429902647167028, 0.3400720252007996, 0.6633347660426709, -0.1549944667814094, 0.3626058757056674, -0.8478549531073952, -0.9759525129374594]
  ],
  "4": [
    [-0.028759850057492622, -0.14842040483283558, 0.6793863954788727, -0.08197581112563332, 0.026570419041805595, -0.6301069756507719, 0.7822022892141262, 0.3809846769880749]
  ],
  "5": [],
  "6": [],
  "7": [],
  "8": [],
  "9": [],
  "10": [],
  "11": [],
  "12": [],
  "13": [],
  "14": [],
  "15": [],
  "16": [],
  "17": [],
  "18": [
    [-0.21147558533913324, 0.06565722958935225, 0.888857951281508, -0.1306007139499527, -0.19674954320701707, -0.29654730696094384, -0.6208377558927983, -0.49795018814680597],
    [-0.19223432724347386, 0.047565646227311076, 0.9972276348139004, -0.08415879498279855, -0.1452450718132683, -0.32208756097641666, 0.6772666189793897, -0.3774984518926601]
  ],
  "19": [],
  "20": [
    [-0.7089171384531752, 0.238566392258763, -0.6978969051719839, 0.06965954072780844, -0.5517874544752827, -0.5700859419817671, 0.7637731139323474, 0.8433160237540639]
  ],
  "21": [],
  "22": [],
  "23": [],
  "24": [],
  "25": [
    [-0.3936007943114508, 0.6196609050153757, 0.7987991449535822, 0.07781919794903933, 0.4130127671519353, -0.7605594343686582, 0.439953166350916, 0.3564029760247334],
    [0.31730649755318024, -0.09298538171831952, 0.8622075262607021, 0.056210631417717295, -0.6849376244801365, -0.443240712453613, 0.16603152117330333, -0.07477831826309222],
    [0.3561909210157374, -0.18003467069520604, 0.6186083949162484, 0.08030974446649511, -0.4203447345730621, -0.6301178969765757, 0.5705087417899983, -0.17157971868038688]
  ],
  "26": [],
  "27": [],
  "28": [],
  "29": [],
  "30": [],
  "31": [],
  "32": [],
  "33": [],
  "34": [],
  "35": [],
  "36": [],
  "37": [],
  "38": [],
  "39": [],
  "40": [],
  "41": [],
  "42": [
    [0.05240738425604467, -0.25720683622762724, -0.12125061947094871, 0.4397036388619264, 0.39412157479637033, -0.399833000864265, 0.3912590724696035, -0.020188077984533596]
  ],
  "43": [
    [-0.5398341053458806, -0.14643466768288987, -0.9209477761718023, -0.1008492796234111, 0.04702114692605038, 0.9617312131561596, 0.572401617907124, 0.8165211218378842],
    [-0.5650082873703691, 0.12278324200603301, -0.9746338941128332, 0.12864631764678888, -0.03760870109497954, -0.9937658408569031, -0.6166793760260209, 0.986162386825964]
  ],
  "44": [],
  "45": [
    [0.6008341820395813, -0.8772101098055778, 0.2224585693699794, -0.4901348362757071, 0.38235214424986225, -0.1803184105371445, 0.041487596788353426, -0.5311175147488254]
  ],
  "46": [
    [-0.027080540535590267, -0.5077545326282137, -0.5771721813216519, -0.01932433232328555, 0.7194732519516401, 0.2512222404901632, -0.025398428565431827, 0.021906296464849664],
    [-0.0624683448721127, -0.3347746918196945, 0.6380322251850711, 0.03211800295440614, -0.5611650981169858, 0.1582652797410813, 0.043004343980462004, 0.02805552068865458],
    [-0.04566685707804643, -0.9995365797758498, 0.5854749539382288, 0.6931380404278512, 0.6168010919454061, 0.5189576371350917, 0.08446321745935484, 0.5556683081435245],
    [0.024700569470465734, 0.45508134339077005, -0.5773719651269167, -0.04550261468174718, 0.7410652519365024, -0.29861078364164373, -0.03851717300592168, 0.033968817443867226],
    [0.8241434652356522, 0.0028368506161448163, -0.6455885839418679, -0.12310796560691617, -0.1110207857743691, -0.706157065427167, -0.051537078437946034, 0.16307542895326163],
    [0.045249362909585575, 0.42521516205415677, 0.637099574670177, 0.01838778817651983, -0.605057213577276, -0.14982683461561272, 0.03254480758648373, 0.02301104136808551],
    [0.548250077345945, 0.04413515388954146, 0.629717194687359, 0.09776089969284182, -0.9781606867749998, 0.4693703278511901, 0.06558578083703878, 0.036058116397976896]
  ],
  "47": [
    [-0.8070763038816928, -0.7902716810582457, -0.016378270603640978, -0.633012710460069, 0.30260301527846967, -0.4161622997617296, 0.37742134166450764, 0.6016213531842427]
  ],
  "48": [],
  "49": [],
  "50": [],
  "51": [],
  "52": [],
  "53": [
    [0.04316148543746121, 0.9476002151899539, -0.7371554844318526, -0.040003167903806064, -0.03809436387152774, 0.08357238196855328, 0.1226927395308681, -0.04127865249906302]
  ],
  "54": [
    [-0.09532048187614722, -0.03606759122269272, 0.023102787882674045, -0.2790986455013962, -0.0799743488532258, -0.05624586869248558, 0.18331211676973214, -0.18145435849127475],
    [-0.1333180163909444, -0.07365451443876973, 0.18288790868065313, -0.01853851286409644, -0.10528452707677592, -0.07344131587907282, 0.2726121821478617, -0.26305293082364056],
    [-0.193553673750198, -0.16915695809553094, 0.33588963829361806, 0.09429547545225063, -0.17849112716663532, -0.1278137386151798, 0.5038086123540779, -0.47728060472306194],
    [-0.27901677539376357, 0.28624880010427595, 0.668528757715074, 0.30690851619785814, 0.19154145385330484, 0.11902350135969904, -0.569973399407591, 0.513703707530242]
  ],
  "55": [],
  "56": [],
  "57": [],
  "58": [],
  "59": [],
  "60": [
    [-0.044495621587793334, -0.1427033889682428, 0.8602473105347241, 0.07791321851980715, -0.7427760437181106, 0.12138358238915224, 0.5687408648919274, -0.01991749307594462]
  ],
  "61": [],
  "62": [
    [-0.26480531440569466, 0.12121609532785034, -0.7388810039113348, 0.15643636454136162, -0.44141566676272126, -0.24071627660372402, 0.4167574215688791, 0.08504752311512709]
  ],
  "63": [],
  "64": [],
  "65": [
    [0.02830812358094893, -0.079098503958393, -0.10879907587770839, -0.47481978462446517, 0.3609706720542612, 0.20953336640157685, -0.0197885813131132, -0.23501387522302294]
  ],
  "66": [
    [-0.05512331078568662, -0.913873569100992, 0.01587947016606965, 0.8152249370837211, 0.5247362871569536, -0.17535714795012733, 0.03848999310322012, 0.033378847260565454],
    [-0.143862564002559, 0.5394644372784344, 0.03508120745071987, -0.4968729947583406, -0.35385224030683055, -0.032064244549854695, 0.08917375711856079, -0.07073622769611827]
  ],
  "67": [],
  "68": [],
  "69": [
    [-0.037224625524484654, 0.03701019984593595, 0.197651597434628, -0.26423526069562603, 0.23722335279144016, 0.2948798965444678, 0.21281886895346394, 0.03247395124245191]
  ],
  "70": [
    [0.13089518133514125, -0.31914855025635286, 0.21212173896054515, 0.7168975883026599, -0.2765607653538051, 0.3087455429516821, 0.17704532816580315, 0.6069393108936735],
    [0.05332895389741213, 0.7928606065079526, 0.8161233657764866, 0.6770434940552298, -0.2969184471177319, 0.25984615952680545, 0.03399527966022545, 0.20726778480602487]
  ],
  "71": [],
  "72": [],
  "73": [
    [-0.10382783742476655, 0.2978122661513073, -0.25445567327976115, 0.45824539900593136, 0.25204099547156994, 0.22465218368082887, -0.10391935137790155, 0.4625858501948019],
    [0.051712921098805154, -0.2482500528134578, -0.24682484967638932, 0.007175063383679393, -0.48296156660188977, 0.05899571588540736, 0.5949855859306844, -0.0704993989344295],
    [0.052914152048525266, -0.43965337520018155, -0.22875152557465223, -0.0325013490641616, -0.5950864990123907, 0.08364895946948517, 0.36272819879870505, 0.13215176085396918]
  ],
  "74": [
    [0.8400015909420968, -0.4132635537405718, 0.3350122137625507, -0.1647589826177786, -0.9425047788990695, -0.015307526186939337, -0.8746789132912005, -0.6013813788229802],
    [0.9035880517929923, -0.4769356019541267, 0.43210688526585245, -0.3987965994356428, 0.39319746775049236, -0.04471820374917608, -0.21339503709365382, 0.37649830263094936]
  ],
  "75": [],
  "76": [
    [-0.1847186313376224, 0.3512874783524673, -0.5613515062389784, 0.1653809214267394, -0.09526965499968591, -0.45068074922920426, 0.2826851980181922, -0.3621839379810836]
  ],
  "77": [],