{
  "1": [],
  "2": [
    [-0.21634071072909328, 0.6630626938125668, 0.7466441463385924, -0.9596754381824268, -0.1241209712460765, -0.0759115547190085, 0.7889934739943448, 0.7393398577231254],
    [-0.08032116610832682, 0.8143918583510096, 0.95576995884196, 0.47818393337848025, 0.2538146029353767, -0.0855950633031095, -0.7830150294670791, 0.3682531774638015]
  ],
  "3": [],
  "4": [],
  "5": [],
  "6": [],
  "7": [],
  "8": [],
  "9": [],
  "10": [],
  "11": [],
  "12": [],
  "13": [],
  "14": [],
  "15": [],
  "16": [],
  "17": [],
  "18": [],
  "19": [],
  "20": [],
  "21": [],
  "22": [],
  "23": [],
  "24": [],
  "25": [],
  "26": [
    [0.03983499887724915, -0.06588601151210172, 0.9352991303268245, 0.8974723556437202, 0.6934594371260715, 0.27979299860690765, 0.31980206646202924, -0.7575075264402288]
  ],
  "27": [],
  "28": [],
  "29": [],
  "30": [],
  "31": [],
  "32": [],
  "33": [],
  "34": [],
  "35": [],
  "36": [],
  "37": [
    [-0.8480701140052082, -0.8030251270158634, 0.4849147894102869, 0.19920715176370102, -0.9515325962021737, -0.6589772041083025, 0.23676809873900956, -0.03513694096799103],
    [-0.5082187028198232, 0.3424156758017093, -0.7873413228781933, 0.1863870324510903, -0.008631757495375697, -0.3425216973975367, 0.0744658609611581, -0.9543088744607138]
  ],
  "38": [
    [0.17046180604954234, -0.6776576579011052, 0.8668706025699442, -0.6089777916078922, -0.5387674394487053, 0.9629099232098998, -0.5998166823054504, 0.27017745060163195]
  ],
  "39": [
    [0.7677026436431484, 0.4061556009272313, 0.7367981999944913, -0.13474473158762654, 0.9691677479775372, -0.857422138804791, 0.8950157414459885, -0.7189100184309541]
  ],
  "40": [],
  "41": [],
  "42": [],
  "43": [],
  "44": [],
  "45": [],
  "46": [],
  "47": [],
  "48": [],
  "49": [],
  "50": [],
  "51": [],
  "52": [],
  "53": [],
  "54": [],
  "55": [],
  "56": [],
  "57": [],
  "58": [],
  "59": [
    [0.0061011923495435175, 0.5349918711019864, -0.9977095281504182, -0.8861926391095055, 0.30199388926104387, -0.6553520757984533, -0.6908298182827821, 0.3069765569300334]
  ],
  "60": [
    [-0.11644922406287579, 0.7735328373474196, 0.7200036618100342, 0.48938011807020965, -0.061319930564791715, -0.5905586885764618, 0.21101988805175811, 0.21163859318285672],
    [-0.0700425322535264, 0.8672684603263682, 0.6927291097841669, 0.5090059344904042, -0.06307923323999887, 0.16807643694522414, 0.19319694515036478, 0.32012225882805573],
    [-0.098924821876471, 0.8105632203281742, 0.7961426525847146, 0.49527131783196504, 0.06385406125435802, -0.7167386887335536, 0.14743365657117039, 0.2574631677892839],
    [-0.0022282002213535215, 0.32858307983857254, 0.34925158179143506, 0.5545335578674402, 0.08149373172941278, 0.9709510256067307, 0.943796641128274, 0.7930780975006031],
    [-0.07691321498063074, 0.8098322461261542, 0.7767237865107108, 0.5075033863405031, 0.06451443557360795, 0.18338535661395308, 0.13745680956962225, 0.29081081895393857]
  ],
  "61": [],
  "62": [],
  "63": [],
  "64": [],
  "65": [],
  "66": [],
  "67": [],
  "68": [],
  "69": [],
  "70": [],
  "71": [],
  "72": [],
  "73": [],
  "74": [],
  "75": [],
  "76": [],
  "77": [],
  "78": [],
  "79": [],
  "80": [],
  "81": [
    [0.9377255773621561, -0.2009661373927684, 0.8876242214818992, 0.373848032494936, 0.9585441762299818, -0.7270540698250141, -0.3238755985214106, 0.4826257196347689],
    [0.5668188338662896, -0.09506784834524655, 0.5790556267676346, 0.8443517505165314, 0.868749222425711, -0.7682340561487935, -0.41670315957605725, 0.48840414862180426]
  ],
  "82": [],
  "83": [],
  "84": [
    [0.10425021157138391, -0.8229729137386651, -0.755869047126951, -0.8452099654961608, -0.21633170863905107, 0.46377525936899894, 0.21096092701624541, 0.0666343819231652],
    [0.0926196135953115, -0.8131260248864401, 0.6442275309699739, 0.9521103536610174, -0.18031749794365737, 0.5300742803846341, -0.18034769327362563, 0.028317396021639216]
  ],
  "85": [],
  "86": [],
  "87": [
    [0.6081202268939886, -0.1237695477431078, 0.6738596712908532, 0.6849470709018128, 0.5804100490971899, -0.0651977227253904, -0.5694422608718048, 0.5618194114499308]
  ],
  "88": [],
  "89": [],
  "90": [],
  "91": [],
  "92": [],
  "93": [],
  "94": [],
  "95": [],
  "96": [],
  "97": [],
  "98": [],
  "99": [],
  "100": []
}
