{
  "1": [],
  "2": [],
  "3": [],
  "4": [],
  "5": [
    [-0.8835714725805286,-0.37604534164448883,0.03152368415113844,-0.513453864259203,0.8257030057499687]
  ],
  "6": [],
  "7": [],
  "8": [],
  "9": [],
  "10": [],
  "11": [],
  "12": [],
  "13": [],
  "14": [
    [-0.3550455982939465,-0.4041158762169273,0.6611403810795458,-0.5895884762766714,0.24953699523835343],
    [0.4094399675001959,0.40840279057191836,0.6560766339074647,0.5933483651638021,-0.23141341886074818]
  ],
  "15": [],
  "16": [],
  "17": [],
  "18": [],
  "19": [],
  "20": [],
  "21": [],
  "22": [],
  "23": [],
  "24": [],
  "25": [],
  "26": [],
  "27": [],
  "28": [],
  "29": [],
  "30": [],
  "31": [],
  "32": [],
  "33": [],
  "34": [],
  "35": [
    [0.13960788278001035,-0.5949864263149175,-0.3368056788055315,0.39750729398284795,-0.31422454930130117],
    [0.17002098431344556,-0.5538141783500448,0.7510729658622023,0.6649845696923093,-0.6028605622538366],
    [0.14251752068171547,-0.573357593503628,0.45964078303921374,0.4134532501563494,-0.3470873481484447]
  ],
  "36": [
    [0.9903181054556047,0.1696355894810585,-0.5205690847728068,0.5743880501304054,-0.9878261477888213]
  ],
  "37": [],
  "38": [],
  "39": [],
  "40": [],
  "41": [],
  "42": [],
  "43": [],
  "44": [],
  "45": [],
  "46": [],
  "47": [],
  "48": [],
  "49": [],
  "50": [],
  "51": [],
  "52": [],
  "53": [],
  "54": [],
  "55": [],
  "56": [],
  "57": [],
  "58": [],
  "59": [],
  "60": [
    [-0.876847017299752,-0.7340401301046705,0.19391153298947844,0.22497122647567078,-0.848001428695658]
  ],
  "61": [],
  "62": [],
  "63": [],
  "64": [],
  "65": [],
  "66": [],
  "67": [],
  "68": [
    [-0.8845174659508062,0.820811792733923,-0.8081510505362683,-0.712999233493983,0.7901119051219698]
  ],
  "69": [],
  "70": [],
  "71": [],
  "72": [],
  "73": [
    [0.6672084591834567,-0.45626957221367687,-0.6504851007944386,-0.5264861010710947,-0.32377836788969394]
  ],
  "74": [],
  "75": [
    [0.49003053849881684,0.5246465932783755,0.4480126992197556,-0.849068926430936,0.7148091372161877]
  ],
  "76": [],
  "77": [],
  "78": [],
  "79": [],
  "80": [],
  "81": [],
  "82": [],
  "83": [],
  "84": [],
  "85": [],
  "86": [],
  "87": [],
  "88": [],
  "89": [],
  "90": [],
  "91": [],
  "92": [
    [0.2023459491125004,0.04912199915044744,0.06666455200235787,0.007193053196901169,-0.3580570904769656]
  ],
  "93": [],
  "94": [],
  "95": [],
  "96": [],
  "97": [],
  "98": [],
  "99": [],
  "100": []
}
