{
  "1": [],
  "2": [
    [0.18667316574618478,-0.24196215408009264,-0.08711202785820436,-0.15042051736161818,-0.5665497665445927]
  ],
  "3": [
    [0.29351890501247196,-0.4112603459501752,0.34603546362246485,0.4266381567746078,0.19119517671188757],
    [0.640345265533107,-0.8846209049048285,0.5681907247142394,0.6672800889345931,0.34058344877441005]
  ],
  "4": [],
  "5": [],
  "6": [
    [0.6848864073166341,0.13211163184179037,0.06946291815366018,-0.6260897362294175,0.4186554403939595]
  ],
  "7": [],
  "8": [],
  "9": [],
  "10": [],
  "11": [
    [-0.18205598036112647,-0.15246482845831,-0.026298153633308962,-0.29189076197888386,0.006646179595461372],
    [-0.18258642778444645,-0.15441264245571648,-0.02610835192495199,0.30023446976422874,0.01613887927519006]
  ],
  "12": [],
  "13": [
    [-0.6651797342103131,0.02154555833935372,-0.20859433938678842,0.03362637170601237,0.027731901296636934],
    [-0.886925430833614,0.282865003869372,-0.1246635594218266,-0.07157629421560381,-0.039666364901498094],
    [0.16447197800937513,-0.10987167075572549,0.17718552592465078,-0.7605328121739319,-0.2523586141191122],
    [0.8475560950560611,0.0015115685203685486,0.12788649429954715,-0.4564348168648591,-0.051299956517941746],
    [0.7011843937468147,0.33096418921920606,0.21214197131264764,-0.5607465792488792,0.057689874434842664]
  ],
  "14": [
    [0.8766510382902887,-0.10128794272020937,-0.7147536754827558,0.02097246790467997,-0.2651703194309128],
    [0.16065672473659137,-0.11018618750204935,-0.2833790154701276,0.02771496396900325,-0.2978104595916388]
  ],
  "15": [],
  "16": [
    [0.856561394342478,0.36081068956691076,-0.04176796106933124,-0.8318989434585005,-0.40509169630713376]
  ],
  "17": [],
  "18": [],
  "19": [],
  "20": [],
  "21": [
    [0.11524123538636437,0.07029610172396156,-0.15320698066460073,-0.5346341378985209,0.1173991210892138]
  ],
  "22": [
    [-0.12270548932511427,-0.1986366311632972,-0.0843359245046496,-0.6474669096804703,-0.15088411466443144],
    [0.1401070163696664,-0.49733405003659387,-0.6896787210293228,-0.6505414824144529,-0.6006484221184059],
    [0.41210155552320865,-0.549555288858219,-0.8248109755866824,-0.6718154985330457,-0.6673463568079709]
  ],
  "23": [],
  "24": [
    [-0.29481409107129186,-0.41327675919110474,0.8833214730531667,-0.48898261394326653,-0.10509448981357948],
    [0.6605761849795232,-0.24333867317969332,0.9253948391877053,-0.2672199953715579,-0.09627969463060208],
    [0.025341628638180198,0.27904152430195295,0.8142024590637731,0.33049521465745607,-0.06140781412593027]
  ],
  "25": [],
  "26": [],
  "27": [],
  "28": [],
  "29": [
    [0.9067841797646361,-0.08126083173710617,0.1399561641919879,-0.6062910784388821,-0.08948934640910187],
    [-0.019686267345119083,0.10223832427306852,-0.3943714748553822,0.04165451717328616,-0.017844534975568795]
  ],
  "30": [],
  "31": [],
  "32": [
    [0.1437200944310206,-0.33300323143639443,0.24151592926713913,-0.05514654147234531,0.05089418278774261],
    [0.18801130405194436,-0.22180993308495606,0.6764026723433352,0.8672590188182984,0.03492982430336004],
    [0.14001635158363296,0.3364009040251395,0.2767721782868953,-0.08913102449154917,0.049722518784135444],
    [0.18579496393841183,0.22656910470671515,0.6836152192939089,0.8313520496318562,0.034900365995027424]
  ],
  "33": [
    [-0.1767757210717889,0.3505883726336288,-0.6692494930555121,0.02659636409262814,0.5511029365887249]
  ],
  "34": [],
  "35": [
    [0.5927339302474789,0.08903989812853115,-0.22653394002315227,0.05971344388475711,0.380125542088621],
    [0.21193996246590832,0.37217463657207656,-0.11451362464217994,0.0651418243146375,0.7339265339135383]
  ],
  "36": [],
  "37": [],
  "38": [],
  "39": [],
  "40": [
    [-0.45726295785314536,0.5744147963301013,0.27799976821675804,0.6399605652692302,0.20823531297300651],
    [0.33136266916572543,-0.6220111909370001,-0.01961243270795008,-0.02855999117807046,0.3167786181558431],
    [0.240726775188126,0.7858312207886159,-0.06726078847466166,-0.02589831337186572,0.4252245200977119]
  ],
  "41": [
    [0.17851858144387395,0.8562336704889906,-0.1200848477226309,-0.34792583882347394,-0.6903161080245399],
    [0.4597256146406855,0.9039646034316036,-0.2896334760338716,-0.028266869236696426,-0.05710221421664114]
  ],
  "42": [],
  "43": [],
  "44": [],
  "45": [],
  "46": [],
  "47": [],
  "48": [
    [0.0010945723898345683,-0.27418360161004746,-0.7005313748163173,0.12381369599087194,-0.509449750434595]
  ],
  "49": [],
  "50": [
    [-0.24636224557890174,0.05290436681977545,0.04928255208760652,-0.30910424881145004,0.035372746265547136]
  ],
  "51": [
    [-0.6102882346913574,0.016983048912199074,-0.2518881907846707,-0.12485400745640242,-0.05415857509551695],
    [-0.2818058809696417,-0.06346602193726679,-0.12618256055944407,-0.18015286935811725,-0.12688512405486552]
  ],
  "52": [],
  "53": [
    [0.14382710946057306,-0.5630359883481126,-0.8164298143964993,-0.09659758231759166,-0.16064973648648054],
    [0.15879162515294815,0.850413483231931,-0.19071488513947646,0.056812024702932964,0.39499430130732777]
  ],
  "54": [],
  "55": [
    [-0.07003841064549762,0.16435253510870265,0.9697937778472298,0.031109781094790644,-0.07629753222587418]
  ],
  "56": [
    [0.1096923666218144,-0.30676371376153627,-0.5085387781533662,0.38590019792862984,-0.18841956466177448],
    [0.27479036407031654,-0.7107349006397189,-0.42567026346653813,0.7948444377518266,-0.4863961092324307]
  ],
  "57": [],
  "58": [],
  "59": [
    [-0.29314178759594456,-0.3402916673685651,0.002079056739603304,-0.07085914432787369,0.1623007065115569]
  ],
  "60": [
    [0.6754586186236586,0.15889576588530027,-0.025362838936907824,-0.4436107246345526,0.6059431580046883]
  ],
  "61": [],
  "62": [],
  "63": [
    [-0.560517516231564,-0.26984402768076027,0.11530573428942274,0.2663733034949425,0.7235983912840709]
  ],
  "64": [],
  "65": [
    [-0.07467871910096517,0.03278980277940614,0.9543931975883815,-0.6872884121203574,-0.1225751984678262],
    [-0.39577477371873093,-0.28894428033499336,0.10500741724674985,-0.06771974447674253,0.25425872207952244],
    [-0.9140647155464479,0.8718010615867041,-0.34005107979388505,0.14728310301806719,0.4993626181712828]
  ],
  "66": [],
  "67": [
    [0.05381002159706375,0.2736449316310004,-0.09648214705215258,0.7835091010948358,-0.46718285023859385],
    [0.17209130814171958,0.14461921710316203,-0.15027658233199387,0.4418784792633953,-0.40418618255992395],
    [0.053810021597063815,0.2736449316310004,-0.09648214705215243,0.7835091010948357,0.5475701805282333],
    [0.17209130814171958,0.144619217103162,-0.15027658233199376,0.44187847926339535,0.449522517786655]
  ],
  "68": [],
  "69": [],
  "70": [
    [0.3380835412364281,-0.3775641088607411,0.6277632030705649,-0.04478184165840894,0.003112004183237653],
    [0.39403720302672496,-0.4120118610591925,0.41033135064563114,-0.047736244550407016,-0.01878413934940553],
    [-0.7872516413930619,0.6922371157189365,0.42909044487551284,-0.0861777780319957,-0.25707399257192143]
  ],
  "71": [
    [-0.3121531768487187,-0.5679928463828521,-0.16195071342568348,0.147979259021915,0.30737542939596335],
    [-0.29107861336399804,0.17195788619976596,0.4273816959050452,-0.026942087381213425,-0.20070350320140892],
    [0.4068281763834218,-0.2699153588004293,-0.4243924156639211,-0.17922343259807844,0.11162770785578523],
    [0.0816333638166245,0.39875795832226457,-0.027642986031691304,-0.05796981608612563,-0.3798761464421262]
  ],
  "72": [
    [-0.06518966262113159,-0.8358564979043474,-0.0348533013276864,-0.4025448629734004,-0.2889918980990832],
    [0.1456926454636048,-0.37095520569072415,-0.09388667942922198,-0.17994775092782966,-0.7084706309161363]
  ],
  "73": [],
  "74": [],
  "75": [],
  "76": [
    [-0.2387492829573581,0.29192450985283014,-0.9754476360976175,-0.38349569891821295,-0.687460739655025],
    [0.2738481604007375,0.5233428925789108,-0.6803538810436139,0.15983637252522606,-0.0015813861655893699]
  ],