{
  "1": [],
  "2": [],
  "3": [],
  "4": [],
  "5": [],
  "6": [],
  "7": [],
  "8": [],
  "9": [],
  "10": [],
  "11": [],
  "12": [],
  "13": [],
  "14": [],
  "15": [],
  "16": [],
  "17": [],
  "18": [],
  "19": [],
  "20": [],
  "21": [],
  "22": [],
  "23": [
    [-0.17094305308658198,0.8831117186227301,-0.8815698093485923,0.501777837192699,0.2803815260992494],
    [0.5757114416339992,-0.7143395150005475,-0.5715760121268038,-0.6446476081435905,-0.8275214056982864],
    [0.8721870279247982,0.3579831326845561,0.44216017902143606,0.8369320788285729,0.7532195228013087]
  ],
  "24": [],
  "25": [],
  "26": [],
  "27": [],
  "28": [],
  "29": [],
  "30": [],
  "31": [],
  "32": [
    [0.04421792039580783,-0.49717904300051075,-0.005719481340350873,0.04339791078881818,-0.901887776522217],
    [0.04540257828659518,0.5155716530997386,-0.0029834352327301195,-0.04910500927559933,-0.8356885153293963]
  ],
  "33": [],
  "34": [
    [-0.6410785280708925,0.2935669617416666,-0.39955087181420434,-0.7160672101434151,-0.5230953009690218],
    [0.5955588561261697,0.2908774427677297,0.6225712341333935,-0.712891776003136,-0.6177340380481291],
    [0.5822927085277199,0.2917878189249023,0.8368217437751131,-0.733454101330788,-0.6227158805925282]
  ],
  "35": [],
  "36": [],
  "37": [],
  "38": [],
  "39": [],
  "40": [],
  "41": [],
  "42": [],
  "43": [],
  "44": [],
  "45": [
    [-0.7443160276315788,-0.846769188620904,0.866127792397955,0.9540888725768008,0.6707918981496762],
    [0.6763335073893466,-0.671365689905579,-0.8720130051725289,-0.27463798385884686,0.6871571987404801]
  ],
  "46": [],
  "47": [],
  "48": [],
  "49": [],
  "50": [],
  "51": [],
  "52": [],
  "53": [],
  "54": [],
  "55": [],
  "56": [],
  "57": [],
  "58": [],
  "59": [],
  "60": [],
  "61": [
    [-0.5417442077603981,-0.9599661023563227,-0.4437941161387383,-0.14270598265654771,0.5800186022806909],
    [-0.8248233280330066,0.6719289151688824,0.22089301568538594,-0.4904169341674935,-0.3569379325842408]
  ],
  "62": [],
  "63": [],
  "64": [],
  "65": [],
  "66": [],
  "67": [],
  "68": [],
  "69": [],
  "70": [],
  "71": [
    [0.35171701868703625,-0.2706217622079746,-0.21865919165135278,0.1494477838474255,-0.8987615207669899]
  ],
  "72": [],
  "73": [],
  "74": [],
  "75": [],
  "76": [],
  "77": [],
  "78": [],
  "79": [],
  "80": [],
  "81": [],
  "82": [],
  "83": [],
  "84": [],
  "85": [],
  "86": [],
  "87": [],
  "88": [],
  "89": [],
  "90": [],
  "91": [],
  "92": [],
  "93": [],
  "94": [],
  "95": [
    [0.6458898453261891,0.30521917419416345,-0.41202851874183827,-0.3833373975249376,-0.15549407701831855]
  ],
  "96": [],
  "97": [],
  "98": [],
  "99": [],
  "100": [
    [-0.35387817100491126,-0.9094338127220947,0.873616273939992,-0.6954646507548956,0.3696205248933303]
  ]
}
