{
  "1": [],
  "2": [],
  "3": [],
  "4": [],
  "5": [],
  "6": [],
  "7": [],
  "8": [],
  "9": [],
  "10": [],
  "11": [],
  "12": [],
  "13": [],
  "14": [],
  "15": [],
  "16": [],
  "17": [],
  "18": [],
  "19": [
    [-0.6133319560443534,0.17196354168201936,0.18056489519596142,-0.8570496867196102,0.22490545339834103],
    [0.8714460433536609,0.13046685554971268,-0.24060822698408038,-0.6679906275645838,0.8475733745215499]
  ],
  "20": [
    [-0.6114146935087496,-0.9284708807736592,-0.47419214451745906,-0.47760421036282524,0.9528501094768708]
  ],
  "21": [],
  "22": [],
  "23": [],
  "24": [],
  "25": [
    [0.8907412852610925,0.8700876858619161,0.3082483233060124,-0.21280253589587908,0.9929681734516514],
    [0.740859438538861,0.9256140847640141,0.5025023310983348,0.04336260558879616,-0.6419406613414776]
  ],
  "26": [],
  "27": [],
  "28": [],
  "29": [],
  "30": [],
  "31": [
    [-0.15216651725002506,-0.6649067162459524,0.40265503038920636,-0.532696806106904,-0.7581277116729966]
  ],
  "32": [],
  "33": [],
  "34": [],
  "35": [],
  "36": [],
  "37": [],
  "38": [
    [0.3503248225502072,0.7022438943760528,0.2668018550398674,0.7764322135141599,-0.8493559687837439],
    [0.35894183944371455,0.4574755968571305,0.4051992655005347,0.7942661003541611,0.5688544723884246]
  ],
  "39": [],
  "40": [],
  "41": [],
  "42": [],
  "43": [],
  "44": [],
  "45": [],
  "46": [],
  "47": [],
  "48": [],
  "49": [],
  "50": [],
  "51": [],
  "52": [
    [0.8848578494403423,-0.8175697088334456,-0.6386846217078537,0.13523349548797783,0.2770755652894067]
  ],
  "53": [],
  "54": [],
  "55": [],
  "56": [],
  "57": [],
  "58": [],
  "59": [
    [-0.2651946780828958,-0.03862092469131804,0.6278546180468666,0.38918032421405635,0.6894117371186611]
  ],
  "60": [],
  "61": [
    [0.9913484716888202,-0.3129754638252678,-0.23934904013309397,0.29386647799849397,-0.5193020950297687],
    [0.8061122457508852,-0.32568879767028636,-0.08135317472420897,0.44659831322991406,-0.5841618306662588],
    [0.6560926210994976,0.3335767750316203,-0.07737304363798166,0.6550541551818809,-0.7256261203393607]
  ],
  "62": [],
  "63": [],
  "64": [],
  "65": [],
  "66": [],
  "67": [],
  "68": [],
  "69": [
    [-0.5471269355495219,-0.5348847534665901,-0.05908300060288115,0.29526958401616105,0.13164487365381247]
  ],
  "70": [],
  "71": [],
  "72": [
    [-0.6330658532462504,-0.5195549646490552,-0.45304279105915585,0.042352503878457896,-0.43111114166911346],
    [0.6778200636764989,-0.7341099700835724,-0.4518707683667667,0.04099208833686047,-0.43244491335725954],
    [0.5325164462722546,0.43377782244602836,0.5343177678608217,0.04384948060099139,0.36514215698426583]
  ],
  "73": [],
  "74": [],
  "75": [],
  "76": [],
  "77": [],
  "78": [],
  "79": [],
  "80": [],
  "81": [],
  "82": [],
  "83": [],
  "84": [],
  "85": [],
  "86": [
    [-0.14541519856196325,-0.7129862191139675,-0.10026144240001995,-0.04447636374193797,-0.21849273251712772],
    [-0.13823963540317522,-0.6627047739577735,-0.09517039102570686,0.045598349260317896,-0.23027452748140614],
    [-0.13266776968658045,-0.20206878402896516,-0.2483491245295488,0.5491531800522836,-0.2403447855189386],
    [-0.15107710651130238,-0.17644295264180687,0.2061493592533119,0.76692097685761,-0.21084313706776803],
    [0.15070398956292963,0.1730997869320057,-0.20713762538919694,-0.7656865690667288,0.2113506065852051],
    [0.13314123449147366,0.1951620993511363,0.2498217991163183,-0.5500315429951703,0.23945497403897578]
  ],
  "87": [
    [-0.7385626993198194,-0.1362199232517235,-0.9797920719011731,-0.3367675634641696,-0.43302668852526804],
    [-0.26354074762172924,-0.7496265918499088,0.7013660510207949,-0.28979516706262637,-0.4282247121731709],
    [0.9444435479407788,-0.12826561618027926,0.6343448401877384,-0.45518642367791473,0.31596173766574076],
    [-0.7473466125151121,0.07551962833693213,-0.9441498928845901,0.7259785226070623,0.3159849465428436],
    [0.8433525834738024,0.07146217644001693,0.8062153977278352,0.7903446148951457,-0.43290927632465065]
  ],
  "88": [],
  "89": [],
  "90": [],
  "91": [],
  "92": [],
  "93": [],
  "94": [],
  "95": [],
  "96": [],
  "97": [],
  "98": [
    [0.42094356581279196,-0.5118026111318228,0.45167415306432046,-0.064116973857157,0.474933309494009]
  ],
  "99": [
    [-0.8782838167043916,-0.06007152460400498,-0.590112300599405,0.8997051889667554,-0.8276811365474271],
    [-0.0659547159339654,-0.85317165059003,0.9370687412052624,-0.39431546799154105,0.44304077773023764],
    [0.8506728388007915,0.1908416506006038,0.9900120091898131,0.7884442527512848,-0.37897357980136703]
  ],
  "100": []
}
