{
  "1": [],
  "2": [],
  "3": [],
  "4": [],
  "5": [],
  "6": [],
  "7": [],
  "8": [],
  "9": [],
  "10": [],
  "11": [
    [-0.06262528117503004,-0.5540699519694084,0.07713879449167726,0.19258134634815952,0.03341749877188427],
    [-0.06250324516163012,0.5722185044824198,0.07143019897463347,0.1789931496934237,-0.19038976884523268]
  ],
  "12": [],
  "13": [],
  "14": [],
  "15": [
    [-0.16015664343923464,0.9625762459500677,0.6056251470770707,-0.5189069526187805,-0.06700114692663268]
  ],
  "16": [],
  "17": [],
  "18": [],
  "19": [],
  "20": [
    [0.7142415438093552,0.09305924973359839,-0.030261002044900523,0.29113333051189105,0.12350289075298838]
  ],
  "21": [],
  "22": [
    [-0.34573580415466487,-0.3611169551888421,0.8924331429388483,0.282757136414063,-0.6384665194352426]
  ],
  "23": [],
  "24": [],
  "25": [
    [0.7106666836427941,-0.19250019571041252,-0.13193733384792955,-0.21406754929427774,-0.5561781943870763]
  ],
  "26": [],
  "27": [],
  "28": [],
  "29": [],
  "30": [],
  "31": [],
  "32": [],
  "33": [
    [-0.7542933091534844,-0.009944322015922744,0.524162723334028,-0.4441467878599965,-0.2518532326164934],
    [0.7393114812535775,-0.00992188809735102,0.5251231966693617,0.4120818030208016,0.2668511230734296]
  ],
  "34": [
    [-0.4060338233228374,-0.886765074855137,-0.8436158573591895,0.9673445461848921,0.3826152119746791]
  ],
  "35": [],
  "36": [],
  "37": [],
  "38": [],
  "39": [],
  "40": [],
  "41": [],
  "42": [],
  "43": [],
  "44": [],
  "45": [],
  "46": [],
  "47": [],
  "48": [],
  "49": [],
  "50": [
    [0.2702165715774035,-0.05819231242957263,-0.2587951254844859,0.39195845040169525,0.9237689494139623]
  ],
  "51": [],
  "52": [],
  "53": [],
  "54": [
    [0.9131820887030754,0.23605932154300624,-0.8380172785731205,-0.5556539794704731,0.7153766094210539],
    [0.9844334224409409,0.32003370064942077,0.7655842836604955,0.8403158963740118,-0.7114368502298996]
  ],
  "55": [
    [-0.5367608495769477,-0.8927023559657778,-0.3484918399012934,0.3703475401693747,0.7132445106767736]
  ],
  "56": [],
  "57": [],
  "58": [],
  "59": [],
  "60": [
    [0.6468928510553411,0.307017380852402,0.2251350252465412,0.04595830272052334,0.6832550294537214]
  ],
  "61": [],
  "62": [],
  "63": [],
  "64": [],
  "65": [],
  "66": [],
  "67": [],
  "68": [
    [0.6442741318537868,0.5090793116484249,0.5918762931391119,-0.38156763106851443,0.3620328724041521]
  ],
  "69": [],
  "70": [],
  "71": [],
  "72": [
    [-0.7188875731869441,0.5972729731810824,-0.6921643865460497,0.607227517554925,-0.7252797821921687]
  ],
  "73": [],
  "74": [
    [-0.17045970063958948,0.22731739284627578,0.5937850565029529,0.6151695409454996,-0.03892749368523817],
    [0.5093506063414315,0.11025488021079935,-0.2318457397069704,-0.4795928284019467,-0.04717950374894347],
    [0.9991276463979951,0.0974248766994944,-0.12035801290301405,-0.6924666367442511,-0.048284092126483026]
  ],
  "75": [
    [-0.4206901128260026,-0.8164970571776705,0.05982298196043735,0.5634263556095936,0.8936351158328941],
    [0.3706377757623455,-0.7809980380474095,0.07269259390638368,-0.562872626653538,0.9900112261274125]
  ],
  "76": [
    [0.20759260030498639,-0.5705933253809052,-0.7641881327843719,0.5508601629169391,-0.0033606456486214354],
    [0.2063269738521606,0.8113616460257626,-0.7685241004141832,0.2702820615773913,0.003163311090653429]
  ],
  "77": [],
  "78": [
    [-0.8883970048689517,-0.872874713159881,0.4673948345742196,-0.23275837390488718,-0.9797023536265116],
    [-0.48123777562313436,-0.8873900169908825,0.7048208798799693,-0.8768553239321988,-0.2347791396897748]
  ],
  "79": [],
  "80": [
    [-0.3858671771099816,-0.6332696041111778,-0.9727128926696803,-0.6772428350601004,0.4445073397727287],
    [-0.055204011257997336,0.037302393155928364,-0.7848199418662292,0.24237036497252415,-0.7109440060531129],
    [0.3490037449295854,0.5414163586543379,0.9765899630397125,-0.789134614107846,0.39058567241133735]
  ],
  "81": [],
  "82": [
    [-0.7602284006694445,-0.1112234351042398,-0.014111496583022168,0.6282165158195618,-0.9103942406636648]
  ],
  "83": [],
  "84": [],
  "85": [],
  "86": [
    [-0.4411580971275996,-0.13985413079098513,0.17938221698870224,0.2258058275383921,0.19298294735265475],
    [-0.4350184164971312,0.08523262557150942,0.1618428215464623,0.11672016909987133,-0.5748658136846213]
  ],
  "87": [],
  "88": [],
  "89": [
    [-0.8858687452299095,-0.24316813100673673,-0.18046298014384785,-0.6059669257951653,0.6528597329562938],
    [0.016182579481341237,-0.6673512855518701,-0.18125858487841892,-0.2837581174081412,0.9487219647281202],
    [0.04768475596491304,-0.6781510547040706,-0.09959544366722627,-0.2479337316422846,-0.5271233509118332],
    [0.09540384075877818,-0.6957913639704871,-0.0897626575744215,-0.17329801648800153,-0.36246847611699984],
    [0.13479692242985736,-0.701049936336896,-0.08663923986511836,-0.06353330277521325,0.30311945858233336],
    [0.13794359028006625,-0.6987750131680405,-0.08483881844819037,0.05106963676609971,-0.29941225867545856],
    [0.11941682257214523,-0.6950762432755452,-0.08348968091214848,0.12299478082331784,0.32180911122599853]
  ],
  "90": [
    [0.33355097370881787,0.9761535559606068,0.5056049619845074,-0.20635000907710255,0.5507622273391438]
  ],
  "91": [],
  "92": [
    [0.5847288049835665,-0.7279212382809732,-0.2889094230269776,-0.33090281715028524,0.2676547488541942]
  ],
  "93": [],
  "94": [],
  "95": [],
  "96": [],
  "97": [],
  "98": [
    [-0.054166502882859416,-0.7810251344791093,-0.4204266967109526,-0.9964322332378861,-0.7547171530140349]
  ],
  "99": [],
  "100": [
    [-0.2823358596180489,-0.0036384810022201917,0.48914253453847,-0.17002635998480575,0.46156090992476323]
  ]
}
