{
  "1": [],
  "2": [
    [-0.8725618443805534, -0.17437289700018743, -0.776435933401779, 0.23530575771183324],
    [-0.7134060963134599, 0.6931426996743781, -0.6755634399667421, 0.21584313122302337]
  ],
  "3": [],
  "4": [
    [-0.8875918110663019, -0.11862349678263887, -0.588281160446479, 0.7467204952329971],
    [-0.06996162282767358, 0.6191672355373828, -0.27234327786142953, -0.17526240916656913]
  ],
  "5": [],
  "6": [],
  "7": [
    [-0.21689888215938774, 0.14933414648080917, 0.07678177524264324, -0.832000865843698],
    [0.14204482748804412, -0.2031068563836683, 0.3902451590044383, -0.8960012612224114],
    [0.15189871464075252, -0.1798989767511526, 0.08111459394238223, -0.8720091203233651]
  ],
  "8": [],
  "9": [],
  "10": [],
  "11": [],
  "12": [],
  "13": [],
  "14": [],
  "15": [],
  "16": [],
  "17": [],
  "18": [],
  "19": [],
  "20": [],
  "21": [
    [-0.35236731961846324, -0.23069496880088347, -0.9130401528628727, -0.7821992786945559],
    [-0.26092631210570016, -0.5868940079690342, -0.2758485068490155, -0.37920374557735614]
  ],
  "22": [
    [-0.3050650112023193, -0.8497503552696957, -0.4839030473843269, -0.4788194370464507]
  ],
  "23": [
    [-0.2657271323063696, 0.11409020511827957, 0.744472172924346, 0.4792690078146281]
  ],
  "24": [
    [0.304116974646672, -0.4493141438011071, -0.2953270101642925, 0.4176983955984792]
  ],
  "25": [
    [0.890294989434122, -0.787052319112478, -0.5937176729895167, -0.007574531577283473]
  ],
  "26": [],
  "27": [],
  "28": [],
  "29": [],
  "30": [],
  "31": [
    [-0.17033778388986223, 0.14148933314745923, -0.9337748314310802, -0.39135197172843783],
    [-0.12677529089115672, 0.6972570301747262, -0.5835384333788891, -0.15254306576223442],
    [0.33344640622078664, -0.16936885435579865, 0.8869757120551993, -0.6254810776216652]
  ],
  "32": [],
  "33": [],
  "34": [],
  "35": [],
  "36": [],
  "37": [],
  "38": [],
  "39": [],
  "40": [],
  "41": [],
  "42": [],
  "43": [],
  "44": [],
  "45": [],
  "46": [],
  "47": [],
  "48": [],
  "49": [],
  "50": [],
  "51": [],
  "52": [],
  "53": [],
  "54": [],
  "55": [],
  "56": [],
  "57": [],
  "58": [],
  "59": [],
  "60": [],
  "61": [],
  "62": [],
  "63": [],
  "64": [
    [-0.6943616578357191, 0.0401472319189282, -0.5121131952973442, -0.0726227125348571],
    [0.9932786889890797, 0.03920398739744381, 0.5278269597899059, 0.07332275836830504]
  ],
  "65": [],
  "66": [],
  "67": [],
  "68": [],
  "69": [],
  "70": [],
  "71": [],
  "72": [],
  "73": [],
  "74": [],
  "75": [],
  "76": [],
  "77": [],
  "78": [],
  "79": [],
  "80": [],
  "81": [],
  "82": [],
  "83": [],
  "84": [],
  "85": [
    [0.4926366033772119, -0.7225494282611322, 0.7600817381751683, 0.9015068363883018]
  ],
  "86": [
    [-0.1965016455123733, -0.19619975982164858, 0.9830282222469774, 0.07978089402487701]
  ],
  "87": [
    [0.17150415495125776, -0.9760928693492787, -0.9177066163631002, -0.8253647627469954]
  ],
  "88": [],
  "89": [
    [-0.2548862175583895, -0.8241504583714904, -0.5997258843070365, -0.8896642549746535],
    [-0.017234710658848955, -0.48069089378359714, -0.5046582493444186, -0.8839248400763888]
  ],
  "90": [],
  "91": [],
  "92": [],
  "93": [],
  "94": [
    [0.3710200420065256, -0.443794818323072, 0.1476077477792017, 0.989995959005334]
  ],
  "95": [
    [0.24735686389476083, -0.9733819159167055, -0.39707587121343013, 0.08284320247328265],
    [0.8492578923669197, -0.18260663027169827, 0.4945833886358001, 0.8304002212278786],
    [0.7947993575507954, 0.21197011588552972, -0.49840162874453897, -0.8304736718356001]
  ],
  "96": [],
  "97": [],
  "98": [],
  "99": [],
  "100": []
}
