{
  "1": [],
  "2": [],
  "3": [],
  "4": [],
  "5": [],
  "6": [],
  "7": [],
  "8": [],
  "9": [],
  "10": [],
  "11": [],
  "12": [],
  "13": [],
  "14": [],
  "15": [],
  "16": [],
  "17": [],
  "18": [],
  "19": [],
  "20": [
    [-0.9098425136962157, 0.947572012745595, -0.6058197047772018, -0.3479025928559343]
  ],
  "21": [],
  "22": [],
  "23": [],
  "24": [],
  "25": [
    [-0.635953379376519, -0.5431672124188656, -0.29493334506099156, -0.9155097231107591],
    [-0.977701289973017, -0.4729288732918462, -0.06564039859313564, -0.9293721706580731],
    [-0.5276929203910944, -0.5012841597809734, -0.5183619752384786, 0.9988946370881907],
    [-0.6504728801668376, 0.8565241795409989, -0.4816595453656656, -0.9664817810305564],
    [0.25730778121200604, -0.5252404088206911, 0.3906685098876596, -0.9071342831328985],
    [0.6393387673130403, -0.821390422930059, -0.1571701065917305, 0.922779440664298],
    [0.27383313465781695, 0.6160545240858417, 0.27043162965002543, 0.9374569109408304]
  ],
  "26": [
    [0.6686701092092413, -0.6067241932600365, -0.8547195603105382, -0.7020902635715511]
  ],
  "27": [],
  "28": [],
  "29": [],
  "30": [],
  "31": [],
  "32": [],
  "33": [],
  "34": [],
  "35": [],
  "36": [],
  "37": [],
  "38": [],
  "39": [
    [0.9359443466645575, -0.5686059949525687, 0.6985016087590109, 0.9810287586891473]
  ],
  "40": [],
  "41": [],
  "42": [],
  "43": [],
  "44": [],
  "45": [],
  "46": [],
  "47": [],
  "48": [
    [0.8955763695260098, 0.3707340783905566, -0.65982715055747, -0.5660228504574087],
    [0.9456872936392124, 0.45468458257774547, 0.5536035765627213, 0.5170820679378627]
  ],
  "49": [],
  "50": [],
  "51": [],
  "52": [],
  "53": [
    [0.0683026655493481, -0.607511524700887, -0.20428398580211152, -0.6330897123598604],
    [-0.29069136690498204, -0.8225414707331125, 0.7145442277146159, 0.1335895133808099],
    [-0.0679954917137891, 0.6107304415472474, -0.2005591039777285, 0.636046384799941],
    [0.29284809241709453, 0.8311375370108987, 0.7071026566878451, -0.13265247500964353]
  ],
  "54": [],
  "55": [],
  "56": [],
  "57": [],
  "58": [],
  "59": [
    [-0.03234818269951439, -0.7193422502626683, -0.7236782993782397, 0.9935084722261321],
    [-0.032365731947097756, 0.6916290767477943, -0.76565462676501, 0.9779312747985416]
  ],
  "60": [],
  "61": [
    [-0.9596213679565874, 0.3058612259204008, 0.5703354294149351, -0.31425683178397307]
  ],
  "62": [],
  "63": [
    [-0.5776155606397227, -0.8601344949634068, 0.8476718285606238, 0.8236261108282887],
    [-0.6942236763642878, 0.7129070928915552, -0.8953750140485266, 0.45476393158616585]
  ],
  "64": [],
  "65": [],
  "66": [],
  "67": [],
  "68": [],
  "69": [],
  "70": [],
  "71": [
    [-0.2052907083586675, 0.8412792981463915, 0.9103870988527235, -0.2731709708751714],
    [-0.3731268363058539, 0.8425312082791044, 0.8736538125472718, 0.16741130279373392]
  ],
  "72": [],
  "73": [
    [0.8282028750466764, 0.6362665590137111, -0.7589966125894302, 0.6926898261573009]
  ],
  "74": [],
  "75": [
    [0.22603501114223576, 0.4109107984187543, -0.970488369670368, -0.7936231144073176]
  ],
  "76": [],
  "77": [],
  "78": [],
  "79": [],
  "80": [],
  "81": [],
  "82": [],
  "83": [
    [0.8938233078688369, 0.712909650953664, 0.6412238286720876, -0.6104707534783711],
    [0.8345856523455114, 0.8438882896120823, 0.8333164278691251, -0.7795998385145513]
  ],
  "84": [],
  "85": [
    [0.8872818562463999, -0.9900021153119712, -0.6192624274989411, -0.8273947165310459]
  ],
  "86": [],
  "87": [
    [0.4804101701531237, -0.26535681836721553, 0.9248593374696925, 0.27869694103202036]
  ],
  "88": [],
  "89": [],
  "90": [
    [-0.472678949073313, -0.7025048862442201, -0.8061736042847129, -0.14365684367245868],
    [0.43939824733331384, 0.7257035118103674, -0.8795195403551344, -0.1432046469733935]
  ],
  "91": [],
  "92": [
    [-0.8537724680184093, -0.9886824602650448, -0.5905792317359596, 0.8314393546540847]
  ],
  "93": [
    [-0.5051766427817307, -0.8469719585763683, 0.5569402145206807, -0.05517812578889138],
    [0.23141179064371617, -0.5238551614806118, -0.5732613552562735, 0.9535780153251406],
    [0.4708937877395113, 0.9875554097619885, 0.49970379173585383, 0.2510153428167374]
  ],
  "94": [],
  "95": [
    [-0.5493740505844155, -0.3911437545181543, -0.4980792455670755, -0.43746509525349025],
    [-0.9511759604968613, 0.7408761407984988, 0.5412851244703357, 0.37021735974142067],
    [0.8549072655565753, -0.4815551020321361, -0.6739740444204657, -0.31027171793491626],
    [0.9231086727175242, -0.7025003409469885, 0.6047065198458375, 0.3772266551842901],
    [0.9058571589243865, -0.8429669494563776, 0.663945980140947, 0.6237241150874255]
  ],
  "96": [],
  "97": [],
  "98": [],
  "99": [
    [-0.5311102860281972, -0.5934329808847324, 0.9163422505717174, -0.715872654641577]
  ],
  "100": []
}
