{
  "1": [],
  "2": [],
  "3": [],
  "4": [],
  "5": [],
  "6": [],
  "7": [],
  "8": [],
  "9": [],
  "10": [],
  "11": [],
  "12": [],
  "13": [],
  "14": [],
  "15": [],
  "16": [],
  "17": [
    [-0.9627482010660069, -0.6376200270827719, -0.935390474408398, -0.6164946044407176]
  ],
  "18": [],
  "19": [],
  "20": [],
  "21": [
    [-0.8484635822552403, 0.856061593183587, 0.7674953177375955, 0.3847635773408625]
  ],
  "22": [],
  "23": [],
  "24": [],
  "25": [],
  "26": [],
  "27": [],
  "28": [],
  "29": [],
  "30": [],
  "31": [],
  "32": [],
  "33": [],
  "34": [],
  "35": [],
  "36": [],
  "37": [],
  "38": [],
  "39": [],
  "40": [],
  "41": [],
  "42": [],
  "43": [],
  "44": [],
  "45": [],
  "46": [],
  "47": [],
  "48": [],
  "49": [],
  "50": [],
  "51": [],
  "52": [],
  "53": [],
  "54": [],
  "55": [],
  "56": [],
  "57": [],
  "58": [],
  "59": [],
  "60": [],
  "61": [],
  "62": [],
  "63": [],
  "64": [
    [0.8629396642394906, -0.7338850723028194, 0.9708349144216315, -0.7335404338950914]
  ],
  "65": [],
  "66": [],
  "67": [],
  "68": [],
  "69": [],
  "70": [],
  "71": [],
  "72": [],
  "73": [],
  "74": [
    [-0.4268526420204722, 0.9875073872961945, 0.8927247712090458, 0.7127850297600279]
  ],
  "75": [],
  "76": [
    [-0.9020941863682357, -0.39865817082687266, 0.6240891123329814, -0.7641818954000957],
    [0.8637983934251079, -0.8138831840020703, -0.5164928835019504, 0.6379569704283896]
  ],
  "77": [],
  "78": [],
  "79": [],
  "80": [],
  "81": [],
  "82": [],
  "83": [],
  "84": [],
  "85": [],
  "86": [],
  "87": [],
  "88": [],
  "89": [],
  "90": [],
  "91": [],
  "92": [],
  "93": [],
  "94": [],
  "95": [],
  "96": [],
  "97": [],
  "98": [],
  "99": [],
  "100": []
}
