{
  "1": [
    [-0.398131471129628, -0.83632509800381, 0.9518628347197801, 0.2165485103244873]
  ],
  "2": [],
  "3": [],
  "4": [],
  "5": [],
  "6": [],
  "7": [],
  "8": [
    [-0.02379192559695006, -0.7057575737959452, -0.09232278947427233, 0.7949909836970823]
  ],
  "9": [
    [0.05923233142006943, -0.24134446192566916, -0.07638347437248355, -0.24198923217266355]
  ],
  "10": [
    [0.0005723571831393194, -0.6426750071398042, -0.23027793833400115, 0.3104519224922044],
    [-0.3226222700144894, -0.07502875838643124, 0.4635678064847378, 0.366598806540198],
    [-0.3164402566353022, 0.3580768729435006, 0.4532327964944994, 0.43366082079349316],
    [0.14634479667234498, -0.6147679101254869, -0.27477629169513024, 0.32634004599597055],
    [0.28459808291443, 0.3310288322055925, -0.351688363983466, 0.6962850897173337]
  ],
  "11": [
    [0.35095601773847573, -0.31864950278320237, 0.1547873867489392, -0.1966156686392878]
  ],
  "12": [],
  "13": [
    [0.5542929353077304, 0.10665405425517238, 0.3002510756251719, -0.6470357085153176]
  ],
  "14": [
    [-0.652584633817471, 0.058611629113631186, -0.7433297110849202, -0.0532562003491417],
    [0.32437689856042334, 0.009013513701202085, -0.7938563655660469, -0.10012080891072779]
  ],
  "15": [],
  "16": [],
  "17": [],
  "18": [],
  "19": [],
  "20": [],
  "21": [],
  "22": [],
  "23": [],
  "24": [
    [0.05935086559218825, 0.11043197197404468, 0.5299110408339032, -0.3972470390703509]
  ],
  "25": [],
  "26": [],
  "27": [],
  "28": [
    [-0.047477648222674584, 0.3160175355358525, -0.6767500163345971, -0.5290483167074642],
    [0.04044256303280415, 0.2156974356854596, -0.7427916878040856, 0.6376072908646286]
  ],
  "29": [
    [0.15978853473951551, -0.9224858263708272, 0.023656803550608556, -0.05328008802027309]
  ],
  "30": [
    [0.6513790782286019, 0.6307329743277412, -0.41805624995754276, -0.20880325599924535]
  ],
  "31": [],
  "32": [],
  "33": [
    [0.8214993436372623, 0.10311039468076758, 0.25205695992594973, -0.48094167114687714]
  ],
  "34": [],
  "35": [
    [0.2725168620957355, -0.7894853424096199, -0.4207704581463786, -0.033389290044641806]
  ],
  "36": [
    [-0.8701538083844732, -0.08070954590318108, -0.3941845439286967, 0.4479452367146791]
  ],
  "37": [
    [-0.14666118771006137, -0.747569061769427, 0.03846473560225021, 0.9207828941947515],
    [-0.16617507248038665, 0.010261725648022755, 0.42913957534310554, -0.5027459354798501]
  ],
  "38": [
    [-0.1248603606352427, -0.5245634612155526, -0.33970642356498015, 0.24192958829305056]
  ],
  "39": [],
  "40": [],
  "41": [
    [-0.29233514976398517, 0.378755130601224, 0.09661055638800878, -0.5631010099208423],
    [0.3529099998386768, 0.4366110458224713, -0.03450111962140762, -0.1414056642118699]
  ],
  "42": [],
  "43": [],
  "44": [],
  "45": [],
  "46": [],
  "47": [
    [-0.809332709616744, 0.47614376776914874, -0.12371181935006567, -0.3449087823376436]
  ],
  "48": [
    [-0.07103800832012469, -0.7589966376283332, 0.9207123353393121, -0.6487771116167751],
    [-0.6287824319335026, -0.2904980080996866, 0.10296635342242913, -0.05233934551442768],
    [0.19797996997566777, 0.1822017940612503, -0.3392079576605276, 0.60430045402392]
  ],
  "49": [
    [0.32305189856190103, 0.11398125611560031, 0.5655036975228341, -0.29967798094742176]
  ],
  "50": [],
  "51": [
    [0.3201296262156206, 0.4055509151593415, -0.4756959730700737, 0.7847259232842269]
  ],
  "52": [],
  "53": [
    [-0.13439971353661706, -0.6326427340958573, 0.22667043330611458, 0.10477828155607039]
  ],
  "54": [],
  "55": [],
  "56": [],
  "57": [
    [-0.09706212142730765, -0.6931883442887354, 0.270328737793721, -0.024491974632213538]
  ],
  "58": [],
  "59": [
    [0.02244044948936958, 0.07108592468419965, -0.13822754520975225, -0.5126512586889072]
  ],
  "60": [
    [0.7178652188336091, -0.6306447628674925, 0.8299647839681549, -0.7673148495248759]
  ],
  "61": [],
  "62": [
    [-0.008972518688621516, -0.48621240908655844, -0.30414474024318033, -0.14750276437922272]
  ],
  "63": [],
  "64": [],
  "65": [
    [0.19899653226422104, -0.004639854553042363, -0.24510203322546845, -0.8733660162077859]
  ],
  "66": [],
  "67": [],
  "68": [],
  "69": [
    [0.07149793781750109, -0.15839775055058902, 0.001565948753012031, -0.6360901596444996]
  ],
  "70": [
    [0.47528598792340265, -0.7794354117162036, 0.981812573547601, -0.28055775899414687],
    [0.0813130214641197, 0.03598076691501327, 0.24401934670144484, 0.08326842324060088]
  ],
  "71": [
    [0.13840899577004126, 0.175833201462336, -0.521649685511707, 0.5584160020722793]
  ],
  "72": [
    [-0.46695992250440527, 0.24715216150746763, -0.4935959523665215, 0.09006150101988962],
    [-0.36795498828419027, 0.5582881699043865, 0.5156254258971702, 0.6200813696301779],
    [0.15520184930521555, 0.5731538075593294, 0.19787623735645765, -0.7930293845876711]
  ],
  "73": [
    [-0.2876072126499013, 0.48078410748739764, -0.439553291295412, -0.9010049820895438],
    [0.6281137415914635, -0.5133349971615833, 0.503596072184788, -0.4115761812450183]
  ],
  "74": [
    [0.01618787996061989, 0.04231323918602232, 0.024855337659376416, -0.38053276678304865]
  ],
  "75": [],
  "76": [
    [-0.19562989589258614, 0.16011020648356, 0.5043478735366179, -0.2674223672371363]
  ],
  "77": [
    [0.17195479480800518, 0.0341480496764563, 0.33616558957076054, -0.5501851877052981],
    [0.1886434675646604, 0.036287120828513944, 0.1940590689998111, 0.21535077199432756]
  ],
  "78": [],
  "79": [
    [-0.5968406359873415, 0.12808426967200542, 0.02803699798519431, 0.7149477342438432]
  ],
  "80": [],
  "81": [
    [-0.340193662982744, -0.6676335069954689, -0.25535048418206974, -0.2619078314999991]
  ],
  "82": [],
  "83": [],
  "84": [],
  "85": [],
  "86": [],
  "87": [],
  "88": [],
  "89": [
    [-0.5992951838314166, -0.07143998170479822, -0.6599709235248942, 0.6950695841552114],
    [-0.5739329091576529, 0.12639645751795509, -0.6444181049654663, -0.4231252576500583]
  ],
  "90": [],
  "91": [],
  "92": [],
  "93": [
    [-0.8102913824741698, 0.05297723686298368, -0.1306644838627181, -0.2772689410452853]
  ],
  "94": [],
  "95": [],
  "96": [
    [0.30578103745730517, -0.20644278792969695, -0.5523816923974754, -0.6112086735191354],
    [0.3612661908483157, -0.42990225553898437, -0.5334953954769978, 0.6261711724696337]
  ],
  "97": [],
  "98": [],
  "99": [],
  "100": [
    [-0.08207454849727812, 0.09151756450415154, 0.44727027960986154, -0.04373216205507139]
  ]
}
