{
  "1": [],
  "2": [],
  "3": [],
  "4": [],
  "5": [],
  "6": [],
  "7": [],
  "8": [],
  "9": [],
  "10": [],
  "11": [],
  "12": [],
  "13": [],
  "14": [],
  "15": [],
  "16": [],
  "17": [],
  "18": [],
  "19": [],
  "20": [],
  "21": [],
  "22": [
    [-0.6739028073808253, 0.8729632658862282, 0.7580475549589277, 0.4164882422414177]
  ],
  "23": [],
  "24": [],
  "25": [],
  "26": [],
  "27": [],
  "28": [],
  "29": [],
  "30": [],
  "31": [],
  "32": [],
  "33": [],
  "34": [],
  "35": [],
  "36": [],
  "37": [],
  "38": [],
  "39": [],
  "40": [],
  "41": [],
  "42": [],
  "43": [],
  "44": [],
  "45": [],
  "46": [],
  "47": [],
  "48": [],
  "49": [],
  "50": [],
  "51": [
    [-0.2581798313641354, 0.9394909019529688, -0.9037087617005319, 0.8282047125537693]
  ],
  "52": [],
  "53": [],
  "54": [],
  "55": [],
  "56": [],
  "57": [],
  "58": [],
  "59": [],
  "60": [],
  "61": [],
  "62": [],
  "63": [],
  "64": [],
  "65": [
    [-0.9131319439596949, 0.6565598642874958, -0.925807732311437, -0.8552637913360643],
    [0.9239385711500254, 0.5721806274489882, -0.8247416842661078, 0.9202174664496444]
  ],
  "66": [],
  "67": [],
  "68": [
    [-0.760886693442795, -0.8584510503582367, -0.5500724231127474, -0.48327003807388585],
    [-0.9320792810199853, -0.539811965066839, 0.6079514907780543, 0.7800955830342619]
  ],
  "69": [],
  "70": [],
  "71": [],
  "72": [],
  "73": [],
  "74": [
    [-0.509451923460018, -0.6979607483869171, 0.9717195660507636, 0.7712858267422797],
    [-0.3931790598410595, 0.6624056067556305, 0.8969438611673378, 0.8234101438308117]
  ],
  "75": [],
  "76": [],
  "77": [
    [-0.5799895027790943, -0.7202373134793716, -0.8296258650665533, -0.684248181940791]
  ],
  "78": [
    [-0.8357659298732737, -0.5723172261342563, 0.8269178786524499, 0.9598806173348466],
    [-0.6772013560581058, 0.9893444878813221, 0.7507703747109711, -0.6916199709418652]
  ],
  "79": [],
  "80": [],
  "81": [],
  "82": [],
  "83": [
    [-0.9645315521922583, -0.6747239456814624, 0.9081765680463272, -0.8239875466681839]
  ],
  "84": [],
  "85": [],
  "86": [],
  "87": [],
  "88": [],
  "89": [],
  "90": [],
  "91": [],
  "92": [],
  "93": [],
  "94": [],
  "95": [],
  "96": [],
  "97": [],
  "98": [],
  "99": [],
  "100": []
}
