{
  "1": [],
  "2": [],
  "3": [],
  "4": [
    [0.6782747770515541, 0.8039194059968754, 0.5995730422140529, -0.715004163652426]
  ],
  "5": [],
  "6": [],
  "7": [],
  "8": [],
  "9": [
    [0.8766552137021493, 0.5995330107887713, -0.9629062244585797, 0.7174394351716552]
  ],
  "10": [],
  "11": [],
  "12": [],
  "13": [],
  "14": [],
  "15": [],
  "16": [],
  "17": [],
  "18": [],
  "19": [],
  "20": [],
  "21": [],
  "22": [],
  "23": [],
  "24": [],
  "25": [
    [-0.4406476581974017, -0.3400037401652909, -0.8727067995935859, -0.5158769713313033]
  ],
  "26": [
    [-0.8961592696738824, -0.5276626992061695, -0.7298850588770496, -0.9697575745590447]
  ],
  "27": [],
  "28": [],
  "29": [],
  "30": [],
  "31": [],
  "32": [],
  "33": [],
  "34": [],
  "35": [],
  "36": [],
  "37": [],
  "38": [],
  "39": [],
  "40": [],
  "41": [],
  "42": [],
  "43": [],
  "44": [],
  "45": [],
  "46": [
    [-0.8961037317774105, 0.834825277623402, -0.6075117020787054, -0.6933020408948447],
    [-0.7163586028741474, 0.7864675457931816, -0.6454798819188158, -0.7892637902708403]
  ],
  "47": [],
  "48": [],
  "49": [],
  "50": [],
  "51": [
    [-0.8212744633952194, -0.9580390268246598, -0.7725311183276706, -0.858340115138413]
  ],
  "52": [],
  "53": [],
  "54": [],
  "55": [],
  "56": [],
  "57": [],
  "58": [],
  "59": [],
  "60": [],
  "61": [],
  "62": [],
  "63": [],
  "64": [],
  "65": [
    [-0.7722789368887677, -0.8375654088159386, -0.8585566482550212, -0.7252594365417743]
  ],
  "66": [
    [0.017349038056235687, -0.8892036279207056, -0.24742448506099313, -0.0714105567951022]
  ],
  "67": [],
  "68": [],
  "69": [],
  "70": [],
  "71": [],
  "72": [],
  "73": [],
  "74": [],
  "75": [],
  "76": [],
  "77": [],
  "78": [],
  "79": [],
  "80": [
    [-0.8800501284646745, 0.8978014061363243, -0.8711150243125643, 0.45721359564715314]
  ],
  "81": [],
  "82": [],
  "83": [],
  "84": [],
  "85": [
    [-0.971327563840289, 0.5689047946376402, 0.5826685006741411, -0.7687127425585177]
  ],
  "86": [],
  "87": [
    [-0.6334628387300434, -0.18516201876219204, 0.6133020844574687, 0.9948490741499324]
  ],
  "88": [],
  "89": [],
  "90": [],
  "91": [],
  "92": [],
  "93": [],
  "94": [],
  "95": [],
  "96": [],
  "97": [],
  "98": [],
  "99": [],
  "100": []
}
