{
  "1": [],
  "2": [],
  "3": [
    [0.010993073579662371, -0.5416922975653644, 0.3939962204227358, -0.6923788059028111],
    [-0.8120368779339482, -0.477372630439026, -0.005070266864772818, -0.6871289168389051]
  ],
  "4": [],
  "5": [],
  "6": [],
  "7": [],
  "8": [],
  "9": [],
  "10": [],
  "11": [],
  "12": [],
  "13": [],
  "14": [],
  "15": [
    [0.8758911492109739, -0.4751665178713975, -0.5281603057149098, 0.7553281774608551],
    [0.7190177921365744, -0.6115806746159581, 0.422610037966775, 0.7283000007376339],
    [0.5905048067051839, -0.9162358142994196, 0.5800512316585478, 0.490788772020421]
  ],
  "16": [
    [0.1543780701417387, -0.13771641722525704, -0.3349079067741306, 0.8798516781156628]
  ],
  "17": [],
  "18": [],
  "19": [],
  "20": [],
  "21": [],
  "22": [],
  "23": [
    [-0.3250283089298905, -0.6103226323074777, -0.263024625004097, -0.034147076673098305],
    [-0.27759541980132496, 0.6604678804009365, -0.2604308228652541, -0.03414991194327953]
  ],
  "24": [],
  "25": [],
  "26": [],
  "27": [
    [-0.7526069057256216, 0.34718850475246327, -0.6667366032063177, 0.9851829479615521]
  ],
  "28": [],
  "29": [],
  "30": [],
  "31": [],
  "32": [
    [0.8930799411881809, -0.5870819411964793, -0.5216370939187019, 0.6291737087372621]
  ],
  "33": [],
  "34": [],
  "35": [],
  "36": [],
  "37": [
    [-0.8952694544327662, 0.9468593266717095, -0.7340359654358696, -0.8287599142227833],
    [-0.853977558599783, 0.9332120756637388, -0.740225272081344, 0.8397672893330349]
  ],
  "38": [],
  "39": [],
  "40": [
    [-0.791061915150063, 0.359783459035798, -0.8531360609329838, -0.6775082260623272],
    [-0.7727417826344203, 0.024199483876430054, 0.902886113310753, -0.8880726730490396]
  ],
  "41": [],
  "42": [],
  "43": [],
  "44": [],
  "45": [],
  "46": [
    [-0.9288205327970315, 0.961577649245101, 0.4177193054852976, -0.7653703097809649],
    [-0.551963891983256, 0.5383050375560869, 0.687034983627474, -0.6570010296885032]
  ],
  "47": [],
  "48": [],
  "49": [],
  "50": [],
  "51": [],
  "52": [],
  "53": [
    [-0.6707333695803549, 0.782593707745418, 0.8253127029127151, 0.46830460709346106],
    [0.6684334344610638, -0.788342122451715, -0.6608700173904005, 0.5042772430086293]
  ],
  "54": [],
  "55": [
    [0.8186516607607334, -0.9130966911051602, -0.6516944116242842, -0.46092423489181056]
  ],
  "56": [],
  "57": [],
  "58": [],
  "59": [],
  "60": [],
  "61": [],
  "62": [],
  "63": [],
  "64": [],
  "65": [
    [0.6698834219839016, -0.9328372952369142, -0.990781611539767, -0.20388368491081052]
  ],
  "66": [],
  "67": [
    [-0.7530351665047423, -0.6823747622320775, -0.7382427282114224, 0.6172457734376784]
  ],
  "68": [],
  "69": [],
  "70": [
    [0.10940000145916343, -0.879558931631155, -0.07367351954973564, -0.7723729030051462]
  ],
  "71": [],
  "72": [],
  "73": [],
  "74": [],
  "75": [
    [0.41893822960802984, -0.3196945389392037, 0.5500947977478077, -0.8890806550237341],
    [0.4135862958826648, -0.13139682392639138, 0.5695359412479807, 0.8451181132608343]
  ],
  "76": [],
  "77": [
    [-0.7175410200472266, 0.20009812252557424, 0.49123877088630186, 0.2283357687384121],
    [0.8419552307433702, -0.17419483014333725, -0.4075607844422479, -0.250083810541279]
  ],
  "78": [],
  "79": [],
  "80": [
    [-0.18759337253272254, 0.03775966603960223, -0.6352895462694617, -0.5727291971235834],
    [-0.19137602817955524, 0.03986194246323706, 0.2882361489895114, -0.5728659365640983]
  ],
  "81": [
    [0.30558076250424066, -0.30458594545567375, 0.5810479788979481, -0.6117096992851536],
    [0.4901500366444733, 0.45102115461954845, -0.45602911844530974, -0.7468694168031681]
  ],
  "82": [
    [0.6813781588051118, 0.5757796606014568, -0.907090822641251, -0.9000124361798449]
  ],
  "83": [],
  "84": [
    [-0.1188457131125631, -0.5259169202374855, 0.8859792279585028, 0.2201493230218712],
    [0.6607411780593236, -0.6259284143974841, -0.7304244703981875, 0.18755688920623775]
  ],
  "85": [
    [-0.4073377405995339, -0.9345861167985243, -0.047689585449133466, -0.48512422095801083],
    [0.40733942328405676, -0.9366013066987243, -0.04684615493914227, -0.4851347658766343]
  ],
  "86": [],
  "87": [],
  "88": [
    [-0.4499474328686033, 0.07869401776216793, -0.6178707387613855, -0.8925938539601384],
    [-0.4195004246344359, 0.06599866003937191, 0.8303812882958506, 0.8475224074653008],
    [0.44713487310813393, -0.08415364532364837, -0.6184930278158299, -0.8955475381896304],
    [0.42173635625899486, -0.07065267834175704, 0.8307306109428796, 0.8439170257571736]
  ],
  "89": [],
  "90": [],
  "91": [],
  "92": [
    [-0.4246361278401742, -0.606983745311983, -0.7030504812742043, 0.12929252430751942]
  ],
  "93": [],
  "94": [],
  "95": [
    [-0.5924216513886323, 0.2832865849965768, -0.761051676569952, -0.9211872865410067]
  ],
  "96": [],
  "97": [
    [0.8537000186883783, 0.589618644786077, -0.36622521672892344, -0.19093383856302162]
  ],
  "98": [],
  "99": [
    [-0.47393565546125827, 0.2382121210443657, -0.9536105628498044, 0.7506672438189131],
    [0.3281879334760903, -0.31705705379671556, 0.8129640002888234, 0.9829404823686768]
  ],
  "100": [
    [-0.9312902239947128, -0.2617368181264463, 0.5411947111156571, -0.994975842231261]
  ]
}
