{
  "1": [],
  "2": [
    [0.6097344762344984, -0.08126722945965756, -0.9252392640362769, -0.10759502835347505],
    [0.6111920508027905, -0.08158729618232488, 0.8143339864402447, -0.10747600909694835]
  ],
  "3": [
    [-0.9611947291296986, 0.46978799458128917, 0.4370454763972038, 0.8667728750307478]
  ],
  "4": [
    [0.3863632747331285, -0.07784141393209355, 0.9164760020814873, -0.07393032218799167],
    [0.5734767524234782, -0.11095054928107936, 0.7979823715412382, -0.05404863465557906],
    [0.6015665702398411, 0.4088141723002436, 0.5865999131427698, -0.45932704847025807]
  ],
  "5": [],
  "6": [],
  "7": [],
  "8": [
    [0.24995462294481388, -0.9944039499686241, 0.5039555393575114, 0.09488900804605488]
  ],
  "9": [],
  "10": [
    [-0.1033278158088203, 0.12461233075390721, 0.2758169996176974, 0.012739725992126893],
    [0.10895836651718849, 0.12459708547015222, -0.26156376020820077, 0.012744152146888179]
  ],
  "11": [],
  "12": [],
  "13": [],
  "14": [
    [-0.23543655726260518, -0.11901606868221025, -0.752004345959023, 0.2237472070090265],
    [0.1818399003898936, -0.10171135740397488, -0.5729912079210566, -0.36680199308726674]
  ],
  "15": [],
  "16": [
    [-0.6066227893264408, 0.3858484041774881, 0.11250416550060824, -0.18653615760371456],
    [0.5162984413290063, -0.08333940093916911, 0.1704295154348967, -0.24455509357782776]
  ],
  "17": [
    [-0.9597879123108878, 0.03580633788726479, -0.6514992350741202, -0.08034799700557109],
    [-0.8844253964233904, 0.038277146629340904, 0.6558746382851413, -0.08834834669905334]
  ],
  "18": [
    [-0.8717768755650388, -0.6033174669832128, -0.2969199530097145, -0.14216422397748335],
    [-0.9652407715448899, -0.07618894194089756, 0.08740455518605021, -0.8544783507604999],
    [-0.9617973532509337, 0.07747470897526398, 0.08635907280926884, 0.8533268497949466]
  ],
  "19": [],
  "20": [
    [-0.33282981919988985, -0.11221562626632459, -0.4885987823881292, 0.8652296769549223],
    [-0.3316785135696251, 0.22182512329024157, 0.49576308546244785, -0.8804835676062454],
    [-0.11157642424727152, -0.19544513496049024, -0.35103651620841114, 0.9652769382178505],
    [-0.11160279140619217, 0.2283188716789365, 0.3522847396122034, -0.969968159384355]
  ],
  "21": [],
  "22": [],
  "23": [
    [-0.31195962529874466, 0.006867304315228, -0.3018067125963364, 0.26024875372292194]
  ],
  "24": [
    [-0.48324362317359276, 0.0103669667011953, -0.5112166890685662, -0.5189914895190841],
    [-0.4503470743822462, 0.023084802663861013, -0.5883783017710796, 0.5175052731608325],
    [0.647499920146631, 0.3365467311897996, -0.28285652756603075, 0.12072580063645508],
    [0.4961872424262364, -0.36602907866755224, 0.4478746979990737, -0.4617135588935136]
  ],
  "25": [
    [-0.8073934997164193, -0.40315277432524665, -0.3861417188108898, -0.3278427244323913],
    [0.6730059623295974, -0.4901547323396732, -0.25367189676681345, -0.16596236140133142]
  ],
  "26": [
    [-0.4566639902180879, 0.528327266417973, -0.08803517646946658, -0.8869765955147423]
  ],
  "27": [],
  "28": [],
  "29": [],
  "30": [
    [-0.8118776603759134, 0.6802679758977046, 0.016872705166568185, 0.44722376752808246]
  ],
  "31": [
    [0.6263978681576337, -0.7494443262187043, 0.23155026981351481, 0.624005938477519],
    [0.2612970274788719, 0.7407389839197758, 0.1591503936173996, 0.4780334071938137]
  ],
  "32": [
    [-0.3457063047695914, -0.23241785605942597, 0.24933446969170317, 0.4006787543666641],
    [-0.35101413323329295, 0.17981309418528693, 0.2716512867171387, 0.4111589188838136]
  ],
  "33": [
    [0.06416220722706421, 0.12929423801252124, 0.18779000781498645, -0.844940023270895],
    [0.06406811270095486, 0.12948665249029376, 0.19780295258957098, 0.8273306948183197]
  ],
  "34": [],
  "35": [],
  "36": [],
  "37": [],
  "38": [],
  "39": [],
  "40": [],
  "41": [],
  "42": [],
  "43": [
    [-0.3271314400317366, -0.24696821431283286, 0.6750659684898672, -0.5926069915667742],
    [-0.09368976588614007, -0.5221996981237597, 0.43708583845585597, 0.9622792266354832]
  ],
  "44": [],
  "45": [],
  "46": [
    [-0.008633855399277966, 0.07229831254112808, -0.3627786547898781, -0.3245277230161774]
  ],
  "47": [
    [0.13891979247615463, 0.13590107729429518, -0.5249477722108472, 0.43116016940629426]
  ],
  "48": [],
  "49": [
    [-0.7929593407341701, -0.541385473271143, 0.7923543391814853, -0.16408719100400498]
  ],
  "50": [],
  "51": [
    [-0.8909774931990854, 0.016915997386057216, 0.4523941580757442, 0.008004444680365892],
    [0.8706578033954144, 0.0037827550348830934, -0.4643989072348343, 0.010606487133671095]
  ],
  "52": [],
  "53": [],
  "54": [
    [-0.24624863175870082, -0.2667772115969021, 0.5893271562421493, -0.06285256116272658],
    [-0.04107828491345406, 0.27820278735541226, 0.40901815986757817, -0.06268327055753868]
  ],
  "55": [],
  "56": [
    [0.9306417458867827, 0.6538590995582599, 0.43791744378255215, 0.5821026384233912]
  ],
  "57": [
    [0.07244396296921182, -0.7097182440584869, -0.017409854811126363, 0.17761043578145483],
    [0.6808034494263197, 0.7248266979462409, 0.08605797376231168, 0.09489071393308385]
  ],
  "58": [],
  "59": [],
  "60": [],
  "61": [],
  "62": [
    [0.7626903304642159, 0.030025848897169624, -0.8586954181679672, 0.13445381677013132]
  ],
  "63": [],
  "64": [
    [-0.324064168383734, -0.8549225114688058, -0.42471061406774946, -0.2013641331148905],
    [0.00981845429864035, -0.9656969663449098, -0.49401553096665907, -0.20662065625842896],
    [-0.7119524620859753, 0.8599716299184522, 0.5331878214895414, -0.18118039460464758]
  ],
  "65": [
    [0.10742690680179798, 0.16264869551007788, 0.10203502302071651, 0.7761251031016608]
  ],
  "66": [],
  "67": [],
  "68": [],
  "69": [
    [0.5888763249565635, -0.5195727929468956, -0.26648259968397575, 0.9123292859494393]
  ],
  "70": [],
  "71": [],
  "72": [],
  "73": [],
  "74": [],
  "75": [],
  "76": [],
  "77": [],
  "78": [],
  "79": [
    [0.06955139077835025, -0.6121049316123295, -0.04186093402400543, -0.4768846781626116]
  ],
  "80": [],
  "81": [
    [0.0031441701211589886, -0.06158751323500561, 0.1387222780483457, -0.13478457948575098],
    [0.574120729629289, -0.21284786842140238, 0.46954483564092075, 0.5498876103385942]
  ],
  "82": [
    [0.7946749876756924, 0.5565373869775875, -0.38123548551833575, 0.0413267648731418]
  ],
  "83": [],
  "84": [],
  "85": [],
  "86": [],
  "87": [
    [-0.6623972562854442, 0.338569353175311, 0.5635639857057249, 0.36165434122618745]
  ],
  "88": [],
  "89": [],
  "90": [
    [-0.7358966533371913, -0.010079915420079353, 0.9295746348593249, 0.8459747554623465],
    [0.7386037072971866, 0.01062972515752837, -0.1015956681418648, -0.34362828991480954]
  ],
  "91": [
    [-0.35056416528287176, 0.0017882740785291236, -0.8333549186387165, 0.947081124464691]
  ],
  "92": [],
  "93": [],
  "94": [],
  "95": [
    [-0.7130059777629765, -0.5205471457317317, 0.19934175760595718, 0.5788563350396895],
    [-0.7939898118543578, -0.30549307576001955, 0.21377851748171506, 0.503317033864728]
  ],
  "96": [],
  "97": [],
  "98": [],
  "99": [],
  "100": []
}
