{
  "1": [],
  "2": [],
  "3": [],
  "4": [],
  "5": [],
  "6": [],
  "7": [],
  "8": [],
  "9": [],
  "10": [],
  "11": [],
  "12": [],
  "13": [],
  "14": [],
  "15": [],
  "16": [],
  "17": [],
  "18": [],
  "19": [],
  "20": [
    [0.5883427410954305, -0.5767539641745049, -0.9430231798183419],
    [0.5948117801622825, -0.5724761050560322, 0.9436951347577801]
  ],
  "21": [],
  "22": [],
  "23": [],
  "24": [],
  "25": [],
  "26": [],
  "27": [],
  "28": [
    [-0.7049833817672738, -0.9203074467358903, -0.9078919656285971]
  ],
  "29": [],
  "30": [],
  "31": [],
  "32": [],
  "33": [],
  "34": [],
  "35": [],
  "36": [],
  "37": [],
  "38": [
    [-0.8105351489896941, -0.8517059835447289, -0.9924180019849964]
  ],
  "39": [],
  "40": [],
  "41": [],
  "42": [],
  "43": [],
  "44": [],
  "45": [],
  "46": [],
  "47": [],
  "48": [
    [-0.8192792800387434, 0.9098355624544904, 0.8617068474143531]
  ],
  "49": [],
  "50": [],
  "51": [],
  "52": [],
  "53": [],
  "54": [],
  "55": [],
  "56": [],
  "57": [],
  "58": [],
  "59": [],
  "60": [
    [-0.8550448898657701, -0.9917108697191067, 0.9764275975853624]
  ],
  "61": [],
  "62": [],
  "63": [],
  "64": [],
  "65": [],
  "66": [],
  "67": [],
  "68": [],
  "69": [],
  "70": [],
  "71": [
    [-0.9042405734292823, -0.8228616292323944, -0.9308570280972991]
  ],
  "72": [],
  "73": [],
  "74": [],
  "75": [],
  "76": [],
  "77": [],
  "78": [],
  "79": [],
  "80": [],
  "81": [],
  "82": [],
  "83": [
    [-0.5919081450224843, -0.9520944829159386, 0.7939422880845515],
    [-0.6065097103570706, 0.939951609640375, 0.9020543954715728]
  ],
  "84": [],
  "85": [],
  "86": [],
  "87": [],
  "88": [],
  "89": [],
  "90": [
    [0.9975401733556565, 0.20490339571178223, 0.7186969786943173],
    [0.83910941242771, 0.5796674519909406, 0.3823655587283626]
  ],
  "91": [],
  "92": [],
  "93": [],
  "94": [],
  "95": [
    [-0.6255577449723106, 0.850612910444002, 0.9336107900191047]
  ],
  "96": [],
  "97": [],
  "98": [],
  "99": [],
  "100": []
}
