{
  "1": [],
  "2": [],
  "3": [],
  "4": [],
  "5": [],
  "6": [],
  "7": [],
  "8": [],
  "9": [],
  "10": [],
  "11": [],
  "12": [],
  "13": [],
  "14": [],
  "15": [],
  "16": [],
  "17": [],
  "18": [],
  "19": [
    [-0.5100986177728968, -0.9720404183093339, -0.7228885257002046]
  ],
  "20": [],
  "21": [],
  "22": [],
  "23": [
    [-0.7529222587270725, 0.4184294304676335, 0.664508181670693]
  ],
  "24": [
    [-0.606788399732621, 0.9508577920639246, 0.8401127550406466],
    [0.7283820488528524, -0.33182881070843956, -0.5965829382924557],
    [0.7301388922141598, -0.33171222272410567, 0.5947780222568518]
  ],
  "25": [],
  "26": [],
  "27": [],
  "28": [],
  "29": [],
  "30": [
    [0.8381892434798356, -0.6675916018534621, -0.9469451900018924]
  ],
  "31": [],
  "32": [],
  "33": [
    [-0.658970105527833, 0.6661171222998239, -0.6728823617468483]
  ],
  "34": [],
  "35": [],
  "36": [],
  "37": [],
  "38": [],
  "39": [
    [-0.29478390352714046, 0.4972444201942625, -0.24975417830297902],
    [-0.30156121422741117, 0.4860546789344443, 0.2492212257809866]
  ],
  "40": [],
  "41": [],
  "42": [],
  "43": [
    [-0.82435337406451, 0.531182334824007, 0.23723355183137323]
  ],
  "44": [],
  "45": [],
  "46": [],
  "47": [],
  "48": [],
  "49": [],
  "50": [
    [0.876234951618067, 0.9344165353113486, -0.12447733182186356],
    [0.8472914208215095, 0.9500255484254565, 0.12714195703704384]
  ],
  "51": [],
  "52": [],
  "53": [],
  "54": [
    [0.7001059781578003, -0.890392845196987, -0.698234613359382],
    [0.7807931453896338, 0.883345132352296, -0.5955273470954341]
  ],
  "55": [],
  "56": [
    [-0.34216362289617663, -0.7367111339166884, -0.6696637912225069]
  ],
  "57": [
    [0.8833461170133025, 0.6046449156805589, 0.9126432902994267]
  ],
  "58": [],
  "59": [],
  "60": [],
  "61": [],
  "62": [],
  "63": [],
  "64": [],
  "65": [],
  "66": [
    [0.9063848568397258, -0.5002211712069977, 0.849843029503241]
  ],
  "67": [],
  "68": [
    [-0.7529925608826424, 0.8978829905004194, -0.5333039504510174]
  ],
  "69": [],
  "70": [],
  "71": [],
  "72": [],
  "73": [
    [0.5941772956309658, -0.6555411496014412, -0.9887717311261929]
  ],
  "74": [],
  "75": [
    [-0.848475495321574, 0.7624878558497885, 0.981235505551419]
  ],
  "76": [],
  "77": [],
  "78": [
    [0.6341563240461644, 0.35350018030307806, 0.9354277199657391]
  ],
  "79": [],
  "80": [],
  "81": [],
  "82": [],
  "83": [],
  "84": [],
  "85": [
    [0.4309955645003146, -0.7957084873049152, -0.8642016048324112]
  ],
  "86": [
    [-0.277086774781216, 0.2993964064796135, -0.887493849814854]
  ],
  "87": [
    [-0.9756045152875318, -0.3672691674499862, -0.40097150169019796],
    [0.6221181283758281, 0.7300771469282217, 0.6760803168322085]
  ],
  "88": [
    [0.17547619048178376, -0.7004546956851264, 0.3570171487015413]
  ],
  "89": [],
  "90": [],
  "91": [],
  "92": [],
  "93": [
    [0.6616101509285511, -0.8046689890913058, 0.5511590225167955],
    [0.6677019155315436, 0.8208748827988577, 0.5327967050556583]
  ],
  "94": [],
  "95": [],
  "96": [],
  "97": [],
  "98": [],
  "99": [],
  "100": []
}
