{
  "1": [],
  "2": [
    [-0.8526085845504423, -0.0657958308228363, 0.5867565213947538],
    [0.8905438728123353, -0.07089071547862504, 0.16969362662459164]
  ],
  "3": [
    [-0.697090410090251, 0.347607765421944, -0.12837160522635072],
    [0.6667613660750205, 0.3380539888997505, 0.06664364633865569]
  ],
  "4": [
    [-0.9224393070572778, -0.055189287622338434, 0.16958478022432605]
  ],
  "5": [
    [-0.22419948587368113, 0.04347671563804249, -0.24798418087406165],
    [-0.2332218948895022, 0.003953607368893276, 0.0622819068114688]
  ],
  "6": [],
  "7": [
    [-0.7893597543679196, 0.010180726246934734, 0.033017622246016017]
  ],
  "8": [
    [-0.1261224430402527, 0.6247356478975086, -0.233708560514503]
  ],
  "9": [
    [-0.2984857601879242, 0.31691616840819636, -0.3279571545244217]
  ],
  "10": [],
  "11": [],
  "12": [
    [-0.9577761099841636, -0.3188963557410717, 0.21918142633843568]
  ],
  "13": [],
  "14": [],
  "15": [
    [-0.9732918875163357, -0.633050482990152, -0.9572358693174872],
    [0.12466341344017286, -0.5315630442373924, -0.010614493810641598],
    [0.5266785334735085, 0.27686535836175913, -0.012411097974972852]
  ],
  "16": [
    [0.1759724965216725, -0.12087647940421846, -0.7200558802890134]
  ],
  "17": [
    [0.5579301744208195, -0.42642309538093076, -0.3685650295192397]
  ],
  "18": [],
  "19": [],
  "20": [
    [-0.09588179746955307, -0.09860058631598588, -0.3357508924052995],
    [-0.06693972066516522, 0.46561212155723136, 0.7181626519685981]
  ],
  "21": [
    [-0.6689602928089361, -0.1341241908920574, -0.16508421379489455],
    [0.04411430765871225, 0.25178503982280065, -0.8938948809424343]
  ],
  "22": [
    [0.06717853280303736, -0.02201979839049367, 0.2563514689867264]
  ],
  "23": [],
  "24": [
    [0.008259377036478626, -0.01955472655415023, -0.17243349435089225]
  ],
  "25": [],
  "26": [
    [-0.7422123885433495, 0.47434502898626973, 0.09900543638141499]
  ],
  "27": [
    [-0.07347082458652977, -0.7831341875177164, 0.7712800462471562]
  ],
  "28": [],
  "29": [],
  "30": [],
  "31": [],
  "32": [
    [-0.23155193689986625, -0.059761096931407444, -0.26510323824611615],
    [-0.26336766271523054, -0.0310728592006793, 0.13215305865642787]
  ],
  "33": [
    [-0.4040253225994474, -0.4568231778456789, 0.3573045976036849]
  ],
  "34": [
    [-0.3286069754957992, 0.8088903720952804, 0.4413111138555898]
  ],
  "35": [],
  "36": [
    [-0.6161569436914509, -0.7548755590272231, 0.2113978154767687],
    [-0.9839200452747185, 0.5407280882460167, -0.18031481119314888],
    [0.44266346255656364, 0.6454007329475667, 0.13338173571506926]
  ],
  "37": [],
  "38": [
    [-0.5963191942598344, -0.017609150848234802, 0.20842862239266727]
  ],
  "39": [],
  "40": [],
  "41": [],
  "42": [
    [-0.48193465506464134, 0.6121463718547536, 0.09712109639283312]
  ],
  "43": [],
  "44": [
    [0.10292467587100601, -0.2287383387858379, 0.004371193227768535]
  ],
  "45": [
    [0.8789792607822282, 0.08981761686895498, -0.11938187694687892],
    [0.7011253419426077, -0.07176808193649176, 0.14379414006716162]
  ],
  "46": [
    [-0.06865774526137548, 0.6286031904011492, -0.00045786594466247645]
  ],
  "47": [
    [-0.16305648236012818, -0.3461417106677051, -0.8150933720130615],
    [-0.0017416794188064553, 0.4880573086264088, -0.026397295469176657]
  ],
  "48": [
    [-0.06672559837957288, -0.09280077204500459, -0.4942946273848541]
  ],
  "49": [
    [-0.11549903440301854, -0.04614910940492449, 0.7428264231114394],
    [-0.27007376083679585, 0.4375105335169168, -0.6881489923104466],
    [-0.16296023842303617, 0.20390766108702632, -0.6425462286261068]
  ],
  "50": [],
  "51": [],
  "52": [
    [-0.14844247011211162, -0.028508438919793256, 0.20503520947455559]
  ],
  "53": [
    [0.5138391477122426, -0.2779940622963181, 0.7618781346425944],
    [0.6190584398547863, -0.2653534832064826, 0.39808302323556427],
    [0.5516114490443934, 0.3326367596150858, 0.2642107898237375]
  ],
  "54": [],
  "55": [
    [0.08370326687618392, -0.6543338613064332, -0.22234539333001763]
  ],
  "56": [],
  "57": [],
  "58": [],
  "59": [
    [0.34176287113381126, -0.10103732753134988, 0.04918323975361567]
  ],
  "60": [],
  "61": [
    [-0.4269730818971688, 0.08168599762851082, -0.0888448647615907],
    [0.42843909437411165, 0.09174805515284509, 0.08775042337992041]
  ],
  "62": [],
  "63": [
    [-0.6897306133754034, -0.605285709142437, -0.5730109999075517]
  ],
  "64": [],
  "65": [
    [-0.5753718275162132, -0.220543614040303, -0.8848930610705077],
    [-0.375778347302523, 0.07976862186067377, 0.3397342153854816]
  ],
  "66": [],
  "67": [],
  "68": [
    [0.6060040406746796, -0.3541704582656097, -0.010458714607146508],
    [0.5927654797080333, 0.3540933721899739, -0.010392575683598387]
  ],
  "69": [],
  "70": [],
  "71": [],
  "72": [],
  "73": [
    [-0.20582322100513833, 0.06975851684614864, -0.25047430073481564]
  ],
  "74": [
    [-0.10918065221749308, -0.922457768799398, -0.2414003604072126],
    [-0.13578110579964905, -0.4735426839633933, -0.10009873006808491],
    [-0.16468716318749238, 0.5671413538329158, -0.1301873439462459],
    [-0.22337096634791445, 0.6238410006999914, -0.22506629238602688]
  ],
  "75": [
    [-0.817258937166547, 0.7594663425042759, -0.44092999794360155]
  ],
  "76": [],
  "77": [],
  "78": [
    [-0.008625357956603836, 0.1352368508777843, 0.8573677222019234],
    [0.39352779139010424, 0.15605658954809298, 0.7146335325694473]
  ],
  "79": [
    [-0.3692691005423068, -0.7661485092641214, 0.7576468307550166],
    [0.49206262532458955, 0.5576670052769505, 0.577935672955722]
  ],
  "80": [
    [-0.031418549850863564, 0.011620555638457793, -0.21784403887939832]
  ],
  "81": [
    [0.17771641701399485, 0.0766640341211635, -0.44321385987461714]
  ],
  "82": [
    [0.48352721391020975, -0.01832395537426094, -0.7926281574444947]
  ],
  "83": [],
  "84": [
    [-0.18506534461131222, 0.315219988631082, -0.46331268805033027],
    [-0.020189553116282982, 0.5877948750875582, -0.3556848411110065],
    [0.05761675420986997, -0.565241520925763, -0.33660385179262053],
    [0.1880077428491828, 0.2865687020017294, -0.32617792874969725]
  ],
  "85": [
    [-0.3036510509496049, -0.13458383943604282, 0.9884555161002826]
  ],
  "86": [],
  "87": [
    [0.3111102674100398, 0.8771004287591605, -0.47324366629335596]
  ],
  "88": [],
  "89": [],
  "90": [],
  "91": [
    [0.11999537166375727, -0.2635051878706201, -0.5447152803763039]
  ],
  "92": [
    [0.11135518628543996, -3.151201352526562e-05, 0.37790067769451025]
  ],
  "93": [],
  "94": [],
  "95": [],
  "96": [
    [-0.4548523700484548, -0.5863984561233181, 0.05543781209411082]
  ],
  "97": [],
  "98": [],
  "99": [
    [-0.12315473487375349, -0.910096657642505, 0.4438368069158917],
    [-0.25940532656187415, -0.9784011797484946, 0.6566057283310919],
    [-0.12152700287814304, 0.9135835872579191, -0.4190224776971837]
  ],
  "100": []
}
