{
  "1": [],
  "2": [],
  "3": [],
  "4": [],
  "5": [],
  "6": [],
  "7": [],
  "8": [],
  "9": [
    [0.46948876469003326, 0.8968455085228321, -0.908938714748736]
  ],
  "10": [],
  "11": [],
  "12": [],
  "13": [],
  "14": [],
  "15": [],
  "16": [],
  "17": [],
  "18": [
    [-0.5896375098662728, 0.8415257312778562, -0.9384307888454347],
    [0.5855097550688234, 0.7947871563424188, 0.9596907562992995]
  ],
  "19": [],
  "20": [],
  "21": [],
  "22": [],
  "23": [],
  "24": [],
  "25": [],
  "26": [],
  "27": [],
  "28": [
    [-0.9547319618628408, 0.25672128727197613, -0.8186915130557119],
    [0.905474237516532, -0.309822870719918, 0.9259900403397092]
  ],
  "29": [],
  "30": [],
  "31": [],
  "32": [],
  "33": [
    [-0.6937330603795754, -0.2727765821956831, -0.9089797636554726]
  ],
  "34": [],
  "35": [],
  "36": [],
  "37": [],
  "38": [],
  "39": [],
  "40": [],
  "41": [],
  "42": [],
  "43": [],
  "44": [],
  "45": [],
  "46": [],
  "47": [],
  "48": [],
  "49": [],
  "50": [],
  "51": [],
  "52": [],
  "53": [],
  "54": [],
  "55": [],
  "56": [],
  "57": [],
  "58": [],
  "59": [],
  "60": [],
  "61": [],
  "62": [],
  "63": [],
  "64": [],
  "65": [],
  "66": [],
  "67": [],
  "68": [],
  "69": [],
  "70": [],
  "71": [],
  "72": [
    [0.6288016296250568, 0.7548993443668651, -0.8840544879438209]
  ],
  "73": [],
  "74": [],
  "75": [],
  "76": [],
  "77": [
    [-0.6444857611944212, 0.7156249722674534, -0.4675358349706934],
    [-0.6546105718145621, 0.6827868899462721, 0.48051121464639096]
  ],
  "78": [],
  "79": [],
  "80": [],
  "81": [],
  "82": [],
  "83": [],
  "84": [],
  "85": [],
  "86": [],
  "87": [],
  "88": [],
  "89": [],
  "90": [],
  "91": [],
  "92": [
    [-0.3695703683217269, 0.832441187623963, 0.688478363356308]
  ],
  "93": [],
  "94": [],
  "95": [
    [-0.749413254025024, -0.9629737447490619, -0.9138033772801442]
  ],
  "96": [],
  "97": [
    [0.8761393376112879, 0.963945936302218, -0.9450837463929341],
    [0.9927589168359081, 0.8770105550552459, -0.8343864729966916]
  ],
  "98": [],
  "99": [],
  "100": []
}
