{
  "1": [],
  "2": [],
  "3": [],
  "4": [
    [0.603632884524351, -0.43991311257891813, -0.9243819568428597]
  ],
  "5": [],
  "6": [
    [-0.957615194198311, -0.5412095360872838, -0.9686525030074344]
  ],
  "7": [],
  "8": [
    [-0.8478311788969038, -0.4291569172121275, -0.622013476472705]
  ],
  "9": [],
  "10": [],
  "11": [],
  "12": [],
  "13": [
    [0.8002745120158296, 0.7017467954230063, 0.8979032315713168]
  ],
  "14": [],
  "15": [],
  "16": [],
  "17": [],
  "18": [
    [0.7426119787249494, -0.02741544198518187, -0.945989826291797]
  ],
  "19": [
    [-0.63091230362338, -0.7888138357868174, 0.5382951037600532]
  ],
  "20": [
    [-0.5723323103556379, -0.9597985181032814, 0.3054608736987855]
  ],
  "21": [
    [0.620791180660982, 0.11059245430861714, -0.7531586352192984]
  ],
  "22": [],
  "23": [],
  "24": [],
  "25": [
    [-0.39966957826678084, -0.9075634382200185, 0.5652066750550342],
    [-0.4312519780946259, 0.905525562894491, -0.5315243231514255]
  ],
  "26": [],
  "27": [],
  "28": [],
  "29": [],
  "30": [
    [0.22685517966186128, -0.730372752980199, -0.9753566602387402],
    [0.7383339905487573, -0.655092992100782, 0.9342692574003247]
  ],
  "31": [],
  "32": [],
  "33": [],
  "34": [],
  "35": [],
  "36": [
    [-0.5975434568514112, 0.8018704191967321, 0.0677428135197754],
    [0.653054426924582, -0.725305681234338, 0.3686123045418791],
    [0.6355065760621735, -0.7539627485023732, 0.2725595261899623]
  ],
  "37": [],
  "38": [],
  "39": [],
  "40": [
    [-0.5893726090571302, 0.17911313793306588, -0.9858884588373535]
  ],
  "41": [],
  "42": [],
  "43": [
    [0.2455807311381963, -0.4774212606032092, -0.7828119144082415]
  ],
  "44": [],
  "45": [],
  "46": [],
  "47": [],
  "48": [],
  "49": [],
  "50": [],
  "51": [],
  "52": [],
  "53": [
    [0.9066368034338748, 0.8632818802623149, -0.9027758863076302]
  ],
  "54": [],
  "55": [],
  "56": [],
  "57": [],
  "58": [],
  "59": [],
  "60": [],
  "61": [],
  "62": [],
  "63": [],
  "64": [],
  "65": [],
  "66": [],
  "67": [
    [-0.5806895329560045, -0.43716291640409566, 0.926094794105748]
  ],
  "68": [],
  "69": [],
  "70": [],
  "71": [
    [-0.5321410973142694, -0.997196412604441, -0.9980961513543043]
  ],
  "72": [],
  "73": [],
  "74": [],
  "75": [],
  "76": [],
  "77": [],
  "78": [],
  "79": [],
  "80": [],
  "81": [],
  "82": [],
  "83": [
    [0.722877570771052, 0.9563411127383243, 0.6920100469965098]
  ],
  "84": [],
  "85": [],
  "86": [],
  "87": [],
  "88": [
    [0.9289441287278744, 0.6805890253046482, -0.9132116474270274]
  ],
  "89": [],
  "90": [],
  "91": [
    [-0.610621009824241, 0.8789137901221232, 0.2997956122694893]
  ],
  "92": [],
  "93": [],
  "94": [
    [0.6862104047405388, -0.4172171429370896, -0.7224298529092839]
  ],
  "95": [
    [0.9788008521734338, -0.40670871292380156, 0.8690834003585834]
  ],
  "96": [],
  "97": [],
  "98": [],
  "99": [],
  "100": []
}
