{
  "1": [
    [-0.31314871353001617, 0.3318882314143936, -0.3141189560224749],
    [-0.5551222487794724, 0.6757078371293924, 0.7979316675869061],
    [-0.3218836561821893, 0.38582115517681725, 0.3878832729475566],
    [-0.3705760524370009, 0.5587526722719425, 0.5899195109195416],
    [0.3239535364760142, 0.2443017961357053, -0.5524028546516379],
    [0.543133739658044, 0.8361930104769528, 0.6994154874226177]
  ],
  "2": [],
  "3": [],
  "4": [],
  "5": [],
  "6": [],
  "7": [
    [-0.2530396419755191, 0.3673577454637435, 0.639850854738053],
    [-0.28988151721344557, 0.9989176286864175, 0.46686425241999696]
  ],
  "8": [],
  "9": [
    [0.9313335964089361, 0.2570449005539706, 0.4616166521593746]
  ],
  "10": [],
  "11": [
    [-0.38505035458721826, -0.5058104481864659, 0.6226052473974135],
    [-0.2524827077588195, -0.02783416583292552, 0.6909455329125715],
    [-0.2354332673160039, 0.224501609964815, 0.7067663633702648]
  ],
  "12": [],
  "13": [],
  "14": [
    [-0.8265478075940477, 0.08605521114909215, 0.012595936849404334],
    [-0.7652125573853028, 0.085560762574475, -0.014140415210275292],
    [-0.28472215734684214, 0.08384732410415484, -0.23733498474595066],
    [0.2832664824773765, 0.08366973989285424, 0.23865047780869336]
  ],
  "15": [
    [-0.2407311958030208, -0.5754681048111298, -0.17221962393198978],
    [-0.26991120999504487, 0.549893310279124, 0.16752226894861874],
    [0.5984986881632229, -0.8428033936376349, -0.4576814295592856]
  ],
  "16": [],
  "17": [],
  "18": [],
  "19": [],
  "20": [],
  "21": [
    [-0.14371036438667836, -0.10252506306740633, 0.4966810499442201]
  ],
  "22": [
    [0.9200643017648114, -0.09999500170961205, 0.3398315374115845],
    [0.9459101805571339, -0.9142436262409608, 0.0862125015285845]
  ],
  "23": [],
  "24": [],
  "25": [
    [-0.9441808645785273, -0.5517380732483764, -0.7199782157392094]
  ],
  "26": [],
  "27": [],
  "28": [],
  "29": [
    [0.46854893019963145, -0.09676442291557819, 0.08581536926567385]
  ],
  "30": [
    [0.8100155560899186, -0.7298635900696997, -0.1674962350155486],
    [0.7459840589872156, 0.3000040304200963, 0.3207744229508524]
  ],
  "31": [],
  "32": [],
  "33": [],
  "34": [
    [-0.026227641196530937, 0.9029281091530388, -0.2926539229058806]
  ],
  "35": [],
  "36": [],
  "37": [
    [0.6589169872871975, -0.6013713962827559, -0.5202239724712575],
    [0.7070038326281348, -0.5690320933165641, 0.452408518364606]
  ],
  "38": [
    [0.1562986377711784, -0.9971874195061949, 0.09179198196736094]
  ],
  "39": [],
  "40": [
    [0.04803420433429148, 0.5285157565498395, -0.8518849906709173],
    [0.06495969350506813, 0.4246190154218107, 0.7949829446413776]
  ],
  "41": [],
  "42": [],
  "43": [
    [-0.511973773192222, 0.5089176880146722, -0.5364140397763021],
    [-0.7002269297164089, 0.2868107285244184, -0.366196794032262],
    [0.5554357903279574, -0.7326394467297118, -0.7672430654925319],
    [0.771355614634434, 0.44929286296845644, -0.3996183845927793]
  ],
  "44": [],
  "45": [],
  "46": [],
  "47": [
    [-0.2088519839828627, -0.6189908880805829, 0.6964454278824906],
    [-0.16809104437987152, 0.6096292645336278, -0.6325223989265483]
  ],
  "48": [],
  "49": [],
  "50": [],
  "51": [
    [-0.2073591703512012, 0.437030512486912, -0.738185060328674],
    [0.7964939287029608, -0.49604674872915144, 0.9232463863059125]
  ],
  "52": [],
  "53": [
    [-0.8140030437187437, -0.40982237276967537, 0.13895231849126052],
    [-0.1743932806422737, -0.36018809554950454, 0.5579483464904564],
    [0.11142239214889038, 0.8776771130455123, -0.38535312592238197]
  ],
  "54": [
    [0.9449810925074307, -0.23862328883320916, 0.02228109183239864]
  ],
  "55": [
    [-0.1546369339421188, 0.9502128198696702, 0.5594149184076405]
  ],
  "56": [],
  "57": [],
  "58": [],
  "59": [],
  "60": [
    [0.6223629428725589, 0.8277589724798592, -0.5871805356865698]
  ],
  "61": [],
  "62": [
    [-0.03753537318858413, 0.564791975464336, 0.2159813451535532]
  ],
  "63": [],
  "64": [
    [-0.9233367017779556, -0.964695012535035, -0.7050364587417888]
  ],
  "65": [
    [-0.2237425182507032, -0.31335767009137455, 0.5506498524807953],
    [-0.20900504320949742, 0.12814021497546776, -0.4793795573631324]
  ],
  "66": [],
  "67": [
    [-0.3070411707308925, -0.7047940406293283, 0.9544527770579808],
    [-0.32531675608117855, -0.7744750628569298, -0.19760646947699806]
  ],
  "68": [],
  "69": [],
  "70": [
    [-0.7560098746583556, 0.6917552395632635, 0.3382294885633887]
  ],
  "71": [],
  "72": [],
  "73": [],
  "74": [
    [0.8489053876745745, -0.27113900700798405, 0.8314713067532268]
  ],
  "75": [
    [-0.6829982578214643, -0.16006901240939464, -0.8394341747959935]
  ],
  "76": [
    [-0.33834411447974805, -0.22996775411064402, -0.08192850505853386],
    [-0.3383441144797479, 0.22996775411064357, -0.08192850505853373],
    [0.4498908542926906, -0.4498894789368009, -0.28036511016573235],
    [0.44989085429269066, 0.4498894789368009, -0.2803651101657324]
  ],
  "77": [
    [0.5246782661424106, 0.5068040700507871, 0.15688399055385216]
  ],
  "78": [],
  "79": [],
  "80": [
    [0.7168471014414964, 0.5320807541931553, -0.5658664935204312]
  ],
  "81": [],
  "82": [
    [-0.43338143579799876, 0.9400574409675712, -0.8793232399761934]
  ],
  "83": [
    [-0.805878075324311, 0.560254996276975, -0.40436718176285075]
  ],
  "84": [],
  "85": [],
  "86": [
    [-0.12999345610992774, -0.11906039332498516, -0.16545347626579676],
    [-0.13096069700208857, 0.11980198158959027, -0.1647630611631227]
  ],
  "87": [],
  "88": [],
  "89": [
    [0.337914528619168, 0.28416368930130537, -0.8930696745605664]
  ],
  "90": [],
  "91": [],
  "92": [
    [0.5592299648912818, -0.6063779146214301, -0.7523450705421381],
    [0.6371203201859232, -0.6871321262727098, -0.5244991623036808]
  ],
  "93": [],
  "94": [],
  "95": [
    [0.600626583240268, -0.5504737904529383, -0.904000175980553],
    [0.40381320831803164, -0.7280288465777952, 0.6433707173477674]
  ],
  "96": [
    [0.13111993836336197, -0.6881586343414615, 0.41763373916258245]
  ],
  "97": [],
  "98": [],
  "99": [],
  "100": []
}
