{
  "1": [
    [-0.8205096745591253, -0.870474592621966, 0.8464917379670897]
  ],
  "2": [],
  "3": [],
  "4": [],
  "5": [],
  "6": [],
  "7": [],
  "8": [
    [0.7157657046172523, 0.9204146592615593, -0.5847173933075512]
  ],
  "9": [],
  "10": [],
  "11": [
    [-0.658908145314968, -0.7163785920805301, -0.60181978368812]
  ],
  "12": [],
  "13": [
    [-0.7362255182693217, -0.9214511811645603, 0.4544045597779005],
    [0.7401430299216337, 0.9350310094853782, 0.44184895748630487]
  ],
  "14": [],
  "15": [],
  "16": [
    [-0.7240447135009779, -0.6427229537004753, 0.7611047685586431],
    [0.8484990928794912, 0.5891677256246086, -0.6562857703995585]
  ],
  "17": [
    [-0.48253058050480757, 0.9351411658388215, 0.32723505623964627]
  ],
  "18": [],
  "19": [],
  "20": [],
  "21": [],
  "22": [
    [-0.7074045594769157, -0.6394679629215738, 0.7643554947334968]
  ],
  "23": [],
  "24": [],
  "25": [
    [-0.07404228504070434, -0.045882072811489656, -0.6803330938179567]
  ],
  "26": [],
  "27": [],
  "28": [],
  "29": [
    [-0.9264659474031239, 0.533045247316773, 0.9676096702507602]
  ],
  "30": [],
  "31": [],
  "32": [],
  "33": [],
  "34": [
    [0.5760366605986389, -0.6056338603581805, 0.9729206919753072]
  ],
  "35": [],
  "36": [],
  "37": [],
  "38": [],
  "39": [],
  "40": [],
  "41": [],
  "42": [],
  "43": [],
  "44": [],
  "45": [],
  "46": [],
  "47": [],
  "48": [],
  "49": [],
  "50": [],
  "51": [],
  "52": [
    [-0.9747503985023024, -0.9749373049273585, 0.8671586900546445],
    [-0.46292022297018626, -0.7684430376069424, 0.8053023821700124]
  ],
  "53": [],
  "54": [],
  "55": [],
  "56": [],
  "57": [
    [0.5611642737656646, -0.809388355012551, -0.8425861872332697]
  ],
  "58": [],
  "59": [],
  "60": [],
  "61": [],
  "62": [
    [-0.12641189005505418, 0.285852358523209, -0.4077522691676004],
    [-0.12641188913788565, 0.28585237262359403, 0.40776790275102065]
  ],
  "63": [],
  "64": [],
  "65": [],
  "66": [
    [0.07627238457656703, 0.9026880900049831, 0.0023123815583428876]
  ],
  "67": [
    [-0.9307613220080772, 0.9496335914804733, -0.16112617665119713],
    [0.9974079725172249, 0.8267321387462555, -0.20978220892730715]
  ],
  "68": [
    [-0.8762667706712869, 0.42896335055475837, -0.6788961677564888],
    [0.804815153869217, -0.6289428141114614, -0.5837120130758146]
  ],
  "69": [],
  "70": [],
  "71": [],
  "72": [],
  "73": [],
  "74": [],
  "75": [],
  "76": [],
  "77": [
    [0.532657422231588, -0.7984742867854615, -0.14653939175337224],
    [0.5326617796229807, 0.7984740850967478, 0.1466298861702673],
    [0.7890117822963605, 0.7722001437415517, 0.9057101107698083]
  ],
  "78": [],
  "79": [],
  "80": [],
  "81": [],
  "82": [
    [0.9761889477161958, 0.11981163781023861, -0.8909217980345234]
  ],
  "83": [
    [0.05700965772274836, 0.8351471908587819, 0.37739179804800954]
  ],
  "84": [
    [-0.638129337164396, -0.6631949200166591, -0.37303563802288764],
    [-0.6676009398370686, 0.6310592059343964, -0.35129441282336943]
  ],
  "85": [],
  "86": [],
  "87": [],
  "88": [],
  "89": [],
  "90": [],
  "91": [],
  "92": [
    [-0.6176117881508191, -0.6422102269019512, -0.6706286931542632],
    [0.5444795620867285, -0.5887428914467879, -0.8192224115908293]
  ],
  "93": [],
  "94": [],
  "95": [
    [-0.6853300077966707, 0.7676698819776223, -0.5545833353626521]
  ],
  "96": [],
  "97": [],
  "98": [],
  "99": [],
  "100": [
    [0.45314478284912685, -0.5996832354204559, -0.7071718895130984],
    [0.329535310196283, -0.6728776093092053, 0.8233718711395991],
    [0.331509116390948, 0.6328354878514215, -0.8998689475878048],
    [0.44560105025837526, 0.6203412973174462, 0.7858023133975832]
  ]
}
