{
  "1": [],
  "2": [],
  "3": [],
  "4": [],
  "5": [],
  "6": [],
  "7": [],
  "8": [],
  "9": [],
  "10": [],
  "11": [],
  "12": [
    [-0.7011632919564008, -0.5645026400132059, -0.7464041186874372]
  ],
  "13": [
    [0.8972742561373938, -0.5563490381964964, -0.9929414748924962]
  ],
  "14": [],
  "15": [],
  "16": [],
  "17": [],
  "18": [],
  "19": [],
  "20": [
    [0.9997884572037832, -0.9884178049376112, -0.5771251998845871]
  ],
  "21": [],
  "22": [],
  "23": [],
  "24": [
    [-0.9535502415209196, 0.9972729559222977, -0.44232023198836284],
    [0.9591024059915023, 0.7126682719626249, -0.6289366475706853],
    [0.9481654211001325, 0.8967565983824433, -0.5072235977318323]
  ],
  "25": [],
  "26": [],
  "27": [],
  "28": [],
  "29": [],
  "30": [],
  "31": [],
  "32": [],
  "33": [],
  "34": [],
  "35": [
    [-0.8060896836868747, -0.8638064532558427, 0.6289464756562166]
  ],
  "36": [
    [-0.9243237021780703, 0.8453895766201769, 0.40646314736152034],
    [0.8910794531732963, 0.8635005281684712, 0.4074036700019766]
  ],
  "37": [],
  "38": [],
  "39": [],
  "40": [],
  "41": [
    [-0.8457416559900639, 0.9413611089357525, 0.9581785940588954]
  ],
  "42": [],
  "43": [],
  "44": [],
  "45": [],
  "46": [],
  "47": [],
  "48": [],
  "49": [],
  "50": [],
  "51": [
    [-0.6483774327350874, 0.9140849215175227, 0.912194687451473],
    [0.6419146979610232, 0.9138480658582963, -0.8931031671068523]
  ],
  "52": [],
  "53": [],
  "54": [
    [-0.9124075036771956, 0.7121912913602331, -0.8116007049637372]
  ],
  "55": [],
  "56": [],
  "57": [],
  "58": [],
  "59": [],
  "60": [],
  "61": [],
  "62": [],
  "63": [],
  "64": [],
  "65": [],
  "66": [],
  "67": [],
  "68": [],
  "69": [],
  "70": [],
  "71": [],
  "72": [],
  "73": [],
  "74": [],
  "75": [],
  "76": [],
  "77": [],
  "78": [],
  "79": [],
  "80": [],
  "81": [],
  "82": [],
  "83": [],
  "84": [],
  "85": [],
  "86": [],
  "87": [],
  "88": [],
  "89": [],
  "90": [],
  "91": [],
  "92": [
    [0.7594907086813125, 0.9100363037212088, -0.9580747066928745],
    [0.8180060726621445, 0.8902273007184464, -0.9011927531198053]
  ],
  "93": [],
  "94": [],
  "95": [],
  "96": [],
  "97": [
    [-0.659851241742172, 0.7205225679340616, 0.8028354146931277]
  ],
  "98": [],
  "99": [],
  "100": []
}
