{
  "1": [],
  "2": [],
  "3": [],
  "4": [],
  "5": [],
  "6": [],
  "7": [],
  "8": [],
  "9": [],
  "10": [
    [0.9123736186494449, 0.8372371745038246, -0.5314155106529753]
  ],
  "11": [],
  "12": [],
  "13": [],
  "14": [],
  "15": [],
  "16": [],
  "17": [],
  "18": [],
  "19": [],
  "20": [
    [-0.11366336231561833, 0.8039400966136242, -0.7657635578713546]
  ],
  "21": [
    [-0.9635930204349545, 0.09154239943696248, -0.18753886811133913],
    [-0.9635589035252236, 0.09243753402846672, 0.18665096715206755]
  ],
  "22": [
    [0.5515612719843784, 0.9426007874624421, 0.9337024926229209]
  ],
  "23": [],
  "24": [],
  "25": [],
  "26": [],
  "27": [
    [-0.921711379527414, -0.7579615407279198, -0.3009929166477875]
  ],
  "28": [
    [0.9279549417930057, 0.8018579909184381, 0.734518154695964]
  ],
  "29": [],
  "30": [],
  "31": [],
  "32": [],
  "33": [],
  "34": [
    [-0.5814021306912825, -0.9235160778142064, -0.6796766821579593]
  ],
  "35": [],
  "36": [],
  "37": [],
  "38": [],
  "39": [],
  "40": [],
  "41": [],
  "42": [],
  "43": [],
  "44": [],
  "45": [],
  "46": [],
  "47": [],
  "48": [],
  "49": [],
  "50": [],
  "51": [],
  "52": [],
  "53": [],
  "54": [],
  "55": [],
  "56": [
    [-0.9889137237880665, 0.2142403614894452, 0.46362417544046575]
  ],
  "57": [],
  "58": [],
  "59": [],
  "60": [],
  "61": [],
  "62": [
    [0.8671624528634337, -0.9476247165833276, 0.33705920073380263],
    [0.5915245377754844, 0.490833379414193, -0.8069142318865592]
  ],
  "63": [
    [-0.5566332338840988, -0.30328837033677614, -0.30272535421738517],
    [-0.16930072031623178, -0.8203923215237515, -0.33269308490626803],
    [-0.6014068390750607, 0.28761698773897654, 0.2959549296058363],
    [0.2419017544105887, 0.8543474682058333, -0.3368375000119209]
  ],
  "64": [],
  "65": [
    [0.1995043803228623, -0.5186091715868694, 0.5945618273075279],
    [0.19828327586517874, 0.5618927947604191, -0.6332769451153184],
    [0.20219269034511386, -0.5186535780222463, -0.13133737069671667],
    [0.20217163074853534, 0.5637048386916392, 0.12436057485535479]
  ],
  "66": [],
  "67": [
    [0.8270313653390682, -0.7249057439951976, -0.5548805371559702]
  ],
  "68": [],
  "69": [
    [-0.3353417599639128, -0.46431228715318656, 0.9874991537954407]
  ],
  "70": [],
  "71": [],
  "72": [
    [-0.657509088143583, 0.10241818995594894, 0.14852622991137457]
  ],
  "73": [],
  "74": [
    [-0.6845178668800737, -0.5115970206659113, -0.5367829925053924],
    [-0.7393976677092207, 0.4813912656408802, -0.6772877508163964]
  ],
  "75": [],
  "76": [],
  "77": [
    [0.9822919935768792, 0.7505401859690786, 0.7364528678105638]
  ],
  "78": [],
  "79": [],
  "80": [],
  "81": [],
  "82": [],
  "83": [],
  "84": [],
  "85": [
    [0.6800088047225502, 0.14593093404681703, -0.5264706994566775]
  ],
  "86": [],
  "87": [
    [-0.7149296841302233, 0.11297468866421088, 0.04149110356448892]
  ],
  "88": [],
  "89": [],
  "90": [
    [-0.27800845363258747, -0.5002920848168859, -0.7025645733454984],
    [-0.2772718351558871, 0.5365562626508078, -0.5620940138036881]
  ],
  "91": [],
  "92": [],
  "93": [],
  "94": [
    [0.8269665479610383, -0.9709485849883145, 0.20915804314488554]
  ],
  "95": [],
  "96": [],
  "97": [],
  "98": [
    [0.8813430918593613, 0.3415305136652297, -0.0031456224437968715]
  ],
  "99": [],
  "100": [
    [0.5234583009365329, 0.33683995671548417, 0.9454303442624761]
  ]
}
