{
  "1": [],
  "2": [],
  "3": [],
  "4": [],
  "5": [],
  "6": [],
  "7": [],
  "8": [],
  "9": [],
  "10": [],
  "11": [],
  "12": [],
  "13": [],
  "14": [],
  "15": [],
  "16": [],
  "17": [],
  "18": [],
  "19": [],
  "20": [],
  "21": [],
  "22": [],
  "23": [],
  "24": [],
  "25": [],
  "26": [],
  "27": [],
  "28": [],
  "29": [
    [0.961642004501446, -0.9938488995398576, -0.5632287901757052]
  ],
  "30": [],
  "31": [],
  "32": [],
  "33": [],
  "34": [],
  "35": [
    [-0.7771678432259195, 0.9209494306094609, -0.8899827278660167],
    [-0.8432358532775815, 0.8641977988834897, 0.8749201590688348]
  ],
  "36": [],
  "37": [
    [-0.9046585767412023, -0.7994932838327896, -0.7435659865485327],
    [0.7672520944061109, -0.8863718541927035, -0.8181965869520139],
    [0.8286024502838402, 0.9229847057313693, 0.7637141372170745],
    [0.9101168381211449, 0.8221001521500336, 0.9905571138293553]
  ],
  "38": [],
  "39": [],
  "40": [],
  "41": [
    [-0.9337672484489499, 0.965630023150128, -0.909533321003767]
  ],
  "42": [
    [-0.9374276124076633, -0.817874916284423, 0.9210497788715232],
    [0.6869569957128422, 0.9750591064263172, 0.9137087325606099]
  ],
  "43": [],
  "44": [],
  "45": [],
  "46": [],
  "47": [
    [-0.8585435840012501, -0.9266980091154191, -0.9442578992272326]
  ],
  "48": [
    [-0.9167748317829678, -0.6976378391113145, 0.5774603005634703],
    [-0.6492803491883539, 0.8087290508089413, -0.9043498109401398],
    [0.5777626668579215, -0.7797413427440413, -0.8917866012933409],
    [0.8456277846163437, -0.9647511257913185, -0.7159023588807125],
    [0.8503217049313219, -0.8770398857849846, -0.6547803659502163]
  ],
  "49": [],
  "50": [],
  "51": [],
  "52": [],
  "53": [],
  "54": [],
  "55": [],
  "56": [],
  "57": [],
  "58": [],
  "59": [],
  "60": [],
  "61": [],
  "62": [],
  "63": [
    [0.6064108042971649, 0.9045640366231492, 0.9335272140251119]
  ],
  "64": [],
  "65": [
    [0.9323587118654295, 0.965709772380089, -0.9989687656193552]
  ],
  "66": [],
  "67": [],
  "68": [],
  "69": [
    [-0.9938998250594393, -0.44061930407844685, -0.933928929575918]
  ],
  "70": [],
  "71": [],
  "72": [],
  "73": [],
  "74": [],
  "75": [
    [-0.9476507653757456, -0.8900522392724559, 0.9427459377616048],
    [0.979916737525085, 0.992281149829978, 0.6101739034138141]
  ],
  "76": [],
  "77": [],
  "78": [],
  "79": [],
  "80": [],
  "81": [],
  "82": [],
  "83": [],
  "84": [],
  "85": [
    [0.7955777361980869, -0.8642254437695895, -0.8347551292489702]
  ],
  "86": [],
  "87": [],
  "88": [],
  "89": [],
  "90": [
    [0.8967686754367937, 0.6136110381576014, -0.8442805747838705]
  ],
  "91": [],
  "92": [],
  "93": [],
  "94": [],
  "95": [],
  "96": [],
  "97": [
    [-0.9193463843127381, -0.8532206469470796, 0.7740707127134342],
    [0.8124309115621119, 0.9009108336181677, -0.8197588256707437]
  ],
  "98": [],
  "99": [],
  "100": []
}
