{
  "1": [],
  "2": [
    [0.24126720655439518, 0.021102281757268113, 0.11148134732883119]
  ],
  "3": [
    [-0.19202760893901757, -0.2655091649375986, -0.6087741138740903],
    [-0.293308664555925, 0.14886381540733695, -0.3089052475652114],
    [0.08537792800064896, -0.11572900109015924, -0.343888764045932],
    [0.12554269745897567, 0.514396511545125, -0.17364838769372365]
  ],
  "4": [],
  "5": [],
  "6": [
    [-0.06787020633693795, -0.02881848519064706, 0.02442041687795316]
  ],
  "7": [
    [-0.07864425402693359, 0.09619679239863443, 0.054691133657945645]
  ],
  "8": [
    [0.03362132450482266, -0.8735281146115483, 0.27959241763421744],
    [0.07802358225059178, -0.5969816286349887, 0.12045200865012676]
  ],
  "9": [
    [-0.778088585513015, 0.023422242412378762, -0.6233297783424177]
  ],
  "10": [
    [0.11305906995083775, -0.05237762511042356, 0.8396641652941013]
  ],
  "11": [],
  "12": [
    [-0.7978133183980524, 0.7165112353126428, -0.9107774123317044],
    [0.08823202368654685, -0.8576562050365643, 0.16408709130728866],
    [0.508509600949283, 0.8249759749681042, -0.6880808903667609]
  ],
  "13": [],
  "14": [],
  "15": [],
  "16": [
    [0.09647183345263961, -0.010207885392230897, 0.039804905429097884]
  ],
  "17": [
    [-0.1880158543056019, 0.09232751917044879, -0.08274825066688257],
    [-0.10803714179354165, 0.10429330496858857, 0.14440055527211695]
  ],
  "18": [],
  "19": [
    [0.16465149513946814, 0.31579471541782334, 0.42819418981664104]
  ],
  "20": [],
  "21": [
    [0.06687472697581882, -0.3133083287304881, 0.07091705963324985]
  ],
  "22": [
    [-0.10084765083346785, -0.033010194440647546, -0.16750108395323757],
    [-0.10956070449213387, 0.02203611165605229, -0.16284472335786085]
  ],
  "23": [],
  "24": [
    [-0.34870167589453815, -0.7215994744313534, -0.6943640208864358],
    [0.1573317635201811, -0.054096560995283136, 0.1539099371023439]
  ],
  "25": [
    [-0.4868447072220082, -0.09158644673593236, 0.21994729521778728],
    [-0.11103669040363846, -0.2599088893999791, 0.24279184484311148]
  ],
  "26": [
    [0.18909781955554383, -0.3852781720265299, 0.1582589965234747]
  ],
  "27": [
    [-0.3261546099259546, 0.8709107078140784, -0.7999730788767211],
    [0.3460903258377524, 0.3936890237942349, 0.5139957479561704]
  ],
  "28": [
    [-0.14895085741230626, -0.10050212423368829, -0.6742596748980053]
  ],
  "29": [],
  "30": [
    [0.1174408577833809, 0.20118220226664757, 0.09750269000577007],
    [0.11963412282733092, 0.3130487484991829, 0.14474322585562654]
  ],
  "31": [],
  "32": [
    [-0.03214610528697867, -0.21959140984052133, 0.09312563637737371]
  ],
  "33": [],
  "34": [
    [-0.627617021365489, -0.4861054219875892, 0.7426250780126658],
    [0.6082654738627609, -0.49672314011359686, 0.7641825875165857]
  ],
  "35": [],
  "36": [],
  "37": [],
  "38": [
    [-0.08404890868068372, -0.053756662498381125, -0.07276878806888647]
  ],
  "39": [
    [-0.6412892843402017, -0.5824028322619819, 0.5308966888366026],
    [-0.06124104932863446, 0.05081554838323116, 0.13239669283938366]
  ],
  "40": [
    [-0.10897873245850531, -0.0005393411156166433, 0.08293207654945453],
    [0.08987184257314496, -0.000499402193686663, 0.08547126346093938]
  ],
  "41": [
    [-0.5527208772114791, -0.311950640155863, -0.03498009958369901],
    [-0.03449099267613449, 0.3018713755777512, 0.04362511914497269],
    [0.8989323698603073, -0.13771162598161196, -0.2677716554702771],
    [0.46118331499047427, -0.2900999955202347, -0.05412045013259132],
    [0.22668598453011768, 0.3069433493705833, 0.03923745618029201]
  ],
  "42": [
    [0.013123429612423285, 0.14984000240771736, -0.32378913302193024],
    [0.4168189678172606, -0.09753947312023042, -0.5956031510475519]
  ],
  "43": [
    [-0.05333240466435693, -0.00705616344865884, 0.13605492071803127]
  ],
  "44": [
    [0.050087415703480846, -0.0759821697343534, -0.05501600191642107],
    [0.16734309628152447, -0.08278873935088896, 0.1194798529724556]
  ],
  "45": [
    [0.02437691151263826, 0.10274686200298178, -0.4871750065604295]
  ],
  "46": [],
  "47": [],
  "48": [],
  "49": [
    [-0.5705528136405396, 0.9100862764446267, -0.8719547308662139]
  ],
  "50": [
    [0.4837501268928741, 0.02050479995495559, -0.5422810039980399]
  ],
  "51": [
    [0.052533533461215, 0.18496141762618648, 0.24962511171325052],
    [0.052533533461215, 0.18496141762618648, 0.37675057128473277]
  ],
  "52": [
    [-0.3117775579140271, 0.44384257076282063, -0.15464820071489302]
  ],
  "53": [],
  "54": [
    [-0.5226930373751338, -0.24151267932206227, -0.41281685613280794],
    [-0.27020938031468084, -0.08657703390384104, 0.23512252501446],
    [0.09288830043624408, -0.24151267932206227, -0.4128168561328079],
    [0.11613374591551229, -0.08657703390384106, 0.23512252501446002]
  ],
  "55": [
    [-0.04806719018460532, -0.16350181420327742, 0.031360699436098066],
    [0.06905159605474463, 0.06306204647574153, 0.053901517663026914]
  ],
  "56": [],
  "57": [
    [-0.02894976065134919, -0.08368732225244883, 0.3630153064331576]
  ],
  "58": [],
  "59": [],
  "60": [],
  "61": [
    [-0.4757764488278153, 0.24898752549818912, -0.1491304147545683],
    [0.5834740926649525, 0.01583479305382598, -0.21581143962477684]
  ],
  "62": [],
  "63": [
    [-0.012639254983701265, 0.002065790319157751, -0.010117025496027136]
  ],
  "64": [
    [0.14828402461286774, 0.969237561944211, -0.30159091678088235]
  ],
  "65": [
    [-0.6876836793721153, -0.6471855528623579, 0.03126581938509201],
    [0.010155463175358363, -0.5113734810921979, -0.21835792550916705]
  ],
  "66": [],
  "67": [],
  "68": [
    [0.08591746513322003, 0.08740569908050322, -0.02227271092188409]
  ],
  "69": [
    [0.6635384245331658, -0.10248714514697015, -0.1094692781188319]
  ],
  "70": [
    [-0.2574617233079145, -0.36103014568401026, 0.27758192063965403],
    [0.21675048329168206, -0.1840421312368433, -0.4122162325983313]
  ],
  "71": [
    [-0.030407394812682648, 0.014382140844195165, -0.6791186624895771],
    [0.18364408564100143, 0.08502296903366399, -0.7164277471015003],
    [0.47018406393164275, 0.018390895993475796, 0.01882895856336764]
  ],
  "72": [
    [-0.19808889672711033, -0.22081843984045096, -0.06642800322309673]
  ],
  "73": [],
  "74": [
    [0.1766701565662785, 0.36228820853492166, -0.9478894415246636]
  ],
  "75": [
    [-0.460767658672558, 0.13095418383783433, -0.07036623560958327],
    [0.506823169313711, -0.06677749329676026, -0.03554615322672364]
  ],
  "76": [
    [0.011589138194846377, -0.05742118116206255, -0.3170339167424897],
    [0.006251019586859474, -0.057331770093090054, 0.31051305754245495]
  ],
  "77": [
    [-0.04112499308376717, -0.02203930641859571, -0.20640168051279906]
  ],
  "78": [],
  "79": [
    [-0.3648360611803292, -0.045957661656445256, -0.5660239585368952],
    [0.17166644827242822, -0.04060007701405147, 0.0027253258685609257]
  ],
  "80": [
    [-0.030489478614400795, 0.20084959276801537, 0.6595190298397393],
    [0.45271484338881324, 0.047681644177925156, 0.08303170037474189]
  ],
  "81": [],
  "82": [
    [0.6759344592098121, 0.6863946115502191, -0.7428829589636599]
  ],
  "83": [
    [-0.21860186517764035, -0.2857213395532617, -0.11157621551973268],
    [0.19024644544924113, 0.2084376372265982, -0.09236949487515952]
  ],
  "84": [
    [0.7455703954156595, 0.11638793378875333, -0.16752796067885756]
  ],
  "85": [],
  "86": [
    [-0.0673024730743236, 0.5700199908163789, -0.09963381042302824]
  ],
  "87": [],
  "88": [
    [-0.020734645632448343, 0.08986549258954125, -0.5679558139486727],
    [-0.020385709951933454, 0.03228418009936458, -0.03600095844285803]
  ],
  "89": [],
  "90": [],
  "91": [
    [-0.16224648401344566, 0.11118339228583632, -0.30866681042464716]
  ],
  "92": [],
  "93": [
    [-0.3274192249963416, 0.19388891454678694, 0.2860059259171541],
    [0.3071275112535576, -0.185387159554743, -0.38124186044943603]
  ],
  "94": [],
  "95": [],