{
  "1": [],
  "2": [],
  "3": [],
  "4": [],
  "5": [],
  "6": [
    [-0.9742052457736742, -0.32863978622059925, -0.7649655619043292]
  ],
  "7": [
    [-0.62522262249367, -0.7419622338312423, -0.4037544506434129],
    [-0.7907109344426064, 0.4919234994414489, -0.9207960164321003],
    [0.8544258376387716, -0.6170342028310694, -0.9444457620507645],
    [0.924236657732639, 0.6689743141954747, -0.8047669777599757]
  ],
  "8": [],
  "9": [
    [0.4386571482847282, -0.9041938143837097, -0.1244711157482428]
  ],
  "10": [],
  "11": [
    [0.08632079888392444, 0.641034298307763, -0.9016047972986515]
  ],
  "12": [],
  "13": [],
  "14": [],
  "15": [],
  "16": [],
  "17": [
    [-0.7881154198035661, -0.5570294302791896, -0.5720757872150368]
  ],
  "18": [],
  "19": [
    [0.8474421597228573, -0.6453848387978786, 0.8735429659568146]
  ],
  "20": [],
  "21": [],
  "22": [
    [-0.9270467199312304, 0.3055085852823682, 0.6768294804156378],
    [0.9509444150306834, -0.28291050232735276, -0.6691660597741282]
  ],
  "23": [],
  "24": [],
  "25": [],
  "26": [
    [-0.7700377922002147, 0.5991633151729457, 0.9084890316972025],
    [0.7700377922002145, -0.5991633151729461, -0.9084890316972026]
  ],
  "27": [],
  "28": [],
  "29": [
    [-0.4035041669305764, -0.5020609993584212, 0.43401269732493514]
  ],
  "30": [],
  "31": [],
  "32": [],
  "33": [],
  "34": [],
  "35": [],
  "36": [],
  "37": [],
  "38": [],
  "39": [],
  "40": [],
  "41": [],
  "42": [],
  "43": [],
  "44": [],
  "45": [],
  "46": [],
  "47": [
    [0.6543946613128818, -0.07627953149241842, 0.9476822158836177]
  ],
  "48": [
    [-0.9410777999871661, -0.4834988036157102, -0.8996712296313225],
    [0.9410777999871661, 0.48349880361570946, 0.8996712296313227]
  ],
  "49": [],
  "50": [],
  "51": [],
  "52": [],
  "53": [],
  "54": [],
  "55": [],
  "56": [],
  "57": [],
  "58": [],
  "59": [
    [-0.7411188969791179, -0.7469239852666466, -0.7476823596159696]
  ],
  "60": [
    [0.5965167195553288, -0.8117755357783843, -0.06850690215352791]
  ],
  "61": [],
  "62": [
    [-0.8181043708894582, -0.8377522989053912, -0.5220200653306365]
  ],
  "63": [],
  "64": [
    [-0.45840156120894776, -0.9213147827333031, 0.6626593115875755]
  ],
  "65": [],
  "66": [],
  "67": [],
  "68": [],
  "69": [],
  "70": [],
  "71": [
    [-0.650878956157999, -0.8199201765352687, -0.5814274191918973]
  ],
  "72": [
    [-0.7308087263809704, -0.42211912620268766, 0.874631327127782],
    [0.7998642849198305, -0.4240982922756971, -0.895362758312293]
  ],
  "73": [],
  "74": [],
  "75": [],
  "76": [],
  "77": [],
  "78": [],
  "79": [],
  "80": [
    [-0.9083048463464182, -0.7023908754884923, 0.634729937430769],
    [0.8947733444596052, -0.8710385438961409, 0.5326984607328186]
  ],
  "81": [],
  "82": [
    [0.7874941517635622, -0.9740828065251352, -0.7291958097380822]
  ],
  "83": [],
  "84": [],
  "85": [],
  "86": [],
  "87": [
    [0.9970559905100745, 0.8346925495650351, -0.8810758456832973]
  ],
  "88": [],
  "89": [
    [-0.0020871932884616935, -0.911210411713369, -0.09064718216112862],
    [-0.00208719629374959, 0.9112104117207693, 0.09064718215893786]
  ],
  "90": [],
  "91": [],
  "92": [
    [0.7244931350464348, -0.969106883422397, -0.7337382977882745]
  ],
  "93": [],
  "94": [],
  "95": [],
  "96": [
    [-0.6557595710470158, -0.9738749710987548, -0.788952788392057]
  ],
  "97": [
    [-0.6778275272822396, -0.8249712652525742, 0.7743228322721626]
  ],
  "98": [],
  "99": [],
  "100": []
}
