{
  "1": [],
  "2": [
    [0.6578945500486273, -0.9063310159973171, 0.6031487069865004]
  ],
  "3": [],
  "4": [],
  "5": [],
  "6": [],
  "7": [],
  "8": [],
  "9": [
    [-0.8554172530768753, 0.9708324560834976, -0.9474597613273285],
    [0.9000901378659627, -0.9624282262286361, 0.9355126334575684]
  ],
  "10": [],
  "11": [],
  "12": [],
  "13": [],
  "14": [],
  "15": [],
  "16": [],
  "17": [],
  "18": [],
  "19": [],
  "20": [
    [0.6336499296635888, 0.9899721284827585, 0.8522904095908312]
  ],
  "21": [
    [0.9763796440809883, 0.9670006159416429, -0.8403883533941865]
  ],
  "22": [],
  "23": [],
  "24": [],
  "25": [],
  "26": [],
  "27": [],
  "28": [],
  "29": [
    [0.6182249400259123, 0.9322022441032258, -0.09580643612291173]
  ],
  "30": [],
  "31": [
    [0.9349373472045361, -0.7569738909362838, -0.8637593987260261]
  ],
  "32": [],
  "33": [],
  "34": [],
  "35": [
    [-0.9119126341638965, -0.8159156790062102, 0.33436610594364247]
  ],
  "36": [],
  "37": [
    [-0.7717056915269289, -0.856879204506991, 0.9206539615562839]
  ],
  "38": [
    [-0.5605036201814503, 0.4511643698552121, 0.5267143331017052]
  ],
  "39": [],
  "40": [],
  "41": [],
  "42": [],
  "43": [],
  "44": [],
  "45": [],
  "46": [],
  "47": [],
  "48": [],
  "49": [
    [-0.7537236996652242, 0.8886386600180243, -0.8800101153959531],
    [0.7466220755514671, 0.8939181420220982, -0.8831190117079342]
  ],
  "50": [],
  "51": [],
  "52": [],
  "53": [],
  "54": [],
  "55": [],
  "56": [],
  "57": [],
  "58": [],
  "59": [],
  "60": [],
  "61": [
    [0.9500355184533327, 0.46374750095960116, 0.7998689363117412]
  ],
  "62": [],
  "63": [],
  "64": [],
  "65": [],
  "66": [],
  "67": [],
  "68": [],
  "69": [],
  "70": [],
  "71": [],
  "72": [],
  "73": [],
  "74": [
    [0.5742716148594473, -0.7512051769968697, -0.5008682769334636]
  ],
  "75": [],
  "76": [],
  "77": [],
  "78": [],
  "79": [],
  "80": [],
  "81": [],
  "82": [],
  "83": [],
  "84": [],
  "85": [],
  "86": [
    [0.5772752496761042, -0.8980328889706719, 0.7072326063848756],
    [0.5859669943414981, 0.8916230031984136, -0.715140769362269]
  ],
  "87": [],
  "88": [
    [0.9398565279043489, 0.8671314090907088, -0.7800664893706573]
  ],
  "89": [],
  "90": [],
  "91": [],
  "92": [],
  "93": [],
  "94": [],
  "95": [],
  "96": [],
  "97": [],
  "98": [],
  "99": [],
  "100": [
    [0.5917616481025652, -0.732137259805788, 0.8865004946868315],
    [0.6276052027634562, 0.7524815012478181, -0.7893718450679035]
  ]
}
