{
  "1": [],
  "2": [],
  "3": [],
  "4": [
    [-0.23205708247718285, -0.7001814612954389, -0.12549086647902],
    [0.18710726363907293, -0.2792218564795093, -0.9911724371147721]
  ],
  "5": [],
  "6": [],
  "7": [],
  "8": [
    [0.7365231510944248, -0.24505311982991382, -0.9606629981040224]
  ],
  "9": [],
  "10": [
    [-0.7146132552462908, 0.6885042873872177, 0.3619455184701621]
  ],
  "11": [
    [-0.5458952615250511, -0.6155674911114725, -0.08250721884819046],
    [-0.7385185102936254, 0.8691357699343618, -0.07678084105511368]
  ],
  "12": [],
  "13": [
    [-0.8841272246695049, 0.8465858762414302, 0.39122908298572445]
  ],
  "14": [],
  "15": [],
  "16": [],
  "17": [],
  "18": [],
  "19": [],
  "20": [],
  "21": [
    [-0.9228259996175665, 0.667591754730443, -0.8719875847155747]
  ],
  "22": [],
  "23": [
    [-0.7126604512985073, -0.14248055860220962, 0.2969596523577856]
  ],
  "24": [
    [-0.458126130767539, 0.01099086081386646, 0.9012184557909267],
    [0.4584486667179009, 0.010990860814912969, 0.900271969231372]
  ],
  "25": [],
  "26": [
    [-0.9406289011306299, -0.9009756096624318, -0.9200470504805132]
  ],
  "27": [],
  "28": [],
  "29": [],
  "30": [],
  "31": [
    [0.7479238004398554, 0.21091461509406922, -0.8635574810119289]
  ],
  "32": [
    [-0.4518234568372866, 0.03498340247419247, -0.046938476974631826],
    [0.4519990189237208, 0.03497502050223519, -0.04009224555907362]
  ],
  "33": [],
  "34": [],
  "35": [
    [-0.1274588707288734, 0.8099040803479194, -0.4218907209361101]
  ],
  "36": [
    [-0.052111291253455094, 0.5427786329574542, -0.7932462005823852]
  ],
  "37": [],
  "38": [
    [0.4900440334603965, 0.79661317674209, -0.9835911306257685]
  ],
  "39": [],
  "40": [
    [-0.9577782327059361, 0.05072071783848386, 0.7373517125186768],
    [0.8979203963740044, -0.053701518532647645, 0.7371992920904904]
  ],
  "41": [],
  "42": [],
  "43": [],
  "44": [],
  "45": [],
  "46": [],
  "47": [],
  "48": [],
  "49": [],
  "50": [],
  "51": [],
  "52": [
    [0.49219910210263973, -0.5197522217662816, -0.8631685294138839],
    [0.9976541881145755, -0.46046087371118855, -0.5018347517747681]
  ],
  "53": [],
  "54": [],
  "55": [
    [0.9105114614681064, 0.9271557142215214, 0.21269031955719214]
  ],
  "56": [],
  "57": [],
  "58": [
    [-0.3906589854534079, 0.9968665838781238, 0.3042920848058355],
    [-0.38928549886731223, 0.9308783430594301, 0.41808135930381995]
  ],
  "59": [
    [-0.77848204380781, -0.8145814947803007, 0.3407065547587314]
  ],
  "60": [
    [-0.9163668373665614, 0.6350854598336736, 0.8965028044119537]
  ],
  "61": [],
  "62": [],
  "63": [
    [-0.3842687970283817, 0.5496653086133401, -0.5188905916686315]
  ],
  "64": [
    [-0.5447537532660207, 0.9116643127751397, -0.9282411383231114],
    [0.5418355662982534, 0.9068446603351694, 0.9419900141448089]
  ],
  "65": [
    [-0.6413334119662154, -0.7036176450548597, -0.777941408120215]
  ],
  "66": [
    [-0.8861738038189003, 0.31506819722692647, 0.6809478490490807]
  ],
  "67": [],
  "68": [],
  "69": [],
  "70": [],
  "71": [],
  "72": [],
  "73": [],
  "74": [
    [-0.5716940404319598, 0.9458119948463478, -0.32752219368938357],
    [0.9705279654676269, 0.3966837574077044, 0.7960605551493452]
  ],
  "75": [],
  "76": [],
  "77": [
    [0.6279731536051558, -0.7276044119693759, -0.42247061051146073]
  ],
  "78": [],
  "79": [],
  "80": [
    [0.3518868837664397, -0.7580773306611185, 0.6767238632200874]
  ],
  "81": [],
  "82": [],
  "83": [],
  "84": [],
  "85": [],
  "86": [],
  "87": [
    [0.7720456641073711, -0.5771098794621062, -0.5444634382649246]
  ],
  "88": [
    [-0.2466498831626332, -0.4719864546979835, 0.73046927264777]
  ],
  "89": [],
  "90": [],
  "91": [],
  "92": [
    [-0.2989510500154346, 0.9173399520207433, -0.04595846672202268]
  ],
  "93": [],
  "94": [],
  "95": [],
  "96": [
    [0.5865085687340708, -0.9603685352267557, 0.9566194343007153]
  ],
  "97": [],
  "98": [],
  "99": [],
  "100": [
    [0.4321406794891243, -0.7636516729823056, -0.19499689978098259],
    [0.39102839437467823, -0.03814896016898132, -0.8852960676671691]
  ]
}
