{
  "1": [],
  "2": [],
  "3": [],
  "4": [],
  "5": [],
  "6": [],
  "7": [],
  "8": [
    [-0.9407212128775427, -0.9142493542732789, -0.41410780047129864]
  ],
  "9": [],
  "10": [],
  "11": [],
  "12": [],
  "13": [
    [-0.9413153336718129, -0.8623357059653162, -0.41123840097421704]
  ],
  "14": [],
  "15": [],
  "16": [],
  "17": [],
  "18": [
    [-0.5531710722332182, -0.7923394886509284, 0.946183769534752]
  ],
  "19": [],
  "20": [
    [0.9941290438636127, -0.7589097257683748, -0.8048278821797118]
  ],
  "21": [],
  "22": [],
  "23": [],
  "24": [],
  "25": [],
  "26": [],
  "27": [],
  "28": [],
  "29": [],
  "30": [],
  "31": [
    [-0.4537113879571545, -0.9227956244980273, -0.7243514590875577]
  ],
  "32": [],
  "33": [],
  "34": [],
  "35": [],
  "36": [],
  "37": [],
  "38": [],
  "39": [],
  "40": [],
  "41": [],
  "42": [],
  "43": [],
  "44": [],
  "45": [],
  "46": [],
  "47": [],
  "48": [],
  "49": [],
  "50": [],
  "51": [],
  "52": [],
  "53": [],
  "54": [],
  "55": [
    [0.2401687205941294, 0.7134459323899698, -0.4347985661593285]
  ],
  "56": [],
  "57": [],
  "58": [],
  "59": [],
  "60": [],
  "61": [],
  "62": [],
  "63": [],
  "64": [],
  "65": [],
  "66": [
    [-0.8126412505448636, 0.9991329046069087, 0.5336067932926314]
  ],
  "67": [
    [-0.761057111946676, -0.8237493812427027, 0.5544298235454127]
  ],
  "68": [],
  "69": [
    [-0.8597641815087305, -0.9673611213620407, 0.26922755908036294]
  ],
  "70": [],
  "71": [],
  "72": [],
  "73": [],
  "74": [],
  "75": [],
  "76": [
    [0.9862297443986959, -0.7465349030953787, 0.9569826695245911]
  ],
  "77": [],
  "78": [
    [-0.953750471407236, 0.5819152608102026, 0.8725899907765263]
  ],
  "79": [],
  "80": [
    [0.5896760149579301, -0.07053114080291546, 0.798515727493766]
  ],
  "81": [
    [-0.7243136961140996, 0.7276429367177802, 0.853005142403121],
    [0.9612967013587482, 0.6096569442260547, 0.6456622660567355]
  ],
  "82": [],
  "83": [],
  "84": [],
  "85": [],
  "86": [],
  "87": [],
  "88": [
    [0.9997669521931337, -0.9058789225307032, 0.9910087354752259]
  ],
  "89": [],
  "90": [],
  "91": [],
  "92": [],
  "93": [],
  "94": [],
  "95": [],
  "96": [],
  "97": [],
  "98": [],
  "99": [],
  "100": [
    [-0.5211014085158213, -0.805286280505224, -0.6411985191508007]
  ]
}
