{
  "1": [],
  "2": [],
  "3": [
    [-0.7426865779456737, -0.40338221455354845, 0.8278069565183925],
    [0.9666349214225005, 0.2846063602568096, -0.8023116286650298]
  ],
  "4": [],
  "5": [],
  "6": [
    [0.9142402211986617, -0.6406088351003839, 0.8850013608731273]
  ],
  "7": [],
  "8": [],
  "9": [],
  "10": [],
  "11": [],
  "12": [],
  "13": [],
  "14": [],
  "15": [],
  "16": [
    [-0.8941798520114697, -0.9252690782219909, -0.9417023693187696],
    [0.5157271243171486, -0.9601872866124117, 0.9726946682373723]
  ],
  "17": [],
  "18": [],
  "19": [],
  "20": [],
  "21": [],
  "22": [],
  "23": [
    [-0.9381757499350023, 0.7402920755248154, 0.47148529007004353]
  ],
  "24": [
    [-0.8084604929255264, 0.4284335060087123, 0.3024808725141547],
    [0.7979221533956792, 0.4119498012815419, 0.327269807308129]
  ],
  "25": [],
  "26": [
    [-0.9800394444286685, 0.5658767010650081, 0.8420000492092706],
    [0.9800394444286684, 0.5658767010650081, 0.8420000492092705]
  ],
  "27": [],
  "28": [],
  "29": [],
  "30": [],
  "31": [],
  "32": [],
  "33": [],
  "34": [],
  "35": [],
  "36": [],
  "37": [
    [-0.8542377618299968, 0.8074413485877707, 0.519762076324377]
  ],
  "38": [],
  "39": [],
  "40": [
    [-0.9699837951511884, 0.33984058648760695, -0.6417504466660088],
    [-0.6613938537528127, 0.6159154432788547, -0.8443652500201596],
    [0.5071671808083406, -0.9653560140007766, -0.8451326241571594]
  ],
  "41": [],
  "42": [],
  "43": [],
  "44": [],
  "45": [],
  "46": [],
  "47": [],
  "48": [],
  "49": [],
  "50": [],
  "51": [],
  "52": [],
  "53": [],
  "54": [],
  "55": [],
  "56": [],
  "57": [
    [0.9433116705294768, -0.8834009655922915, 0.9223999185761445]
  ],
  "58": [],
  "59": [],
  "60": [],
  "61": [],
  "62": [
    [-0.9367479502564157, -0.8481489060451785, -0.9965961383248462]
  ],
  "63": [
    [0.9675658226332674, 0.9111658363419358, 0.8594573940733177]
  ],
  "64": [],
  "65": [],
  "66": [],
  "67": [],
  "68": [],
  "69": [],
  "70": [],
  "71": [],
  "72": [],
  "73": [],
  "74": [],
  "75": [],
  "76": [],
  "77": [],
  "78": [],
  "79": [],
  "80": [],
  "81": [],
  "82": [],
  "83": [
    [0.5956427983788593, 0.5967933086612447, 0.8874059800270003]
  ],
  "84": [],
  "85": [],
  "86": [],
  "87": [],
  "88": [],
  "89": [],
  "90": [],
  "91": [
    [0.7711364992011055, -0.9820203118498805, -0.5954020514852036],
    [0.8156521696877337, -0.9878714664684262, 0.6218304672567679],
    [0.7950936933857795, 0.9959023584094395, -0.62315687693353],
    [0.7543980455472893, 0.9952393908509305, 0.5955354265843207]
  ],
  "92": [],
  "93": [],
  "94": [
    [-0.9214966893456984, -0.4979097589378644, 0.919808299139359]
  ],
  "95": [],
  "96": [],
  "97": [],
  "98": [],
  "99": [],
  "100": []
}
