{
  "1": [],
  "2": [],
  "3": [],
  "4": [],
  "5": [
    [-0.8770229015960983, -0.8506907671812659, -0.7987935713224623],
    [0.7858574720002269, -0.587921998576029, -0.40717276997673135]
  ],
  "6": [],
  "7": [],
  "8": [],
  "9": [],
  "10": [],
  "11": [],
  "12": [],
  "13": [],
  "14": [],
  "15": [],
  "16": [],
  "17": [],
  "18": [],
  "19": [],
  "20": [],
  "21": [],
  "22": [
    [0.28578569030139006, -0.6671946556087264, -0.04017073089523902]
  ],
  "23": [],
  "24": [
    [0.7741015036434826, -0.9375217023008277, -0.30358344166902684]
  ],
  "25": [],
  "26": [],
  "27": [
    [-0.24402277964912125, -0.6976432111426086, 0.6059989944323076],
    [-0.45771951984568193, -0.7762676647714418, 0.7685632109804911],
    [-0.6003506493809774, 0.31012163758838224, 0.06956771614547987]
  ],
  "28": [
    [0.22135708264042175, -0.5461415331236763, -0.7591114395281456]
  ],
  "29": [
    [-0.17798794138642965, -0.8995637748221907, 0.43374371823103236]
  ],
  "30": [],
  "31": [],
  "32": [
    [-0.2992181605632514, 0.3008350063527009, -0.3070050268288532],
    [-0.29921816056325207, 0.3008350063527009, 0.30700502682885306]
  ],
  "33": [
    [-0.6956116255048259, -0.523934362298349, -0.34944224762144493],
    [0.64500037227365, -0.45103820936027156, -0.30002826148395967]
  ],
  "34": [],
  "35": [],
  "36": [
    [-0.17808561843851953, 0.06855861060682245, 0.5367388447472096]
  ],
  "37": [],
  "38": [],
  "39": [
    [-0.4207396074132732, -0.5404925285933071, 0.8736733950567319],
    [-0.40293696634299775, 0.10032433489384211, 0.9161860668295028],
    [-0.41498899338908435, 0.43664619762437407, 0.8872949871180136]
  ],
  "40": [],
  "41": [
    [0.6211702833225116, 0.32082408670672735, -0.8416101748903192],
    [0.5388438075862653, 0.40944531534217754, -0.7395734856711138]
  ],
  "42": [],
  "43": [],
  "44": [],
  "45": [],
  "46": [],
  "47": [
    [0.2879628771897987, -0.5485865511752318, -0.525924025732313],
    [0.24365334521687093, 0.6397190865438481, -0.623726905365813]
  ],
  "48": [],
  "49": [
    [0.2615870602397627, 0.19394321785486424, 0.16838225377850272]
  ],
  "50": [],
  "51": [
    [0.3510036110882403, -0.38970617951049064, -0.2947018947906706]
  ],
  "52": [
    [0.3002441764079281, 0.5821660109465524, 0.9653225397145603]
  ],
  "53": [],
  "54": [],
  "55": [],
  "56": [],
  "57": [
    [0.3251528412906014, 0.8184006493219738, 0.6800493839788893]
  ],
  "58": [
    [0.4783123798549178, 0.2060136203546832, 0.945792530068833]
  ],
  "59": [],
  "60": [],
  "61": [],
  "62": [],
  "63": [
    [0.3253721195219539, 0.45209204751155796, 0.7590397184953699]
  ],
  "64": [],
  "65": [],
  "66": [],
  "67": [],
  "68": [
    [-0.35759973004953083, -0.5748655280663088, 0.7105306446628135]
  ],
  "69": [
    [0.174319758889485, -0.06695561972600489, 0.6876581008186636]
  ],
  "70": [],
  "71": [],
  "72": [],
  "73": [],
  "74": [
    [0.8667052070227097, 0.4752664343100984, 0.2663055529602827]
  ],
  "75": [
    [-0.4167120627738637, -0.914489202420952, 0.461100822218027],
    [-0.40751879539694, -0.9157527429972822, 0.7347170782815857]
  ],
  "76": [],
  "77": [],
  "78": [
    [-0.9417447341203691, 0.6249598147253789, -0.6194378079161464]
  ],
  "79": [],
  "80": [],
  "81": [],
  "82": [],
  "83": [],
  "84": [],
  "85": [],
  "86": [
    [-0.7646124021309155, 0.07907919134503527, 0.7684790947871665]
  ],
  "87": [
    [-0.7887432816957883, -0.347615451740646, 0.3130521145539214]
  ],
  "88": [],
  "89": [],
  "90": [],
  "91": [],
  "92": [],
  "93": [
    [-0.9781554914710914, 0.9355194576556618, -0.9263442709087206]
  ],
  "94": [],
  "95": [
    [-0.3948223027855968, 0.500339632685264, -0.9932652509793723],
    [-0.5101203951825143, 0.15050839415850123, 0.2509456038608813],
    [0.5145938211729754, 0.14293716151562405, 0.08805802484882866]
  ],
  "96": [],
  "97": [],
  "98": [],
  "99": [
    [-0.5070621103963394, 0.7360318922455018, 0.11676331866908132],
    [-0.8448798072727113, 0.7393414954745438, 0.5295662903981441],
    [0.45596596343062235, 0.7357741193325366, 0.11608385188267913]
  ],
  "100": []
}
