{
  "1": [],
  "2": [],
  "3": [],
  "4": [],
  "5": [],
  "6": [],
  "7": [],
  "8": [],
  "9": [],
  "10": [
    [0.10895836651724027, 0.12459708547015291, -0.26156376020820116, 0.012744152146888553],
    [-0.10332781580878272, 0.1246123307539067, 0.27581699961767736, 0.012739725992128742]
  ],
  "11": [],
  "12": [],
  "13": [],
  "14": [
    [-0.23543655726242144, -0.11901606868216169, -0.7520043459590999, 0.2237472070088658],
    [0.1818399003898277, -0.10171135740398794, -0.5729912079209819, -0.36680199308717865]
  ],
  "15": [],
  "16": [
    [0.5162984413289651, -0.08333940093918887, 0.17042951543490392, -0.24455509357783442],
    [-0.606622789326453, 0.38584840417750244, 0.11250416550067376, -0.18653615760378237]
  ],
  "17": [],
  "18": [
    [-0.9652407715448318, -0.07618894194093898, 0.08740455518602615, -0.8544783507604604],
    [-0.9617973532509344, 0.07747470897524211, 0.08635907280929957, 0.8533268497949689]
  ],
  "19": [],
  "20": [
    [-0.33282981919989624, -0.11221562626632069, -0.488598782388141, 0.8652296769549707],
    [-0.11157642424727322, -0.19544513496049176, -0.3510365162083353, 0.9652769382177959],
    [-0.1116027914061898, 0.22831887167890405, 0.3522847396121974, -0.9699681593843494],
    [-0.33167851356963235, 0.22182512329021314, 0.49576308546244874, -0.880483567606235]
  ],
  "21": [],
  "22": [],
  "23": [],
  "24": [
    [-0.48324362317348213, 0.010366966701163927, -0.5112166890684424, -0.5189914895189872],
    [-0.45034707438238863, 0.02308480266384687, -0.5883783017709288, 0.517505273160883]
  ],
  "25": [],
  "26": [],
  "27": [],
  "28": [],
  "29": [],
  "30": [],
  "31": [
    [0.6263978681577053, -0.7494443262187593, 0.231550269813541, 0.6240059384775325]
  ],
  "32": [
    [-0.3457063047696305, -0.23241785605942097, 0.24933446969170966, 0.40067875436680567]
  ],
  "33": [
    [0.06406811270095264, 0.12948665249029412, 0.1978029525895682, 0.8273306948183289],
    [0.06416220722706469, 0.12929423801252343, 0.18779000781499086, -0.8449400232709091]
  ],
  "34": [],
  "35": [],
  "36": [],
  "37": [],
  "38": [],
  "39": [],
  "40": [],
  "41": [],
  "42": [],
  "43": [
    [-0.09368976588613155, -0.5221996981237956, 0.4370858384559132, 0.9622792266357476],
    [-0.32713144003164896, -0.24696821431283525, 0.6750659684899124, -0.5926069915669409]
  ],
  "44": [],
  "45": [],
  "46": [],
  "47": [
    [0.13891979247633152, 0.13590107729430295, -0.5249477722108419, 0.43116016940649704]
  ],
  "48": [],
  "49": [
    [-0.7929593407341787, -0.541385473271201, 0.7923543391815178, -0.16408719100400765]
  ],
  "50": [],
  "51": [],
  "52": [],
  "53": [],
  "54": [
    [-0.04107828491338196, 0.27820278735558324, 0.4090181598675357, -0.06268327055753851],
    [-0.24624863175876652, -0.26677721159698753, 0.5893271562422099, -0.06285256116272671]
  ],
  "55": [],
  "56": [],
  "57": [
    [0.6808034494249676, 0.7248266979462217, 0.0860579737622959, 0.09489071393310851]
  ],
  "58": [],
  "59": [],
  "60": [],
  "61": [],
  "62": [],
  "63": [],
  "64": [
    [-0.7119524620859897, 0.8599716299179964, 0.533187821489249, -0.18118039460467075],
    [-0.32406416838375246, -0.8549225114687832, -0.4247106140677373, -0.20136413311489423],
    [0.009818454298674253, -0.9656969663449113, -0.4940155309666607, -0.20662065625843254]
  ],
  "65": [
    [0.10742690680179866, 0.16264869551008365, 0.10203502302071706, 0.776125103101586]
  ],
  "66": [],
  "67": [],
  "68": [],
  "69": [
    [0.5888763249565827, -0.5195727929469073, -0.26648259968398397, 0.9123292859495142]
  ],
  "70": [],
  "71": [],
  "72": [],
  "73": [],
  "74": [],
  "75": [],
  "76": [],
  "77": [],
  "78": [],
  "79": [],
  "80": [],
  "81": [
    [0.003144170121142895, -0.061587513235002236, 0.13872227804833265, -0.1347845794857773],
    [0.5741207296292953, -0.21284786842140463, 0.4695448356409261, 0.5498876103386058]
  ],
  "82": [],
  "83": [],
  "84": [],
  "85": [],
  "86": [],
  "87": [
    [-0.6623972562854417, 0.3385693531752915, 0.5635639857057557, 0.3616543412261867]
  ],
  "88": [],
  "89": [],
  "90": [
    [0.7386037072971443, 0.010629725157460732, -0.10159566814182318, -0.3436282899148063]
  ],
  "91": [
    [-0.3505641652828792, 0.0017882740785372462, -0.8333549186387179, 0.9470811244646675]
  ],
  "92": [],
  "93": [],
  "94": [],
  "95": [],
  "96": [],
  "97": [],
  "98": [],
  "99": [],
  "100": []
}
