{
  "1": [],
  "2": [],
  "3": [
    [0.010993073579755028, -0.5416922975654546, 0.3939962204231315, -0.6923788059031064],
    [-0.8120368779345808, -0.4773726304391923, -0.005070266864592373, -0.6871289168392665]
  ],
  "4": [],
  "5": [],
  "6": [],
  "7": [],
  "8": [],
  "9": [],
  "10": [],
  "11": [],
  "12": [],
  "13": [],
  "14": [],
  "15": [
    [0.7190177921365342, -0.6115806746159578, 0.42261003796677227, 0.7283000007374483]
  ],
  "16": [],
  "17": [],
  "18": [],
  "19": [],
  "20": [],
  "21": [],
  "22": [],
  "23": [
    [-0.32502830892989754, -0.6103226323074971, -0.26302462500408136, -0.03414707667310915],
    [-0.27759541980132413, 0.6604678804009432, -0.26043082286525815, -0.034149911943276004]
  ],
  "24": [],
  "25": [],
  "26": [],
  "27": [
    [-0.7526069057255967, 0.34718850475247365, -0.6667366032063153, 0.9851829479615244]
  ],
  "28": [],
  "29": [],
  "30": [],
  "31": [],
  "32": [],
  "33": [],
  "34": [],
  "35": [],
  "36": [],
  "37": [
    [-0.8952694544314249, 0.9468593266716151, -0.7340359654357782, -0.8287599142243476]
  ],
  "38": [],
  "39": [],
  "40": [],
  "41": [],
  "42": [],
  "43": [],
  "44": [],
  "45": [],
  "46": [],
  "47": [],
  "48": [],
  "49": [],
  "50": [],
  "51": [],
  "52": [],
  "53": [],
  "54": [],
  "55": [
    [0.8186516607608214, -0.9130966911052756, -0.6516944116243149, -0.46092423489183876]
  ],
  "56": [],
  "57": [],
  "58": [],
  "59": [],
  "60": [],
  "61": [],
  "62": [],
  "63": [],
  "64": [],
  "65": [
    [0.669883421984061, -0.9328372952370584, -0.9907816115398208, -0.20388368491061787]
  ],
  "66": [],
  "67": [],
  "68": [],
  "69": [],
  "70": [],
  "71": [],
  "72": [],
  "73": [],
  "74": [],
  "75": [],
  "76": [],
  "77": [
    [0.8419552307434893, -0.17419483014314424, -0.4075607844421908, -0.25008381054127093]
  ],
  "78": [],
  "79": [],
  "80": [],
  "81": [],
  "82": [],
  "83": [],
  "84": [],
  "85": [
    [-0.4073377405995171, -0.9345861167983767, -0.047689585449000337, -0.4851242209579998],
    [0.40733942328401324, -0.9366013066986565, -0.04684615493927142, -0.4851347658766045]
  ],
  "86": [],
  "87": [],
  "88": [
    [-0.4195004246343052, 0.0659986600393893, 0.8303812882961761, 0.8475224074653342]
  ],
  "89": [],
  "90": [],
  "91": [],
  "92": [],
  "93": [],
  "94": [],
  "95": [],
  "96": [],
  "97": [],
  "98": [],
  "99": [],
  "100": []
}
