{
  "1": [
    [-0.3981314711296385, -0.8363250980038133, 0.9518628347198271, 0.21654851032451228]
  ],
  "2": [],
  "3": [],
  "4": [],
  "5": [],
  "6": [],
  "7": [],
  "8": [
    [-0.023791925597140804, -0.7057575737959589, -0.0923227894742136, 0.7949909836970989]
  ],
  "9": [],
  "10": [
    [0.1463447966718838, -0.614767910125789, -0.2747762916946913, 0.326340045995912],
    [0.0005723571842411776, -0.6426750071396773, -0.2302779383343358, 0.3104519224926513]
  ],
  "11": [
    [0.3509560177384601, -0.3186495027831855, 0.15478738674893258, -0.19661566863928703]
  ],
  "12": [],
  "13": [
    [0.5542929353077232, 0.10665405425517263, 0.30025107562517384, -0.6470357085153436]
  ],
  "14": [],
  "15": [],
  "16": [],
  "17": [],
  "18": [],
  "19": [],
  "20": [],
  "21": [],
  "22": [],
  "23": [],
  "24": [
    [0.0593508655921761, 0.11043197197403269, 0.5299110408338754, -0.3972470390703302]
  ],
  "25": [],
  "26": [],
  "27": [],
  "28": [],
  "29": [
    [0.15978853473953333, -0.9224858263708231, 0.023656803550606613, -0.05328008802027971]
  ],
  "30": [
    [0.6513790782285961, 0.6307329743277437, -0.4180562499575358, -0.20880325599923866]
  ],
  "31": [],
  "32": [],
  "33": [
    [0.8214993436373211, 0.10311039468078105, 0.25205695992596994, -0.4809416711469089]
  ],
  "34": [],
  "35": [
    [0.2725168620957398, -0.7894853424096234, -0.4207704581463836, -0.03338929004464333]
  ],
  "36": [],
  "37": [
    [-0.16617507248038646, 0.010261725648022314, 0.4291395753431077, -0.5027459354798598],
    [-0.14666118771006215, -0.7475690617694234, 0.0384647356022549, 0.9207828941947499]
  ],
  "38": [
    [-0.12486036063524036, -0.524563461215552, -0.33970642356497616, 0.24192958829304975]
  ],
  "39": [],
  "40": [],
  "41": [
    [0.3529099998388512, 0.43661104582247107, -0.03450111962140259, -0.14140566421190298],
    [-0.292335149764138, 0.378755130601219, 0.09661055638801339, -0.5631010099208202]
  ],
  "42": [],
  "43": [],
  "44": [],
  "45": [],
  "46": [],
  "47": [
    [-0.8093327096167422, 0.4761437677691585, -0.12371181935000931, -0.34490878233766054]
  ],
  "48": [
    [-0.07103800832017056, -0.7589966376283215, 0.9207123353392933, -0.6487771116167587],
    [-0.6287824319332899, -0.29049800809969806, 0.10296635342243617, -0.05233934551444054],
    [0.19797996997588696, 0.18220179406128192, -0.33920795766056555, 0.6043004540239652]
  ],
  "49": [
    [0.32305189856189487, 0.11398125611559277, 0.5655036975227875, -0.29967798094740006]
  ],
  "50": [],
  "51": [
    [0.32012962621562574, 0.40555091515935343, -0.47569597307006767, 0.784725923284247]
  ],
  "52": [],
  "53": [],
  "54": [],
  "55": [],
  "56": [],
  "57": [
    [-0.09706212142731054, -0.6931883442886007, 0.27032873779377753, -0.024491974632222087]
  ],
  "58": [],
  "59": [
    [0.02244044948937097, 0.07108592468420294, -0.13822754520975125, -0.5126512586889124]
  ],
  "60": [],
  "61": [],
  "62": [
    [-0.008972518688653107, -0.48621240908647, -0.30414474024318283, -0.14750276437920645]
  ],
  "63": [],
  "64": [],
  "65": [],
  "66": [],
  "67": [],
  "68": [],
  "69": [],
  "70": [
    [0.08131302146411197, 0.0359807669150157, 0.24401934670144557, 0.08326842324060417],
    [0.4752859879234174, -0.7794354117162068, 0.9818125735475335, -0.28055775899416296]
  ],
  "71": [
    [0.13840899576990995, 0.1758332014622403, -0.5216496855113553, 0.558416002072516]
  ],
  "72": [
    [0.15520184930532727, 0.5731538075594942, 0.19787623735662005, -0.7930293845877237]
  ],
  "73": [],
  "74": [
    [0.016187879960619947, 0.042313239186018974, 0.024855337659377624, -0.38053276678304715]
  ],
  "75": [],
  "76": [
    [-0.19562989589244098, 0.1601102064835815, 0.5043478735365962, -0.26742236723749613]
  ],
  "77": [
    [0.17195479480791737, 0.03414804967656839, 0.3361655895709582, -0.5501851877055466]
  ],
  "78": [],
  "79": [],
  "80": [],
  "81": [
    [-0.3401936629826499, -0.6676335069954327, -0.2553504841820522, -0.2619078314999623]
  ],
  "82": [],
  "83": [],
  "84": [],
  "85": [],
  "86": [],
  "87": [],
  "88": [],
  "89": [
    [-0.599295183831443, -0.07143998170479936, -0.6599709235249381, 0.6950695841552192],
    [-0.5739329091576505, 0.12639645751795323, -0.6444181049654701, -0.4231252576500478]
  ],
  "90": [],
  "91": [],
  "92": [],
  "93": [
    [-0.8102913824741581, 0.05297723686298346, -0.13066448386271493, -0.2772689410452851]
  ],
  "94": [],
  "95": [],
  "96": [
    [0.3612661908483146, -0.429902255538985, -0.5334953954769973, 0.6261711724696316],
    [0.3057810374573008, -0.2064427879297161, -0.5523816923974699, -0.6112086735191417]
  ],
  "97": [],
  "98": [],
  "99": [],
  "100": [
    [-0.08207454849727965, 0.09151756450417008, 0.4472702796098588, -0.043732162055070405]
  ]
}
