{
  "1": [],
  "2": [
    [0.2955094957304229, -0.6114289545588006, -0.19824725547485425, 0.10577007315308733]
  ],
  "3": [
    [0.25817656041589887, 0.19522210822267602, -0.11478714559193864, 0.22147536497233622]
  ],
  "4": [],
  "5": [
    [-0.5001738362980437, -0.6848316506018065, -0.8188764736611241, 0.3408023650803782]
  ],
  "6": [
    [-0.67497293685575, -0.38572573676555116, -0.0963667642219266, 0.47996349773667946],
    [-0.11740129183153691, 0.10455216495969971, 0.08555821992273811, -0.385291920395834],
    [-0.0008380620646235862, 0.07095845492223363, 0.23431410987786677, -0.8363041820166703]
  ],
  "7": [],
  "8": [],
  "9": [],
  "10": [
    [-0.10102149316467875, -0.27237015949286614, 0.13941443466856035, 0.4206219078538191]
  ],
  "11": [],
  "12": [
    [0.21841466551054714, 0.8111881369698835, 0.026854698423718473, -0.36077440658396726],
    [-0.05056663355113988, -0.7865092284602871, -0.039946459934811884, 0.02225607862231249]
  ],
  "13": [
    [-0.1229415607252452, 0.46902826434647915, -0.015533234088735162, -0.10043913077347041],
    [-0.12294156072525034, -0.469028264346479, -0.015533234088733505, -0.10043913077346948]
  ],
  "14": [],
  "15": [
    [-0.36258042887269426, -0.38230580186142565, 0.26748054240703584, 0.6342780676602868],
    [0.016634148425296306, 0.6709042987325036, 0.29228144679930185, -0.6533891855995598]
  ],
  "16": [],
  "17": [],
  "18": [
    [0.051033638518776556, 0.33669050431911873, 0.05443570675826765, 0.2182386419434183]
  ],
  "19": [
    [0.6420048268679905, -0.8101586828481094, 0.13403533133582457, 0.34963812984228926],
    [-0.38437544482755914, 0.1103553297552093, 0.9252092008173343, 0.04819101747617327]
  ],
  "20": [
    [0.037857474359451984, 0.08144385877241639, 0.7000617418759614, 0.020644882115689503],
    [-0.6198551929690908, 0.21902538374242164, -0.6675133134471877, -0.21471618574045123]
  ],
  "21": [],
  "22": [],
  "23": [],
  "24": [
    [-0.42775438017701445, -0.2530371839652269, -0.683823288992436, 0.6953663515302934]
  ],
  "25": [
    [0.001208436169815471, -0.1765671897319904, 0.2213758508810048, 0.0402735563685804]
  ],
  "26": [],
  "27": [
    [-0.49752482966052186, 0.10508717755549606, 0.16159162908296282, 0.19580333648843626],
    [0.5096858872215566, 0.09619683171109511, -0.16329056026689182, -0.35909562343622875]
  ],
  "28": [],
  "29": [
    [0.04779592908860226, -0.062306266985786, 0.8240813822225449, -0.05620412891757876]
  ],
  "30": [
    [-0.05971134751172832, 0.229331597126046, 0.5922465951362881, -0.1280373215532126]
  ],
  "31": [],
  "32": [
    [0.9506701273466295, 0.797331292797057, 0.31983141330411585, -0.11890598334862237]
  ],
  "33": [],
  "34": [],
  "35": [
    [0.014500283487686907, -0.4493202238228014, 0.13479394050492116, 0.08599991271736238]
  ],
  "36": [
    [0.015483028248573, -0.12474444845505835, 0.1084418924350019, -0.09259968446460926]
  ],
  "37": [],
  "38": [],
  "39": [
    [0.0881780286593072, -0.31768663666132557, 0.4093491059188332, 0.19102427433587493],
    [0.05044599582840718, 0.23617207232273074, 0.293294586111251, 0.15254865582383853]
  ],
  "40": [],
  "41": [
    [0.9090535710435684, 0.2097719717544408, -0.18699729526898692, 0.1475500256264198]
  ],
  "42": [
    [0.03445391021121393, -0.010449232251872092, 0.07240780217385348, 0.017996491873435414]
  ],
  "43": [
    [-0.06091619977808221, 0.060923408088241496, -0.031622077054866436, -0.17481445529489237]
  ],
  "44": [
    [0.24121180367022751, -0.14380006337242654, -0.10008827503930931, 0.5019856694488384]
  ],
  "45": [
    [-0.279280036388214, 0.4823530927525067, -0.22522313745653233, -0.2522953003369591]
  ],
  "46": [
    [-0.40790204158530297, -0.643243551624357, -0.22414815467027543, -0.5639101600380808]
  ],
  "47": [
    [-0.0607312681398849, -0.945626700372395, 0.005834513449776221, -0.24587298342688246]
  ],
  "48": [],
  "49": [],
  "50": [],
  "51": [],
  "52": [
    [-0.20677488261006446, 0.14279524536248112, -0.2344559740489431, -0.276309027432828]
  ],
  "53": [],
  "54": [
    [-0.28094849286457846, -0.21276579546342364, 0.026846747326123608, -0.4825145613170643]
  ],
  "55": [],
  "56": [],
  "57": [],
  "58": [
    [0.17617636516108862, -0.6317706007914016, 0.12343299962092528, -0.597934661109304]
  ],
  "59": [],
  "60": [],
  "61": [],
  "62": [],
  "63": [
    [0.20486070527183295, 0.38370717392391906, 0.5262384868181066, -0.6976769863525178]
  ],
  "64": [
    [0.08478965171238048, 0.0657413156952394, 0.21113211423709033, -0.09594097499394158],
    [-0.5359140604869419, -0.008777741621484304, -0.9372734295252384, -0.09377329049975985],
    [-0.4753020609997601, -0.16101354391590708, -0.8398996724269856, -0.12906375320140043]
  ],
  "65": [],
  "66": [
    [0.22209321019645778, 0.06297014408209854, -0.12634209731025664, 0.3241433411340591],
    [0.3787785780317035, -0.05962716488018833, -0.22829496523358395, -0.5028823353401153],
    [0.271606013294808, 0.42211445860943153, 0.06745376049352474, 0.0024021757548382074],
    [-0.27436723173369243, 0.5283435366737218, 0.013131642175757052, 0.09155058398080856]
  ],
  "67": [
    [-0.10659939816586468, -0.04960460045289017, 0.6555537297596448, -0.6981244453537052]
  ],
  "68": [
    [0.8812144761110237, 0.8290034233706431, -0.5427108152098978, 0.4091367251321147]
  ],
  "69": [],
  "70": [
    [-0.14925713541025418, 0.11999454675244356, 0.6961280530374946, -0.11074630415985005],
    [0.2717670087373196, -0.9884674361070964, -0.43237066465301555, 0.052116473188562586]
  ],
  "71": [],
  "72": [
    [-0.1289075556038528, 0.032494510207855966, 0.29417702205713886, 0.5178463595501358]
  ],
  "73": [],
  "74": [
    [0.008428436966343997, 0.09811004079582883, 0.2065950767789659, -0.09369514731811986]
  ],
  "75": [
    [-0.007526880818426783, 0.2958670371060029, -0.12019763022946081, 0.08871178017745635],
    [-0.016189216493756594, 0.005213302160523186, -0.12261776996327658, -0.12055870086598049]
  ],
  "76": [
    [-0.2858136672512538, 0.043154070333647265, -0.7562943959158088, -0.1862378367340966]
  ],
  "77": [],
  "78": [
    [-0.1628906974418307, 0.1397380518318893, 0.37643506694984213, -0.09174210250526849]
  ],
  "79": [
    [-0.027264519352112875, 0.014059566110278802, -0.09059425467647494, -0.7485665630562985],
    [-0.023520507690659644, 0.012569849326495804, 0.18974891522186357, 0.24625589688825103]
  ],
  "80": [
    [0.25386130443127813, 0.6136678903754709, -0.11345752469422622, -0.13963943700807188],
    [0.19687311858078502, 0.3768109639909259, -0.1260696383566692, -0.18190381683611231],
    [-0.0430444796277305, -0.3189123993312081, -0.11723787347434238, 0.2706211281358634],
    [0.29347401418054325, -0.9417631639175934, -0.09085576340853822, 0.12082863164437911]
  ],
  "81": [
    [0.17328417550953998, 0.9849163609198942, 0.678912436590335, 0.07861252459802698]
  ],
  "82": [],
  "83": [
    [-0.14046966390367438, -0.9157417932051882, -0.450328669109405, 0.023235519861928046]
  ],
  "84": [
    [-0.0423090968246744, -0.5364123589246161, -0.24280587655832336, -0.20450078711069797],
    [-0.03692932287004629, -0.21962367373499267, -0.004455299886277932, -0.1577871866916615]
  ],
  "85": [
    [-0.17665691235193826, 0.040214749930045555, -0.10382444552774416, -0.8727024188738882]
  ],
  "86": [
    [-0.2181445066579486, -0.08281998988150566, 0.6705588013348757, -0.7587846938793834]
  ],
  "87": [
    [-0.08975488270536115, -0.01901249414357397, -0.023369186281113383, -0.642104386926974],
    [-0.07387537820269455, -0.29387625265630457, -0.0415924559670112, 0.6018057214764874]
  ],
  "88": [
    [0.585252227622102, 0.07858459837933528, 0.08875726537817108, -0.21379936192986665]
  ],
  "89": [],
  "90": [],
  "91": [
    [-0.05964378023050661, -0.0902106833531062, 0.13181327854738836, -0.9836625166212356]
  ],
  "92": [
    [0.7410685025632863, -0.6711937652970938, -0.16255915332671475, 0.10522729693704945]
  ],
  "93": [],