{
  "1": [],
  "2": [
    [-0.7318525710245214, -0.7877774903496993]
  ],
  "3": [],
  "4": [],
  "5": [],
  "6": [],
  "7": [],
  "8": [],
  "9": [
    [-0.9428493373977631, -0.8670510084580046]
  ],
  "10": [],
  "11": [],
  "12": [],
  "13": [],
  "14": [
    [-0.3590688769608708, 0.8354996576104236],
    [0.35906273142467043, 0.8355028355260039]
  ],
  "15": [],
  "16": [],
  "17": [],
  "18": [],
  "19": [],
  "20": [],
  "21": [
    [0.810564350221822, -0.7829469884074833],
    [0.7922234935778295, 0.8076591603192282]
  ],
  "22": [
    [0.9400605070200095, -0.9326129308808137]
  ],
  "23": [],
  "24": [],
  "25": [],
  "26": [],
  "27": [],
  "28": [],
  "29": [],
  "30": [
    [0.6153859146912141, -0.8888910112144212],
    [0.6152823590162504, 0.8883791784473415]
  ],
  "31": [
    [0.9067631508828485, 0.6008550065965917]
  ],
  "32": [],
  "33": [],
  "34": [
    [-0.8578767846306882, 0.9933687617043173]
  ],
  "35": [],
  "36": [],
  "37": [
    [-0.7573550081365376, -0.8264828445368724]
  ],
  "38": [],
  "39": [
    [-0.8379039481045141, 0.8227734222707419],
    [0.8349231983549956, 0.8244922817440123]
  ],
  "40": [
    [0.9320975474998355, -0.9422656877782367]
  ],
  "41": [
    [-0.5023197227064108, -0.0748725012085759],
    [-0.913395406317068, 0.9371445134978498],
    [0.5023177715550375, -0.07864830320743538]
  ],
  "42": [
    [-0.9511809298689472, -0.9765188556083342]
  ],
  "43": [],
  "44": [
    [-0.9058260006384327, -0.8164003882547339],
    [-0.8356052854462497, -0.9948395102293288]
  ],
  "45": [],
  "46": [],
  "47": [
    [0.9675048820600317, -0.8266697681462758],
    [0.874934162018648, 0.8604121030399681]
  ],
  "48": [],
  "49": [],
  "50": [],
  "51": [],
  "52": [],
  "53": [],
  "54": [],
  "55": [],
  "56": [],
  "57": [
    [0.662858763253556, -0.6337006960441925]
  ],
  "58": [],
  "59": [],
  "60": [],
  "61": [],
  "62": [
    [0.9842895206745084, -0.9014756886562619]
  ],
  "63": [],
  "64": [],
  "65": [
    [0.6715588718763273, -0.5202867953134228]
  ],
  "66": [],
  "67": [
    [0.9353683399042256, 0.943351297900175]
  ],
  "68": [],
  "69": [],
  "70": [],
  "71": [],
  "72": [],
  "73": [],
  "74": [],
  "75": [
    [-0.6670400928543291, -0.9476346694435172],
    [0.6216489738125968, 0.9969986020283195]
  ],
  "76": [],
  "77": [
    [-0.9932011994923621, -0.8769931263793143]
  ],
  "78": [],
  "79": [],
  "80": [
    [-0.9885536799705803, -0.9168035464167172],
    [-0.8772817103712232, -0.45795534418462464],
    [0.8610027680927582, -0.45740865773937284]
  ],
  "81": [],
  "82": [],
  "83": [
    [0.7187860674347135, -0.8524928793083296]
  ],
  "84": [],
  "85": [
    [0.892769252120272, 0.8542646587333884]
  ],
  "86": [],
  "87": [],
  "88": [],
  "89": [
    [-0.5469538970358494, 0.879930147864357],
    [0.549920358495931, -0.8768718441762307]
  ],
  "90": [],
  "91": [],
  "92": [
    [-0.7460835916742167, 0.7439492920390554]
  ],
  "93": [],
  "94": [],
  "95": [
    [0.9838796004700683, -0.9535255352798233]
  ],
  "96": [],
  "97": [
    [-0.8450887547960061, 0.9274703567453888]
  ],
  "98": [],
  "99": [],
  "100": [
    [0.13141440255381398, -0.9985440378389115]
  ]
}
