{
  "1": [
    [-0.969013534329329, -0.5756925381652991],
    [0.889526587203539, -0.7391789505335319]
  ],
  "2": [
    [-0.5883532138327268, -0.13744387781777068],
    [0.8768310401174239, 0.9919978812901306]
  ],
  "3": [],
  "4": [
    [0.06295423926062639, -0.50450203403222]
  ],
  "5": [],
  "6": [
    [-0.567509954121592, -0.0008915326812865084],
    [0.5527136041727444, -0.542522688917658]
  ],
  "7": [],
  "8": [
    [0.5954166219719456, 0.5542705832180914],
    [0.7107439107200312, 0.9353187186695647]
  ],
  "9": [],
  "10": [],
  "11": [
    [0.9543661041361354, -0.05036862064705284],
    [0.9543661011042536, 0.05036951019539462],
    [0.6063160210795329, 0.8620587747458158]
  ],
  "12": [],
  "13": [
    [-0.9668606172575172, 0.04096528136814318]
  ],
  "14": [
    [-0.7744101371600824, -0.23088524416419656],
    [-0.20614503904923132, -0.44693372695811534],
    [-0.7743873092538859, 0.23090839776611455],
    [-0.2071168664084566, 0.44692066060038543]
  ],
  "15": [],
  "16": [
    [0.6776178157595603, 0.20987270059054408]
  ],
  "17": [],
  "18": [],
  "19": [
    [0.9315436643769578, 0.9267068179733428]
  ],
  "20": [
    [-0.6703413251160375, -0.15516903408173216],
    [0.6703039349189337, -0.15518653029268759]
  ],
  "21": [],
  "22": [],
  "23": [
    [-0.6164071988111233, -0.9251758380816367]
  ],
  "24": [],
  "25": [
    [-0.8972366506354525, -0.7414372997779445]
  ],
  "26": [],
  "27": [
    [0.14438607788600658, -0.6137398291493283]
  ],
  "28": [],
  "29": [
    [-0.8333889345767437, -0.8966280980143096],
    [0.7831767794379423, 0.9222035456317301]
  ],
  "30": [
    [-0.9736957561915404, 0.8255918313774071],
    [0.7527334452308331, 0.9677434017782195]
  ],
  "31": [
    [-0.3259594693248006, -0.7178066169372199],
    [0.3188039232835322, 0.7260690609139977]
  ],
  "32": [
    [0.9657795760999475, -0.8497274112307974]
  ],
  "33": [],
  "34": [
    [0.7221274489575653, -0.6699159314799704]
  ],
  "35": [],
  "36": [],
  "37": [
    [0.9671665606743938, -0.8874912235465594]
  ],
  "38": [],
  "39": [],
  "40": [],
  "41": [],
  "42": [],
  "43": [],
  "44": [],
  "45": [
    [-0.9778872860298086, -0.17158519503051964],
    [-0.9693772788471615, 0.17158483121310297]
  ],
  "46": [],
  "47": [],
  "48": [],
  "49": [
    [-0.8749973863537198, 0.9759067879310651]
  ],
  "50": [],
  "51": [],
  "52": [],
  "53": [
    [-0.9828009657349578, -0.5327772229918695],
    [-0.5070718662563221, -0.9316177636879759]
  ],
  "54": [],
  "55": [
    [-0.024443337110229876, -0.41965179905153355]
  ],
  "56": [
    [-0.991819644585499, 0.5869706291275246],
    [0.8728074476650253, 0.5914908498091747]
  ],
  "57": [
    [-0.472264576616493, -0.5374524443252473],
    [-0.4630551938174932, 0.5405713875996233]
  ],
  "58": [
    [0.09648651685150807, -0.32024746359093986]
  ],
  "59": [
    [-0.9322155485027215, -0.7002914585480389]
  ],
  "60": [
    [-0.8534629910254442, 0.5596643562831921]
  ],
  "61": [],
  "62": [
    [-0.7710453687778236, -0.92099702242021],
    [0.8818136186008214, 0.877192144131894]
  ],
  "63": [
    [-0.002967352270497433, -0.1801935254449074]
  ],
  "64": [],
  "65": [
    [0.6429809954564222, -0.8557238946623806]
  ],
  "66": [],
  "67": [],
  "68": [],
  "69": [
    [0.38970712779760514, 0.9894454903493377],
    [0.8707798363802537, 0.5381241145844339]
  ],
  "70": [],
  "71": [
    [-0.11415865173565652, -0.1845437388901872],
    [0.11626559180558355, -0.13299959240924056]
  ],
  "72": [],
  "73": [],
  "74": [
    [-0.5711910229753022, -0.986100907510686],
    [-0.6274850862874739, 0.9700415255512389]
  ],
  "75": [],
  "76": [],
  "77": [],
  "78": [],
  "79": [
    [-0.5663149596454118, -0.5007807791994271],
    [0.571837116918743, 0.49722318724562187]
  ],
  "80": [],
  "81": [],
  "82": [],
  "83": [],
  "84": [
    [-0.6574164478643496, -0.01630103278804748],
    [0.2668895060061839, -0.09907113062328388]
  ],
  "85": [
    [0.8107704248217535, 0.39854192261939403]
  ],
  "86": [
    [-0.2551095469751787, -0.7405062112706143]
  ],
  "87": [
    [-0.167747083480533, -0.8484219915532718],
    [-0.8145722070912779, 0.7731863441223626],
    [-0.1677471523821656, 0.8484307451677204]
  ],
  "88": [],
  "89": [],
  "90": [
    [-0.6850412367671287, -0.8617666993182477]
  ],
  "91": [
    [-0.903788650697436, 0.7243527602555011]
  ],
  "92": [],
  "93": [],
  "94": [],
  "95": [],
  "96": [],
  "97": [],
  "98": [],
  "99": [],
  "100": []
}
