{
  "1": [],
  "2": [],
  "3": [
    [-0.8865886857827491, -0.8392131371982888],
    [0.8865886857827492, 0.8392131371982887]
  ],
  "4": [],
  "5": [],
  "6": [],
  "7": [],
  "8": [],
  "9": [],
  "10": [],
  "11": [],
  "12": [
    [-0.8110921095190337, -0.9113267555090855],
    [0.811092109519033, -0.911326755509086]
  ],
  "13": [
    [0.9337230314030582, 0.8934443856792689]
  ],
  "14": [
    [0.5454714551949537, 0.7365520446454223]
  ],
  "15": [],
  "16": [],
  "17": [],
  "18": [],
  "19": [],
  "20": [],
  "21": [
    [-0.9106204467849544, 0.8308512589905717]
  ],
  "22": [],
  "23": [
    [-0.3560759472800226, -0.8884626280743029],
    [-0.35605627581255445, 0.8884614376251329],
    [0.35608890128038656, -0.8884410835259312],
    [0.35604333394845517, 0.8884829702066573]
  ],
  "24": [],
  "25": [],
  "26": [],
  "27": [],
  "28": [
    [-0.8040538402632073, 0.9669570661557271]
  ],
  "29": [],
  "30": [],
  "31": [],
  "32": [],
  "33": [],
  "34": [],
  "35": [],
  "36": [],
  "37": [],
  "38": [],
  "39": [
    [-0.5677803301263814, -0.7684793273835647]
  ],
  "40": [],
  "41": [
    [-0.9769493356943598, 0.8482909674048548]
  ],
  "42": [
    [0.9991042840359656, -0.9591117070797895]
  ],
  "43": [],
  "44": [],
  "45": [
    [-0.8737396041770941, 0.8777154572271019],
    [0.8909644456381483, -0.944728803011739]
  ],
  "46": [],
  "47": [
    [-0.8218860548646361, 0.9463820909650488],
    [0.8219775336057233, 0.9948729995737284]
  ],
  "48": [],
  "49": [],
  "50": [
    [-0.8809444509907707, 0.8608537970246993]
  ],
  "51": [
    [-0.9408615453852651, -0.9652627794741012]
  ],
  "52": [],
  "53": [
    [-0.7051628133670106, -0.8427897755803195],
    [-0.6841395713005008, 0.8509728659846514]
  ],
  "54": [],
  "55": [],
  "56": [],
  "57": [
    [0.7861634564345742, 0.9925762378808184]
  ],
  "58": [],
  "59": [
    [-0.4791561471867944, 0.3922518896846479]
  ],
  "60": [],
  "61": [],
  "62": [],
  "63": [
    [-0.9830526261442849, -0.8192867069823736],
    [0.9830526261442849, 0.8192867069823735]
  ],
  "64": [],
  "65": [
    [0.8332790376073, -0.9749219558756491]
  ],
  "66": [
    [0.9537207764211706, -0.9731033325067239],
    [0.9247147585884856, 0.8299937370512217],
    [0.7617821872612782, 0.6404344617607571]
  ],
  "67": [
    [-0.8608375277789159, 0.9205405246260598]
  ],
  "68": [
    [0.8763470027225132, -0.8706999620390846]
  ],
  "69": [],
  "70": [],
  "71": [],
  "72": [
    [0.9799916486020407, -0.925612304823473]
  ],
  "73": [],
  "74": [
    [-0.6335152307254798, 0.8021137645507679]
  ],
  "75": [],
  "76": [],
  "77": [],
  "78": [
    [0.9935145832719506, 0.8597586667884303]
  ],
  "79": [],
  "80": [
    [-0.30670820858665704, -0.477902176711276]
  ],
  "81": [],
  "82": [],
  "83": [],
  "84": [
    [-0.5444112551696589, 0.7074791017819126]
  ],
  "85": [],
  "86": [],
  "87": [],
  "88": [
    [-0.8909319015888134, -0.8286667935739369]
  ],
  "89": [],
  "90": [],
  "91": [],
  "92": [
    [-0.978049198103477, 0.9466734672723455]
  ],
  "93": [],
  "94": [],
  "95": [],
  "96": [],
  "97": [],
  "98": [],
  "99": [
    [-0.45058933771721416, 0.968282924268622],
    [0.45043997508635397, 0.9687113182348787]
  ],
  "100": []
}
