{
  "1": [
    [-0.9670297116204241, -0.9426548386885597]
  ],
  "2": [],
  "3": [],
  "4": [
    [0.9554783938266335, -0.8518031430993398]
  ],
  "5": [],
  "6": [],
  "7": [],
  "8": [
    [0.5818148109856129, -0.8653326887742311]
  ],
  "9": [],
  "10": [],
  "11": [
    [-0.4233222605587935, 0.14535826182360576],
    [0.9384021340547615, -0.9736934076165663],
    [0.423322260558794, 0.14535826184874276]
  ],
  "12": [
    [0.6887806223801675, 0.7781244466884747]
  ],
  "13": [],
  "14": [
    [0.9463957055289903, -0.9634422434056419]
  ],
  "15": [],
  "16": [],
  "17": [],
  "18": [],
  "19": [
    [-0.8938584994572739, -0.6571070422188492],
    [-0.6857596408544305, -0.9846125709911563],
    [0.9997072750924634, 0.9939630941910876]
  ],
  "20": [],
  "21": [],
  "22": [],
  "23": [
    [0.7313962349808895, -0.9241350631746449],
    [0.7313962349808891, 0.9241350631746451]
  ],
  "24": [],
  "25": [],
  "26": [],
  "27": [
    [0.8500234498464089, 0.5668414401344054]
  ],
  "28": [],
  "29": [],
  "30": [],
  "31": [],
  "32": [
    [-0.3950228247218733, 0.01640871191731457]
  ],
  "33": [],
  "34": [],
  "35": [],
  "36": [],
  "37": [],
  "38": [],
  "39": [],
  "40": [],
  "41": [],
  "42": [
    [-0.791600641233851, -0.6129002707505389],
    [-0.8788254627594098, 0.46460186156477207]
  ],
  "43": [],
  "44": [],
  "45": [],
  "46": [],
  "47": [],
  "48": [
    [-0.8778725537771245, 0.973624111323759]
  ],
  "49": [
    [-0.5421979864382385, 0.6309167375704849]
  ],
  "50": [],
  "51": [],
  "52": [],
  "53": [],
  "54": [],
  "55": [],
  "56": [],
  "57": [],
  "58": [],
  "59": [],
  "60": [
    [-0.3467297276453241, 0.8633353184492202]
  ],
  "61": [
    [-0.8500271451445466, -0.7151957974713049],
    [-0.8640892881213519, 0.6987985904837215]
  ],
  "62": [
    [0.9798616733952684, -0.509615407322928],
    [0.9967339296108885, 0.9730036010139411]
  ],
  "63": [
    [0.5645552028594176, 0.9628304318255205]
  ],
  "64": [],
  "65": [],
  "66": [],
  "67": [
    [-0.7577050376375487, -0.16805875554602037],
    [0.757584873197189, 0.16831101477690774],
    [0.8689157218326324, 0.969432693722857]
  ],
  "68": [],
  "69": [
    [0.9430218243552236, -0.9831335751472935]
  ],
  "70": [],
  "71": [],
  "72": [],
  "73": [
    [-0.9334462653407485, -0.9843407016088943]
  ],
  "74": [
    [0.5456960015011139, 0.7714873354768047]
  ],
  "75": [],
  "76": [],
  "77": [],
  "78": [],
  "79": [],
  "80": [],
  "81": [],
  "82": [],
  "83": [],
  "84": [],
  "85": [
    [0.9491154654247769, -0.8242416674075338]
  ],
  "86": [
    [0.4837854966029543, -0.006547349207300969]
  ],
  "87": [
    [-0.3612089304026133, -0.7405204404329596],
    [0.3612125908429514, 0.7405207700240591]
  ],
  "88": [],
  "89": [],
  "90": [
    [-0.3465262726963568, -0.8663009420630942]
  ],
  "91": [
    [-0.8356800827845774, -0.9437147837474701]
  ],
  "92": [],
  "93": [
    [-0.9119578006486668, -0.9270101076101656],
    [-0.7478675951510403, -0.7434002433702616]
  ],
  "94": [
    [-0.9847136558901456, -0.9131686824096853]
  ],
  "95": [],
  "96": [],
  "97": [],
  "98": [],
  "99": [],
  "100": []
}
