{
  "1": [
    [0.7638029336898772, 0.8507766616996284],
    [0.07071570625525689, 0.35459199685108767],
    [0.0702123933194098, -0.35266306070549996]
  ],
  "2": [
    [0.7100160368171721, -0.9202405921371676],
    [-0.3646135074010682, 0.0828473825318342],
    [0.3641620334961106, 0.08326277691002845]
  ],
  "3": [
    [0.2944792193318716, -0.41214757103572475],
    [0.5372319166473675, -0.7775521567419555],
    [0.8776461673449674, 0.4444020759986599]
  ],
  "4": [
    [-0.16040465152262348, -0.8492765842185741],
    [0.22477931184201883, -0.649358904985648],
    [0.6357949698444814, 0.49266887430711437]
  ],
  "5": [
    [0.6528313513756621, 0.43964844102515]
  ],
  "6": [
    [0.056488226220525226, -0.4734363461452999]
  ],
  "7": [
    [-0.5381506403927623, -0.19730640355298817],
    [0.5399650700035131, -0.20823453994099902]
  ],
  "8": [
    [-0.530769686402551, -0.007644802503705478]
  ],
  "9": [],
  "10": [
    [-0.8453527457467414, 0.9217082459625677]
  ],
  "11": [
    [-0.5409863959598668, 0.7067941197484423],
    [0.9769273097940426, -0.6364396325913844],
    [0.7018244786773763, 0.8281783380894533]
  ],
  "12": [
    [-0.7336901251902325, -0.0636707436786032],
    [0.7444839613815233, 0.06205307307633328]
  ],
  "13": [],
  "14": [
    [0.857960695625028, -0.1320460755770848],
    [0.55479892767427, 0.11235530707292755]
  ],
  "15": [],
  "16": [
    [-0.29208725262734164, 0.811713512951882]
  ],
  "17": [
    [0.6886794989660716, -0.4694355831419184]
  ],
  "18": [
    [-0.41857606996975893, -0.9580459238746054]
  ],
  "19": [
    [-0.36502374677932126, -0.23190357945417073]
  ],
  "20": [],
  "21": [
    [-0.7824063547472475, -0.021983094441888198]
  ],
  "22": [],
  "23": [
    [-0.056224754735896006, 0.47183027382757164],
    [0.6923176539911352, -0.0381061782728221]
  ],
  "24": [
    [-0.6059353919339552, 0.4497828143634036],
    [0.576713726402611, 0.411129214377401]
  ],
  "25": [
    [0.8280300713607888, -0.9050526503815902],
    [0.8225819108553342, 0.07699583928275901],
    [0.6970267112897023, 0.9554931178500627]
  ],
  "26": [
    [-0.06955085920904339, 0.8737976480949174],
    [0.35687741989223865, 0.8172226942180807]
  ],
  "27": [],
  "28": [
    [-0.7157778393576185, -0.32471850179959144],
    [-0.8288791291397088, 0.30578875752231394],
    [0.684590084319005, -0.32947504138499056],
    [0.8747853590886222, 0.29890256126119874]
  ],
  "29": [
    [-0.42477409933337745, 0.24402051964438962]
  ],
  "30": [
    [0.49083190823733464, 0.14967970199641265]
  ],
  "31": [
    [-0.09999126520282015, 0.9058980816394344]
  ],
  "32": [
    [-0.8594481056314549, -0.6299386483083398],
    [0.04837675910303073, -0.564882787510262],
    [0.7996426822214547, -0.6455260889903696],
    [0.04812329431626035, 0.5650580119536449]
  ],
  "33": [
    [-0.7770736802086682, 0.05426092206648762],
    [-0.8654893953925602, 0.6942942473229807],
    [0.4843984312395824, 0.054160749452069515]
  ],
  "34": [],
  "35": [],
  "36": [
    [0.3100949065151099, -0.40549334362276257],
    [-0.9313576916793825, 0.09841598602359083]
  ],
  "37": [],
  "38": [
    [-0.03289405637658038, -0.4726700619377907]
  ],
  "39": [
    [-0.3937220773307172, 0.17558060036152062]
  ],
  "40": [
    [0.37129196232857886, -0.7163432688969633]
  ],
  "41": [
    [-0.13931112220007755, 0.6342857481140263],
    [0.41143343851383635, -0.21076901058971656],
    [0.9342147644303208, -0.9872211579078879]
  ],
  "42": [],
  "43": [
    [0.4784382610652605, -0.4504950503951245]
  ],
  "44": [
    [-0.16424549781234704, -0.006148736949565985],
    [0.21167064757052464, 0.024215334278603666]
  ],
  "45": [
    [0.06861487688906182, -0.7300150933712587]
  ],
  "46": [],
  "47": [],
  "48": [],
  "49": [],
  "50": [
    [-0.9913704196871295, 0.18163303440783318],
    [-0.6360884485891619, 0.7581994657397105],
    [0.9913704196871294, 0.1816330344078332],
    [0.6360884485891616, 0.7581994657397105]
  ],
  "51": [],
  "52": [
    [0.49584183306392005, -0.8969465718959344]
  ],
  "53": [
    [-0.7490241680007123, -0.23185132476133707]
  ],
  "54": [
    [-0.4240802768113995, 0.03532130162470202]
  ],
  "55": [],
  "56": [],
  "57": [
    [-0.05128159436644105, -0.6491129564741869],
    [-0.038924025824712265, 0.7477327922229425]
  ],
  "58": [
    [-0.35575518715476667, -0.632056513472775],
    [0.46049239218752586, 0.4655092267062632]
  ],
  "59": [
    [0.8419247838278713, -0.6947021947223099]
  ],
  "60": [
    [0.020853868374625772, 0.35306259800417855]
  ],
  "61": [],
  "62": [],
  "63": [
    [0.31876921621922966, -0.6159109675971771],
    [-0.33384464819566056, -0.3547809402812719],
    [-0.33388417014145366, 0.35642839775186935],
    [0.3186202388366017, 0.6204596579740153]
  ],
  "64": [
    [0.004049816485484131, -0.7339425620779835],
    [0.5477404057107692, 0.4260634987928213]
  ],
  "65": [],
  "66": [
    [-0.3582484350189513, 0.7494841115777263]
  ],
  "67": [
    [-0.03375399720711509, 0.053883348928909176],
    [0.0337474052485015, 0.05388334722377438],
    [0.9349613024568068, 0.057720767637663664]
  ],
  "68": [],
  "69": [
    [-0.316039757617281, -0.581816604606228],
    [-0.723817246847726, -0.57650923734857]
  ],
  "70": [
    [-0.6160017530049622, -0.6800475919620707],
    [-0.0963455160424667, -0.5508670342721111]
  ],
  "71": [
    [0.36364200378645434, -0.16060040680002635]
  ],
  "72": [
    [0.02574405040420519, -0.28311343278424383]
  ],
  "73": [],
  "74": [],
  "75": [],
  "76": [
    [0.06631713229892608, 0.601858824306044]
  ],
  "77": [],
  "78": [
    [0.0841478105998831, -0.36013538158619257]
  ],
  "79": [],
  "80": [
    [-0.443563836350251, -0.8260090542442693],
    [0.3682817371682422, -0.7402409937165337]
  ],
  "81": [
    [-0.8812920025287126, 0.21937191715139115],
    [0.8288349954518635, -0.19007551862919023],
    [0.09032173837918633, 0.7627237838578322]
  ],
  "82": [
    [-0.857822204039609, 0.08250854717725456],
    [0.8738592016923887, 0.08081102245720655]
  ],
  "83": [],
  "84": [
    [0.14394269486069536, 0.9075279990563286]
  ],
  "85": [],
  "86": [
    [-0.21175036251420778, -0.2464030628796824],
    [0.6115549693936146, -0.5779605209971961],
    [0.6909489170587149, 0.4746126698156049],
    [0.7659168125545912, 0.12231925116030035]
  ],
  "87": [
    [-0.5289989012119023, 0.06732516658466862]
  ],
  "88": [
    [-0.4296513538650513, -0.664153765394208],
    [-0.4393132682888763, 0.8166605857175401]
  ],
  "89": [
    [-0.007375654752396447, -0.03940301064680528],
    [0.14841055322087218, -0.027486383722222733]
  ],
  "90": [
    [-0.6570991713683219, -0.5923988561903835]
  ],
  "91": [
    [-0.6649171959989529, 0.04753822684263055]
  ],
  "92": [],
  "93": [
    [-0.7475513115410855, -0.06801999442557292],
    [0.7475513115410853, -0.06801999442557294]
  ],
  "94": [
    [-0.04366810198064207, 0.6747886014118036]
  ],
  "95": [
    [0.7227428503509721, 0.35949158952434324]
  ],
  "96": [],
  "97": [],
  "98": [
    [-0.3906564672907204, 0.5672349935291108],
    [0.9361125647836628, -0.7544780621422006]
  ],
  "99": [
    [0.7441842692324008, 0.5018686991112568]
  ],
  "100": [
    [0.4825245902923738, -0.1810177338202462]
  ]
}
