{
  "1": [],
  "2": [],
  "3": [
    [-0.19358289554678046, -0.5890354662150069]
  ],
  "4": [],
  "5": [],
  "6": [],
  "7": [],
  "8": [],
  "9": [
    [-0.747894753073278, 0.6543772352555842],
    [0.8435666485116697, -0.7731457140666668]
  ],
  "10": [
    [-0.7573995070743095, -0.8764603560031881]
  ],
  "11": [],
  "12": [],
  "13": [
    [-0.6134413657332936, -0.65081627120346]
  ],
  "14": [
    [0.8832928856421883, -0.9671508247221405]
  ],
  "15": [],
  "16": [],
  "17": [],
  "18": [],
  "19": [],
  "20": [
    [0.5586368280854078, -0.6895818732930302]
  ],
  "21": [
    [-0.4001719007303539, 0.9862784836652285]
  ],
  "22": [
    [0.24949890104286204, 0.9042534778646508]
  ],
  "23": [],
  "24": [],
  "25": [],
  "26": [],
  "27": [
    [-0.8108664256427267, -0.7563462661206333]
  ],
  "28": [
    [0.4775131548464832, 0.07774638540436833]
  ],
  "29": [],
  "30": [
    [0.7972106205068359, -0.8075528056511198],
    [0.9248825319274583, -0.8566127213126115]
  ],
  "31": [],
  "32": [
    [0.5867441730811102, 0.9286243639542093]
  ],
  "33": [],
  "34": [],
  "35": [
    [-0.5653778905990493, -0.5687250920901287],
    [0.5653353868315065, -0.5686336558975522]
  ],
  "36": [
    [-0.9295126010914289, 0.506649324851391]
  ],
  "37": [],
  "38": [
    [-0.747855412776004, -0.7159699568464389],
    [0.7693121246218672, 0.6955838410970452]
  ],
  "39": [],
  "40": [
    [0.544671233427524, 0.960721989681544]
  ],
  "41": [],
  "42": [],
  "43": [],
  "44": [],
  "45": [],
  "46": [],
  "47": [],
  "48": [],
  "49": [],
  "50": [
    [-0.40595331351450953, -0.8448046136409826],
    [0.40722699023372655, 0.8492637963441935]
  ],
  "51": [
    [0.7740333794077265, -0.9630032974115406],
    [0.7958878341561476, 0.879707041132947]
  ],
  "52": [
    [0.8358318148262673, -0.9144713013849379],
    [0.7623119399836549, 0.9638964200316082]
  ],
  "53": [
    [-0.989517957849365, 0.7193094946464862]
  ],
  "54": [],
  "55": [],
  "56": [],
  "57": [
    [-0.4719389554639427, 0.8751039366823168],
    [0.861715104899222, -0.6671423315306269]
  ],
  "58": [
    [-0.7888921255103876, 0.6004262507482346],
    [0.7888921255103876, 0.6004262507482346]
  ],
  "59": [],
  "60": [],
  "61": [
    [0.8401262913273755, -0.9256873801850141],
    [0.43706154002632713, -0.9968923480315984],
    [0.5871025433310277, 0.9114888530355617]
  ],
  "62": [],
  "63": [
    [0.9605174012217595, -0.9769717639868493]
  ],
  "64": [],
  "65": [
    [-0.4474167435063617, -0.6361079557625415],
    [0.46237223309103703, 0.5760227903008142]
  ],
  "66": [
    [-0.9039862747848613, 0.7822899107118321],
    [0.9208300426458149, -0.6189109406749008]
  ],
  "67": [],
  "68": [
    [-0.9587483866479652, 0.8559340377767302]
  ],
  "69": [
    [-0.9086805400476314, 0.7441103481222769]
  ],
  "70": [],
  "71": [],
  "72": [],
  "73": [
    [-0.8406601104520055, 0.8205502812492901]
  ],
  "74": [
    [0.5264742589768497, -0.699395696236681],
    [0.5264742589768504, 0.6993956962366796]
  ],
  "75": [
    [0.9783334774651451, 0.8300094654960625]
  ],
  "76": [],
  "77": [],
  "78": [],
  "79": [],
  "80": [],
  "81": [
    [-0.8606041508915587, -0.9709135099594719],
    [0.9785117256534821, 0.8061531666888582],
    [0.7975466759476174, 0.8853612592382498]
  ],
  "82": [],
  "83": [],
  "84": [
    [0.8895424338160823, 0.9653014398644187]
  ],
  "85": [
    [-0.44838337110721993, -0.6622553401727237],
    [-0.44845732365384355, 0.6622393121477174],
    [0.4483833711072198, -0.6622553401727237],
    [0.4484573236538435, 0.6622393121477174]
  ],
  "86": [
    [-0.720822495077693, -0.734003791063279]
  ],
  "87": [],
  "88": [],
  "89": [],
  "90": [],
  "91": [],
  "92": [
    [0.7186641445674276, 0.5036139876523222]
  ],
  "93": [],
  "94": [],
  "95": [
    [0.7699061404741139, -0.9187119908471588],
    [0.5949805149121183, 0.9042209796975852]
  ],
  "96": [],
  "97": [],
  "98": [
    [-0.7579847187035209, 0.8910718574535309]
  ],
  "99": [],
  "100": []
}
