{
  "1": [
    [0.8699960706033752, 0.7732193178159954]
  ],
  "2": [],
  "3": [],
  "4": [
    [0.8849301661038971, -0.11049972339058964]
  ],
  "5": [],
  "6": [],
  "7": [
    [0.8820475354490764, 0.7531298196297276]
  ],
  "8": [],
  "9": [],
  "10": [],
  "11": [],
  "12": [],
  "13": [],
  "14": [
    [-0.45059450155772607, -0.8975134887713179]
  ],
  "15": [
    [-0.9460109322978246, 0.953242202912917]
  ],
  "16": [],
  "17": [],
  "18": [
    [0.42470390932698127, -0.8408547987143402],
    [0.4228548455831684, 0.8422185407802673]
  ],
  "19": [
    [-0.9406193634634468, 0.9158797620164785],
    [0.9404466915127224, 0.9158283109517875]
  ],
  "20": [],
  "21": [],
  "22": [
    [0.9853614271211686, -0.8247180956491307]
  ],
  "23": [],
  "24": [],
  "25": [],
  "26": [],
  "27": [
    [-0.7812612500434035, 0.9144173911037158],
    [0.8530719416605315, 0.7974115500394598]
  ],
  "28": [],
  "29": [
    [-0.5988078184506856, 0.9205926760791574],
    [0.9225664085884296, 0.9731402279435954]
  ],
  "30": [
    [-0.8968177048752701, -0.31039296834317937],
    [0.89681770487527, 0.3103929683431793]
  ],
  "31": [],
  "32": [],
  "33": [
    [-0.9233963782193192, -0.924686749940595]
  ],
  "34": [],
  "35": [
    [-0.4554653393625092, -0.28649524113121655],
    [0.45546533935992145, -0.286495241137592]
  ],
  "36": [],
  "37": [],
  "38": [],
  "39": [
    [-0.9870231370900566, -0.8544644084003397]
  ],
  "40": [],
  "41": [
    [-0.7603140520904323, 0.9301302402591125],
    [0.8440260656538405, -0.9733040478455781]
  ],
  "42": [],
  "43": [],
  "44": [
    [0.8367923596140464, -0.26811974860012755]
  ],
  "45": [],
  "46": [],
  "47": [],
  "48": [
    [-0.8533950912421342, 0.8470476743034034]
  ],
  "49": [
    [-0.845772245985255, -0.04845691534192297],
    [0.8457722459852898, -0.048456915341914514]
  ],
  "50": [],
  "51": [
    [0.9257689771919528, -0.9943889545406039]
  ],
  "52": [],
  "53": [
    [0.8457964069202588, 0.8678510418868464]
  ],
  "54": [],
  "55": [],
  "56": [],
  "57": [],
  "58": [],
  "59": [
    [-0.9912580289524585, -0.8298135418355036]
  ],
  "60": [
    [0.7281340366265803, -0.3129201454220803],
    [0.7281340364423612, 0.312161501431847]
  ],
  "61": [],
  "62": [],
  "63": [
    [-0.750442454017821, 0.5472948569078636]
  ],
  "64": [],
  "65": [],
  "66": [
    [0.9204619342287577, -0.704625052867505]
  ],
  "67": [
    [0.5702687034180102, 0.704038410301353]
  ],
  "68": [],
  "69": [
    [-0.6284698194601547, -0.45165730063258713],
    [-0.6284715883384536, 0.4516560766676864],
    [0.9040316771083502, -0.45169077021339776],
    [0.9040565904840031, 0.45175783233134975]
  ],
  "70": [],
  "71": [],
  "72": [],
  "73": [
    [-0.758282243287474, 0.9816464937832063]
  ],
  "74": [
    [-0.891639123590545, -0.40643550051252864],
    [0.8915978857509528, 0.4064667991361394]
  ],
  "75": [
    [-0.7309315391587121, -0.8248607988513851]
  ],
  "76": [],
  "77": [
    [0.8858811149102029, -0.735489091397971],
    [0.8824471754782418, 0.7316762156854855]
  ],
  "78": [
    [-0.4758066539330805, 0.32525313053125926],
    [0.4758066538575587, -0.3252531305312598]
  ],
  "79": [],
  "80": [],
  "81": [
    [-0.68824476427021, 0.9728123086787445]
  ],
  "82": [],
  "83": [],
  "84": [],
  "85": [],
  "86": [
    [0.6269306884354848, -0.10810382721029352],
    [0.6269306884354809, 0.10810382828261815]
  ],
  "87": [],
  "88": [],
  "89": [],
  "90": [],
  "91": [],
  "92": [
    [-0.9057400282445754, 0.8113215181644123]
  ],
  "93": [
    [0.9488290474642093, 0.8133809104082992]
  ],
  "94": [
    [0.6893047728249861, 0.7119610356341977]
  ],
  "95": [],
  "96": [],
  "97": [],
  "98": [],
  "99": [],
  "100": [
    [0.23662668730901779, 0.1700108379749554]
  ]
}
