{
  "1": [],
  "2": [],
  "3": [],
  "4": [],
  "5": [],
  "6": [],
  "7": [],
  "8": [],
  "9": [
    [0.8119517575819686, 0.42838700137285113]
  ],
  "10": [],
  "11": [],
  "12": [],
  "13": [
    [0.6145602047947492, 0.9473450366526729],
    [0.9003253889162065, 0.8545156557650864]
  ],
  "14": [],
  "15": [],
  "16": [],
  "17": [],
  "18": [],
  "19": [],
  "20": [],
  "21": [
    [-0.7172082541362111, 0.8347465876852779]
  ],
  "22": [],
  "23": [],
  "24": [],
  "25": [
    [0.9475476498486398, 0.7991396553406276]
  ],
  "26": [],
  "27": [],
  "28": [],
  "29": [],
  "30": [],
  "31": [
    [-0.3466579490965063, 0.7656176362183826]
  ],
  "32": [],
  "33": [
    [-0.9861264335384097, 0.6855756860321951],
    [0.8577258335023218, 0.7865024888100782]
  ],
  "34": [],
  "35": [],
  "36": [],
  "37": [],
  "38": [],
  "39": [],
  "40": [],
  "41": [],
  "42": [],
  "43": [
    [-0.5176670669383037, -0.7947327455024923],
    [-0.7499932972146364, 0.5208384709120026]
  ],
  "44": [],
  "45": [],
  "46": [
    [-0.5474802640669589, 0.8619892287464191]
  ],
  "47": [],
  "48": [],
  "49": [
    [-0.5091693512454681, -0.7350917897710756]
  ],
  "50": [],
  "51": [],
  "52": [
    [-0.8779259191492303, -0.7936946613225047]
  ],
  "53": [],
  "54": [
    [-0.9841005432134389, -0.9488628364501127],
    [0.8039338497522281, 0.7203945219277792],
    [0.7308332434963336, -0.12056163509908976]
  ],
  "55": [
    [-0.8964123682587478, 0.46281336260342576]
  ],
  "56": [
    [0.5627998610244677, -0.9475717225010933]
  ],
  "57": [
    [-0.9827965273703589, -0.8611875142585151],
    [0.6488188742962981, 0.4490145373256493],
    [0.96852951768465, 0.8381064271026494]
  ],
  "58": [],
  "59": [
    [-0.857863348065816, 0.6072681081756057]
  ],
  "60": [
    [-0.2498388208613481, -0.1587720731929459],
    [-0.2498388210075319, 0.15877207319298817]
  ],
  "61": [
    [-0.5093770244749805, -0.5851214412583079],
    [0.46402429426282865, 0.6410604594176385],
    [0.39711247645936054, 0.7484126456413642]
  ],
  "62": [
    [0.9080895088456001, -0.9979196139470707]
  ],
  "63": [],
  "64": [],
  "65": [],
  "66": [],
  "67": [],
  "68": [],
  "69": [
    [-0.9110461414560672, -0.5988692267538036],
    [-0.7109540021685427, -0.9574835767260864]
  ],
  "70": [],
  "71": [],
  "72": [],
  "73": [],
  "74": [],
  "75": [
    [-0.946126304223022, 0.11366697483592039],
    [0.9426621819066899, -0.11474810330211024],
    [0.9733993928999087, 0.9543818901191928]
  ],
  "76": [
    [-0.5595256414914084, 0.3805289683218579]
  ],
  "77": [
    [-0.8278556264344652, -0.9604854655346005]
  ],
  "78": [],
  "79": [],
  "80": [],
  "81": [],
  "82": [],
  "83": [],
  "84": [
    [-0.774621196233057, -0.28590493841398906],
    [-0.9232605750046616, 0.8295642338304394]
  ],
  "85": [
    [-0.793850934540425, 0.7453884435174966]
  ],
  "86": [],
  "87": [
    [-0.5813372211028252, -0.7320408828212904]
  ],
  "88": [
    [0.45952140889576554, -0.590459127265396]
  ],
  "89": [
    [-0.5575205676774967, -0.7412943106035044],
    [-0.9517114200038655, 0.8279734112214971],
    [-0.6545411550466455, 0.644476671515167]
  ],
  "90": [],
  "91": [],
  "92": [],
  "93": [],
  "94": [],
  "95": [],
  "96": [
    [0.9565280478625444, -0.5320668321204377]
  ],
  "97": [],
  "98": [],
  "99": [
    [-0.3146937748390075, 0.9873081456461386]
  ],
  "100": [
    [-0.5831227679121883, 0.8899775543912379]
  ]
}
