{
  "1": [
    [-0.7669254144103266, 0.7942498262610578],
    [0.9985560500199149, -0.6015973642351712]
  ],
  "2": [
    [-0.615915058072061, -0.88322697858052],
    [-0.6085765299466949, 0.8803554185263355]
  ],
  "3": [],
  "4": [],
  "5": [],
  "6": [],
  "7": [
    [-0.7907665937941539, -0.9926708383000676]
  ],
  "8": [],
  "9": [],
  "10": [],
  "11": [],
  "12": [],
  "13": [
    [-0.7215721891478795, 0.9871387820604995]
  ],
  "14": [],
  "15": [
    [-0.7198722310940359, 0.8073835189737805]
  ],
  "16": [
    [-0.680743195096083, -0.9665235460437327],
    [0.7411676896466688, -0.8268550693598041]
  ],
  "17": [],
  "18": [],
  "19": [
    [0.9997917629603609, -0.9718106160214063]
  ],
  "20": [],
  "21": [],
  "22": [],
  "23": [],
  "24": [],
  "25": [],
  "26": [],
  "27": [
    [-0.9694120488207782, -0.19682573567524767],
    [0.9694119345350428, -0.19682572898866446]
  ],
  "28": [
    [0.7367885391900125, -0.9748033748438375],
    [0.9115282112823032, -0.8256601958122566]
  ],
  "29": [],
  "30": [],
  "31": [
    [-0.9924889916440282, 0.5927017249900012],
    [-0.8668688162674945, 0.6532805672043351]
  ],
  "32": [],
  "33": [],
  "34": [
    [0.33538096818324575, -0.2753086544466474]
  ],
  "35": [],
  "36": [],
  "37": [],
  "38": [],
  "39": [],
  "40": [
    [-0.9886737364213898, 0.7056894714703271],
    [0.9886737364213901, -0.7056894714703273]
  ],
  "41": [],
  "42": [
    [-0.12718577399403067, -0.5178431645966836]
  ],
  "43": [],
  "44": [],
  "45": [
    [-0.6158942363072598, -0.7859890397015928]
  ],
  "46": [],
  "47": [],
  "48": [],
  "49": [],
  "50": [],
  "51": [],
  "52": [],
  "53": [],
  "54": [],
  "55": [
    [0.7356509801833381, -0.8371927046333104]
  ],
  "56": [],
  "57": [
    [-0.985362541087801, -0.9594632865298264]
  ],
  "58": [],
  "59": [],
  "60": [],
  "61": [],
  "62": [
    [0.9349655099234585, 0.9579710782250583]
  ],
  "63": [],
  "64": [
    [-0.9754064919821676, -0.972849981003401]
  ],
  "65": [
    [0.8480481422816395, -0.7888282747924606]
  ],
  "66": [],
  "67": [],
  "68": [],
  "69": [],
  "70": [],
  "71": [],
  "72": [
    [0.49089207047237926, -0.2595164971135451]
  ],
  "73": [
    [-0.8670662907328144, -0.8566735914891304],
    [-0.8484451809272779, 0.6700514327525702],
    [-0.8263182653347485, 0.7805280199506881],
    [0.6712672066696342, 0.7735922690554908]
  ],
  "74": [],
  "75": [],
  "76": [],
  "77": [],
  "78": [
    [-0.6262199985154006, -0.8250101076681953]
  ],
  "79": [
    [-0.6609545231547379, -0.9609177028197532],
    [0.6609545231547375, 0.9609177028197539]
  ],
  "80": [
    [-0.8547045918221408, 0.6897428893712033]
  ],
  "81": [],
  "82": [
    [-0.7781182418447957, 0.9122077947050469],
    [0.9700939159278776, -0.7378956364364235]
  ],
  "83": [],
  "84": [],
  "85": [],
  "86": [],
  "87": [],
  "88": [
    [0.8034929830398561, -0.3369027452240995]
  ],
  "89": [],
  "90": [],
  "91": [
    [0.9876209536440748, 0.8963955922493623]
  ],
  "92": [],
  "93": [],
  "94": [],
  "95": [
    [0.5061978835886741, 0.9508727763919826]
  ],
  "96": [],
  "97": [],
  "98": [],
  "99": [],
  "100": []
}
