{
  "1": [],
  "2": [],
  "3": [
    [-0.8766657925031227, -0.8352468474174192],
    [0.8766657925031224, 0.8352468474174192]
  ],
  "4": [],
  "5": [],
  "6": [],
  "7": [],
  "8": [],
  "9": [],
  "10": [
    [0.9616284061370973, 0.9239493073068876]
  ],
  "11": [],
  "12": [],
  "13": [],
  "14": [],
  "15": [],
  "16": [],
  "17": [
    [-0.5295740838741693, 0.9710727509510166],
    [0.52851870379233, -0.9724495946055594]
  ],
  "18": [],
  "19": [],
  "20": [],
  "21": [
    [-0.2499828143676139, -0.21290767938502658]
  ],
  "22": [],
  "23": [],
  "24": [],
  "25": [],
  "26": [
    [0.644048812134976, -0.9807290494183805]
  ],
  "27": [],
  "28": [],
  "29": [],
  "30": [],
  "31": [],
  "32": [],
  "33": [
    [0.8896856643908532, -0.9453674797544468]
  ],
  "34": [],
  "35": [
    [0.8352230690092567, 0.622067786622085]
  ],
  "36": [],
  "37": [],
  "38": [],
  "39": [],
  "40": [],
  "41": [],
  "42": [],
  "43": [],
  "44": [],
  "45": [
    [-0.8306843156994382, 0.7976545817438148],
    [0.7231137294698138, -0.8685499317570751]
  ],
  "46": [],
  "47": [
    [-0.8032674455868745, -0.7419709891955742],
    [0.8061934983051948, -0.7358365845079798]
  ],
  "48": [],
  "49": [],
  "50": [],
  "51": [],
  "52": [],
  "53": [],
  "54": [],
  "55": [],
  "56": [],
  "57": [],
  "58": [],
  "59": [],
  "60": [],
  "61": [
    [-0.91357003365019, 0.987674141119698]
  ],
  "62": [],
  "63": [
    [0.7916088477463635, -0.9748779665323394]
  ],
  "64": [],
  "65": [],
  "66": [],
  "67": [
    [-0.5871743727362894, 0.8166714500224822],
    [0.5871743727362894, -0.8166714500224828]
  ],
  "68": [],
  "69": [
    [-0.9909386609020979, -0.9772030804406414],
    [-0.4900979622944462, 0.8693458889781905],
    [0.952561368003694, -0.9291250168586882],
    [0.4511223059170897, 0.8987777470028702]
  ],
  "70": [],
  "71": [],
  "72": [],
  "73": [],
  "74": [],
  "75": [],
  "76": [],
  "77": [],
  "78": [],
  "79": [],
  "80": [],
  "81": [],
  "82": [],
  "83": [
    [0.8219582118976377, 0.9253665251625546]
  ],
  "84": [],
  "85": [
    [-0.36218424922114717, 0.71946648354653]
  ],
  "86": [],
  "87": [],
  "88": [],
  "89": [
    [0.8888138979640696, -0.8659390856247238]
  ],
  "90": [],
  "91": [],
  "92": [],
  "93": [],
  "94": [
    [0.13137240174827924, 0.7632357610847804]
  ],
  "95": [],
  "96": [],
  "97": [],
  "98": [
    [-0.8766700995342659, 0.9108138900760393],
    [0.9698321918018371, 0.8445384135676981]
  ],
  "99": [],
  "100": [
    [0.6787616254949371, -0.9020673365424883]
  ]
}
