{
  "1": [
    [-0.9005980190845756, 0.9437397534284766]
  ],
  "2": [
    [-0.9403194191178116, -0.9960504972928448]
  ],
  "3": [
    [-0.19712693479663115, -0.768146544494739],
    [0.19712149689687863, -0.768155019958199]
  ],
  "4": [
    [-0.33980899433585715, 0.41248247195295656],
    [0.3408311399291243, -0.41206962386346124]
  ],
  "5": [],
  "6": [],
  "7": [],
  "8": [
    [-0.8445975904521964, 0.8550898653877902]
  ],
  "9": [],
  "10": [],
  "11": [],
  "12": [],
  "13": [
    [-0.4938739428552341, 0.8210146851051624]
  ],
  "14": [],
  "15": [],
  "16": [],
  "17": [
    [0.9870079974264834, 0.9957287144038247]
  ],
  "18": [],
  "19": [],
  "20": [],
  "21": [
    [-0.3229124528562307, -0.6797111982953684]
  ],
  "22": [],
  "23": [],
  "24": [
    [-0.1852830812850079, -0.25816930592873294],
    [0.18159757133882282, 0.2742090553013888]
  ],
  "25": [],
  "26": [
    [-0.8739233763855013, -0.8724530334151523],
    [-0.7577049327928592, -0.619573067403753],
    [0.686361280177374, -0.6143029218301458]
  ],
  "27": [
    [0.20658647696996024, 0.859105302768389]
  ],
  "28": [],
  "29": [],
  "30": [],
  "31": [],
  "32": [
    [0.7262341358986397, 0.9941990292883324]
  ],
  "33": [
    [0.6758595352978913, -0.7389280184523381]
  ],
  "34": [
    [0.7042437300249719, 0.18197884541393503]
  ],
  "35": [],
  "36": [],
  "37": [],
  "38": [],
  "39": [
    [0.8449314746132034, -0.5158530041737399],
    [0.9504901323873759, 0.5517709361254763]
  ],
  "40": [
    [-0.93689803455809, 0.7845498623622466],
    [0.7723376472737121, -0.7347937980543643]
  ],
  "41": [],
  "42": [],
  "43": [
    [0.8667128834168205, -0.9639884442113715],
    [0.8558739320653134, 0.9777320819572114]
  ],
  "44": [],
  "45": [],
  "46": [],
  "47": [],
  "48": [],
  "49": [
    [0.952720953846428, -0.9324402982860596],
    [0.8768962043656849, 0.8075672691345535]
  ],
  "50": [
    [-0.7214588942157851, 0.9987230489243668],
    [0.8587903609238282, -0.8747340117545241]
  ],
  "51": [],
  "52": [],
  "53": [
    [-0.909687502673764, -0.8387521188650661],
    [0.8892897285186928, -0.8487416502872446]
  ],
  "54": [
    [0.9150722280468296, -0.794520743706249]
  ],
  "55": [],
  "56": [],
  "57": [],
  "58": [
    [-0.8778664310817511, 0.9475380279673623],
    [0.9502940564090645, 0.8946107685950336]
  ],
  "59": [],
  "60": [],
  "61": [],
  "62": [],
  "63": [],
  "64": [],
  "65": [],
  "66": [],
  "67": [],
  "68": [],
  "69": [],
  "70": [],
  "71": [
    [0.09666743125084667, -0.8636635876080434]
  ],
  "72": [],
  "73": [],
  "74": [
    [0.9355950327817955, -0.21533356128125372]
  ],
  "75": [
    [-0.9382163125111784, 0.9679129575405504],
    [0.7717004632973324, -0.9694752187330803]
  ],
  "76": [],
  "77": [],
  "78": [
    [-0.7626072795034485, -0.7161976083737599]
  ],
  "79": [],
  "80": [],
  "81": [],
  "82": [
    [0.8057586011474885, -0.8630921686338631]
  ],
  "83": [
    [-0.7665563243972193, -0.9502451268418898],
    [-0.5581674729439052, 0.8652455773595494]
  ],
  "84": [
    [0.9974371354290071, -0.8411926361755617]
  ],
  "85": [],
  "86": [],
  "87": [],
  "88": [],
  "89": [],
  "90": [
    [0.7045090351952638, 0.9683819618154409]
  ],
  "91": [],
  "92": [
    [-0.9640624874934929, 0.6604678681642144]
  ],
  "93": [],
  "94": [],
  "95": [],
  "96": [
    [0.7117099761423185, -0.9849313574846649]
  ],
  "97": [],
  "98": [],
  "99": [],
  "100": []
}
