{
  "1": [],
  "2": [],
  "3": [],
  "4": [],
  "5": [],
  "6": [],
  "7": [],
  "8": [
    [-0.2992196462349586, 0.3974369425214669],
    [-0.08651082314137218, 0.8215360811424587],
    [0.34186385892007376, 0.6370311270086375]
  ],
  "9": [],
  "10": [
    [-0.30892746640772284, -0.7385434768237149]
  ],
  "11": [
    [-0.967042988558617, -0.8497713142798123]
  ],
  "12": [
    [-0.003668962025299883, -0.1651830546241703]
  ],
  "13": [
    [0.8781889846183429, -0.7183927586838257]
  ],
  "14": [
    [0.9849423686543988, -0.9910717980043297]
  ],
  "15": [],
  "16": [],
  "17": [
    [-0.792604625279353, -0.8579038082079277]
  ],
  "18": [],
  "19": [
    [-0.9967635200856699, 0.4811799379671284],
    [0.9864785391353655, 0.48888411616068744]
  ],
  "20": [
    [-0.9290703015426917, -0.7263200954156658],
    [-0.9096039709318979, 0.7246906016343383],
    [-0.5455862519619552, 0.9488644175153291]
  ],
  "21": [],
  "22": [
    [-0.5842190074035906, -0.6901555657022473],
    [-0.584408112433091, 0.6898183964686119]
  ],
  "23": [],
  "24": [],
  "25": [],
  "26": [],
  "27": [],
  "28": [],
  "29": [
    [0.584828691212977, 0.9971274512810395],
    [0.9661011236689705, 0.8257213640052371]
  ],
  "30": [
    [0.07359755976094401, -0.07579673330538554]
  ],
  "31": [],
  "32": [
    [0.6422545123393169, -0.7536661451180269]
  ],
  "33": [],
  "34": [],
  "35": [
    [0.8302210973054687, 0.8310535489976731]
  ],
  "36": [],
  "37": [],
  "38": [],
  "39": [],
  "40": [
    [-0.9447726330536445, 0.42470774519914417]
  ],
  "41": [
    [-0.9841134498495204, -0.29407170292303936]
  ],
  "42": [
    [-0.7909162993119, -0.8729951629273919]
  ],
  "43": [
    [0.9968002819409146, -0.9449371610184981]
  ],
  "44": [],
  "45": [],
  "46": [
    [0.9047118609028635, 0.9567305339471188]
  ],
  "47": [
    [-0.9993854981470507, -0.9497565769322827]
  ],
  "48": [
    [-0.9229294631532382, 0.5523111518048647],
    [0.9231445543202459, 0.5521000582449159]
  ],
  "49": [],
  "50": [],
  "51": [
    [-0.8653804047463503, -0.12791004444351278],
    [0.8653751888575338, -0.12789099484428246]
  ],
  "52": [],
  "53": [],
  "54": [
    [-0.8990867344599565, 0.8421297086777513]
  ],
  "55": [
    [-0.820824558463548, -0.8411319233942074]
  ],
  "56": [],
  "57": [],
  "58": [
    [0.5213929109409345, -0.2676410075768898],
    [0.5213936926241758, 0.2676374947723908]
  ],
  "59": [],
  "60": [],
  "61": [
    [-0.8825729216286841, 0.7127551969761843]
  ],
  "62": [
    [0.9510572078859529, -0.9885492163477178]
  ],
  "63": [],
  "64": [],
  "65": [],
  "66": [],
  "67": [],
  "68": [],
  "69": [],
  "70": [],
  "71": [],
  "72": [
    [-0.6945778879405238, 0.21797388131750892]
  ],
  "73": [
    [-0.5775463686932851, -0.5579175408824685]
  ],
  "74": [
    [-0.9182033286326061, -0.8446113925752018],
    [-0.9085436386128373, 0.8634951856249946]
  ],
  "75": [],
  "76": [],
  "77": [],
  "78": [],
  "79": [],
  "80": [],
  "81": [],
  "82": [],
  "83": [
    [-0.9606221842911854, 0.7548190052853012]
  ],
  "84": [],
  "85": [
    [-0.8217560044880096, 0.7245768083752196],
    [-0.8241450617932795, 0.5092140834072318],
    [0.7374787732035786, -0.7731143504994014],
    [0.8143481230092836, -0.5157070734721634]
  ],
  "86": [
    [-0.6412881363564504, 0.8490229075743183]
  ],
  "87": [
    [-0.6208242200253618, -0.12192221495860693]
  ],
  "88": [],
  "89": [
    [-0.9617295847694537, -0.40955050110647806],
    [-0.9666820785466561, 0.4044629888855448]
  ],
  "90": [],
  "91": [
    [0.7576570922331534, 0.8920097179913357]
  ],
  "92": [
    [0.3922369682116886, 0.3954287157406942]
  ],
  "93": [
    [0.985434232752214, -0.6012005481438198]
  ],
  "94": [],
  "95": [],
  "96": [],
  "97": [],
  "98": [
    [-0.32549832166859316, -0.8818081338209669],
    [-0.34810766265516074, 0.8720182819167654]
  ],
  "99": [
    [-0.7181641234422631, 0.6772291205620405],
    [0.689511491046015, -0.6855038666054926]
  ],
  "100": []
}
