{
  "1": [],
  "2": [],
  "3": [
    [-0.6847437667526172, 0.8954676675604442],
    [0.727761548361642, -0.7723220550283425]
  ],
  "4": [],
  "5": [
    [-0.7509267931387243, -0.5682043648117121]
  ],
  "6": [],
  "7": [],
  "8": [],
  "9": [],
  "10": [
    [-0.7184676900523916, -0.7527497137256652]
  ],
  "11": [],
  "12": [],
  "13": [
    [-0.4918858896722067, 0.5671921783091685],
    [0.48869618023990746, 0.566761858138409]
  ],
  "14": [
    [-0.49218849706394824, 0.3543770829586608],
    [0.4921884970639477, -0.35437708295866116]
  ],
  "15": [],
  "16": [
    [0.6517970745206934, 0.311645258903792]
  ],
  "17": [
    [-0.005646456461870965, -0.5077873447520496],
    [-0.005646446236146779, 0.507787804576023]
  ],
  "18": [
    [-0.09251784759410599, 0.23845117191530696],
    [0.09280483421696151, -0.23839730929848182]
  ],
  "19": [],
  "20": [
    [0.5219297627693846, 0.9050487959751453]
  ],
  "21": [
    [-0.8166473590606825, -0.8547974563276048],
    [-0.4297324382489092, -0.8510266168025645],
    [0.4297324382489101, 0.8510266168025639],
    [0.8166473590606823, 0.8547974563276047]
  ],
  "22": [],
  "23": [
    [-0.9945695736823079, -0.9634806683547279],
    [-0.7142152344929041, -0.6561530252275536]
  ],
  "24": [
    [-0.777581044271023, -0.5613111188149176],
    [-0.7331455005638224, 0.47628041809433974]
  ],
  "25": [
    [0.6483238226652484, 0.8200679771422048]
  ],
  "26": [],
  "27": [],
  "28": [],
  "29": [
    [-0.5095031071481299, -0.8917575261078118],
    [-0.12756387294737692, 0.7279883290805915],
    [0.9591424545366042, -0.6714142958153699],
    [0.3881072974396544, 0.9661263481377538],
    [0.7324614858979418, 0.846671238908878]
  ],
  "30": [],
  "31": [],
  "32": [
    [-0.3678887106588494, 0.7584557470348184]
  ],
  "33": [],
  "34": [],
  "35": [],
  "36": [],
  "37": [],
  "38": [],
  "39": [],
  "40": [],
  "41": [
    [-0.7201424693359332, 0.8042996664980371],
    [0.7321095190674674, -0.6881936160605764]
  ],
  "42": [],
  "43": [
    [-0.7018610827718068, 0.9218534908515373],
    [-0.08848890157217584, -0.4118296958496331],
    [-0.08810114075332776, 0.4111966401599973],
    [-0.40087552900585777, -0.7583040259792644]
  ],
  "44": [],
  "45": [],
  "46": [],
  "47": [
    [-0.8425997558108199, -0.01687749425463727],
    [0.8426027890990109, -0.01693194555321704],
    [0.918849398325091, 0.22984536029682076]
  ],
  "48": [],
  "49": [
    [-0.617308540877923, -0.20593905103567614],
    [-0.672442191971839, 0.19720714282002136]
  ],
  "50": [],
  "51": [],
  "52": [],
  "53": [
    [-0.7466261655393298, -0.9156489950354497]
  ],
  "54": [],
  "55": [
    [-0.7708416322764781, -0.7409703483957089],
    [0.8228972993106168, -0.857119057581114]
  ],
  "56": [
    [0.6777067176661311, -0.37811622452221183]
  ],
  "57": [
    [-0.08396012377664472, -0.9368974467952043],
    [-0.7120314965902401, 0.32843534071572805]
  ],
  "58": [
    [-0.8323531793072961, 0.8945322572820932],
    [-0.7691910775848034, 0.01614299483269451],
    [0.017694070426109626, -0.7965849186342672]
  ],
  "59": [
    [-0.708815418563575, -0.6455284669349632],
    [0.9661846704636078, -0.7350990034591979]
  ],
  "60": [],
  "61": [
    [-0.3743423585748155, -0.6271777200617294],
    [0.3739081963512764, -0.6271729260924509]
  ],
  "62": [
    [-0.9895620377373866, -0.9390316529105273],
    [-0.4843111478749757, 0.9332239761543335]
  ],
  "63": [
    [-0.3482940543665126, 0.7874888209895179],
    [0.931715239516024, -0.9565116770526649],
    [0.35462965967864585, -0.8852547424686813]
  ],
  "64": [],
  "65": [
    [-0.10258881471385996, -0.5618315552953342],
    [0.10260189726474137, -0.5618251143460061]
  ],
  "66": [],
  "67": [],
  "68": [
    [-0.6563617504102309, 0.8384221198347692]
  ],
  "69": [
    [-0.6914124647854292, -0.5126301389960866],
    [0.6964928649753747, -0.5298609447969298]
  ],
  "70": [],
  "71": [],
  "72": [],
  "73": [],
  "74": [
    [0.6248794074929486, 0.5456061182982263]
  ],
  "75": [
    [-0.6104692729869425, 0.9359663799176623]
  ],
  "76": [
    [-0.3402694167052298, -0.1819313191174441]
  ],
  "77": [
    [0.5167153132448772, 0.7312532572111672]
  ],
  "78": [],
  "79": [
    [0.5656178662035103, 0.8114433166369207]
  ],
  "80": [
    [-0.6064109653259072, 0.3377098755546102]
  ],
  "81": [
    [0.34206771273910763, -0.6426884392996595],
    [0.3772608291630931, 0.6045186897545227]
  ],
  "82": [],
  "83": [
    [-0.09975566796351112, 0.05474093182873355]
  ],
  "84": [],
  "85": [],
  "86": [
    [-0.8797175073052218, -0.34299921364476266],
    [0.9305602135615849, 0.8679678854655061]
  ],
  "87": [],
  "88": [
    [0.9644694981020974, -0.917410031184161]
  ],
  "89": [
    [-0.9896492567240471, 0.8671222084898875],
    [-0.19941518531857794, 0.11251818781282166]
  ],
  "90": [],
  "91": [
    [0.7098458391899204, -0.2616367970133105]
  ],
  "92": [
    [-0.31022054339538613, 0.9728282279974189]
  ],
  "93": [
    [-0.1809557585038636, 0.47862930808672327],
    [0.1814778391233088, -0.48022809385970877]
  ],
  "94": [
    [-0.3661817862594253, -0.9763207346276473]
  ],
  "95": [],
  "96": [],
  "97": [
    [-0.25089857388667325, -0.20050576490154778],
    [0.33734570615401144, -0.20039820870348893]
  ],
  "98": [],
  "99": [],
  "100": [
    [-0.2676051835415883, -0.12459852417436801],
    [0.28956373000270225, 0.921764387134603],
    [0.26772343033509244, -0.09673628284465742]
  ]
}
