{
  "1": [],
  "2": [
    [-0.7622817774903352, -0.2731867381697745],
    [0.931061213353932, 0.9347809813666842],
    [0.7636174268118098, 0.27583351652565785]
  ],
  "3": [
    [-0.9771634391579109, -0.9141850899218413],
    [-0.7705230483604553, 0.6006961036734801],
    [-0.48453127901646936, 0.7904031143645905],
    [0.9662227011862479, -0.9273821242573003]
  ],
  "4": [],
  "5": [],
  "6": [],
  "7": [],
  "8": [
    [-0.8534365709628714, -0.840181275009743]
  ],
  "9": [
    [-0.11567810752398767, -0.5323360209204291]
  ],
  "10": [],
  "11": [],
  "12": [],
  "13": [
    [-0.9849243506375911, 0.21312395365946998]
  ],
  "14": [
    [0.36276935589528075, -0.4283515206782213]
  ],
  "15": [],
  "16": [],
  "17": [
    [-0.5652462351706117, 0.9094326447225299],
    [0.7465239895574568, 0.6753356730693385]
  ],
  "18": [
    [0.9694359115888136, 0.90247959359295]
  ],
  "19": [
    [-0.5240734093416535, -0.3018043800403486],
    [-0.5244940102134453, 0.3016705947002866]
  ],
  "20": [],
  "21": [],
  "22": [],
  "23": [],
  "24": [],
  "25": [],
  "26": [
    [-0.6925492597691616, 0.7107400404424905]
  ],
  "27": [],
  "28": [],
  "29": [
    [-0.06364499369816812, 0.6796245908109703]
  ],
  "30": [],
  "31": [
    [0.6183098971163953, 0.8291465109623781]
  ],
  "32": [],
  "33": [],
  "34": [
    [0.6441469642216993, -0.6395898536318396],
    [0.9565430255347375, -0.607716885139516]
  ],
  "35": [],
  "36": [],
  "37": [
    [0.8643226730819396, 0.6513016889135604]
  ],
  "38": [],
  "39": [],
  "40": [
    [0.4689523200874207, 0.9958522850760567]
  ],
  "41": [
    [-0.46564113718718847, 0.7534190201429914]
  ],
  "42": [],
  "43": [],
  "44": [],
  "45": [],
  "46": [],
  "47": [
    [0.5791908409926418, -0.8663320130609924]
  ],
  "48": [
    [0.8814758949415917, -0.7925619417890221],
    [0.8928851394206204, 0.8126938482675979]
  ],
  "49": [
    [-0.8721252805859221, 0.9710246308556888]
  ],
  "50": [],
  "51": [],
  "52": [
    [-0.9508452558948876, -0.9330118247167812]
  ],
  "53": [
    [-0.8952757360897983, -0.9604317485429048],
    [-0.41665981783679534, 0.19263377562234937],
    [0.6139231006580005, -0.1382556900402308]
  ],
  "54": [],
  "55": [
    [-0.8621658373344362, 0.7307230597013916]
  ],
  "56": [],
  "57": [
    [0.580175575775612, -0.9571301309219794]
  ],
  "58": [],
  "59": [],
  "60": [
    [-0.8900078597431972, 0.3748279994652633],
    [0.9622220104893158, 0.3514578112661525]
  ],
  "61": [
    [0.720299622509758, -0.7068191447476418],
    [0.9502664121247815, -0.2729496639620248]
  ],
  "62": [],
  "63": [],
  "64": [
    [0.5219784190421217, -0.9808223670190331],
    [0.5624412913526935, 0.7988976503716674]
  ],
  "65": [
    [0.7995202679722117, 0.9256728432795889]
  ],
  "66": [
    [-0.3573401665376188, 0.657921054132009]
  ],
  "67": [],
  "68": [
    [-0.6732981139327503, 0.7957263557931357]
  ],
  "69": [
    [-0.5534913389633592, 0.6672218811393996]
  ],
  "70": [],
  "71": [],
  "72": [
    [-0.7594011199947355, 0.5886705184443252],
    [0.8400205919193674, 0.47175363701714873]
  ],
  "73": [],
  "74": [],
  "75": [
    [0.9739969707620286, 0.9946940978998235]
  ],
  "76": [],
  "77": [],
  "78": [],
  "79": [],
  "80": [
    [-0.841514741761333, -0.9188716988853189]
  ],
  "81": [
    [-0.7792583101140194, -0.9504094123522641],
    [0.798176710807388, -0.9293913601785352]
  ],
  "82": [
    [-0.7944754254634983, -0.5272642949685128],
    [-0.844579515878302, -0.4790764837209142],
    [-0.8205685020754145, 0.9304879078066484]
  ],
  "83": [
    [-0.9517908145769481, 0.961989394200077],
    [0.11826224962816859, -0.9544931582130665]
  ],
  "84": [
    [0.7942059053852787, -0.8715706551341144],
    [0.7600398350589909, 0.9100508959762319]
  ],
  "85": [
    [0.8153544655091279, -0.6597375413654369]
  ],
  "86": [],
  "87": [
    [-0.9081281938550455, -0.4593700430141895]
  ],
  "88": [],
  "89": [
    [-0.7788071364968234, -0.7431597822322966],
    [-0.8564572191447792, 0.724582769366925]
  ],
  "90": [],
  "91": [],
  "92": [
    [0.9433083652258047, 0.8995100736578531]
  ],
  "93": [],
  "94": [],
  "95": [],
  "96": [],
  "97": [
    [0.5689937322923251, -0.7803478221575253]
  ],
  "98": [],
  "99": [],
  "100": []
}
