{
  "1": [
    [-0.7238809890747278, 0.7317528999468331],
    [0.7711696722066934, 0.6235140696327843]
  ],
  "2": [],
  "3": [],
  "4": [],
  "5": [
    [0.967191470146823, -0.6198313113964454]
  ],
  "6": [],
  "7": [],
  "8": [
    [0.6217908342447785, 0.7574993864536957]
  ],
  "9": [],
  "10": [],
  "11": [
    [0.371196405630469, -0.8511766894652489],
    [0.9377973430314164, -0.7804266635921567]
  ],
  "12": [
    [0.8728737494973577, -0.8582391907055738],
    [0.7440519745611285, 0.8560265785427192]
  ],
  "13": [
    [0.9748661940765885, 0.42554918497648775]
  ],
  "14": [
    [-0.48590867986191527, -0.47432269394598403],
    [0.7509824478324558, -0.9354256480943355]
  ],
  "15": [],
  "16": [],
  "17": [],
  "18": [],
  "19": [
    [-0.8720435770699727, -0.682386325224277],
    [0.4991238679092039, 0.793947670287544]
  ],
  "20": [
    [-0.7070496432860917, 0.6022164160098493],
    [-0.39559753188789404, 0.9355088242566894]
  ],
  "21": [],
  "22": [],
  "23": [],
  "24": [],
  "25": [],
  "26": [
    [-0.7632914891139956, -0.4954611380314433]
  ],
  "27": [
    [0.818304963990194, 0.8141948018515971]
  ],
  "28": [],
  "29": [],
  "30": [
    [-0.2219179930973204, 0.8001696167003303],
    [0.22318724872794965, -0.8069646147166474]
  ],
  "31": [],
  "32": [
    [-0.6605213210302107, -0.9624517100948228]
  ],
  "33": [],
  "34": [
    [-0.6947566485856485, -0.5649613569078348],
    [-0.9665818238264323, -0.2903076530822891],
    [0.6609640288111187, -0.5955065195823409]
  ],
  "35": [
    [-0.40279265807504255, -0.8976457627250247],
    [-0.7187814542048773, 0.7769439820731292],
    [-0.41086253599256195, 0.8907216144062774],
    [0.9398136124067369, -0.3357469904265032]
  ],
  "36": [],
  "37": [],
  "38": [],
  "39": [],
  "40": [],
  "41": [
    [-0.7540993365835997, 0.6732042893304775],
    [0.4972141429708683, -0.9242246568393252],
    [0.7044364378541205, -0.6908068390975819]
  ],
  "42": [],
  "43": [],
  "44": [
    [0.6287102998329656, 0.8966743730444925]
  ],
  "45": [
    [-0.6186386768042326, -0.7533466601240868],
    [-0.602872178608734, 0.5342405328165734]
  ],
  "46": [],
  "47": [],
  "48": [
    [-0.9860096462894297, -0.7622654742983781]
  ],
  "49": [],
  "50": [
    [-0.9247092270499059, -0.8844979638670375],
    [0.735093326832148, 0.5849763721996997]
  ],
  "51": [
    [-0.695078314619366, -0.07482005198894787],
    [0.8871424128063367, -0.20256075032119533]
  ],
  "52": [],
  "53": [],
  "54": [
    [-0.5933973183071309, 0.27095312734196497],
    [0.6303875211807194, 0.2782628752734223]
  ],
  "55": [
    [-0.7755470056924946, -0.33747635502993345],
    [-0.39507580087174465, -0.3841140279529335],
    [0.28881539122624267, -0.5172912971092799]
  ],
  "56": [],
  "57": [
    [0.3822935646888734, 0.9538992872909986],
    [0.8705118040738419, 0.9521281256051607]
  ],
  "58": [],
  "59": [],
  "60": [],
  "61": [
    [0.3816951882671015, -0.9674899545412904]
  ],
  "62": [],
  "63": [
    [-0.28433216619532165, 0.5023138578156083]
  ],
  "64": [],
  "65": [
    [0.9703098326439537, 0.3879502547239444],
    [0.6847592281429167, 0.6622587697243656]
  ],
  "66": [
    [0.09698138617341939, -0.5267469025705362]
  ],
  "67": [
    [-0.10153365731110905, -0.34461322615155765]
  ],
  "68": [],
  "69": [],
  "70": [],
  "71": [],
  "72": [],
  "73": [],
  "74": [
    [0.6366060163351297, 0.8640624562026916]
  ],
  "75": [],
  "76": [],
  "77": [],
  "78": [
    [-0.3155794250954051, 0.902294968865239]
  ],
  "79": [
    [-0.04061020474845915, 0.2685912724397743]
  ],
  "80": [],
  "81": [
    [-0.7734478422283442, -0.610679446324745]
  ],
  "82": [
    [-0.8381084362744352, 0.8763036902011526]
  ],
  "83": [
    [-0.3346912957958688, -0.6851365110672492],
    [0.47854247375823233, -0.7151777528387867],
    [0.7786185928089244, -0.8739933376619349]
  ],
  "84": [
    [-0.939186571531661, -0.78839923191755]
  ],
  "85": [],
  "86": [
    [-0.9248344012977767, -0.41330376911921635]
  ],
  "87": [
    [0.5497540748678607, -0.5267023007100261],
    [0.5856266298258548, 0.4359839766467866]
  ],
  "88": [
    [-0.07430737644183834, -0.16334539567563025]
  ],
  "89": [],
  "90": [
    [-0.9870798391456824, -0.9445705510102461],
    [-0.08906266859444911, -0.0881500022663191]
  ],
  "91": [
    [0.8460547301031386, 0.5990057696508493],
    [0.08087214691481133, 0.5711836920034455]
  ],
  "92": [
    [0.8693705014851609, 0.6158708687691508]
  ],
  "93": [],
  "94": [],
  "95": [
    [-0.5993478283090122, 0.919914975795058]
  ],
  "96": [],
  "97": [],
  "98": [],
  "99": [
    [-0.5940548441123784, -0.3252492440875496]
  ],
  "100": [
    [0.7897881877229335, -0.3253364145770056],
    [0.5812615732998526, 0.7205725999230949]
  ]
}
