{
  "1": [
    [-0.3857525078867847, 0.9141476663038813],
    [0.865775017265455, 0.7936108080452952]
  ],
  "2": [
    [-0.5580389321542853, -0.10663003177477187],
    [0.40158566424084846, -0.9500219349887343],
    [0.5598406950996501, -0.10685780505733088],
    [0.4228518607150457, 0.9940984802173075]
  ],
  "3": [
    [0.9714116028241144, -0.08678540384390387]
  ],
  "4": [
    [-0.020470026822122355, 0.8257430842570292]
  ],
  "5": [
    [0.6671976831286821, 0.9549884267195562]
  ],
  "6": [
    [0.3613781024265351, 0.06322329509884317],
    [-0.3614992804719143, 0.06320782062859119]
  ],
  "7": [],
  "8": [
    [-0.059533209549278154, -0.8650351395009451],
    [0.06070457422706682, 0.8822072035729899]
  ],
  "9": [
    [-0.8350225432102102, -0.47903076640126463],
    [0.374667804258769, -0.6332278712706633]
  ],
  "10": [],
  "11": [],
  "12": [],
  "13": [],
  "14": [],
  "15": [
    [0.2133384734832094, -0.24755981735993382],
    [0.21345019401312218, 0.24771272202029462]
  ],
  "16": [
    [0.03278321377418736, -0.8907481602977462],
    [-0.5888719477941787, 0.04913659210991451],
    [0.5888368616484061, -0.04984589299000304]
  ],
  "17": [],
  "18": [],
  "19": [],
  "20": [
    [-0.2847968777009814, 0.5176059723063069],
    [0.23520506592605883, 0.4862396000089764],
    [0.5195720298362583, 0.12117023242404916]
  ],
  "21": [
    [0.046638801246741836, 0.02969700605221987]
  ],
  "22": [
    [-0.8040038813783925, -0.9781819180972688],
    [-0.0273972302714784, 0.44209576513421545]
  ],
  "23": [],
  "24": [],
  "25": [],
  "26": [
    [0.9818050494660628, 0.8445318541281672]
  ],
  "27": [],
  "28": [
    [0.09689008253722786, -0.11154593489893896],
    [0.09689783730702888, 0.11174432006125107]
  ],
  "29": [
    [-0.6124462458994727, 0.7155194841803455]
  ],
  "30": [
    [-0.4365672272547354, 0.7410237031674571],
    [0.5995251822253648, 0.5199103745343869]
  ],
  "31": [
    [-0.7947678321458973, 0.7046953734060357],
    [0.9758900790919575, 0.4074131123291504]
  ],
  "32": [
    [0.006367588575557371, -0.6539163610104589],
    [0.0063677299922648605, 0.6344919492047784]
  ],
  "33": [],
  "34": [
    [-0.531450199375711, -0.968049707148814],
    [-0.8582253856573472, 0.10213284830251566]
  ],
  "35": [],
  "36": [
    [-0.45032852771933296, -0.9888414662795446]
  ],
  "37": [],
  "38": [
    [0.39968162528626944, 0.8762658025778335]
  ],
  "39": [
    [-0.3972612708281781, -0.6627218255285943]
  ],
  "40": [
    [-0.16647634087960772, -0.026887242844502564]
  ],
  "41": [
    [0.5914587173192469, -0.8945843791556582]
  ],
  "42": [
    [0.24675463451778396, 0.08241926445589949]
  ],
  "43": [],
  "44": [
    [-0.6168323421442968, 0.8532873849235179]
  ],
  "45": [
    [-0.14030225824910939, 0.1494291392622979],
    [0.46452959131356, 0.1626472606130629]
  ],
  "46": [],
  "47": [
    [0.18071177741051048, -0.6614443588762303],
    [0.7096227582613565, -0.679069071594964]
  ],
  "48": [],
  "49": [
    [-0.5827599662240026, -0.04775640964603252],
    [0.30973461590294227, -0.04780059174375],
    [0.39245292501591, -0.047806559041510266]
  ],
  "50": [
    [0.9827029335745165, 0.4656796688820845]
  ],
  "51": [],
  "52": [
    [-0.23940519951590375, 0.8250066676763614]
  ],
  "53": [],
  "54": [],
  "55": [
    [-0.624594443639487, -0.00899148607929106]
  ],
  "56": [
    [-0.41012770958246964, 0.6492414621551647],
    [0.6671618447188016, 0.6122472346188713]
  ],
  "57": [
    [-0.13007427256296608, 0.15204129377452705]
  ],
  "58": [
    [-0.2912531700954347, 0.5534163050652251],
    [0.720646815331423, -0.28322127789450374]
  ],
  "59": [],
  "60": [],
  "61": [],
  "62": [],
  "63": [],
  "64": [
    [0.6209380465442086, -0.9426396757812605]
  ],
  "65": [
    [0.7420889568306399, -0.08571352011652525],
    [0.1345891188741152, -0.1607095627304748]
  ],
  "66": [],
  "67": [
    [-0.4764588047389866, -0.6663181371487965]
  ],
  "68": [],
  "69": [
    [0.5558718079103155, -0.20060774318405886],
    [-0.5130549009958834, -0.19376221696506665]
  ],
  "70": [],
  "71": [
    [-0.5781773448448473, 0.6571684369565153],
    [0.9287931496975408, -0.5512285084371236]
  ],
  "72": [
    [0.2513504049047247, -0.5188403062642561]
  ],
  "73": [],
  "74": [
    [-0.7935420370639197, -0.8915940849776341],
    [-0.11658618898624779, 0.08359626917331364]
  ],
  "75": [],
  "76": [],
  "77": [
    [0.7754894522789328, 0.68984215286438]
  ],
  "78": [
    [-0.06632932537173121, -0.6168191404944076],
    [-0.07321744323354477, 0.7279666457262368]
  ],
  "79": [],
  "80": [
    [-0.08517950272192855, -0.08666346271070327]
  ],
  "81": [
    [-0.11565524305775465, 0.8189910229882698],
    [0.5731845820233642, -0.5118654341957204],
    [0.8348633516544282, -0.5733924862793305]
  ],
  "82": [
    [0.15299825048500704, -0.2674683547818199]
  ],
  "83": [
    [0.10433711459341564, 0.7656639939505565]
  ],
  "84": [],
  "85": [],
  "86": [
    [-0.6054001873605148, -0.20593852439430416],
    [0.5452088006383069, -0.2462072247974683]
  ],
  "87": [],
  "88": [],
  "89": [
    [0.9930761334943171, -0.3190829253536628]
  ],
  "90": [],
  "91": [
    [-0.16031022490062907, -0.7819569225395964],
    [-0.5669160582309298, -0.21557358227024184],
    [-0.7626362514181861, 0.6290236961594436],
    [0.18208183715722095, 0.7662311259528294],
    [0.7606302374228914, 0.7227421721205112]
  ],
  "92": [
    [-0.10377804789698192, 0.36816877408539805]
  ],
  "93": [
    [0.4859623030871571, -0.9348941859885314],
    [0.26669366689780205, -0.7729738362157206],
    [0.5726118047352016, -0.6909862291167275],
    [0.7755524439966565, -0.16524263427051789],
    [0.5181818209411986, 0.8404348183042274],
    [0.27134375061212357, 0.9052789120901842]
  ],
  "94": [],
  "95": [],
  "96": [
    [0.40008964933910424, 0.902942315241912]
  ],
  "97": [],
  "98": [
    [-0.3823822620121663, -0.12420171992600115]
  ],
  "99": [],
  "100": [
    [-0.7584500111704615, 0.8321265258529225],
    [0.8749158043181453, -0.7768898095833556]
  ]
}
