{
  "1": [],
  "2": [
    [0.028404106510109575, -0.944339541534719]
  ],
  "3": [],
  "4": [],
  "5": [
    [-0.9285620765892618, 0.8119210459285947]
  ],
  "6": [
    [0.7986644022101518, 0.7841923311636174]
  ],
  "7": [],
  "8": [],
  "9": [],
  "10": [],
  "11": [
    [-0.7281510521775794, 0.9713924834900305],
    [0.7717123635603054, -0.9378570171054783]
  ],
  "12": [],
  "13": [],
  "14": [],
  "15": [
    [0.6868879179244649, -0.1956477730849666]
  ],
  "16": [
    [-0.905217267194871, -0.8423893103587794]
  ],
  "17": [],
  "18": [],
  "19": [
    [0.9559310540710445, -0.6126009684989758]
  ],
  "20": [],
  "21": [],
  "22": [],
  "23": [],
  "24": [],
  "25": [],
  "26": [
    [-0.18049555000130846, 0.4236443042085683],
    [0.1804955500013087, -0.42364430420856714]
  ],
  "27": [],
  "28": [],
  "29": [],
  "30": [],
  "31": [
    [-0.8342396253244384, 0.44818683040290674]
  ],
  "32": [
    [0.6949699249554036, 0.8921009311424976]
  ],
  "33": [],
  "34": [],
  "35": [],
  "36": [],
  "37": [
    [0.9962373984873877, 0.9400719765662958]
  ],
  "38": [],
  "39": [],
  "40": [
    [0.9189991674271252, 0.5683405594767537]
  ],
  "41": [],
  "42": [
    [0.7483166203139282, 0.608526725907134]
  ],
  "43": [],
  "44": [],
  "45": [],
  "46": [
    [-0.6475556106931177, -0.7844121924782576],
    [0.7798249033153329, -0.7254143540606969]
  ],
  "47": [
    [-0.9890595836833448, -0.7584336106987543],
    [0.9890595836833445, 0.7584336106987541]
  ],
  "48": [],
  "49": [
    [-0.9601544863518183, 0.8075280964190507]
  ],
  "50": [],
  "51": [],
  "52": [
    [-0.9021660984359324, -0.796931414145345]
  ],
  "53": [],
  "54": [],
  "55": [
    [0.8893062692410221, 0.9845641214681073]
  ],
  "56": [],
  "57": [],
  "58": [],
  "59": [],
  "60": [],
  "61": [
    [-0.28279176314462273, 0.9829193698248845],
    [0.28279652196503147, -0.9828698734647583]
  ],
  "62": [],
  "63": [],
  "64": [],
  "65": [],
  "66": [],
  "67": [],
  "68": [
    [0.46911005446519166, -0.9544211712533932],
    [0.5450152887934447, -0.75882786635772],
    [0.5496588688833588, 0.7449638990508182]
  ],
  "69": [],
  "70": [],
  "71": [
    [0.9440349439051705, -0.8917207674337476]
  ],
  "72": [],
  "73": [
    [-0.5103558447082087, -0.8707365792668754],
    [-0.5103558447082066, 0.8707365792668765]
  ],
  "74": [],
  "75": [],
  "76": [],
  "77": [],
  "78": [],
  "79": [],
  "80": [],
  "81": [
    [0.9467493175278459, -0.9241735620202254]
  ],
  "82": [
    [-0.9901663769700418, -0.955986756875673]
  ],
  "83": [],
  "84": [
    [-0.040471230558225074, 0.9788818175808338]
  ],
  "85": [],
  "86": [],
  "87": [],
  "88": [],
  "89": [],
  "90": [
    [-0.5299592867660856, 0.8107621096213056]
  ],
  "91": [],
  "92": [
    [-0.5013983593913915, 0.9586834651113385]
  ],
  "93": [],
  "94": [
    [-0.8156036465029723, 0.9386176467293094]
  ],
  "95": [],
  "96": [
    [-0.8716242893161094, 0.6430291067407959],
    [0.528460114905046, 0.8256663957922306]
  ],
  "97": [],
  "98": [
    [0.848675451666878, -0.9385641477291615],
    [0.59360241911543, -0.9216543797195863]
  ],
  "99": [
    [-0.8723471722085433, 0.863669758956081],
    [0.8723471722085432, -0.8636697589560811]
  ],
  "100": [
    [0.23635913387984755, 0.4345961495163545]
  ]
}
