{
  "1": [],
  "2": [
    [-0.32180265213075016, 0.2531614359790435]
  ],
  "3": [],
  "4": [],
  "5": [],
  "6": [
    [-0.9431476137537831, 0.9599026667652081],
    [0.9440356780445232, -0.9810449380108085]
  ],
  "7": [],
  "8": [
    [-0.70406057649141, 0.9124089717861621]
  ],
  "9": [
    [-0.9169554838274294, -0.21806488335659394],
    [-0.9170694691031572, 0.21798360254544596],
    [0.9164132185264007, -0.21846000250887776],
    [0.9165280871904322, 0.2183778765228991]
  ],
  "10": [],
  "11": [],
  "12": [],
  "13": [],
  "14": [],
  "15": [],
  "16": [
    [-0.6263276352430343, -0.8085787923337188],
    [-0.628674150655545, 0.8018866969522096],
    [0.626510308087307, -0.8084984946698466],
    [0.6288477031598282, 0.8018060071735319]
  ],
  "17": [
    [0.9248591736240603, -0.879381597736711],
    [0.9322176359704161, 0.8673306350649609]
  ],
  "18": [],
  "19": [
    [-0.5111229187521839, 0.18649487495606643],
    [0.5111229167651274, -0.1864948695477233]
  ],
  "20": [],
  "21": [],
  "22": [],
  "23": [],
  "24": [
    [-0.9707988179191219, 0.8306009289498254]
  ],
  "25": [],
  "26": [],
  "27": [],
  "28": [
    [0.5949621978863435, 0.5965276950197635]
  ],
  "29": [
    [-0.8717301369391126, -0.7402752467237721]
  ],
  "30": [
    [-0.786473087382926, -0.8741627384065761],
    [-0.8162305062658867, 0.8634765640411366]
  ],
  "31": [],
  "32": [],
  "33": [
    [-0.7998573703257754, -0.7242509702401833]
  ],
  "34": [],
  "35": [],
  "36": [],
  "37": [],
  "38": [],
  "39": [
    [0.7967062106559316, -0.6171335099724496]
  ],
  "40": [],
  "41": [],
  "42": [],
  "43": [],
  "44": [],
  "45": [],
  "46": [],
  "47": [],
  "48": [],
  "49": [],
  "50": [],
  "51": [],
  "52": [],
  "53": [
    [-0.9051334834236519, 0.34100292818914435]
  ],
  "54": [],
  "55": [],
  "56": [],
  "57": [],
  "58": [
    [0.7558685644390548, 0.9991874455187523]
  ],
  "59": [
    [-0.788769569299141, -0.8766734727384143]
  ],
  "60": [
    [-0.9403482156575467, -0.6168750994055839],
    [0.8785864233732071, -0.6688532182912575]
  ],
  "61": [
    [-0.6982116301323071, 0.9596424821957006]
  ],
  "62": [
    [0.8245922551921085, 0.8273597983744215]
  ],
  "63": [
    [0.2507200820813255, -0.54224018618411]
  ],
  "64": [],
  "65": [
    [-0.8835476518188944, -0.5665587770418212]
  ],
  "66": [],
  "67": [
    [-0.7870560948579143, 0.7255054731713912],
    [0.6215312198293874, -0.8301511979835594]
  ],
  "68": [
    [-0.9841216664973482, 0.8174335727200608]
  ],
  "69": [
    [-0.9700149877491344, -0.7263307353857268],
    [-0.7990608677084807, -0.5042014434844304],
    [0.7958801690975758, 0.5046347958756908]
  ],
  "70": [],
  "71": [
    [0.11825327309987005, 0.0220150853475569]
  ],
  "72": [
    [-0.9646274819046399, -0.8797553248679595]
  ],
  "73": [],
  "74": [],
  "75": [],
  "76": [],
  "77": [],
  "78": [],
  "79": [],
  "80": [],
  "81": [],
  "82": [],
  "83": [],
  "84": [],
  "85": [
    [0.999288298813684, 0.9942194080649243]
  ],
  "86": [
    [0.7113684817777468, 0.31532820688287366]
  ],
  "87": [],
  "88": [
    [-0.7528898568519757, 0.6941006434669017]
  ],
  "89": [],
  "90": [],
  "91": [],
  "92": [
    [0.6807136117401964, 0.9336547504077157]
  ],
  "93": [],
  "94": [],
  "95": [],
  "96": [],
  "97": [
    [0.707722447419752, -0.6407348040031408]
  ],
  "98": [],
  "99": [
    [-0.6257128971369603, -0.6605695819214037],
    [0.7114711090448591, -0.5887136027246997]
  ],
  "100": []
}
