{
  "1": [
    [0.1522941204451387, -0.6365106006809956],
    [0.30493258673055246, 0.7531333815458997]
  ],
  "2": [
    [0.1304906466761733, -0.6947711298564779]
  ],
  "3": [
    [0.6806759117160885, 0.24241532862069048]
  ],
  "4": [
    [-0.3750887854612004, -0.7282344159336203]
  ],
  "5": [],
  "6": [
    [-0.46383030947009074, 0.3686029754766494],
    [0.4641442728810914, 0.3616646438378785]
  ],
  "7": [],
  "8": [],
  "9": [],
  "10": [],
  "11": [],
  "12": [],
  "13": [],
  "14": [
    [-0.7825427342892782, 0.3564597793777423],
    [-0.7959417099003122, 0.8505493402286411],
    [0.784920368278388, 0.3429071712275983]
  ],
  "15": [],
  "16": [
    [-0.945388777873975, -0.7266624084572495]
  ],
  "17": [
    [0.054249479970524046, 0.34017322996409305]
  ],
  "18": [
    [-0.5248071805712331, 0.7662637445513225],
    [0.6191469139044692, 0.8698750152918715],
    [0.6753777635334748, 0.32681992336587906]
  ],
  "19": [
    [-0.3956077314255926, 0.1340336737313166]
  ],
  "20": [],
  "21": [],
  "22": [
    [0.627671810539836, -0.10231596353772038]
  ],
  "23": [
    [-0.07584691304800475, 0.7479253448545361],
    [0.7072405800830065, -0.5048375682359965]
  ],
  "24": [],
  "25": [],
  "26": [],
  "27": [],
  "28": [],
  "29": [],
  "30": [
    [0.2659658299630052, 0.05709737262410677]
  ],
  "31": [
    [-0.6559851448287394, 0.03983251427865638],
    [0.6559801383362178, 0.03983312247081285],
    [0.5726125013523609, 0.7823235836772687]
  ],
  "32": [
    [-0.7796702364830252, -0.05428831950650488],
    [-0.4661903800889241, -0.1828064442404822],
    [0.5272338409510637, -0.13230912710133358],
    [0.6734135514210571, -0.074790543668566]
  ],
  "33": [
    [0.2688750651482074, -0.5471379693078589]
  ],
  "34": [
    [0.8212068466423721, -0.9295907933693006],
    [0.005834139314278181, 0.08493994704172457]
  ],
  "35": [],
  "36": [],
  "37": [
    [-0.017265564549784174, -0.07069716557344219]
  ],
  "38": [
    [-0.9937749903754616, 0.8926538787425061]
  ],
  "39": [
    [0.38801676236279786, 0.9432847324280665]
  ],
  "40": [
    [-0.5496020873930914, 0.4066239747160672],
    [0.6114092435365466, -0.4749872258864903]
  ],
  "41": [
    [-0.14196700929473235, -0.9810875989312791]
  ],
  "42": [
    [-0.8159756239238409, 0.6927354235308435],
    [0.7665568182968143, -0.8714732501457906]
  ],
  "43": [],
  "44": [],
  "45": [],
  "46": [
    [-0.8345428056890888, 0.03209922337701838]
  ],
  "47": [
    [0.9544426552952938, -0.7174489579706805]
  ],
  "48": [
    [-0.192412818305129, -0.813054856510085],
    [-0.22828916977273786, 0.7580558771480257]
  ],
  "49": [
    [0.9620192962284623, -0.47222926470788634]
  ],
  "50": [
    [0.05249296501948375, -0.09417909952840983],
    [0.9247718294665481, -0.09903667038569772]
  ],
  "51": [
    [-0.7419543802856445, 0.2772898556557442],
    [-0.327913011746348, 0.9584315533054455]
  ],
  "52": [
    [-0.0538406870902257, -0.0372979418694393],
    [0.05384090128955977, -0.036766718848630045]
  ],
  "53": [
    [0.13525694775755695, -0.8342992225222419],
    [0.13579588381080746, 0.8342902782524557]
  ],
  "54": [],
  "55": [],
  "56": [
    [-0.839597848170465, -0.6227046330314081],
    [-0.4697665775801795, -0.12211451214320986]
  ],
  "57": [],
  "58": [
    [-0.6307970250885087, -0.34577690857035576],
    [-0.8641514012121991, -0.6180935735593031],
    [0.9279309639143216, 0.7325620622229543]
  ],
  "59": [
    [-0.20242881033091178, -0.5273040444295175],
    [-0.4304482961804369, 0.15639697275855846]
  ],
  "60": [
    [-0.8982701202701816, -0.6168461385609756]
  ],
  "61": [
    [-0.7170578548293626, -0.2717351743524261],
    [0.7871272858377988, -0.34663463319355503]
  ],
  "62": [
    [0.7360271506930781, 0.2793599624529569]
  ],
  "63": [
    [-0.057995990747236846, 0.3120758022863158]
  ],
  "64": [
    [-0.5064442355951371, -0.6051859536653539]
  ],
  "65": [],
  "66": [],
  "67": [
    [0.7165040951548104, 0.4311355517243645]
  ],
  "68": [
    [-0.8689009116117229, -0.79773934943452],
    [-0.8536228058293736, 0.8115987528260333]
  ],
  "69": [
    [0.2900353386649992, -0.9902475743020795],
    [0.8575257097705281, -0.4002584375581792]
  ],
  "70": [
    [-0.6616440756606141, -0.4561694072440308]
  ],
  "71": [],
  "72": [
    [-0.9837421032448012, 0.5582917940802629]
  ],
  "73": [
    [-0.37627257209932985, 0.5309116454806],
    [0.4030505886470023, -0.47611792101350253],
    [0.5773293343127593, -0.31552068820732393],
    [0.9873217374476865, 0.6107252825695682]
  ],
  "74": [
    [-0.44613211464799335, -0.33670263057932076]
  ],
  "75": [],
  "76": [
    [-0.26636836055612934, 0.4373897027312278],
    [0.6761074998539186, -0.35337094850780065]
  ],
  "77": [
    [0.7941754661115951, 0.4428340306543429]
  ],
  "78": [
    [-0.7321260143168372, -0.001641063421778876]
  ],
  "79": [],
  "80": [
    [-0.6122454815903179, 0.5827646222411251],
    [0.4115050114541276, 0.8986670910231075]
  ],
  "81": [
    [-0.24510847419078824, -0.11261773541017343]
  ],
  "82": [
    [-0.3619801382826261, 0.5359770154425242]
  ],
  "83": [
    [0.7083596887849833, -0.01085392600178259]
  ],
  "84": [],
  "85": [],
  "86": [
    [-0.24359992612759784, -0.030374829493259977]
  ],
  "87": [
    [-0.06287645051991289, -0.7784715309645737],
    [-0.06033139522812311, 0.8523951392421778]
  ],
  "88": [],
  "89": [],
  "90": [
    [-0.4583760879847421, 0.802787473600396]
  ],
  "91": [],
  "92": [
    [0.6121468633215208, 0.6821694742096142],
    [0.6608210736462412, 0.6059445143999215]
  ],
  "93": [],
  "94": [
    [-0.5849093235298073, -0.8550233357613165]
  ],
  "95": [],
  "96": [
    [0.1728538923930325, 0.13091985065092424]
  ],
  "97": [],
  "98": [],
  "99": [],
  "100": [
    [-0.6454719731218432, -0.6806144238427217]
  ]
}
