{
  "1": [],
  "2": [
    [-0.6378598572916463, 0.8560744939983073]
  ],
  "3": [],
  "4": [],
  "5": [],
  "6": [],
  "7": [
    [-0.38356870088217226, 0.1426615821768733]
  ],
  "8": [
    [-0.7448391323018515, -0.4299286333030579]
  ],
  "9": [
    [-0.9394131547217576, 0.7954765617169872]
  ],
  "10": [],
  "11": [
    [0.7262469026940839, -0.9233586580175908]
  ],
  "12": [],
  "13": [],
  "14": [
    [0.7892276591824199, 0.8915549816488098]
  ],
  "15": [],
  "16": [],
  "17": [
    [-0.4814736295251108, 0.3459406052801128],
    [0.4358504606877318, 0.295540746483925]
  ],
  "18": [],
  "19": [],
  "20": [
    [0.9996532287270241, 0.5805138456994016]
  ],
  "21": [],
  "22": [],
  "23": [
    [-0.20053815333350855, -0.8981016165044252]
  ],
  "24": [],
  "25": [],
  "26": [],
  "27": [],
  "28": [
    [0.12028353824029783, -0.987700308465577]
  ],
  "29": [],
  "30": [
    [0.22677739906413663, -0.5254390304051415],
    [-0.22669890904866818, 0.5271115920083647]
  ],
  "31": [],
  "32": [
    [0.4634330877970537, 0.481220499019697]
  ],
  "33": [
    [-0.9085976669424255, -0.8016938902303186]
  ],
  "34": [
    [0.8724207325444928, 0.23897542988466838]
  ],
  "35": [],
  "36": [],
  "37": [],
  "38": [],
  "39": [],
  "40": [],
  "41": [
    [-0.9225822684156606, -0.3936626878181441],
    [-0.6116776934010957, 0.5771837101480605],
    [-0.4146411465183641, 0.6866922609151341]
  ],
  "42": [
    [-0.4536631326853222, 0.8642425802315576]
  ],
  "43": [],
  "44": [],
  "45": [
    [-0.35198850374672325, -0.9541117708954311],
    [0.6303416391115503, -0.9970169015654802]
  ],
  "46": [],
  "47": [],
  "48": [
    [-0.8923868511743147, 0.388623688235356]
  ],
  "49": [],
  "50": [
    [-0.2476235842346448, 0.04326225710017286]
  ],
  "51": [
    [0.27076418613920006, 0.8607038863445863]
  ],
  "52": [
    [0.44778891894033873, 0.9081276052883052]
  ],
  "53": [],
  "54": [],
  "55": [
    [-0.3696765863846858, 0.3491527099840693],
    [0.4928561781476348, 0.4740133873654009]
  ],
  "56": [],
  "57": [],
  "58": [
    [0.19543783031981402, 0.09069231992936529],
    [0.19543780665853583, -0.09069229556171894]
  ],
  "59": [
    [0.7350392922708552, 0.5776394186221235]
  ],
  "60": [
    [-0.14735575514438448, -0.08286873066479203],
    [-0.14735575514475593, 0.08285532786320428]
  ],
  "61": [
    [0.8724226222900902, 0.9796039351837434]
  ],
  "62": [
    [0.6509027684617947, 0.217257782568678]
  ],
  "63": [],
  "64": [],
  "65": [],
  "66": [],
  "67": [],
  "68": [
    [-0.8144535935946661, -0.42629738871251366]
  ],
  "69": [],
  "70": [],
  "71": [],
  "72": [
    [-0.9213513646946927, 0.9400739162610398],
    [0.07151493806742233, -0.9296262086826845],
    [0.9605819977061332, 0.8731351227680886]
  ],
  "73": [
    [0.728702018517271, 0.8859006244480627]
  ],
  "74": [
    [-0.8726193179291415, 0.5678849771683211]
  ],
  "75": [],
  "76": [
    [0.9826472475920682, 0.3740159074809414]
  ],
  "77": [],
  "78": [],
  "79": [
    [-0.5514132461387635, -0.24437966869129216],
    [-0.5502080826817457, 0.24479119973340704]
  ],
  "80": [],
  "81": [],
  "82": [
    [0.5056574608592688, -0.8701260182504224]
  ],
  "83": [],
  "84": [
    [-0.3028732232658127, -0.7351062376450093],
    [0.28802692355191184, 0.7419536976837824]
  ],
  "85": [],
  "86": [
    [0.8246548529634775, 0.8733447555590066]
  ],
  "87": [
    [0.6597013491896747, 0.9574559395437554]
  ],
  "88": [],
  "89": [
    [-0.4232105191285081, 0.5367117422973134]
  ],
  "90": [],
  "91": [
    [0.5268396996573064, 0.8667735336342351]
  ],
  "92": [],
  "93": [
    [-0.22325037770640072, -0.5656424859989926],
    [0.23343395339350756, 0.5579094490597503]
  ],
  "94": [],
  "95": [],
  "96": [],
  "97": [
    [0.6930932827389796, 0.8383286302364527],
    [0.5543388146327334, 0.36359310170987486]
  ],
  "98": [],
  "99": [
    [-0.3621874281917941, -0.3142746778342071],
    [0.2988802479954748, -0.4618654149539542]
  ],
  "100": [
    [-0.20285023451382023, -0.761293665937306],
    [-0.47669670298373945, 0.49222018255635885]
  ]
}
