{
  "1": [
    [0.11335386260276539, 0.025595578169974268]
  ],
  "2": [
    [-0.10911295279825048, 0.012591954726412915]
  ],
  "3": [
    [0.301644376806873, -0.4089440546834584],
    [0.28595354771923065, 0.3876061377823095]
  ],
  "4": [
    [-0.0605421642141153, -0.2985334753569208]
  ],
  "5": [
    [-0.049563227245447934, 0.04389644113079638]
  ],
  "6": [
    [-0.23965513181958362, 0.7102166572716223],
    [-0.1242599441630309, -0.5781897554970188]
  ],
  "7": [
    [-0.0344661801724303, -0.07397896524825084]
  ],
  "8": [
    [0.024640612639304012, 0.4527354327781509]
  ],
  "9": [
    [-0.2019980754867287, -0.5672530918973676]
  ],
  "10": [
    [0.38065418540537166, -0.24661894495007958]
  ],
  "11": [],
  "12": [
    [0.038872722472597515, -0.053210648506360106]
  ],
  "13": [
    [-0.023509208992034132, -0.141504814956525],
    [-0.023509208992034143, 0.14150481495652506],
    [0.30197938602999747, -0.7755116111379866],
    [0.30197938602999747, 0.7755116111379865]
  ],
  "14": [
    [-0.7725484025294661, 0.02604120381596376]
  ],
  "15": [],
  "16": [
    [-0.3107143787390157, -0.6362221785363852]
  ],
  "17": [
    [-0.3092185903965386, -0.6104014851250734],
    [0.4069418577490939, 0.3296609398786342]
  ],
  "18": [
    [0.6181308209343379, 0.12223278630804553]
  ],
  "19": [
    [-0.12262847993212812, -0.16577091212513692],
    [-0.679774586255966, 0.14611285451740122],
    [0.10571338449433307, 0.1896361863764589]
  ],
  "20": [
    [-0.817002107809398, -0.12198151803274677],
    [-0.2845126062742429, -0.14893588841747454]
  ],
  "21": [
    [-0.05513220538052123, -0.024017913968613695]
  ],
  "22": [],
  "23": [],
  "24": [
    [0.6412590920884091, 0.45697471053693733]
  ],
  "25": [],
  "26": [
    [-0.9363076502737466, -0.3928863630208482],
    [-0.9668296739510279, 0.21790991978904634]
  ],
  "27": [
    [0.18845586403065562, -0.05022302452622249]
  ],
  "28": [],
  "29": [
    [-0.18891990956776697, 0.8267388781426862]
  ],
  "30": [
    [0.2424491373504407, 0.8565275332575714]
  ],
  "31": [],
  "32": [
    [-0.09623158007735168, -0.04425820201734159]
  ],
  "33": [
    [-0.01612442855157056, -0.9685518846319819],
    [-0.05669489973186559, -0.3854786953486108]
  ],
  "34": [
    [-0.3964971722352343, -0.11122595526121827]
  ],
  "35": [
    [0.012190795360784058, -0.06936577332775024]
  ],
  "36": [
    [-0.6008567879099013, -0.015081559928201817],
    [0.634854120769362, -0.014780834005705148]
  ],
  "37": [
    [0.04835157876818661, -0.08236348442246122]
  ],
  "38": [],
  "39": [
    [-0.8023688022289167, 0.6716250629042895],
    [0.1401037411300965, -0.21052888829142752]
  ],
  "40": [
    [-0.10972179330139156, 0.013523840229188335],
    [0.013471470420334305, -0.47164597189433105]
  ],
  "41": [
    [-0.17392878740933493, 0.05687598256096701]
  ],
  "42": [
    [-0.35510060443679864, 0.2618087243069325],
    [0.3489435102848457, 0.18502991232129845]
  ],
  "43": [
    [0.035495101963865724, 0.8090033736063131],
    [-0.8799920444819977, -0.05375680950904947]
  ],
  "44": [
    [0.8235900958137176, 0.5403422114437673]
  ],
  "45": [],
  "46": [],
  "47": [
    [-0.2879471340729451, 0.8903247769889544],
    [0.4137652688248949, 0.3807856742512988]
  ],
  "48": [],
  "49": [
    [-0.2734280301326979, -0.39070558623142027]
  ],
  "50": [
    [-0.24525178713002688, -0.7502830864168991]
  ],
  "51": [],
  "52": [],
  "53": [
    [-0.12074490987718625, 0.7383655470954206]
  ],
  "54": [
    [0.014973779763202816, 0.0670361055888706]
  ],
  "55": [
    [-0.42799906805911986, -0.2599802680413738],
    [-0.5022910380080057, 0.9865159713678252]
  ],
  "56": [
    [-0.0044393334876973506, -0.08107331203366358]
  ],
  "57": [
    [-0.5344276480794738, -0.4887701734635621]
  ],
  "58": [],
  "59": [
    [0.4130943154247151, 0.00638893585184591]
  ],
  "60": [
    [-0.8502721187072925, -0.4540532967901636]
  ],
  "61": [
    [-0.22416684521440075, -0.6656279673985979],
    [-0.2816807017166545, 0.22021632062088672]
  ],
  "62": [
    [0.2159663504501043, 0.7363158211038922]
  ],
  "63": [
    [0.07094047407284514, -0.8581930347063722],
    [0.13302126327487407, -0.45048630291569774]
  ],
  "64": [
    [-0.4304113594134182, 0.5239773223136409],
    [0.43041135941341824, 0.5239773223136409]
  ],
  "65": [
    [-0.9029168151246799, -0.5124702490817546]
  ],
  "66": [
    [0.9566162454884569, 0.1410848158082275]
  ],
  "67": [],
  "68": [
    [0.0592214085014393, -0.038317422558546005]
  ],
  "69": [
    [-0.6188190949686817, -0.07839014166854814],
    [0.6311327743113009, 0.09098223843454906]
  ],
  "70": [
    [0.1905867292813593, 0.15481970721845717]
  ],
  "71": [
    [0.03266273137071264, -0.37181616457395716]
  ],
  "72": [],
  "73": [
    [-0.8682311880038834, 0.9859156676065879],
    [0.09613456841163973, -0.37826628560084175],
    [0.08559819538160716, 0.360685748697426]
  ],
  "74": [
    [0.053674145474276666, -0.8063837997729083]
  ],
  "75": [],
  "76": [],
  "77": [
    [0.006991685331375272, -0.06097471650407953]
  ],
  "78": [
    [0.09251704359885045, 0.18178891406209638]
  ],
  "79": [
    [-0.34152394792665386, -0.43494018615344254],
    [-0.5275842911267739, 0.6110231640738253]
  ],
  "80": [
    [-0.08400431454766058, 0.6390926423153989]
  ],
  "81": [
    [0.39857001436693335, -0.8254844348705533],
    [-0.12120859886334522, -0.4769742402963077]
  ],
  "82": [
    [-0.5042914975651343, 0.40619986711595996],
    [-0.11179748522662392, 0.05604577795442277],
    [0.5624094129883276, -0.5461342948604443]
  ],
  "83": [],
  "84": [],
  "85": [],
  "86": [
    [-0.030658683747084508, -0.12632639757142491],
    [-0.03271145303792105, 0.8155137345122165]
  ],
  "87": [],
  "88": [
    [0.21104370221025867, -0.08837806546250673]
  ],
  "89": [
    [0.16327745974768212, 0.1672597586550112],
    [0.7683001053810005, 0.8604649165336776]
  ],
  "90": [
    [-0.14495490297994368, -0.05355192168665901],
    [0.15066063327726392, -0.055533184759721]
  ],
  "91": [],
  "92": [],
  "93": [
    [0.25982391695850543, -0.03927185314303472],
    [0.719728742907213, -0.21104967751638268]
  ],
  "94": [
    [-0.3200706743608992, 0.4144589144713564],
    [-0.4969016948860631, 0.3731456148997523],
    [0.5579764327805697, 0.4795163950353181]
  ],
  "95": [
    [-0.5780666898174962, -0.169077479529065],
    [-0.39489575007618544, 0.5760555779937622]
  ],
  "96": [],
  "97": [],
  "98": [],
  "99": [
    [-0.25550512715822216, -0.1668059476989164]
  ],
  "100": []
}
