{
  "1": [
    [0.10110869626780643, 0.026351438561741453]
  ],
  "2": [
    [-0.952146073185121, -0.028337555068903435],
    [0.9759551291703323, 0.02688052113322178]
  ],
  "3": [
    [0.11781271930888797, 0.16614070420323826]
  ],
  "4": [],
  "5": [
    [0.9768645440458706, 0.6056295370784209]
  ],
  "6": [],
  "7": [],
  "8": [],
  "9": [
    [0.9264908198120196, 0.5910705305410942],
    [-0.8644023780178407, 0.8259471442658666],
    [0.7937916264041797, 0.24020514250083552]
  ],
  "10": [
    [0.5003085297256893, -0.3120338983554056],
    [0.2097512367035755, 0.9057250220971376]
  ],
  "11": [],
  "12": [],
  "13": [
    [-0.6442303286936888, 0.11914102743117257],
    [0.17606630106082835, -0.5801801794768602]
  ],
  "14": [],
  "15": [
    [0.996306559362062, 0.7766714576078518],
    [-0.05991604119169392, -0.32533257467122223]
  ],
  "16": [],
  "17": [],
  "18": [],
  "19": [
    [-0.905325270100071, 0.5817633260045723],
    [0.47510572259960693, -0.2527137316488514],
    [0.5464252062969177, -0.5125287719990301],
    [-0.3745487769912287, -0.1595859858299783]
  ],
  "20": [
    [-0.14989384567924813, 0.06221313734382167]
  ],
  "21": [
    [0.029415436038279518, 0.18318976109637786]
  ],
  "22": [
    [-0.33130918037668744, -0.2453330192014862],
    [0.30811592965907614, 0.25469741583103256]
  ],
  "23": [
    [-0.5466310736698502, -0.8671672898134707]
  ],
  "24": [
    [-0.1274869033190987, 0.20958829803622026]
  ],
  "25": [],
  "26": [
    [-0.6724125373374733, -0.11719983312113287],
    [0.7895578390383245, -0.10734144259947045]
  ],
  "27": [],
  "28": [
    [-0.0068160943670619485, -0.9669129213878876]
  ],
  "29": [],
  "30": [
    [0.2102010739552033, -0.0075849464032800695]
  ],
  "31": [],
  "32": [
    [-0.573465963315818, 0.492650434886944]
  ],
  "33": [],
  "34": [
    [0.8380622172380396, -0.706099565753564],
    [0.06362601857900185, 0.24289576527518836]
  ],
  "35": [],
  "36": [
    [0.2660398352232343, -0.25563517652799533]
  ],
  "37": [
    [-0.7360368895090804, 0.3175522574883035],
    [0.7910360346263546, -0.23459509089905253]
  ],
  "38": [],
  "39": [
    [-0.18688630942693213, -0.2612221785906521],
    [-0.23151685877149655, 0.789124505112535]
  ],
  "40": [
    [0.9095950921403545, 0.20067920954598978],
    [0.16111062328472783, -0.05004775679766433]
  ],
  "41": [],
  "42": [],
  "43": [],
  "44": [
    [-0.6392139132494457, -0.43739542887088206],
    [0.7340210071415082, -0.43216372867283864]
  ],
  "45": [
    [0.4207865007138036, -0.39092781047004055]
  ],
  "46": [
    [-0.038257770045269444, 0.024012250373845856]
  ],
  "47": [
    [-0.7887484586976562, -0.9382442989381684],
    [-0.5289408471815935, -0.028272718928863145]
  ],
  "48": [
    [0.45124078858954714, 0.010521764505136423]
  ],
  "49": [
    [-0.16191780132836903, 0.5509060801404264]
  ],
  "50": [],
  "51": [
    [-0.0704916762748918, -0.40270749919919213],
    [-0.07040245384402193, 0.3946960730585648]
  ],
  "52": [
    [-0.034422145197716594, -0.3600439958985471]
  ],
  "53": [
    [-0.1205133488597365, -0.14034834261256773],
    [0.7849052320705917, -0.2763200000572996],
    [0.8963958809695411, 0.6652976875314606],
    [-0.11870117372071305, 0.14032027282061835]
  ],
  "54": [
    [-0.16623358063135063, -0.1099033966769197],
    [0.17708864644748765, -0.14614250264710663]
  ],
  "55": [
    [-0.17902229671071324, -0.3501342096230091],
    [0.17514798835034479, -0.35022688872859237],
    [-0.1631959550969044, 0.3505004320582526],
    [0.20014166743906875, 0.34959474959343145],
    [0.7583891941278675, 0.31821336870752626]
  ],
  "56": [],
  "57": [],
  "58": [],
  "59": [
    [-0.9152498878315404, 0.0318225221172318]
  ],
  "60": [],
  "61": [],
  "62": [],
  "63": [
    [-0.28072113353596845, -0.5270148962096206],
    [-0.16933810999567409, 0.4794861218362848],
    [0.28653378825454723, -0.5605589995575504],
    [0.17146887387762855, 0.4740859876351469]
  ],
  "64": [
    [-0.41171172394051053, 0.406607969006249],
    [0.2437449837945566, 0.3394861406917699]
  ],
  "65": [],
  "66": [
    [-0.3885180286395104, -0.2517519054491607]
  ],
  "67": [
    [0.017006066402972052, -0.2434344984242701],
    [-0.1771684882015639, 0.41900009340359284],
    [0.058422446781978776, 0.21412499912815885]
  ],
  "68": [],
  "69": [],
  "70": [
    [0.6460754090692356, 0.24757336116235443]
  ],
  "71": [
    [-0.19177045497067366, -0.6610188966431171]
  ],
  "72": [],
  "73": [
    [0.14451885931302, 0.8127178631812567]
  ],
  "74": [],
  "75": [],
  "76": [
    [-0.5484650489938119, -0.3110889925254618],
    [0.35766976075047197, -0.34794918801851]
  ],
  "77": [],
  "78": [
    [0.0007149426268853046, -0.0940152607829137]
  ],
  "79": [],
  "80": [
    [0.03818323254420615, 0.22904026053321186]
  ],
  "81": [],
  "82": [
    [-0.28524074844170744, 0.14618320746275168]
  ],
  "83": [],
  "84": [
    [-0.4106865004030275, -0.7540894209280907],
    [-0.40916193100393, 0.00989596925026576],
    [-0.40769545212430414, 0.7469378403470815]
  ],
  "85": [
    [-0.6629464405974288, -0.491253857068826],
    [-0.028041759350598078, -0.49343618758928376],
    [0.6897691295350362, -0.47640488629515765]
  ],
  "86": [],
  "87": [],
  "88": [],
  "89": [
    [0.4183517964210714, -0.5162048884784789]
  ],
  "90": [],
  "91": [
    [0.5593514477093452, 0.20321767467653234],
    [-0.28156029524754533, 0.19980728242426476]
  ],
  "92": [
    [-0.8272620010676782, 0.3232116181482133]
  ],
  "93": [
    [-0.7302310510468222, -0.6646574899540771],
    [0.6548777309078172, -0.21080836539064882],
    [0.7047043035687756, 0.2388899349190747],
    [-0.6385717123751511, 0.6094816531660239]
  ],
  "94": [],
  "95": [
    [0.6089106887610357, 0.4796834147273659]
  ],
  "96": [
    [0.6390672276328956, -0.4040883245758045],
    [0.6598444461591984, -0.2118725956083164]
  ],
  "97": [
    [-0.8727248037059864, 0.812676309055764],
    [-0.05932525898071838, 0.3261697284671913]
  ],
  "98": [
    [0.04168368270213099, -0.5336448657606131]
  ],
  "99": [
    [0.5960193775531855, 0.02430414781345099]
  ],
  "100": [
    [-0.7538167342315988, 0.39584021800293057],
    [-0.6456941769449164, 0.4246813717291047]
  ]
}
