{
  "1": [
    [0.6235140696327849, 0.7711696722066932],
    [0.7317528999468335, -0.7238809890747275]
  ],
  "2": [],
  "3": [],
  "4": [],
  "5": [
    [-0.6198313113964452, 0.967191470146823]
  ],
  "6": [],
  "7": [],
  "8": [
    [0.7574993864536959, 0.6217908342447785]
  ],
  "9": [],
  "10": [],
  "11": [
    [-0.851176689465251, 0.3711964056304673],
    [-0.7804266635921568, 0.937797343031417]
  ],
  "12": [
    [-0.858239190705574, 0.872873749497358],
    [0.856026578542719, 0.7440519745611287]
  ],
  "13": [
    [0.4255491849764876, 0.974866194076589]
  ],
  "14": [
    [-0.935425648094336, 0.7509824478324559],
    [-0.4743226939459842, -0.4859086798619153]
  ],
  "15": [],
  "16": [],
  "17": [],
  "18": [],
  "19": [
    [-0.682386325224278, -0.872043577069972],
    [0.7939476702875443, 0.4991238679092035]
  ],
  "20": [
    [0.6022164160098482, -0.7070496432860928],
    [0.935508824256689, -0.3955975318878942]
  ],
  "21": [],
  "22": [],
  "23": [],
  "24": [],
  "25": [],
  "26": [
    [-0.4954611380314428, -0.7632914891139962]
  ],
  "27": [
    [0.814194801851597, 0.818304963990194]
  ],
  "28": [],
  "29": [],
  "30": [
    [-0.806964614716648, 0.2231872487279497],
    [0.800169616700331, -0.2219179930973205]
  ],
  "31": [],
  "32": [
    [-0.962451710094823, -0.6605213210302106]
  ],
  "33": [],
  "34": [
    [-0.595506519582341, 0.6609640288111189],
    [-0.5649613569078346, -0.6947566485856485],
    [-0.2903076530822892, -0.966581823826432]
  ],
  "35": [
    [-0.897645762725025, -0.4027926580750418],
    [-0.3357469904265036, 0.939813612406736],
    [0.7769439820731292, -0.718781454204877],
    [0.890721614406278, -0.4108625359925611]
  ],
  "36": [],
  "37": [],
  "38": [],
  "39": [],
  "40": [],
  "41": [
    [-0.924224656839325, 0.4972141429708685],
    [-0.6908068390975812, 0.7044364378541212],
    [0.6732042893304772, -0.7540993365835996]
  ],
  "42": [],
  "43": [],
  "44": [
    [0.896674373044493, 0.6287102998329649]
  ],
  "45": [
    [-0.7533466601240868, -0.6186386768042322],
    [0.5342405328165764, -0.6028721786087337]
  ],
  "46": [],
  "47": [],
  "48": [
    [-0.7622654742983781, -0.98600964628943]
  ],
  "49": [],
  "50": [
    [-0.884497963867037, -0.924709227049906],
    [0.5849763721996998, 0.7350933268321485]
  ],
  "51": [
    [-0.2025607503211949, 0.887142412806336],
    [-0.07482005198894778, -0.6950783146193646]
  ],
  "52": [],
  "53": [],
  "54": [
    [0.2709531273419648, -0.5933973183071299],
    [0.2782628752734225, 0.630387521180719]
  ],
  "55": [
    [-0.51729129710928, 0.2888153912262426],
    [-0.3841140279529332, -0.3950758008717443],
    [-0.3374763550299332, -0.775547005692495]
  ],
  "56": [],
  "57": [
    [0.952128125605161, 0.870511804073842],
    [0.953899287290998, 0.3822935646888733]
  ],
  "58": [],
  "59": [],
  "60": [],
  "61": [
    [-0.96748995454129, 0.3816951882671015]
  ],
  "62": [],
  "63": [
    [0.5023138578156098, -0.2843321661953197]
  ],
  "64": [],
  "65": [
    [0.3879502547239437, 0.970309832643955],
    [0.6622587697243658, 0.6847592281429167]
  ],
  "66": [
    [-0.526746902570536, 0.0969813861734195]
  ],
  "67": [
    [-0.3446132261515576, -0.101533657311109]
  ],
  "68": [],
  "69": [],
  "70": [],
  "71": [],
  "72": [],
  "73": [],
  "74": [
    [0.864062456202691, 0.6366060163351301]
  ],
  "75": [],
  "76": [],
  "77": [],
  "78": [
    [0.90229496886524, -0.3155794250954044]
  ],
  "79": [
    [0.268591272439774, -0.04061020474845908]
  ],
  "80": [],
  "81": [
    [-0.6106794463247448, -0.773447842228344]
  ],
  "82": [
    [0.876303690201153, -0.838108436274435]
  ],
  "83": [
    [-0.873993337661935, 0.778618592808924],
    [-0.7151777528387852, 0.4785424737582328],
    [-0.6851365110672484, -0.3346912957958691]
  ],
  "84": [
    [-0.78839923191755, -0.939186571531661]
  ],
  "85": [],
  "86": [
    [-0.4133037691192159, -0.924834401297777]
  ],
  "87": [
    [-0.5267023007100259, 0.5497540748678608],
    [0.4359839766467867, 0.5856266298258551]
  ],
  "88": [
    [-0.1633453956756302, -0.0743073764418383]
  ],
  "89": [],
  "90": [
    [-0.944570551010246, -0.987079839145682],
    [-0.088150002266319, -0.0890626685944492]
  ],
  "91": [
    [0.5711836920034457, 0.0808721469148115],
    [0.5990057696508493, 0.846054730103139]
  ],
  "92": [
    [0.615870868769151, 0.869370501485161]
  ],
  "93": [],
  "94": [],
  "95": [
    [0.919914975795058, -0.5993478283090123]
  ],
  "96": [],
  "97": [],
  "98": [],
  "99": [
    [-0.3252492440875496, -0.5940548441123783]
  ],
  "100": [
    [-0.3253364145770041, 0.7897881877229352],
    [0.7205725999230927, 0.5812615732998544]
  ]
}
