{
  "1": [],
  "2": [],
  "3": [],
  "4": [
    [0.923846997264814, -0.863540775284299]
  ],
  "5": [],
  "6": [],
  "7": [
    [-0.854374823903173, 0.7607240414122524],
    [0.857226252236757, 0.855311260523642]
  ],
  "8": [
    [-0.91047823102403, -0.4204479877114439]
  ],
  "9": [
    [-0.956962040877497, 0.837474661910414]
  ],
  "10": [],
  "11": [],
  "12": [],
  "13": [],
  "14": [],
  "15": [],
  "16": [],
  "17": [],
  "18": [
    [-0.912687236975202, -0.855792864788823],
    [0.888987964936424, -0.905265445782747]
  ],
  "19": [
    [-0.6455920682089314, -0.917095847882219],
    [0.6351177750325522, -0.9178970679346]
  ],
  "20": [
    [-0.872393728886236, -0.983929933111656]
  ],
  "21": [],
  "22": [],
  "23": [],
  "24": [
    [-0.908760485912926, 0.933734049954663],
    [-0.7518122731716074, 0.901465876338761]
  ],
  "25": [],
  "26": [],
  "27": [],
  "28": [],
  "29": [
    [-0.3365813541732757, -0.3367464497126981]
  ],
  "30": [],
  "31": [],
  "32": [
    [0.1041467966941451, -0.3189751795927123]
  ],
  "33": [
    [-0.6303417420709821, -0.997526672678348]
  ],
  "34": [
    [0.998595286227705, -0.99868032418543]
  ],
  "35": [],
  "36": [],
  "37": [],
  "38": [],
  "39": [],
  "40": [],
  "41": [],
  "42": [],
  "43": [],
  "44": [],
  "45": [],
  "46": [],
  "47": [
    [-0.997684581955219, 0.7327006722396288]
  ],
  "48": [],
  "49": [],
  "50": [],
  "51": [],
  "52": [],
  "53": [
    [-0.6216391859560765, -0.5393060165104546]
  ],
  "54": [],
  "55": [
    [-0.936680541275434, 0.820148349613617],
    [-0.3810951102736573, 0.6918231629738693],
    [0.3811063412677661, 0.6918230919632061],
    [0.969448521669689, 0.802770133296222]
  ],
  "56": [],
  "57": [],
  "58": [],
  "59": [
    [0.873660400561147, -0.7316602282993384]
  ],
  "60": [],
  "61": [],
  "62": [],
  "63": [
    [-0.726513795120413, 0.983017663392806],
    [0.7747183739174269, -0.977021261034302]
  ],
  "64": [],
  "65": [
    [-0.6212270806276489, 0.945521515705169]
  ],
  "66": [],
  "67": [
    [-0.1260218809460191, 0.7366994850498658]
  ],
  "68": [],
  "69": [],
  "70": [
    [0.980739093976904, -0.95733084967319]
  ],
  "71": [
    [-0.7434947369013885, -0.7670984598518404],
    [0.800468556146993, 0.7256181265807463]
  ],
  "72": [],
  "73": [
    [-0.934524928377753, -0.963577762627055]
  ],
  "74": [
    [-0.522758961538984, 0.985204004307953]
  ],
  "75": [],
  "76": [],
  "77": [],
  "78": [],
  "79": [],
  "80": [
    [-0.852582011876558, -0.4347659879623639]
  ],
  "81": [],
  "82": [],
  "83": [],
  "84": [
    [-0.7986585496470086, -0.839733159133105],
    [0.6948646359074063, -0.950651410283614]
  ],
  "85": [
    [-0.903917467512375, 0.871086036498633]
  ],
  "86": [
    [-0.952047616724546, -0.979652413743696],
    [-0.4492398898636637, 0.6009962549031551],
    [0.4492398898636637, -0.6009962549031551],
    [0.952047616724546, 0.979652413743696]
  ],
  "87": [],
  "88": [
    [-0.966468851699353, -0.7808286131808844]
  ],
  "89": [
    [0.917241147150022, 0.5794687891819646]
  ],
  "90": [
    [-0.882084769852946, -0.819500953873651],
    [0.7515367074325935, 0.945030371852335],
    [0.903513346334579, -0.867321296390349],
    [0.979153002922675, -0.844110387446166]
  ],
  "91": [
    [-0.7627663793080891, 0.6758245384795779],
    [-0.7624683508649096, -0.6858194673035997]
  ],
  "92": [],
  "93": [],
  "94": [],
  "95": [],
  "96": [],
  "97": [
    [-0.7012916618871653, -0.837069079880818],
    [0.6930752861592424, -0.839771985172736]
  ],
  "98": [],
  "99": [],
  "100": [
    [0.971799815529548, -0.960301798851101]
  ]
}
