{
  "1": [
    [-0.3526630607054997, 0.07021239331940977],
    [0.3545919968510877, 0.0707157062552569],
    [0.850776661699628, 0.7638029336898773]
  ],
  "2": [
    [-0.920240592137168, 0.710016036817172],
    [0.0828473825318343, -0.3646135074010682],
    [0.0832627769100286, 0.3641620334961106]
  ],
  "3": [
    [-0.7775521567419551, 0.5372319166473676],
    [-0.4121475710357235, 0.2944792193318715],
    [0.44440207599866, 0.877646167344967]
  ],
  "4": [
    [-0.849276584218574, -0.1604046515226228],
    [-0.6493589049856477, 0.224779311842019],
    [0.4926688743071145, 0.6357949698444822]
  ],
  "5": [
    [0.43964844102515, 0.6528313513756623]
  ],
  "6": [
    [-0.4734363461453, 0.05648822622052531]
  ],
  "7": [
    [-0.208234539940999, 0.5399650700035133],
    [-0.1973064035529881, -0.538150640392762]
  ],
  "8": [
    [-0.007644802503705208, -0.5307696864025504]
  ],
  "9": [],
  "10": [
    [0.921708245962568, -0.845352745746741]
  ],
  "11": [
    [-0.6364396325913841, 0.976927309794043],
    [0.7067941197484425, -0.5409863959598668],
    [0.828178338089453, 0.7018244786773763]
  ],
  "12": [
    [-0.06367074367860291, -0.7336901251902327],
    [0.06205307307633414, 0.7444839613815203]
  ],
  "13": [],
  "14": [
    [-0.1320460755770829, 0.857960695625024],
    [0.1123553070729268, 0.5547989276742706]
  ],
  "15": [],
  "16": [
    [0.811713512951883, -0.292087252627343]
  ],
  "17": [
    [-0.4694355831419188, 0.6886794989660717]
  ],
  "18": [
    [-0.958045923874605, -0.4185760699697588]
  ],
  "19": [
    [-0.2319035794541706, -0.3650237467793211]
  ],
  "20": [],
  "21": [
    [-0.02198309444188816, -0.7824063547472475]
  ],
  "22": [],
  "23": [
    [-0.03810617827282188, 0.6923176539911358],
    [0.4718302738275714, -0.0562247547358957]
  ],
  "24": [
    [0.4111292143774012, 0.5767137264026112],
    [0.4497828143634035, -0.6059353919339551]
  ],
  "25": [
    [-0.90505265038159, 0.828030071360789],
    [0.07699583928275883, 0.822581910855334],
    [0.955493117850063, 0.6970267112897025]
  ],
  "26": [
    [0.817222694218081, 0.3568774198922386],
    [0.873797648094918, -0.06955085920904329]
  ],
  "27": [],
  "28": [
    [-0.3294750413849902, 0.684590084319005],
    [-0.324718501799591, -0.7157778393576182],
    [0.2989025612611989, 0.874785359088622],
    [0.3057887575223142, -0.828879129139709]
  ],
  "29": [
    [0.2440205196443894, -0.4247740993333772]
  ],
  "30": [
    [0.1496797019964126, 0.4908319082373347]
  ],
  "31": [
    [0.905898081639434, -0.0999912652028201]
  ],
  "32": [
    [-0.6455260889903695, 0.7996426822214548],
    [-0.6299386483083397, -0.859448105631455],
    [-0.564882787510262, 0.04837675910303076],
    [0.5650580119536448, 0.04812329431626056]
  ],
  "33": [
    [0.05416074945206963, 0.4843984312395827],
    [0.05426092206648767, -0.7770736802086676],
    [0.694294247322981, -0.86548939539256]
  ],
  "34": [],
  "35": [],
  "36": [
    [-0.405493343622762, 0.3100949065151102],
    [0.0984159860235907, -0.931357691679383]
  ],
  "37": [],
  "38": [
    [-0.4726700619377905, -0.03289405637658032]
  ],
  "39": [
    [0.1755806003615218, -0.3937220773307168]
  ],
  "40": [
    [-0.7163432688969634, 0.371291962328579]
  ],
  "41": [
    [-0.987221157907888, 0.934214764430321],
    [-0.2107690105897158, 0.411433438513837],
    [0.634285748114027, -0.1393111222000773]
  ],
  "42": [],
  "43": [
    [-0.4504950503951239, 0.4784382610652608]
  ],
  "44": [
    [-0.006148736949565773, -0.1642454978123469],
    [0.02421533427860389, 0.2116706475705249]
  ],
  "45": [
    [-0.730015093371259, 0.06861487688906182]
  ],
  "46": [],
  "47": [],
  "48": [],
  "49": [],
  "50": [
    [0.1816330344078341, -0.991370419687129],
    [0.1816330344078341, 0.991370419687129],
    [0.7581994657397106, -0.6360884485891618],
    [0.7581994657397106, 0.6360884485891618]
  ],
  "51": [],
  "52": [
    [-0.896946571895934, 0.4958418330639207]
  ],
  "53": [
    [-0.2318513247613366, -0.7490241680007125]
  ],
  "54": [
    [0.03532130162470181, -0.4240802768113991]
  ],
  "55": [],
  "56": [],
  "57": [
    [-0.6491129564741938, -0.0512815943664399],
    [0.7477327922229451, -0.03892402582471185]
  ],
  "58": [
    [-0.632056513472775, -0.3557551871547667],
    [0.4655092267062635, 0.460492392187526]
  ],
  "59": [
    [-0.6947021947223099, 0.841924783827871]
  ],
  "60": [
    [0.3530625980041795, 0.02085386837462596]
  ],
  "61": [],
  "62": [],
  "63": [
    [-0.6159109675971769, 0.3187692162192299],
    [-0.3547809402812718, -0.3338446481956605],
    [0.3564283977518701, -0.3338841701414537],
    [0.6204596579740156, 0.318620238836602]
  ],
  "64": [
    [-0.7339425620779837, 0.004049816485484055],
    [0.4260634987928212, 0.5477404057107697]
  ],
  "65": [],
  "66": [
    [0.749484111577726, -0.3582484350189512]
  ],
  "67": [
    [0.05388334722377452, 0.03374740524850817],
    [0.05388334892890932, -0.03375399720712096],
    [0.05772076763766422, 0.93496130245681]
  ],
  "68": [],
  "69": [
    [-0.5818166046062279, -0.316039757617281],
    [-0.5765092373485698, -0.7238172468477259]
  ],
  "70": [
    [-0.6800475919620709, -0.6160017530049624],
    [-0.5508670342721111, -0.0963455160424663]
  ],
  "71": [
    [-0.1606004068000263, 0.3636420037864539]
  ],
  "72": [
    [-0.2831134327842438, 0.0257440504042053]
  ],
  "73": [],
  "74": [],
  "75": [],
  "76": [
    [0.6018588243060442, 0.06631713229892641]
  ],
  "77": [],
  "78": [
    [-0.3601353815861921, 0.0841478105998833]
  ],
  "79": [],
  "80": [
    [-0.826009054244269, -0.4435638363502508],
    [-0.7402409937165338, 0.3682817371682423]
  ],
  "81": [
    [-0.1900755186291901, 0.828834995451864],
    [0.2193719171513914, -0.881292002528713],
    [0.7627237838578296, 0.0903217383791868]
  ],
  "82": [
    [0.0808110224572065, 0.873859201692389],
    [0.0825085471772549, -0.857822204039609]
  ],
  "83": [],
  "84": [
    [0.907527999056329, 0.1439426948606955]
  ],
  "85": [],
  "86": [
    [-0.577960520997196, 0.611554969393615],
    [-0.2464030628796817, -0.2117503625142064],
    [0.1223192511603002, 0.7659168125545913],
    [0.4746126698156051, 0.690948917058715]
  ],
  "87": [
    [0.0673251665846684, -0.5289989012119024]
  ],
  "88": [
    [-0.6641537653942078, -0.4296513538650514],
    [0.81666058571754, -0.4393132682888761]
  ],
  "89": [
    [-0.03940301064680496, -0.007375654752392341],
    [-0.02748638372222302, 0.1484105532208684]
  ],
  "90": [
    [-0.5923988561903832, -0.6570991713683217]
  ],
  "91": [
    [0.04753822684263082, -0.664917195998953]
  ],
  "92": [],
  "93": [
    [-0.0680199944255728, -0.7475513115410855],
    [-0.0680199944255728, 0.7475513115410855]
  ],
  "94": [
    [0.6747886014118035, -0.04366810198064176]
  ],
  "95": [
    [0.359491589524344, 0.7227428503509719]
  ],
  "96": [],
  "97": [],
  "98": [
    [-0.7544780621422005, 0.936112564783663],
    [0.5672349935291106, -0.3906564672907201]
  ],
  "99": [
    [0.501868699111257, 0.7441842692324011]
  ],
  "100": [
    [-0.181017733820246, 0.4825245902923737]
  ]
}
