{
  "1": [
    [-0.6015973642351713, 0.998556050019915],
    [0.7942498262610576, -0.7669254144103258]
  ],
  "2": [
    [-0.88322697858052, -0.6159150580720612],
    [0.880355418526336, -0.6085765299466949]
  ],
  "3": [],
  "4": [],
  "5": [],
  "6": [],
  "7": [
    [-0.992670838300068, -0.7907665937941536]
  ],
  "8": [],
  "9": [],
  "10": [],
  "11": [],
  "12": [],
  "13": [
    [0.987138782060499, -0.7215721891478795]
  ],
  "14": [],
  "15": [
    [0.80738351897378, -0.7198722310940365]
  ],
  "16": [
    [-0.966523546043733, -0.6807431950960826],
    [-0.826855069359805, 0.7411676896466672]
  ],
  "17": [],
  "18": [],
  "19": [
    [-0.971810616021406, 0.999791762960361]
  ],
  "20": [],
  "21": [],
  "22": [],
  "23": [],
  "24": [],
  "25": [],
  "26": [],
  "27": [
    [-0.196825735675247, -0.969412048820779],
    [-0.1968257289886633, 0.969411934535045]
  ],
  "28": [
    [-0.974803374843838, 0.7367885391900125],
    [-0.825660195812258, 0.911528211282302]
  ],
  "29": [],
  "30": [],
  "31": [
    [0.5927017249900013, -0.992488991644028],
    [0.653280567204335, -0.866868816267494]
  ],
  "32": [],
  "33": [],
  "34": [
    [-0.2753086544466475, 0.3353809681832455]
  ],
  "35": [],
  "36": [],
  "37": [],
  "38": [],
  "39": [],
  "40": [
    [-0.7056894714703273, 0.98867373642139],
    [0.7056894714703273, -0.98867373642139]
  ],
  "41": [],
  "42": [
    [-0.5178431645966832, -0.1271857739940305]
  ],
  "43": [],
  "44": [],
  "45": [
    [-0.7859890397015924, -0.6158942363072599]
  ],
  "46": [],
  "47": [],
  "48": [],
  "49": [],
  "50": [],
  "51": [],
  "52": [],
  "53": [],
  "54": [],
  "55": [
    [-0.83719270463331, 0.735650980183337]
  ],
  "56": [],
  "57": [
    [-0.959463286529827, -0.985362541087801]
  ],
  "58": [],
  "59": [],
  "60": [],
  "61": [],
  "62": [
    [0.957971078225059, 0.934965509923458]
  ],
  "63": [],
  "64": [
    [-0.972849981003401, -0.975406491982168]
  ],
  "65": [
    [-0.7888282747924605, 0.84804814228164]
  ],
  "66": [],
  "67": [],
  "68": [],
  "69": [],
  "70": [],
  "71": [],
  "72": [
    [-0.2595164971135453, 0.4908920704723791]
  ],
  "73": [
    [-0.85667359148913, -0.867066290732814],
    [0.6700514327525734, -0.848445180927277],
    [0.7735922690554914, 0.6712672066696389],
    [0.780528019950688, -0.826318265334749]
  ],
  "74": [],
  "75": [],
  "76": [],
  "77": [],
  "78": [
    [-0.825010107668195, -0.6262199985154002]
  ],
  "79": [
    [-0.960917702819754, -0.6609545231547377],
    [0.960917702819754, 0.6609545231547377]
  ],
  "80": [
    [0.6897428893712033, -0.854704591822141]
  ],
  "81": [],
  "82": [
    [-0.7378956364364242, 0.970093915927876],
    [0.912207794705047, -0.7781182418447954]
  ],
  "83": [],
  "84": [],
  "85": [],
  "86": [],
  "87": [],
  "88": [
    [-0.336902745224099, 0.803492983039856]
  ],
  "89": [],
  "90": [],
  "91": [
    [0.896395592249362, 0.987620953644075]
  ],
  "92": [],
  "93": [],
  "94": [],
  "95": [
    [0.950872776391982, 0.5061978835886748]
  ],
  "96": [],
  "97": [],
  "98": [],
  "99": [],
  "100": []
}
