{
  "1": [
    [-0.7391789505335313, 0.889526587203539],
    [-0.575692538165299, -0.969013534329329]
  ],
  "2": [
    [-0.1374438778177708, -0.588353213832726],
    [0.991997881290131, 0.876831040117424]
  ],
  "3": [],
  "4": [
    [-0.50450203403222, 0.0629542392606263]
  ],
  "5": [],
  "6": [
    [-0.5425226889176584, 0.5527136041727445],
    [-0.000891532681286639, -0.5675099541215919]
  ],
  "7": [],
  "8": [
    [0.5542705832180915, 0.5954166219719457],
    [0.935318718669565, 0.7107439107200313]
  ],
  "9": [],
  "10": [],
  "11": [
    [-0.0503686206470531, 0.954366104136136],
    [0.05036951019539595, 0.954366101104255],
    [0.862058774745816, 0.6063160210795329]
  ],
  "12": [],
  "13": [
    [0.04096528136814317, -0.966860617257517]
  ],
  "14": [
    [-0.4469337269581139, -0.2061450390492327],
    [-0.230885244164197, -0.7744101371600794],
    [0.230908397766115, -0.7743873092538837],
    [0.4469206606003848, -0.2071168664084572]
  ],
  "15": [],
  "16": [
    [0.2098727005905441, 0.6776178157595601]
  ],
  "17": [],
  "18": [],
  "19": [
    [0.926706817973343, 0.931543664376958]
  ],
  "20": [
    [-0.1551865302926873, 0.6703039349189338],
    [-0.1551690340817319, -0.6703413251160377]
  ],
  "21": [],
  "22": [],
  "23": [
    [-0.925175838081637, -0.6164071988111234]
  ],
  "24": [],
  "25": [
    [-0.7414372997779443, -0.897236650635452]
  ],
  "26": [],
  "27": [
    [-0.6137398291493293, 0.1443860778860065]
  ],
  "28": [],
  "29": [
    [-0.89662809801431, -0.833388934576744],
    [0.92220354563173, 0.7831767794379423]
  ],
  "30": [
    [0.825591831377407, -0.973695756191541],
    [0.96774340177822, 0.7527334452308335]
  ],
  "31": [
    [-0.7178066169372201, -0.3259594693248005],
    [0.726069060913998, 0.3188039232835322]
  ],
  "32": [
    [-0.849727411230797, 0.965779576099948]
  ],
  "33": [],
  "34": [
    [-0.6699159314799707, 0.722127448957565]
  ],
  "35": [],
  "36": [],
  "37": [
    [-0.887491223546559, 0.967166560674394]
  ],
  "38": [],
  "39": [],
  "40": [],
  "41": [],
  "42": [],
  "43": [],
  "44": [],
  "45": [
    [-0.1715851950305194, -0.977887286029812],
    [0.1715848312131032, -0.969377278847161]
  ],
  "46": [],
  "47": [],
  "48": [],
  "49": [
    [0.975906787931065, -0.87499738635372]
  ],
  "50": [],
  "51": [],
  "52": [],
  "53": [
    [-0.931617763687975, -0.5070718662563223],
    [-0.5327772229918706, -0.982800965734956]
  ],
  "54": [],
  "55": [
    [-0.4196517990515335, -0.0244433371102298]
  ],
  "56": [
    [0.5869706291275245, -0.991819644585499],
    [0.5914908498091745, 0.872807447665026]
  ],
  "57": [
    [-0.5374524443252473, -0.4722645766164924],
    [0.5405713875996233, -0.4630551938174928]
  ],
  "58": [
    [-0.3202474635909396, 0.0964865168515083]
  ],
  "59": [
    [-0.7002914585480386, -0.932215548502722]
  ],
  "60": [
    [0.5596643562831929, -0.853462991025444]
  ],
  "61": [],
  "62": [
    [-0.92099702242021, -0.7710453687778237],
    [0.877192144131894, 0.881813618600822]
  ],
  "63": [
    [-0.1801935254449074, -0.002967352270497241]
  ],
  "64": [],
  "65": [
    [-0.855723894662381, 0.6429809954564224]
  ],
  "66": [],
  "67": [],
  "68": [],
  "69": [
    [0.5381241145844341, 0.870779836380254],
    [0.989445490349338, 0.3897071277976051]
  ],
  "70": [],
  "71": [
    [-0.1845437388901872, -0.1141586517356567],
    [-0.1329995924092404, 0.1162655918055839]
  ],
  "72": [],
  "73": [],
  "74": [
    [-0.986100907510686, -0.5711910229753018],
    [0.970041525551239, -0.6274850862874738]
  ],
  "75": [],
  "76": [],
  "77": [],
  "78": [],
  "79": [
    [-0.5007807791994286, -0.5663149596454105],
    [0.4972231872456217, 0.5718371169187428]
  ],
  "80": [],
  "81": [],
  "82": [],
  "83": [],
  "84": [
    [-0.0990711306232847, 0.2668895060061885],
    [-0.01630103278804806, -0.6574164478643207]
  ],
  "85": [
    [0.3985419226193942, 0.810770424821754]
  ],
  "86": [
    [-0.740506211270615, -0.2551095469751783]
  ],
  "87": [
    [-0.848421991553271, -0.1677470834805334],
    [0.773186344122363, -0.814572207091278],
    [0.84843074516772, -0.1677471523821658]
  ],
  "88": [],
  "89": [],
  "90": [
    [-0.861766699318248, -0.6850412367671286]
  ],
  "91": [
    [0.724352760255501, -0.903788650697436]
  ],
  "92": [],
  "93": [],
  "94": [],
  "95": [],
  "96": [],
  "97": [],
  "98": [],
  "99": [],
  "100": []
}
