{
  "1": [
    [-0.841810951651196, -0.948621657999713]
  ],
  "2": [],
  "3": [
    [0.3336603364979955, -0.1607813443684008],
    [0.3336603365030304, 0.1614578180240832]
  ],
  "4": [
    [-0.988262228479417, -0.582740813052192],
    [0.98781737278567, -0.5854301098002745]
  ],
  "5": [],
  "6": [],
  "7": [],
  "8": [],
  "9": [],
  "10": [
    [-0.6816980700665302, 0.915380123141959]
  ],
  "11": [
    [-0.971701132910556, -0.7168719054602749]
  ],
  "12": [],
  "13": [],
  "14": [],
  "15": [
    [0.860834388780972, -0.89350115707513]
  ],
  "16": [
    [-0.946947020234412, -0.7252836262493845],
    [-0.6824995653770579, 0.987418375132058]
  ],
  "17": [],
  "18": [],
  "19": [],
  "20": [],
  "21": [],
  "22": [],
  "23": [],
  "24": [],
  "25": [],
  "26": [],
  "27": [],
  "28": [
    [-0.660936733370539, 0.955611415877999]
  ],
  "29": [],
  "30": [],
  "31": [],
  "32": [],
  "33": [
    [-0.983794333477979, -0.6310181617508187],
    [0.868756019661087, 0.7711426176924842]
  ],
  "34": [],
  "35": [],
  "36": [],
  "37": [],
  "38": [
    [0.975797494900655, -0.934331623385008]
  ],
  "39": [],
  "40": [
    [0.5576326739981448, -0.981728510349]
  ],
  "41": [],
  "42": [
    [0.927268632377052, 0.86131873072372]
  ],
  "43": [],
  "44": [],
  "45": [
    [0.92677946319529, 0.941908821854763]
  ],
  "46": [
    [-0.871482270177285, 0.907047747969517]
  ],
  "47": [],
  "48": [
    [0.2756243155145722, -0.158723204216091]
  ],
  "49": [],
  "50": [],
  "51": [],
  "52": [
    [-0.845823587751387, 0.923036108733147],
    [-0.7828289734348601, -0.995674708467081]
  ],
  "53": [
    [0.5614580736296246, -0.5672387020625678]
  ],
  "54": [],
  "55": [],
  "56": [],
  "57": [
    [-0.806836711421275, -0.905925947488361]
  ],
  "58": [
    [-0.95539130582606, 0.5168815385917597]
  ],
  "59": [
    [-0.4730674573952514, -0.1226129366651756],
    [-0.4730674573952514, 0.1226129366651756]
  ],
  "60": [],
  "61": [],
  "62": [],
  "63": [],
  "64": [],
  "65": [
    [0.864662648244953, -0.945645366086572]
  ],
  "66": [],
  "67": [
    [-0.5448199008027331, 0.450534214479955],
    [-0.5448197360214883, -0.4505303565242681]
  ],
  "68": [],
  "69": [
    [-0.7987697690582699, -0.6396250647522823],
    [0.01617941579667946, -0.6401088957794967],
    [0.7906585561840497, -0.6396618423494267]
  ],
  "70": [],
  "71": [],
  "72": [],
  "73": [],
  "74": [],
  "75": [],
  "76": [],
  "77": [],
  "78": [
    [0.965776910110548, -0.853952101424012],
    [0.99746939109594, 0.923722873633768]
  ],
  "79": [],
  "80": [],
  "81": [],
  "82": [
    [-0.978974060512583, -0.871792003425179]
  ],
  "83": [],
  "84": [],
  "85": [],
  "86": [],
  "87": [],
  "88": [],
  "89": [],
  "90": [],
  "91": [],
  "92": [],
  "93": [],
  "94": [],
  "95": [
    [-0.96580641307672, 0.956257248675823]
  ],
  "96": [],
  "97": [],
  "98": [],
  "99": [],
  "100": [
    [-0.833361361985478, -0.985789910038136],
    [0.844074736235611, -0.6955156414259813]
  ]
}
