{
  "1": [],
  "2": [
    [0.2531614359790435, -0.3218026521307502]
  ],
  "3": [],
  "4": [],
  "5": [],
  "6": [
    [-0.981044938010808, 0.944035678044523],
    [0.959902666765208, -0.943147613753783]
  ],
  "7": [],
  "8": [
    [0.912408971786162, -0.7040605764914099]
  ],
  "9": [
    [-0.2184600025088778, 0.916413218526401],
    [-0.2180648833565942, -0.916955483827429],
    [0.2179836025454468, -0.917069469103156],
    [0.2183778765228991, 0.916528087190432]
  ],
  "10": [],
  "11": [],
  "12": [],
  "13": [],
  "14": [],
  "15": [],
  "16": [
    [-0.808578792333719, -0.6263276352430343],
    [-0.808498494669846, 0.6265103080873078],
    [0.801806007173532, 0.6288477031598289],
    [0.80188669695221, -0.6286741506555449]
  ],
  "17": [
    [-0.879381597736711, 0.92485917362406],
    [0.867330635064961, 0.932217635970416]
  ],
  "18": [],
  "19": [
    [-0.1864948695477225, 0.5111229167651276],
    [0.186494874956066, -0.5111229187521839]
  ],
  "20": [],
  "21": [],
  "22": [],
  "23": [],
  "24": [
    [0.830600928949825, -0.970798817919122]
  ],
  "25": [],
  "26": [],
  "27": [],
  "28": [
    [0.5965276950197727, 0.5949621978863417]
  ],
  "29": [
    [-0.7402752467237721, -0.871730136939112]
  ],
  "30": [
    [-0.874162738406576, -0.7864730873829258],
    [0.863476564041137, -0.816230506265887]
  ],
  "31": [],
  "32": [],
  "33": [
    [-0.724250970240183, -0.7998573703257753]
  ],
  "34": [],
  "35": [],
  "36": [],
  "37": [],
  "38": [],
  "39": [
    [-0.6171335099724495, 0.7967062106559316]
  ],
  "40": [],
  "41": [],
  "42": [],
  "43": [],
  "44": [],
  "45": [],
  "46": [],
  "47": [],
  "48": [],
  "49": [],
  "50": [],
  "51": [],
  "52": [],
  "53": [
    [0.3410029281891453, -0.905133483423651]
  ],
  "54": [],
  "55": [],
  "56": [],
  "57": [],
  "58": [
    [0.999187445518752, 0.755868564439055]
  ],
  "59": [
    [-0.876673472738414, -0.7887695692991409]
  ],
  "60": [
    [-0.6688532182912558, 0.878586423373209],
    [-0.6168750994055819, -0.940348215657549]
  ],
  "61": [
    [0.959642482195701, -0.6982116301323074]
  ],
  "62": [
    [0.827359798374422, 0.824592255192109]
  ],
  "63": [
    [-0.5422401861841097, 0.2507200820813297]
  ],
  "64": [],
  "65": [
    [-0.5665587770418207, -0.883547651818895]
  ],
  "66": [],
  "67": [
    [-0.830151197983559, 0.6215312198293875],
    [0.7255054731713918, -0.7870560948579142]
  ],
  "68": [
    [0.817433572720061, -0.984121666497348]
  ],
  "69": [
    [-0.7263307353857278, -0.970014987749133],
    [-0.504201443484429, -0.7990608677084813],
    [0.5046347958756909, 0.7958801690975758]
  ],
  "70": [],
  "71": [
    [0.02201508534755687, 0.1182532730998702]
  ],
  "72": [
    [-0.87975532486796, -0.96462748190464]
  ],
  "73": [],
  "74": [],
  "75": [],
  "76": [],
  "77": [],
  "78": [],
  "79": [],
  "80": [],
  "81": [],
  "82": [],
  "83": [],
  "84": [],
  "85": [
    [0.994219408064924, 0.999288298813684]
  ],
  "86": [
    [0.3153282068828735, 0.7113684817777467]
  ],
  "87": [],
  "88": [
    [0.6941006434669021, -0.7528898568519753]
  ],
  "89": [],
  "90": [],
  "91": [],
  "92": [
    [0.933654750407716, 0.6807136117401966]
  ],
  "93": [],
  "94": [],
  "95": [],
  "96": [],
  "97": [
    [-0.6407348040031403, 0.7077224474197533]
  ],
  "98": [],
  "99": [
    [-0.6605695819214034, -0.6257128971369623],
    [-0.5887136027246992, 0.7114711090448623]
  ],
  "100": []
}
