{
  "1": [
    [0.943739753428477, -0.900598019084575]
  ],
  "2": [
    [-0.996050497292845, -0.940319419117811]
  ],
  "3": [
    [-0.7681550199581991, 0.1971214968968802],
    [-0.768146544494739, -0.1971269347966307]
  ],
  "4": [
    [-0.4120696238634599, 0.3408311399291246],
    [0.4124824719529566, -0.3398089943358573]
  ],
  "5": [],
  "6": [],
  "7": [],
  "8": [
    [0.855089865387788, -0.844597590452197]
  ],
  "9": [],
  "10": [],
  "11": [],
  "12": [],
  "13": [
    [0.821014685105163, -0.493873942855234]
  ],
  "14": [],
  "15": [],
  "16": [],
  "17": [
    [0.995728714403825, 0.987007997426483]
  ],
  "18": [],
  "19": [],
  "20": [],
  "21": [
    [-0.6797111982953855, -0.3229124528562255]
  ],
  "22": [],
  "23": [],
  "24": [
    [-0.2581693059287331, -0.1852830812850079],
    [0.2742090553013897, 0.181597571338824]
  ],
  "25": [],
  "26": [
    [-0.872453033415152, -0.873923376385501],
    [-0.6195730674037531, -0.7577049327928593],
    [-0.6143029218301461, 0.6863612801773735]
  ],
  "27": [
    [0.859105302768389, 0.2065864769699608]
  ],
  "28": [],
  "29": [],
  "30": [],
  "31": [],
  "32": [
    [0.994199029288333, 0.7262341358986398]
  ],
  "33": [
    [-0.7389280184523384, 0.6758595352978914]
  ],
  "34": [
    [0.1819788454139352, 0.7042437300249718]
  ],
  "35": [],
  "36": [],
  "37": [],
  "38": [],
  "39": [
    [-0.5158530041737402, 0.844931474613206],
    [0.5517709361254708, 0.950490132387366]
  ],
  "40": [
    [-0.7347937980543646, 0.7723376472737121],
    [0.7845498623622466, -0.93689803455809]
  ],
  "41": [],
  "42": [],
  "43": [
    [-0.963988444211372, 0.866712883416821],
    [0.977732081957212, 0.855873932065313]
  ],
  "44": [],
  "45": [],
  "46": [],
  "47": [],
  "48": [],
  "49": [
    [-0.93244029828606, 0.952720953846428],
    [0.807567269134554, 0.876896204365684]
  ],
  "50": [
    [-0.874734011754524, 0.858790360923828],
    [0.998723048924366, -0.7214588942157864]
  ],
  "51": [],
  "52": [],
  "53": [
    [-0.848741650287245, 0.889289728518692],
    [-0.838752118865066, -0.909687502673764]
  ],
  "54": [
    [-0.7945207437062497, 0.915072228046829]
  ],
  "55": [],
  "56": [],
  "57": [],
  "58": [
    [0.894610768595033, 0.950294056409065],
    [0.947538027967363, -0.87786643108175]
  ],
  "59": [],
  "60": [],
  "61": [],
  "62": [],
  "63": [],
  "64": [],
  "65": [],
  "66": [],
  "67": [],
  "68": [],
  "69": [],
  "70": [],
  "71": [
    [-0.863663587608043, 0.0966674312508468]
  ],
  "72": [],
  "73": [],
  "74": [
    [-0.2153335612812538, 0.935595032781796]
  ],
  "75": [
    [-0.96947521873308, 0.7717004632973329],
    [0.96791295754055, -0.938216312511179]
  ],
  "76": [],
  "77": [],
  "78": [
    [-0.7161976083737575, -0.7626072795034506]
  ],
  "79": [],
  "80": [],
  "81": [],
  "82": [
    [-0.863092168633863, 0.805758601147488]
  ],
  "83": [
    [-0.95024512684189, -0.7665563243972188],
    [0.865245577359552, -0.5581674729439032]
  ],
  "84": [
    [-0.841192636175561, 0.997437135429008]
  ],
  "85": [],
  "86": [],
  "87": [],
  "88": [],
  "89": [],
  "90": [
    [0.968381961815441, 0.7045090351952644]
  ],
  "91": [],
  "92": [
    [0.6604678681642147, -0.964062487493493]
  ],
  "93": [],
  "94": [],
  "95": [],
  "96": [
    [-0.984931357484666, 0.7117099761423179]
  ],
  "97": [],
  "98": [],
  "99": [],
  "100": []
}
