{
  "1": [],
  "2": [],
  "3": [
    [-0.835246847417419, -0.876665792503122],
    [0.835246847417419, 0.876665792503122]
  ],
  "4": [],
  "5": [],
  "6": [],
  "7": [],
  "8": [],
  "9": [],
  "10": [
    [0.923949307306888, 0.961628406137098]
  ],
  "11": [],
  "12": [],
  "13": [],
  "14": [],
  "15": [],
  "16": [],
  "17": [
    [-0.972449594605561, 0.5285187037923285],
    [0.971072750951015, -0.5295740838741702]
  ],
  "18": [],
  "19": [],
  "20": [],
  "21": [
    [-0.2129076793850265, -0.2499828143676143]
  ],
  "22": [],
  "23": [],
  "24": [],
  "25": [],
  "26": [
    [-0.980729049418381, 0.6440488121349784]
  ],
  "27": [],
  "28": [],
  "29": [],
  "30": [],
  "31": [],
  "32": [],
  "33": [
    [-0.945367479754447, 0.889685664390853]
  ],
  "34": [],
  "35": [
    [0.6220677866220853, 0.835223069009257]
  ],
  "36": [],
  "37": [],
  "38": [],
  "39": [],
  "40": [],
  "41": [],
  "42": [],
  "43": [],
  "44": [],
  "45": [
    [-0.868549931757076, 0.7231137294698136],
    [0.7976545817438147, -0.830684315699438]
  ],
  "46": [],
  "47": [
    [-0.7419709891955741, -0.803267445586874],
    [-0.7358365845079798, 0.806193498305195]
  ],
  "48": [],
  "49": [],
  "50": [],
  "51": [],
  "52": [],
  "53": [],
  "54": [],
  "55": [],
  "56": [],
  "57": [],
  "58": [],
  "59": [],
  "60": [],
  "61": [
    [0.987674141119698, -0.91357003365019]
  ],
  "62": [],
  "63": [
    [-0.974877966532339, 0.791608847746364]
  ],
  "64": [],
  "65": [],
  "66": [],
  "67": [
    [-0.816671450022483, 0.5871743727362896],
    [0.816671450022483, -0.5871743727362896]
  ],
  "68": [],
  "69": [
    [-0.977203080440641, -0.990938660902098],
    [-0.929125016858688, 0.952561368003694],
    [0.869345888978191, -0.490097962294445],
    [0.898777747002871, 0.4511223059170894]
  ],
  "70": [],
  "71": [],
  "72": [],
  "73": [],
  "74": [],
  "75": [],
  "76": [],
  "77": [],
  "78": [],
  "79": [],
  "80": [],
  "81": [],
  "82": [],
  "83": [
    [0.925366525162555, 0.821958211897637]
  ],
  "84": [],
  "85": [
    [0.7194664835465344, -0.3621842492211456]
  ],
  "86": [],
  "87": [],
  "88": [],
  "89": [
    [-0.865939085624724, 0.888813897964069]
  ],
  "90": [],
  "91": [],
  "92": [],
  "93": [],
  "94": [
    [0.7632357610847812, 0.1313724017482794]
  ],
  "95": [],
  "96": [],
  "97": [],
  "98": [
    [0.844538413567698, 0.969832191801837],
    [0.910813890076039, -0.876670099534266]
  ],
  "99": [],
  "100": [
    [-0.902067336542489, 0.6787616254949375]
  ]
}
