{
  "1": [
    [0.0255955781699743, 0.1133538626027655]
  ],
  "2": [
    [0.01259195472641315, -0.1091129527982505]
  ],
  "3": [
    [-0.4089440546834584, 0.3016443768068732],
    [0.3876061377823095, 0.2859535477192306]
  ],
  "4": [
    [-0.2985334753569208, -0.06054216421411471]
  ],
  "5": [
    [0.04389644113079643, -0.04956322724544788]
  ],
  "6": [
    [-0.5781897554970183, -0.1242599441630306],
    [0.7102166572716222, -0.2396551318195834]
  ],
  "7": [
    [-0.07397896524825082, -0.0344661801724299]
  ],
  "8": [
    [0.4527354327781511, 0.02464061263930409]
  ],
  "9": [
    [-0.5672530918973678, -0.2019980754867288]
  ],
  "10": [
    [-0.2466189449500796, 0.3806541854053722]
  ],
  "11": [],
  "12": [
    [-0.05321064850636004, 0.03887272247259754]
  ],
  "13": [
    [-0.7755116111379865, 0.3019793860299975],
    [-0.1415048149565253, -0.02350920899203406],
    [0.1415048149565253, -0.02350920899203406],
    [0.7755116111379865, 0.3019793860299975]
  ],
  "14": [
    [0.02604120381596376, -0.7725484025294659]
  ],
  "15": [],
  "16": [
    [-0.6362221785363849, -0.3107143787390155]
  ],
  "17": [
    [-0.6104014851250734, -0.3092185903965385],
    [0.3296609398786342, 0.4069418577490941]
  ],
  "18": [
    [0.1222327863080456, 0.618130820934338]
  ],
  "19": [
    [-0.1657709121251368, -0.122628479932127],
    [0.1461128545174009, -0.6797745862559652],
    [0.1896361863764588, 0.1057133844943327]
  ],
  "20": [
    [-0.1489358884174745, -0.2845126062742427],
    [-0.1219815180327467, -0.817002107809398]
  ],
  "21": [
    [-0.02401791396861364, -0.05513220538052117]
  ],
  "22": [],
  "23": [],
  "24": [
    [0.4569747105369372, 0.6412590920884096]
  ],
  "25": [],
  "26": [
    [-0.3928863630208484, -0.936307650273747],
    [0.2179099197890467, -0.966829673951028]
  ],
  "27": [
    [-0.05022302452622266, 0.1884558640306556]
  ],
  "28": [],
  "29": [
    [0.826738878142687, -0.1889199095677667]
  ],
  "30": [
    [0.856527533257571, 0.2424491373504412]
  ],
  "31": [],
  "32": [
    [-0.04425820201734169, -0.0962315800773516]
  ],
  "33": [
    [-0.968551884631981, -0.01612442855157045],
    [-0.3854786953486107, -0.05669489973186549]
  ],
  "34": [
    [-0.1112259552612182, -0.3964971722352338]
  ],
  "35": [
    [-0.0693657733277502, 0.01219079536078408]
  ],
  "36": [
    [-0.01508155992820171, -0.600856787909901],
    [-0.01478083400570517, 0.6348541207693619]
  ],
  "37": [
    [-0.0823634844224608, 0.04835157876818661]
  ],
  "38": [],
  "39": [
    [-0.2105288882914258, 0.1401037411300962],
    [0.6716250629042894, -0.802368802228916]
  ],
  "40": [
    [-0.4716459718943312, 0.01347147042033436],
    [0.01352384022918833, -0.1097217933013916]
  ],
  "41": [
    [0.05687598256096734, -0.1739287874093348]
  ],
  "42": [
    [0.1850299123212986, 0.3489435102848458],
    [0.2618087243069326, -0.3551006044367986]
  ],
  "43": [
    [-0.05375680950904957, -0.879992044481998],
    [0.809003373606313, 0.03549510196386577]
  ],
  "44": [
    [0.5403422114437674, 0.823590095813718]
  ],
  "45": [],
  "46": [],
  "47": [
    [0.3807856742512991, 0.4137652688248949],
    [0.890324776988954, -0.2879471340729448]
  ],
  "48": [],
  "49": [
    [-0.3907055862314198, -0.273428030132698]
  ],
  "50": [
    [-0.7502830864168989, -0.2452517871300268]
  ],
  "51": [],
  "52": [],
  "53": [
    [0.7383655470954221, -0.1207449098771855]
  ],
  "54": [
    [0.06703610558887058, 0.01497377976320289]
  ],
  "55": [
    [-0.2599802680413736, -0.4279990680591205],
    [0.986515971367825, -0.5022910380080057]
  ],
  "56": [
    [-0.0810733120336636, -0.004439333487697274]
  ],
  "57": [
    [-0.4887701734635621, -0.534427648079474]
  ],
  "58": [],
  "59": [
    [0.00638893585184597, 0.4130943154247151]
  ],
  "60": [
    [-0.4540532967901637, -0.850272118707292]
  ],
  "61": [
    [-0.6656279673985984, -0.2241668452144003],
    [0.2202163206208883, -0.281680701716654]
  ],
  "62": [
    [0.7363158211038919, 0.2159663504501043]
  ],
  "63": [
    [-0.858193034706396, 0.07094047407284342],
    [-0.4504863029156929, 0.1330212632748757]
  ],
  "64": [
    [0.523977322313641, -0.4304113594134178],
    [0.523977322313641, 0.4304113594134178]
  ],
  "65": [
    [-0.5124702490817546, -0.90291681512468]
  ],
  "66": [
    [0.1410848158082271, 0.956616245488458]
  ],
  "67": [],
  "68": [
    [-0.03831742255854599, 0.0592214085014394]
  ],
  "69": [
    [-0.07839014166854819, -0.6188190949686816],
    [0.0909822384345489, 0.6311327743113009]
  ],
  "70": [
    [0.1548197072184571, 0.1905867292813594]
  ],
  "71": [
    [-0.3718161645739559, 0.03266273137071285]
  ],
  "72": [],
  "73": [
    [-0.3782662856008415, 0.0961345684116396],
    [0.3606857486974258, 0.0855981953816072],
    [0.985915667606588, -0.868231188003884]
  ],
  "74": [
    [-0.806383799772908, 0.05367414547427664]
  ],
  "75": [],
  "76": [],
  "77": [
    [-0.0609747165040795, 0.00699168533137529]
  ],
  "78": [
    [0.1817889140620965, 0.092517043598851]
  ],
  "79": [
    [-0.4349401861534423, -0.341523947926654],
    [0.6110231640738252, -0.5275842911267739]
  ],
  "80": [
    [0.639092642315399, -0.0840043145476607]
  ],
  "81": [
    [-0.825484434870553, 0.3985700143669335],
    [-0.4769742402963075, -0.1212085988633451]
  ],
  "82": [
    [-0.5461342948604444, 0.5624094129883278],
    [0.05604577795442335, -0.1117974852266247],
    [0.4061998671159595, -0.5042914975651338]
  ],
  "83": [],
  "84": [],
  "85": [],
  "86": [
    [-0.1263263975714253, -0.03065868374708444],
    [0.815513734512217, -0.03271145303792098]
  ],
  "87": [],
  "88": [
    [-0.0883780654625067, 0.2110437022102595]
  ],
  "89": [
    [0.167259758655011, 0.1632774597476818],
    [0.860464916533678, 0.7683001053810004]
  ],
  "90": [
    [-0.05553318475972064, 0.1506606332772641],
    [-0.05355192168665878, -0.1449549029799469]
  ],
  "91": [],
  "92": [],
  "93": [
    [-0.2110496775163826, 0.7197287429072129],
    [-0.03927185314303449, 0.2598239169585052]
  ],
  "94": [
    [0.3731456148997518, -0.496901694886065],
    [0.4144589144713568, -0.3200706743608972],
    [0.4795163950353182, 0.5579764327805696]
  ],
  "95": [
    [-0.1690774795290644, -0.5780666898174974],
    [0.5760555779937616, -0.3948957500761854]
  ],
  "96": [],
  "97": [],
  "98": [],
  "99": [
    [-0.1668059476989163, -0.2555051271582218]
  ],
  "100": []
}
