{
  "1": [
    [-0.7897468973776649, -0.901949813085012]
  ],
  "2": [
    [0.900387907603958, -0.3810537070667531]
  ],
  "3": [
    [-0.944726845735049, 0.3336105988007288],
    [0.944726845735049, -0.3336105988007288]
  ],
  "4": [
    [-0.7470168876482564, 0.6680941226444571],
    [0.7470168876482564, -0.6680941226444571]
  ],
  "5": [],
  "6": [],
  "7": [
    [0.5697535262799573, -0.994873014654955],
    [0.85560096681804, 0.7357543320077338]
  ],
  "8": [],
  "9": [
    [-0.4631546083025565, -0.914653092279279]
  ],
  "10": [],
  "11": [],
  "12": [],
  "13": [],
  "14": [
    [-0.7821365242764684, 0.6530559737675258],
    [-0.7432913276741241, -0.7279435553191583],
    [0.7546619298842047, 0.7187746502162041],
    [0.7904808962526396, -0.6473177668879938]
  ],
  "15": [],
  "16": [],
  "17": [
    [-0.843398107092577, -0.593849806262506],
    [0.890907798311369, 0.6884940947351261]
  ],
  "18": [],
  "19": [],
  "20": [],
  "21": [
    [0.1856325666060114, 0.1427662843830655],
    [0.953962196804342, 0.920911768441385]
  ],
  "22": [],
  "23": [],
  "24": [],
  "25": [
    [0.7563317872538139, -0.4496820091409207]
  ],
  "26": [],
  "27": [
    [0.929371591419656, 0.961169308807529]
  ],
  "28": [],
  "29": [],
  "30": [
    [-0.6232462945527592, -0.932223220469058]
  ],
  "31": [
    [-0.952980265063724, 0.802310561285087],
    [-0.51688603048048, 0.5586497751882855],
    [0.5161657394588474, -0.1295930115825963]
  ],
  "32": [],
  "33": [
    [0.969574992407788, -0.954984710550975]
  ],
  "34": [],
  "35": [],
  "36": [],
  "37": [],
  "38": [],
  "39": [
    [0.853409406221212, 0.2758698402284391]
  ],
  "40": [],
  "41": [
    [0.4826136276021249, 0.6592204951192528]
  ],
  "42": [
    [0.3171119860454101, -0.6424853475897891]
  ],
  "43": [],
  "44": [],
  "45": [],
  "46": [
    [-0.990012125835347, 0.6002088518681413]
  ],
  "47": [],
  "48": [],
  "49": [],
  "50": [],
  "51": [],
  "52": [
    [-0.0935041299788812, -0.4357966591578323],
    [0.0935041298394043, 0.4357966597957029]
  ],
  "53": [
    [-0.7600750311201644, 0.1014300692239006]
  ],
  "54": [],
  "55": [],
  "56": [],
  "57": [
    [-0.5393476197428843, 0.3114910035717376],
    [-0.5377924212476187, -0.334456095582256]
  ],
  "58": [],
  "59": [
    [-0.230326054800096, -0.2266974124444127],
    [0.1783052437054511, 0.2928520787815207]
  ],
  "60": [],
  "61": [],
  "62": [],
  "63": [],
  "64": [
    [0.941628332417257, -0.511198135731139]
  ],
  "65": [],
  "66": [],
  "67": [
    [-0.2431981320113759, 0.4139809551606832],
    [0.889477017227934, 0.812402224610149]
  ],
  "68": [],
  "69": [],
  "70": [
    [-0.6491865885002008, 0.308803871424981]
  ],
  "71": [
    [0.7085430786482315, 0.959043073552995]
  ],
  "72": [],
  "73": [
    [-0.7783324492172304, 0.897813646154661]
  ],
  "74": [
    [0.2461095030053521, -0.725435939763874]
  ],
  "75": [],
  "76": [],
  "77": [],
  "78": [
    [-0.7510080339840036, -0.4294997947126336],
    [0.7542178372117798, 0.934836542139371]
  ],
  "79": [
    [-0.3609197705305117, 0.6570770033550541],
    [0.4684224074928343, 0.3876173016028162],
    [0.87446488159329, 0.1112642526716008]
  ],
  "80": [
    [0.2906097709715455, 0.4716986170294674]
  ],
  "81": [],
  "82": [
    [0.916022187125216, 0.5224272473530677],
    [0.972264829599915, -0.7598920319500237]
  ],
  "83": [],
  "84": [],
  "85": [],
  "86": [
    [0.900458618494511, 0.3166521912620729]
  ],
  "87": [],
  "88": [
    [-0.05892569936157931, 0.3974976869260106]
  ],
  "89": [
    [-0.901494405428758, 0.848300362767354],
    [0.1387995121956052, -0.6899593689308176],
    [0.1388176769913771, 0.692144486782921],
    [0.872293283653933, 0.806238815283789]
  ],
  "90": [],
  "91": [],
  "92": [],
  "93": [],
  "94": [
    [-0.5985742259290902, -0.753980695783286],
    [0.5895479737431497, -0.7092162377022887]
  ],
  "95": [
    [-0.805269224994657, -0.873272252034121]
  ],
  "96": [],
  "97": [
    [-0.7624929299556192, -0.7912133832782452]
  ],
  "98": [],
  "99": [],
  "100": []
}
