{
  "1": [
    [0.7732193178159958, 0.869996070603375]
  ],
  "2": [],
  "3": [],
  "4": [
    [-0.1104997233905897, 0.8849301661039]
  ],
  "5": [],
  "6": [],
  "7": [
    [0.7531298196297275, 0.882047535449077]
  ],
  "8": [],
  "9": [],
  "10": [],
  "11": [],
  "12": [],
  "13": [],
  "14": [
    [-0.897513488771318, -0.4505945015577259]
  ],
  "15": [
    [0.953242202912917, -0.946010932297825]
  ],
  "16": [],
  "17": [],
  "18": [
    [-0.84085479871434, 0.4247039093269812],
    [0.842218540780268, 0.4228548455831684]
  ],
  "19": [
    [0.915828310951788, 0.940446691512723],
    [0.915879762016479, -0.940619363463447]
  ],
  "20": [],
  "21": [],
  "22": [
    [-0.824718095649129, 0.985361427121169]
  ],
  "23": [],
  "24": [],
  "25": [],
  "26": [],
  "27": [
    [0.7974115500394602, 0.853071941660531],
    [0.914417391103716, -0.7812612500434034]
  ],
  "28": [],
  "29": [
    [0.920592676079157, -0.5988078184506859],
    [0.973140227943596, 0.92256640858843]
  ],
  "30": [
    [-0.3103929683431795, -0.89681770487527],
    [0.3103929683431795, 0.89681770487527]
  ],
  "31": [],
  "32": [],
  "33": [
    [-0.924686749940596, -0.923396378219319]
  ],
  "34": [],
  "35": [
    [-0.2864952411375914, 0.4554653393599216],
    [-0.2864952411312168, -0.455465339362509]
  ],
  "36": [],
  "37": [],
  "38": [],
  "39": [
    [-0.854464408400339, -0.987023137090057]
  ],
  "40": [],
  "41": [
    [-0.973304047845578, 0.844026065653841],
    [0.930130240259113, -0.7603140520904311]
  ],
  "42": [],
  "43": [],
  "44": [
    [-0.2681197486001268, 0.836792359614047]
  ],
  "45": [],
  "46": [],
  "47": [],
  "48": [
    [0.847047674303403, -0.853395091242134]
  ],
  "49": [
    [-0.04845691534192259, -0.845772245985255],
    [-0.04845691534191465, 0.84577224598529]
  ],
  "50": [],
  "51": [
    [-0.994388954540604, 0.925768977191953]
  ],
  "52": [],
  "53": [
    [0.867851041886846, 0.845796406920259]
  ],
  "54": [],
  "55": [],
  "56": [],
  "57": [],
  "58": [],
  "59": [
    [-0.829813541835504, -0.991258028952458]
  ],
  "60": [
    [-0.3129201454220802, 0.7281340366265804],
    [0.3121615014318471, 0.7281340364423613]
  ],
  "61": [],
  "62": [],
  "63": [
    [0.5472948569078614, -0.7504424540178202]
  ],
  "64": [],
  "65": [],
  "66": [
    [-0.7046250528675047, 0.920461934228758]
  ],
  "67": [
    [0.7040384103013525, 0.5702687034180116]
  ],
  "68": [],
  "69": [
    [-0.4516907702133974, 0.904031677108342],
    [-0.4516573006325868, -0.6284698194601148],
    [0.4516560766676862, -0.6284715883383932],
    [0.4517578323313501, 0.90405659048399]
  ],
  "70": [],
  "71": [],
  "72": [],
  "73": [
    [0.981646493783206, -0.7582822432874741]
  ],
  "74": [
    [-0.4064355005125285, -0.891639123590545],
    [0.4064667991361395, 0.891597885750953]
  ],
  "75": [
    [-0.824860798851385, -0.7309315391587138]
  ],
  "76": [],
  "77": [
    [-0.7354890913979708, 0.885881114910203],
    [0.7316762156854852, 0.882447175478242]
  ],
  "78": [
    [-0.3252531305312607, 0.4758066538575576],
    [0.3252531305312607, -0.4758066539330798]
  ],
  "79": [],
  "80": [],
  "81": [
    [0.972812308678745, -0.6882447642702095]
  ],
  "82": [],
  "83": [],
  "84": [],
  "85": [],
  "86": [
    [-0.1081038272102936, 0.6269306884354848],
    [0.1081038282826179, 0.626930688435481]
  ],
  "87": [],
  "88": [],
  "89": [],
  "90": [],
  "91": [],
  "92": [
    [0.811321518164412, -0.905740028244575]
  ],
  "93": [
    [0.813380910408299, 0.94882904746421]
  ],
  "94": [
    [0.711961035634202, 0.6893047728249801]
  ],
  "95": [],
  "96": [],
  "97": [],
  "98": [],
  "99": [],
  "100": [
    [0.170010837974956, 0.2366266873090179]
  ]
}
