{
  "1": [],
  "2": [
    [-0.7877774903496998, -0.73185257102452]
  ],
  "3": [],
  "4": [],
  "5": [],
  "6": [],
  "7": [],
  "8": [],
  "9": [
    [-0.867051008458004, -0.942849337397764]
  ],
  "10": [],
  "11": [],
  "12": [],
  "13": [],
  "14": [
    [0.835499657610423, -0.359068876960871],
    [0.835502835526004, 0.3590627314246712]
  ],
  "15": [],
  "16": [],
  "17": [],
  "18": [],
  "19": [],
  "20": [],
  "21": [
    [-0.7829469884074844, 0.810564350221822],
    [0.807659160319229, 0.7922234935778293]
  ],
  "22": [
    [-0.932612930880814, 0.94006050702001]
  ],
  "23": [],
  "24": [],
  "25": [],
  "26": [],
  "27": [],
  "28": [],
  "29": [],
  "30": [
    [-0.888891011214421, 0.6153859146912142],
    [0.888379178447342, 0.6152823590162506]
  ],
  "31": [
    [0.6008550065965913, 0.906763150882848]
  ],
  "32": [],
  "33": [],
  "34": [
    [0.993368761704319, -0.857876784630687]
  ],
  "35": [],
  "36": [],
  "37": [
    [-0.826482844536872, -0.7573550081365378]
  ],
  "38": [],
  "39": [
    [0.822773422270742, -0.837903948104514],
    [0.824492281744013, 0.834923198354996]
  ],
  "40": [
    [-0.942265687778237, 0.932097547499836]
  ],
  "41": [
    [-0.07864830320743517, 0.5023177715550375],
    [-0.07487250120857612, -0.5023197227064105],
    [0.93714451349785, -0.913395406317068]
  ],
  "42": [
    [-0.976518855608335, -0.951180929868947]
  ],
  "43": [],
  "44": [
    [-0.994839510229328, -0.83560528544625],
    [-0.816400388254733, -0.905826000638433]
  ],
  "45": [],
  "46": [],
  "47": [
    [-0.826669768146276, 0.967504882060032],
    [0.860412103039968, 0.874934162018648]
  ],
  "48": [],
  "49": [],
  "50": [],
  "51": [],
  "52": [],
  "53": [],
  "54": [],
  "55": [],
  "56": [],
  "57": [
    [-0.6337006960441917, 0.662858763253556]
  ],
  "58": [],
  "59": [],
  "60": [],
  "61": [],
  "62": [
    [-0.901475688656262, 0.984289520674508]
  ],
  "63": [],
  "64": [],
  "65": [
    [-0.5202867953134117, 0.6715588718763323]
  ],
  "66": [],
  "67": [
    [0.943351297900175, 0.935368339904226]
  ],
  "68": [],
  "69": [],
  "70": [],
  "71": [],
  "72": [],
  "73": [],
  "74": [],
  "75": [
    [-0.947634669443518, -0.6670400928543289],
    [0.996998602028331, 0.6216489738125883]
  ],
  "76": [],
  "77": [
    [-0.876993126379314, -0.993201199492362]
  ],
  "78": [],
  "79": [],
  "80": [
    [-0.916803546416718, -0.98855367997058],
    [-0.4579553441846246, -0.877281710371223],
    [-0.4574086577393725, 0.861002768092759]
  ],
  "81": [],
  "82": [],
  "83": [
    [-0.852492879308329, 0.7187860674347137]
  ],
  "84": [],
  "85": [
    [0.854264658733388, 0.892769252120272]
  ],
  "86": [],
  "87": [],
  "88": [],
  "89": [
    [-0.876871844176231, 0.5499203584959292],
    [0.879930147864357, -0.546953897035849]
  ],
  "90": [],
  "91": [],
  "92": [
    [0.7439492920390564, -0.7460835916742161]
  ],
  "93": [],
  "94": [],
  "95": [
    [-0.953525535279823, 0.983879600470068]
  ],
  "96": [],
  "97": [
    [0.927470356745389, -0.845088754796006]
  ],
  "98": [],
  "99": [],
  "100": [
    [-0.998544037838911, 0.1314144025538139]
  ]
}
