{
  "1": [
    [0.7936108080452953, 0.865775017265455],
    [0.914147666303881, -0.3857525078867843]
  ],
  "2": [
    [-0.950021934988734, 0.4015856642408491],
    [-0.1068578050573309, 0.5598406950996525],
    [-0.1066300317747719, -0.5580389321542897],
    [0.994098480217307, 0.4228518607150461]
  ],
  "3": [
    [-0.0867854038439038, 0.971411602824114]
  ],
  "4": [
    [0.825743084257029, -0.02047002682212216]
  ],
  "5": [
    [0.954988426719557, 0.6671976831286823]
  ],
  "6": [
    [0.06320782062859127, -0.3614992804719154],
    [0.06322329509884322, 0.3613781024265367]
  ],
  "7": [],
  "8": [
    [-0.86503513950095, -0.05953320954927727],
    [0.882207203572993, 0.06070457422706623]
  ],
  "9": [
    [-0.6332278712706634, 0.3746678042587688],
    [-0.4790307664012639, -0.835022543210211]
  ],
  "10": [],
  "11": [],
  "12": [],
  "13": [],
  "14": [],
  "15": [
    [-0.2475598173599332, 0.2133384734832092],
    [0.2477127220202944, 0.213450194013122]
  ],
  "16": [
    [-0.890748160297749, 0.03278321377418739],
    [-0.04984589299000289, 0.5888368616484061],
    [0.04913659210991455, -0.5888719477941791]
  ],
  "17": [],
  "18": [],
  "19": [],
  "20": [
    [0.1211702324240495, 0.5195720298362588],
    [0.4862396000089768, 0.2352050659260595],
    [0.5176059723063076, -0.284796877700982]
  ],
  "21": [
    [0.02969700605221999, 0.04663880124674195]
  ],
  "22": [
    [-0.978181918097269, -0.804003881378393],
    [0.4420957651342155, -0.02739723027147838]
  ],
  "23": [],
  "24": [],
  "25": [],
  "26": [
    [0.844531854128167, 0.981805049466063]
  ],
  "27": [],
  "28": [
    [-0.1115459348989388, 0.0968900825372284],
    [0.1117443200612519, 0.0968978373070289]
  ],
  "29": [
    [0.7155194841803453, -0.6124462458994726]
  ],
  "30": [
    [0.5199103745343876, 0.5995251822253649],
    [0.7410237031674572, -0.4365672272547354]
  ],
  "31": [
    [0.407413112329151, 0.975890079091957],
    [0.704695373406036, -0.7947678321458971]
  ],
  "32": [
    [-0.6539163610104589, 0.006367588575557548],
    [0.6344919492047778, 0.00636772999226487]
  ],
  "33": [],
  "34": [
    [-0.968049707148814, -0.5314501993757111],
    [0.1021328483025158, -0.858225385657347]
  ],
  "35": [],
  "36": [
    [-0.988841466279544, -0.4503285277193328]
  ],
  "37": [],
  "38": [
    [0.876265802577834, 0.3996816252862697]
  ],
  "39": [
    [-0.6627218255285942, -0.3972612708281779]
  ],
  "40": [
    [-0.02688724284450226, -0.1664763408796075]
  ],
  "41": [
    [-0.894584379155658, 0.5914587173192469]
  ],
  "42": [
    [0.0824192644558994, 0.246754634517784]
  ],
  "43": [],
  "44": [
    [0.853287384923518, -0.6168323421442969]
  ],
  "45": [
    [0.1494291392622982, -0.140302258249106],
    [0.1626472606130632, 0.4645295913135612]
  ],
  "46": [],
  "47": [
    [-0.6790690715949639, 0.7096227582613571],
    [-0.6614443588762312, 0.1807117774105127]
  ],
  "48": [],
  "49": [
    [-0.0478065590415102, 0.3924529250159391],
    [-0.04780059174374993, 0.3097346159028612],
    [-0.0477564096460325, -0.5827599662240024]
  ],
  "50": [
    [0.4656796688820846, 0.982702933574517]
  ],
  "51": [],
  "52": [
    [0.825006667676362, -0.2394051995159026]
  ],
  "53": [],
  "54": [],
  "55": [
    [-0.00899148607929081, -0.6245944436394867]
  ],
  "56": [
    [0.6122472346188715, 0.6671618447188017],
    [0.6492414621551648, -0.4101277095824697]
  ],
  "57": [
    [0.1520412937745286, -0.130074272562966]
  ],
  "58": [
    [-0.2832212778945032, 0.7206468153314227],
    [0.5534163050652277, -0.2912531700954333]
  ],
  "59": [],
  "60": [],
  "61": [],
  "62": [],
  "63": [],
  "64": [
    [-0.942639675781259, 0.6209380465442084]
  ],
  "65": [
    [-0.1607095627304747, 0.134589118874117],
    [-0.0857135201165257, 0.7420889568306388]
  ],
  "66": [],
  "67": [
    [-0.6663181371487966, -0.4764588047389867]
  ],
  "68": [],
  "69": [
    [-0.2006077431840573, 0.555871807910318],
    [-0.1937622169650654, -0.5130549009958846]
  ],
  "70": [],
  "71": [
    [-0.5512285084371232, 0.928793149697541],
    [0.6571684369565151, -0.5781773448448476]
  ],
  "72": [
    [-0.5188403062642558, 0.2513504049047249]
  ],
  "73": [],
  "74": [
    [-0.891594084977634, -0.7935420370639196],
    [0.0835962691733137, -0.116586188986248]
  ],
  "75": [],
  "76": [],
  "77": [
    [0.6898421528643803, 0.7754894522789328]
  ],
  "78": [
    [-0.6168191404944073, -0.06632932537173113],
    [0.7279666457262373, -0.07321744323354472]
  ],
  "79": [],
  "80": [
    [-0.0866634627107029, -0.0851795027219286]
  ],
  "81": [
    [-0.5733924862793303, 0.834863351654428],
    [-0.5118654341957203, 0.5731845820233645],
    [0.81899102298827, -0.1156552430577546]
  ],
  "82": [
    [-0.2674683547818186, 0.1529982504850068]
  ],
  "83": [
    [0.7656639939505538, 0.104337114593416]
  ],
  "84": [],
  "85": [],
  "86": [
    [-0.2462072247974681, 0.5452088006383073],
    [-0.2059385243943041, -0.6054001873605149]
  ],
  "87": [],
  "88": [],
  "89": [
    [-0.3190829253536624, 0.993076133494317]
  ],
  "90": [],
  "91": [
    [-0.7819569225395964, -0.1603102249006284],
    [-0.2155735822702416, -0.5669160582309298],
    [0.6290236961594436, -0.7626362514181863],
    [0.7227421721205111, 0.7606302374228912],
    [0.7662311259528295, 0.182081837157221]
  ],
  "92": [
    [0.368168774085398, -0.1037780478969817]
  ],
  "93": [
    [-0.934894185988534, 0.485962303087157],
    [-0.7729738362157208, 0.2666936668978017],
    [-0.6909862291167252, 0.572611804735203],
    [-0.1652426342705182, 0.7755524439966565],
    [0.840434818304227, 0.5181818209411992],
    [0.905278912090185, 0.271343750612123]
  ],
  "94": [],
  "95": [],
  "96": [
    [0.902942315241912, 0.4000896493391047]
  ],
  "97": [],
  "98": [
    [-0.1242017199260011, -0.3823822620121662]
  ],
  "99": [],
  "100": [
    [-0.7768898095833555, 0.874915804318145],
    [0.832126525852923, -0.7584500111704616]
  ]
}
