{
  "1": [],
  "2": [
    [-0.2731867381697747, -0.7622817774903349],
    [0.2758335165256581, 0.7636174268118094],
    [0.934780981366684, 0.931061213353932]
  ],
  "3": [
    [-0.9273821242573, 0.966222701186248],
    [-0.914185089921841, -0.977163439157911],
    [0.6006961036734806, -0.7705230483604542],
    [0.7904031143645903, -0.484531279016469]
  ],
  "4": [],
  "5": [],
  "6": [],
  "7": [],
  "8": [
    [-0.840181275009743, -0.853436570962872]
  ],
  "9": [
    [-0.5323360209204299, -0.1156781075239874]
  ],
  "10": [],
  "11": [],
  "12": [],
  "13": [
    [0.2131239536594698, -0.984924350637592]
  ],
  "14": [
    [-0.4283515206782214, 0.3627693558952809]
  ],
  "15": [],
  "16": [],
  "17": [
    [0.6753356730693387, 0.7465239895574571],
    [0.90943264472253, -0.5652462351706115]
  ],
  "18": [
    [0.90247959359295, 0.969435911588814]
  ],
  "19": [
    [-0.3018043800403478, -0.5240734093416545],
    [0.3016705947002869, -0.5244940102134453]
  ],
  "20": [],
  "21": [],
  "22": [],
  "23": [],
  "24": [],
  "25": [],
  "26": [
    [0.7107400404424907, -0.6925492597691616]
  ],
  "27": [],
  "28": [],
  "29": [
    [0.6796245908109706, -0.06364499369816772]
  ],
  "30": [],
  "31": [
    [0.829146510962378, 0.6183098971163956]
  ],
  "32": [],
  "33": [],
  "34": [
    [-0.6395898536318398, 0.6441469642216991],
    [-0.6077168851395162, 0.956543025534738]
  ],
  "35": [],
  "36": [],
  "37": [
    [0.6513016889135602, 0.86432267308194]
  ],
  "38": [],
  "39": [],
  "40": [
    [0.995852285076057, 0.4689523200874211]
  ],
  "41": [
    [0.7534190201429921, -0.4656411371871874]
  ],
  "42": [],
  "43": [],
  "44": [],
  "45": [],
  "46": [],
  "47": [
    [-0.866332013060994, 0.579190840992641]
  ],
  "48": [
    [-0.792561941789022, 0.881475894941592],
    [0.812693848267598, 0.89288513942062]
  ],
  "49": [
    [0.971024630855689, -0.872125280585922]
  ],
  "50": [],
  "51": [],
  "52": [
    [-0.933011824716781, -0.950845255894888]
  ],
  "53": [
    [-0.960431748542905, -0.895275736089799],
    [-0.1382556900402303, 0.6139231006580004],
    [0.1926337756223491, -0.4166598178367961]
  ],
  "54": [],
  "55": [
    [0.7307230597013916, -0.862165837334436]
  ],
  "56": [],
  "57": [
    [-0.957130130921979, 0.5801755757756126]
  ],
  "58": [],
  "59": [],
  "60": [
    [0.3514578112661522, 0.962222010489316],
    [0.3748279994652632, -0.890007859743197]
  ],
  "61": [
    [-0.70681914474764, 0.7202996225097589],
    [-0.2729496639620312, 0.950266412124776]
  ],
  "62": [],
  "63": [],
  "64": [
    [-0.980822367019033, 0.5219784190421219],
    [0.7988976503716674, 0.5624412913526938]
  ],
  "65": [
    [0.925672843279589, 0.7995202679722119]
  ],
  "66": [
    [0.6579210541320099, -0.3573401665376183]
  ],
  "67": [],
  "68": [
    [0.7957263557931343, -0.6732981139327511]
  ],
  "69": [
    [0.6672218811393995, -0.5534913389633589]
  ],
  "70": [],
  "71": [],
  "72": [
    [0.4717536370171469, 0.840020591919369],
    [0.5886705184443254, -0.759401119994735]
  ],
  "73": [],
  "74": [],
  "75": [
    [0.994694097899823, 0.973996970762029]
  ],
  "76": [],
  "77": [],
  "78": [],
  "79": [],
  "80": [
    [-0.918871698885319, -0.841514741761333]
  ],
  "81": [
    [-0.950409412352264, -0.7792583101140192],
    [-0.929391360178535, 0.7981767108073877]
  ],
  "82": [
    [-0.5272642949685101, -0.7944754254635003],
    [-0.4790764837209164, -0.844579515878299],
    [0.930487907806648, -0.820568502075414]
  ],
  "83": [
    [-0.954493158213066, 0.1182622496281691],
    [0.961989394200077, -0.951790814576948]
  ],
  "84": [
    [-0.871570655134114, 0.7942059053852788],
    [0.910050895976232, 0.7600398350589912]
  ],
  "85": [
    [-0.6597375413654368, 0.815354465509128]
  ],
  "86": [],
  "87": [
    [-0.4593700430141895, -0.908128193855045]
  ],
  "88": [],
  "89": [
    [-0.7431597822322966, -0.7788071364968233],
    [0.7245827693669251, -0.856457219144779]
  ],
  "90": [],
  "91": [],
  "92": [
    [0.899510073657853, 0.943308365225805]
  ],
  "93": [],
  "94": [],
  "95": [],
  "96": [],
  "97": [
    [-0.7803478221575247, 0.5689937322923254]
  ],
  "98": [],
  "99": [],
  "100": []
}
