{
  "1": [],
  "2": [],
  "3": [],
  "4": [],
  "5": [],
  "6": [],
  "7": [],
  "8": [],
  "9": [
    [0.4283870013728524, 0.811951757581969]
  ],
  "10": [],
  "11": [],
  "12": [],
  "13": [
    [0.854515655765086, 0.900325388916207],
    [0.947345036652673, 0.6145602047947493]
  ],
  "14": [],
  "15": [],
  "16": [],
  "17": [],
  "18": [],
  "19": [],
  "20": [],
  "21": [
    [0.834746587685278, -0.7172082541362107]
  ],
  "22": [],
  "23": [],
  "24": [],
  "25": [
    [0.7991396553406273, 0.94754764984864]
  ],
  "26": [],
  "27": [],
  "28": [],
  "29": [],
  "30": [],
  "31": [
    [0.7656176362183836, -0.3466579490965054]
  ],
  "32": [],
  "33": [
    [0.6855756860321955, -0.98612643353841],
    [0.7865024888100781, 0.857725833502322]
  ],
  "34": [],
  "35": [],
  "36": [],
  "37": [],
  "38": [],
  "39": [],
  "40": [],
  "41": [],
  "42": [],
  "43": [
    [-0.7947327455024917, -0.5176670669383037],
    [0.5208384709120025, -0.7499932972146376]
  ],
  "44": [],
  "45": [],
  "46": [
    [0.861989228746419, -0.5474802640669589]
  ],
  "47": [],
  "48": [],
  "49": [
    [-0.7350917897710769, -0.509169351245467]
  ],
  "50": [],
  "51": [],
  "52": [
    [-0.7936946613225047, -0.877925919149229]
  ],
  "53": [],
  "54": [
    [-0.948862836450113, -0.984100543213439],
    [-0.1205616350990898, 0.7308332434963338],
    [0.720394521927779, 0.803933849752228]
  ],
  "55": [
    [0.4628133626034261, -0.896412368258747]
  ],
  "56": [
    [-0.947571722501094, 0.5627998610244679]
  ],
  "57": [
    [-0.861187514258515, -0.982796527370359],
    [0.4490145373256499, 0.6488188742962979],
    [0.83810642710265, 0.96852951768465]
  ],
  "58": [],
  "59": [
    [0.607268108175606, -0.857863348065816]
  ],
  "60": [
    [-0.1587720731929454, -0.249838820861348],
    [0.1587720731929884, -0.2498388210075318]
  ],
  "61": [
    [-0.5851214412583063, -0.5093770244749815],
    [0.6410604594176493, 0.4640242942628213],
    [0.7484126456413529, 0.3971124764593669]
  ],
  "62": [
    [-0.997919613947071, 0.9080895088456]
  ],
  "63": [],
  "64": [],
  "65": [],
  "66": [],
  "67": [],
  "68": [],
  "69": [
    [-0.957483576726087, -0.7109540021685423],
    [-0.598869226753802, -0.911046141456069]
  ],
  "70": [],
  "71": [],
  "72": [],
  "73": [],
  "74": [],
  "75": [
    [-0.1147481033021103, 0.94266218190669],
    [0.1136669748359231, -0.946126304223014],
    [0.954381890119193, 0.973399392899909]
  ],
  "76": [
    [0.3805289683218582, -0.5595256414914082]
  ],
  "77": [
    [-0.960485465534601, -0.827855626434465]
  ],
  "78": [],
  "79": [],
  "80": [],
  "81": [],
  "82": [],
  "83": [],
  "84": [
    [-0.2859049384139889, -0.7746211962330567],
    [0.829564233830439, -0.923260575004662]
  ],
  "85": [
    [0.7453884435174963, -0.7938509345404249]
  ],
  "86": [],
  "87": [
    [-0.7320408828212903, -0.5813372211028253]
  ],
  "88": [
    [-0.5904591272653953, 0.4595214088957659]
  ],
  "89": [
    [-0.7412943106035044, -0.5575205676774967],
    [0.6444766715151674, -0.654541155046645],
    [0.827973411221497, -0.951711420003866]
  ],
  "90": [],
  "91": [],
  "92": [],
  "93": [],
  "94": [],
  "95": [],
  "96": [
    [-0.5320668321204373, 0.956528047862545]
  ],
  "97": [],
  "98": [],
  "99": [
    [0.987308145646141, -0.3146937748390067]
  ],
  "100": [
    [0.889977554391237, -0.583122767912189]
  ]
}
