{
  "1": [],
  "2": [],
  "3": [
    [-0.5890354662150071, -0.1935828955467805]
  ],
  "4": [],
  "5": [],
  "6": [],
  "7": [],
  "8": [],
  "9": [
    [-0.7731457140666653, 0.843566648511671],
    [0.6543772352555881, -0.7478947530732745]
  ],
  "10": [
    [-0.876460356003188, -0.7573995070743093]
  ],
  "11": [],
  "12": [],
  "13": [
    [-0.6508162712034599, -0.613441365733294]
  ],
  "14": [
    [-0.967150824722141, 0.883292885642188]
  ],
  "15": [],
  "16": [],
  "17": [],
  "18": [],
  "19": [],
  "20": [
    [-0.6895818732930303, 0.5586368280854086]
  ],
  "21": [
    [0.986278483665229, -0.4001719007303533]
  ],
  "22": [
    [0.904253477864651, 0.2494989010428623]
  ],
  "23": [],
  "24": [],
  "25": [],
  "26": [],
  "27": [
    [-0.7563462661206318, -0.810866425642728]
  ],
  "28": [
    [0.07774638540436841, 0.4775131548464827]
  ],
  "29": [],
  "30": [
    [-0.856612721312611, 0.924882531927458],
    [-0.80755280565112, 0.7972106205068359]
  ],
  "31": [],
  "32": [
    [0.928624363954209, 0.5867441730811103]
  ],
  "33": [],
  "34": [],
  "35": [
    [-0.5687250920901286, -0.5653778905990491],
    [-0.5686336558975517, 0.5653353868315066]
  ],
  "36": [
    [0.5066493248513932, -0.929512601091427]
  ],
  "37": [],
  "38": [
    [-0.715969956846439, -0.7478554127760038],
    [0.6955838410970455, 0.7693121246218672]
  ],
  "39": [],
  "40": [
    [0.960721989681543, 0.5446712334275245]
  ],
  "41": [],
  "42": [],
  "43": [],
  "44": [],
  "45": [],
  "46": [],
  "47": [],
  "48": [],
  "49": [],
  "50": [
    [-0.844804613640982, -0.4059533135145093],
    [0.849263796344193, 0.4072269902337267]
  ],
  "51": [
    [-0.963003297411541, 0.7740333794077267],
    [0.879707041132947, 0.7958878341561477]
  ],
  "52": [
    [-0.914471301384938, 0.835831814826267],
    [0.963896420031608, 0.762311939983655]
  ],
  "53": [
    [0.7193094946464863, -0.989517957849365]
  ],
  "54": [],
  "55": [],
  "56": [],
  "57": [
    [-0.6671423315306271, 0.861715104899222],
    [0.875103936682317, -0.4719389554639423]
  ],
  "58": [
    [0.6004262507482352, -0.7888921255103872],
    [0.6004262507482352, 0.7888921255103872]
  ],
  "59": [],
  "60": [],
  "61": [
    [-0.996892348031599, 0.437061540026327],
    [-0.925687380185014, 0.840126291327375],
    [0.911488853035562, 0.587102543331028]
  ],
  "62": [],
  "63": [
    [-0.976971763986849, 0.96051740122176]
  ],
  "64": [],
  "65": [
    [-0.6361079557625414, -0.4474167435063617],
    [0.5760227903008146, 0.4623722330910367]
  ],
  "66": [
    [-0.618910940674901, 0.920830042645815],
    [0.7822899107118318, -0.903986274784861]
  ],
  "67": [],
  "68": [
    [0.85593403777673, -0.958748386647965]
  ],
  "69": [
    [0.7441103481222768, -0.908680540047632]
  ],
  "70": [],
  "71": [],
  "72": [],
  "73": [
    [0.82055028124929, -0.840660110452005]
  ],
  "74": [
    [-0.6993956962366794, 0.5264742589768505],
    [0.6993956962366794, 0.5264742589768505]
  ],
  "75": [
    [0.830009465496062, 0.978333477465145]
  ],
  "76": [],
  "77": [],
  "78": [],
  "79": [],
  "80": [],
  "81": [
    [-0.970913509959472, -0.860604150891559],
    [0.806153166688858, 0.978511725653483],
    [0.88536125923825, 0.7975466759476176]
  ],
  "82": [],
  "83": [],
  "84": [
    [0.965301439864419, 0.889542433816082]
  ],
  "85": [
    [-0.6622553401727237, -0.4483833711072201],
    [-0.6622553401727237, 0.4483833711072201],
    [0.6622393121477174, -0.4484573236538437],
    [0.6622393121477174, 0.4484573236538437]
  ],
  "86": [
    [-0.7340037910632788, -0.7208224950776931]
  ],
  "87": [],
  "88": [],
  "89": [],
  "90": [],
  "91": [],
  "92": [
    [0.5036139876523227, 0.7186641445674273]
  ],
  "93": [],
  "94": [],
  "95": [
    [-0.918711990847159, 0.7699061404741137],
    [0.904220979697584, 0.5949805149121198]
  ],
  "96": [],
  "97": [],
  "98": [
    [0.891071857453532, -0.7579847187035192]
  ],
  "99": [],
  "100": []
}
