{
  "1": [],
  "2": [],
  "3": [],
  "4": [],
  "5": [],
  "6": [],
  "7": [],
  "8": [],
  "9": [],
  "10": [],
  "11": [
    [0.4232893441535086, -0.99982963156208]
  ],
  "12": [],
  "13": [
    [-0.945739594062974, 0.807516097339356],
    [-0.490930428433524, 0.906715753013518]
  ],
  "14": [],
  "15": [
    [0.5962664543957366, 0.922341804025736]
  ],
  "16": [
    [-0.922833597097945, 0.829071296549128],
    [0.5948588763273409, 0.859201608499101]
  ],
  "17": [
    [-0.6425843159341679, -0.973974617107049],
    [-0.641910609772042, 0.974748528121355],
    [0.950665923260021, -0.725512688588375],
    [0.956530813670631, 0.7223273198707534]
  ],
  "18": [
    [-0.916195077792047, 0.992164085724316]
  ],
  "19": [
    [-0.931126874320043, 0.6764253432115408],
    [0.934311012308923, 0.7287709098105714],
    [0.940116665394472, 0.960920458591546]
  ],
  "20": [],
  "21": [
    [0.921267891340575, -0.846925012780015]
  ],
  "22": [],
  "23": [],
  "24": [],
  "25": [],
  "26": [],
  "27": [],
  "28": [],
  "29": [],
  "30": [],
  "31": [],
  "32": [
    [-0.7062551806325691, 0.1453911089111761]
  ],
  "33": [],
  "34": [],
  "35": [
    [-0.868523221103694, -0.921015660930645],
    [0.858907700157164, 0.991266996592875]
  ],
  "36": [],
  "37": [],
  "38": [
    [0.818405854377872, 0.878784930707238]
  ],
  "39": [
    [-0.984738430796022, -0.921174152507016],
    [0.821278994319032, 0.974598031044981]
  ],
  "40": [],
  "41": [],
  "42": [
    [0.6620518517667547, -0.2268329595333095]
  ],
  "43": [],
  "44": [],
  "45": [],
  "46": [
    [-0.1947612081937331, 0.7748427802172132]
  ],
  "47": [],
  "48": [],
  "49": [],
  "50": [],
  "51": [],
  "52": [],
  "53": [],
  "54": [],
  "55": [],
  "56": [],
  "57": [
    [-0.7501717449117536, 0.6515094772166027]
  ],
  "58": [
    [0.5180986346191658, 0.785756886759811],
    [0.5297927774522416, -0.7811963201268753]
  ],
  "59": [],
  "60": [],
  "61": [],
  "62": [],
  "63": [],
  "64": [
    [0.892108538876412, 0.998075949518138]
  ],
  "65": [
    [-0.909115507835072, -0.7700622976698904],
    [0.843355813984183, -0.917050163143826]
  ],
  "66": [
    [-0.829453900910196, 0.860261230041903],
    [0.859672298461652, -0.81838086797637]
  ],
  "67": [
    [0.56503737270315, 0.4862666392759803]
  ],
  "68": [],
  "69": [],
  "70": [
    [-0.7697888008364064, 0.976022529894511]
  ],
  "71": [],
  "72": [
    [-0.963910024706674, 0.912282901876271]
  ],
  "73": [],
  "74": [],
  "75": [],
  "76": [],
  "77": [],
  "78": [
    [-0.7506295611719646, 0.972280003733322],
    [0.7796598942708873, -0.986459710322786]
  ],
  "79": [
    [-0.4120921131240237, 0.818711002604401],
    [0.4140166584996458, 0.819635217690236]
  ],
  "80": [],
  "81": [],
  "82": [],
  "83": [],
  "84": [],
  "85": [],
  "86": [
    [-0.957700085254075, 0.914821801526233],
    [-0.575319654201674, 0.748549377597362],
    [0.5771789512775037, -0.7477262131067336]
  ],
  "87": [
    [-0.950970158258671, 0.90381258963109],
    [0.822829540959271, 0.6126728952564465]
  ],
  "88": [],
  "89": [
    [-0.1860580127499987, -0.80975013275471]
  ],
  "90": [],
  "91": [
    [-0.902458669012262, 0.7363873180136085],
    [-0.7659748411277199, -0.956181749067846],
    [0.7873989757034784, -0.920187393883468]
  ],
  "92": [],
  "93": [],
  "94": [],
  "95": [],
  "96": [
    [-0.90952529688182, 0.6443939818274506]
  ],
  "97": [],
  "98": [],
  "99": [],
  "100": []
}
