{
  "1": [],
  "2": [],
  "3": [],
  "4": [],
  "5": [],
  "6": [],
  "7": [],
  "8": [
    [0.3974369425214659, -0.2992196462349598],
    [0.6370311270086368, 0.3418638589200735],
    [0.82153608114246, -0.086510823141372]
  ],
  "9": [],
  "10": [
    [-0.7385434768236391, -0.3089274664077339]
  ],
  "11": [
    [-0.849771314279812, -0.967042988558617]
  ],
  "12": [
    [-0.1651830546241713, -0.003668962025299817]
  ],
  "13": [
    [-0.7183927586838255, 0.878188984618343]
  ],
  "14": [
    [-0.99107179800433, 0.984942368654399]
  ],
  "15": [],
  "16": [],
  "17": [
    [-0.857903808207927, -0.792604625279353]
  ],
  "18": [],
  "19": [
    [0.481179937967129, -0.996763520085669],
    [0.4888841161606882, 0.986478539135365]
  ],
  "20": [
    [-0.7263200954156657, -0.929070301542692],
    [0.7246906016343384, -0.909603970931898],
    [0.948864417515329, -0.5455862519619555]
  ],
  "21": [],
  "22": [
    [-0.6901555657022475, -0.5842190074035905],
    [0.6898183964686129, -0.5844081124330909]
  ],
  "23": [],
  "24": [],
  "25": [],
  "26": [],
  "27": [],
  "28": [],
  "29": [
    [0.825721364005237, 0.966101123668971],
    [0.99712745128104, 0.5848286912129769]
  ],
  "30": [
    [-0.07579673330538553, 0.07359755976094375]
  ],
  "31": [],
  "32": [
    [-0.7536661451180268, 0.6422545123393174]
  ],
  "33": [],
  "34": [],
  "35": [
    [0.831053548997673, 0.830221097305469]
  ],
  "36": [],
  "37": [],
  "38": [],
  "39": [],
  "40": [
    [0.4247077451991392, -0.944772633053653]
  ],
  "41": [
    [-0.2940717029230378, -0.98411344984952]
  ],
  "42": [
    [-0.872995162927392, -0.7909162993118999]
  ],
  "43": [
    [-0.944937161018498, 0.996800281940915]
  ],
  "44": [],
  "45": [],
  "46": [
    [0.956730533947118, 0.904711860902863]
  ],
  "47": [
    [-0.949756576932283, -0.999385498147051]
  ],
  "48": [
    [0.552100058244916, 0.923144554320246],
    [0.5523111518048648, -0.922929463153239]
  ],
  "49": [],
  "50": [],
  "51": [
    [-0.1279100444435127, -0.86538040474635],
    [-0.1278909948442825, 0.865375188857534]
  ],
  "52": [],
  "53": [],
  "54": [
    [0.842129708677751, -0.899086734459957]
  ],
  "55": [
    [-0.841131923394207, -0.820824558463548]
  ],
  "56": [],
  "57": [],
  "58": [
    [-0.2676410075768899, 0.5213929109409348],
    [0.267637494772391, 0.5213936926241759]
  ],
  "59": [],
  "60": [],
  "61": [
    [0.7127551969761848, -0.882572921628684]
  ],
  "62": [
    [-0.988549216347718, 0.951057207885953]
  ],
  "63": [],
  "64": [],
  "65": [],
  "66": [],
  "67": [],
  "68": [],
  "69": [],
  "70": [],
  "71": [],
  "72": [
    [0.217973881317509, -0.694577887940523]
  ],
  "73": [
    [-0.55791754088247, -0.5775463686932836]
  ],
  "74": [
    [-0.844611392575202, -0.918203328632606],
    [0.863495185624995, -0.908543638612837]
  ],
  "75": [],
  "76": [],
  "77": [],
  "78": [],
  "79": [],
  "80": [],
  "81": [],
  "82": [],
  "83": [
    [0.7548190052853009, -0.960622184291186]
  ],
  "84": [],
  "85": [
    [-0.7731143504994002, 0.737478773203579],
    [-0.5157070734721637, 0.814348123009284],
    [0.5092140834072318, -0.824145061793279],
    [0.7245768083752201, -0.821756004488009]
  ],
  "86": [
    [0.849022907574318, -0.641288136356451]
  ],
  "87": [
    [-0.1219222149586067, -0.6208242200253618]
  ],
  "88": [],
  "89": [
    [-0.4095505011064771, -0.961729584769455],
    [0.4044629888855445, -0.966682078546657]
  ],
  "90": [],
  "91": [
    [0.892009717991335, 0.757657092233154]
  ],
  "92": [
    [0.3954287157406939, 0.3922369682116889]
  ],
  "93": [
    [-0.6012005481438198, 0.985434232752214]
  ],
  "94": [],
  "95": [],
  "96": [],
  "97": [],
  "98": [
    [-0.881808133820967, -0.3254983216685933],
    [0.872018281916765, -0.3481076626551605]
  ],
  "99": [
    [-0.6855038666054928, 0.6895114910460148],
    [0.6772291205620405, -0.7181641234422637]
  ],
  "100": []
}
