{
  "1": [],
  "2": [],
  "3": [],
  "4": [
    [-0.6687499762628258, -0.6477111736518737],
    [0.6843138652329062, -0.7824005343499344]
  ],
  "5": [
    [-0.927412928849445, 0.2335468370391541],
    [-0.833765393105333, -0.7315609823895896],
    [0.890286173535892, 0.2677023452540324],
    [0.896471397589058, -0.80575536974218]
  ],
  "6": [],
  "7": [
    [0.4404857770208041, 0.967847726759013]
  ],
  "8": [],
  "9": [],
  "10": [
    [-0.7081462859906804, 0.864020560058556],
    [0.5627099923308966, 0.910112657532565]
  ],
  "11": [
    [-0.912561758262937, 0.940968492649756]
  ],
  "12": [],
  "13": [],
  "14": [],
  "15": [
    [0.824342231906439, -0.7032403081154173],
    [0.956802798342371, -0.915862096649806]
  ],
  "16": [],
  "17": [
    [-0.4593486104750002, -0.783131050436972],
    [0.4570123526414818, -0.7825813166279644]
  ],
  "18": [
    [-0.5885237161415529, 0.774481719008051],
    [0.576263008770815, 0.774754000648402]
  ],
  "19": [],
  "20": [
    [-0.98052068071726, -0.5311784983170469],
    [-0.892894043311855, 0.837810319798257]
  ],
  "21": [],
  "22": [],
  "23": [],
  "24": [],
  "25": [
    [-0.2254079959026462, -0.0829371774315981]
  ],
  "26": [],
  "27": [],
  "28": [],
  "29": [
    [-0.941978102682216, 0.7904877873363008]
  ],
  "30": [],
  "31": [],
  "32": [
    [0.5635212575075544, -0.3051532423903198]
  ],
  "33": [],
  "34": [],
  "35": [],
  "36": [],
  "37": [],
  "38": [],
  "39": [
    [-0.02837633902875274, -0.1296059911307677]
  ],
  "40": [],
  "41": [
    [0.947324385158801, -0.5025580315407231]
  ],
  "42": [],
  "43": [],
  "44": [],
  "45": [
    [0.7329207336526461, -0.6144079057272958],
    [0.819103362543276, 0.7882745754548196]
  ],
  "46": [],
  "47": [
    [0.3579057363881313, 0.808590745877779],
    [0.3653942371754141, -0.807582333272914]
  ],
  "48": [],
  "49": [
    [0.5353645029552224, 0.7315002334482552],
    [0.5447212216808981, -0.7367983740211026],
    [0.6737168195053052, 0.918415047939213],
    [0.6807204607864348, -0.865197682543125],
    [0.990381518609961, -0.7861391752996775]
  ],
  "50": [],
  "51": [
    [-0.883780270898323, -0.660264179514947]
  ],
  "52": [
    [-0.7125805578086882, -0.5399765195730533],
    [0.724695475977793, -0.5405959892680579]
  ],
  "53": [
    [-0.95147854981662, 0.7674747309521585],
    [-0.944012272728313, -0.7717956896149557],
    [0.897879843381124, 0.5446701402810944],
    [0.899376098878262, -0.5436330289426776]
  ],
  "54": [],
  "55": [],
  "56": [],
  "57": [],
  "58": [],
  "59": [],
  "60": [
    [-0.95028340046218, 0.989481568671364]
  ],
  "61": [],
  "62": [
    [-0.984399904364494, 0.5987025035005181]
  ],
  "63": [],
  "64": [
    [-0.6409532253756254, 0.8632511211135],
    [-0.5952967638068899, -0.879619418290922],
    [-0.4232040295079432, 0.869577252508161],
    [-0.3792143879162666, -0.912054501384657],
    [0.3253234392464702, 0.925119097529338],
    [0.3654684410040606, -0.861433689822805]
  ],
  "65": [
    [-0.1211246285549207, 0.0873492912150503]
  ],
  "66": [],
  "67": [],
  "68": [],
  "69": [
    [0.2167467728005926, -0.6461383229001219]
  ],
  "70": [
    [-0.3911062373637741, 0.6750324098826396],
    [0.3070815580689029, -0.86013558367595]
  ],
  "71": [
    [-0.6140835400995068, -0.922491196590124],
    [0.6604997214892276, -0.855171961738253]
  ],
  "72": [
    [0.3718661912282066, -0.6268455586644379]
  ],
  "73": [
    [-0.3287964321134457, 0.4804273553123323],
    [0.3285060933509646, -0.5121936967224378]
  ],
  "74": [
    [-0.7388144137139726, 0.6575643324244473],
    [0.900665456914896, 0.4922409454982136]
  ],
  "75": [],
  "76": [],
  "77": [
    [-0.800642162430126, -0.6988691062046745]
  ],
  "78": [
    [0.350743802771434, 0.916653064656807]
  ],
  "79": [],
  "80": [
    [-0.999303250589361, -0.7890157163868777]
  ],
  "81": [],
  "82": [
    [-0.4920850314226476, -0.3386208859518062],
    [0.4920246182149813, -0.3362892290867767],
    [0.7521294818599741, 0.942737913872771]
  ],
  "83": [
    [-0.5860623235021875, 0.7964012584838253],
    [-0.472940940105974, 0.7093331556413608],
    [-0.4365522768697371, -0.5683268870054535]
  ],
  "84": [],
  "85": [],
  "86": [],
  "87": [
    [-0.5377136538253632, 0.2246651543867108]
  ],
  "88": [],
  "89": [
    [-0.848815957995198, -0.7046534411027883],
    [-0.001463939251460274, -0.4541195005539123],
    [0.939630203642541, 0.6811376693019597]
  ],
  "90": [],
  "91": [],
  "92": [],
  "93": [],
  "94": [
    [0.03225271354167336, 0.07421046593460044]
  ],
  "95": [],
  "96": [
    [-0.897502329073716, 0.846315672790404],
    [0.897502329073716, -0.846315672790404]
  ],
  "97": [],
  "98": [],
  "99": [],
  "100": [
    [-0.1538548272133565, -0.2608840659451457],
    [-0.1537753860174384, 0.2607523915449578]
  ]
}
