{
  "1": [],
  "2": [
    [0.856074493998307, -0.6378598572916458]
  ],
  "3": [],
  "4": [],
  "5": [],
  "6": [],
  "7": [
    [0.1426615821768739, -0.3835687008821713]
  ],
  "8": [
    [-0.4299286333030587, -0.7448391323018505]
  ],
  "9": [
    [0.7954765617169874, -0.939413154721758]
  ],
  "10": [],
  "11": [
    [-0.923358658017591, 0.7262469026940838]
  ],
  "12": [],
  "13": [],
  "14": [
    [0.89155498164881, 0.7892276591824201]
  ],
  "15": [],
  "16": [],
  "17": [
    [0.2955407464839249, 0.4358504606877316],
    [0.3459406052801126, -0.4814736295251102]
  ],
  "18": [],
  "19": [],
  "20": [
    [0.5805138456994015, 0.999653228727025]
  ],
  "21": [],
  "22": [],
  "23": [
    [-0.898101616504424, -0.2005381533335088]
  ],
  "24": [],
  "25": [],
  "26": [],
  "27": [],
  "28": [
    [-0.98770030846558, 0.1202835382402978]
  ],
  "29": [],
  "30": [
    [-0.5254390304051415, 0.2267773990641365],
    [0.5271115920083638, -0.2266989090486683]
  ],
  "31": [],
  "32": [
    [0.4812204990196971, 0.4634330877970542]
  ],
  "33": [
    [-0.801693890230319, -0.908597666942425]
  ],
  "34": [
    [0.23897542988467, 0.872420732544491]
  ],
  "35": [],
  "36": [],
  "37": [],
  "38": [],
  "39": [],
  "40": [],
  "41": [
    [-0.3936626878181437, -0.922582268415661],
    [0.5771837101480606, -0.6116776934010955],
    [0.6866922609151321, -0.4146411465183659]
  ],
  "42": [
    [0.864242580231559, -0.4536631326853213]
  ],
  "43": [],
  "44": [],
  "45": [
    [-0.99701690156548, 0.6303416391115507],
    [-0.954111770895431, -0.3519885037467233]
  ],
  "46": [],
  "47": [],
  "48": [
    [0.3886236882353561, -0.892386851174315]
  ],
  "49": [],
  "50": [
    [0.04326225710017302, -0.2476235842346442]
  ],
  "51": [
    [0.860703886344587, 0.2707641861392002]
  ],
  "52": [
    [0.908127605288305, 0.4477889189403388]
  ],
  "53": [],
  "54": [],
  "55": [
    [0.3491527099840694, -0.3696765863846864],
    [0.474013387365401, 0.4928561781476352]
  ],
  "56": [],
  "57": [],
  "58": [
    [-0.0906922955617202, 0.1954378066585358],
    [0.0906923199293653, 0.1954378303198139]
  ],
  "59": [
    [0.5776394186221239, 0.7350392922708552]
  ],
  "60": [
    [-0.082868730664792, -0.1473557551443845],
    [0.0828553278632037, -0.1473557551447559]
  ],
  "61": [
    [0.979603935183744, 0.87242262229009]
  ],
  "62": [
    [0.2172577825686779, 0.6509027684617958]
  ],
  "63": [],
  "64": [],
  "65": [],
  "66": [],
  "67": [],
  "68": [
    [-0.4262973887125137, -0.814453593594666]
  ],
  "69": [],
  "70": [],
  "71": [],
  "72": [
    [-0.929626208682684, 0.07151493806742248],
    [0.873135122768089, 0.960581997706133],
    [0.94007391626104, -0.921351364694693]
  ],
  "73": [
    [0.885900624448063, 0.7287020185172713]
  ],
  "74": [
    [0.567884977168322, -0.872619317929141]
  ],
  "75": [],
  "76": [
    [0.3740159074809414, 0.982647247592069]
  ],
  "77": [],
  "78": [],
  "79": [
    [-0.2443796686912924, -0.5514132461387632],
    [0.2447911997334077, -0.5502080826817456]
  ],
  "80": [],
  "81": [],
  "82": [
    [-0.870126018250422, 0.5056574608592691]
  ],
  "83": [],
  "84": [
    [-0.7351062376450088, -0.3028732232658129],
    [0.7419536976837822, 0.2880269235519121]
  ],
  "85": [],
  "86": [
    [0.873344755559008, 0.824654852963477]
  ],
  "87": [
    [0.957455939543755, 0.659701349189675]
  ],
  "88": [],
  "89": [
    [0.5367117422973134, -0.4232105191285079]
  ],
  "90": [],
  "91": [
    [0.866773533634235, 0.5268396996573067]
  ],
  "92": [],
  "93": [
    [-0.5656424859989923, -0.2232503777064007],
    [0.5579094490597505, 0.2334339533935075]
  ],
  "94": [],
  "95": [],
  "96": [],
  "97": [
    [0.3635931017098742, 0.5543388146327336],
    [0.838328630236454, 0.6930932827389822]
  ],
  "98": [],
  "99": [
    [-0.46186541495396, 0.2988802479954727],
    [-0.3142746778342047, -0.3621874281917956]
  ],
  "100": [
    [-0.7612936659373069, -0.2028502345138198],
    [0.4922201825563591, -0.4766967029837398]
  ]
}
