{
  "1": [
    [0.02635143856174171, 0.1011086962678065]
  ],
  "2": [
    [-0.02833755506890335, -0.952146073185121],
    [0.02688052113322183, 0.975955129170332]
  ],
  "3": [
    [0.1661407042032381, 0.1178127193088882]
  ],
  "4": [],
  "5": [
    [0.6056295370784212, 0.976864544045871]
  ],
  "6": [],
  "7": [],
  "8": [],
  "9": [
    [0.2402051425008355, 0.7937916264041798],
    [0.5910705305410942, 0.92649081981202],
    [0.825947144265867, -0.864402378017841]
  ],
  "10": [
    [-0.3120338983554057, 0.5003085297256893],
    [0.905725022097137, 0.2097512367035756]
  ],
  "11": [],
  "12": [],
  "13": [
    [-0.5801801794768608, 0.1760663010608284],
    [0.1191410274311727, -0.6442303286936887]
  ],
  "14": [],
  "15": [
    [-0.325332574671222, -0.05991604119169404],
    [0.776671457607852, 0.996306559362062]
  ],
  "16": [],
  "17": [],
  "18": [],
  "19": [
    [-0.51252877199903, 0.546425206296918],
    [-0.2527137316488513, 0.4751057225996075],
    [-0.1595859858299781, -0.3745487769912281],
    [0.5817633260045723, -0.905325270100071]
  ],
  "20": [
    [0.06221313734382194, -0.1498938456792479]
  ],
  "21": [
    [0.1831897610963777, 0.02941543603827958]
  ],
  "22": [
    [-0.2453330192014862, -0.3313091803766875],
    [0.2546974158310325, 0.3081159296590763]
  ],
  "23": [
    [-0.867167289813471, -0.5466310736698499]
  ],
  "24": [
    [0.2095882980362203, -0.1274869033190986]
  ],
  "25": [],
  "26": [
    [-0.1171998331211328, -0.6724125373374733],
    [-0.1073414425994704, 0.7895578390383245]
  ],
  "27": [],
  "28": [
    [-0.966912921387887, -0.006816094367062009]
  ],
  "29": [],
  "30": [
    [-0.00758494640328, 0.2102010739552032]
  ],
  "31": [],
  "32": [
    [0.4926504348869441, -0.5734659633158179]
  ],
  "33": [],
  "34": [
    [-0.7060995657535641, 0.83806221723804],
    [0.242895765275188, 0.06362601857900202]
  ],
  "35": [],
  "36": [
    [-0.2556351765279956, 0.2660398352232351]
  ],
  "37": [
    [-0.2345950908990522, 0.7910360346263547],
    [0.3175522574883037, -0.7360368895090803]
  ],
  "38": [],
  "39": [
    [-0.2612221785906518, -0.1868863094269322],
    [0.789124505112535, -0.2315168587714965]
  ],
  "40": [
    [-0.05004775679766428, 0.161110623284728],
    [0.2006792095459899, 0.909595092140355]
  ],
  "41": [],
  "42": [],
  "43": [],
  "44": [
    [-0.4373954288708822, -0.6392139132494457],
    [-0.4321637286728387, 0.7340210071415081]
  ],
  "45": [
    [-0.39092781047004, 0.4207865007138043]
  ],
  "46": [
    [0.02401225037384596, -0.03825777004526945]
  ],
  "47": [
    [-0.938244298938169, -0.788748458697656],
    [-0.02827271892886331, -0.5289408471815885]
  ],
  "48": [
    [0.01052176450513673, 0.4512407885895471]
  ],
  "49": [
    [0.5509060801404269, -0.1619178013283688]
  ],
  "50": [],
  "51": [
    [-0.4027074991991917, -0.0704916762748916],
    [0.3946960730585649, -0.07040245384402166]
  ],
  "52": [
    [-0.3600439958985469, -0.03442214519771657]
  ],
  "53": [
    [-0.2763200000572996, 0.7849052320705917],
    [-0.1403483426125679, -0.1205133488597356],
    [0.1403202728206184, -0.1187011737207127],
    [0.6652976875314603, 0.896395880969541]
  ],
  "54": [
    [-0.1461425026471064, 0.1770886464474879],
    [-0.1099033966769194, -0.1662335806313504]
  ],
  "55": [
    [-0.3502268887285923, 0.1751479883503449],
    [-0.3501342096230091, -0.1790222967107129],
    [0.3182133687075266, 0.7583891941278691],
    [0.349594749593432, 0.2001416674390689],
    [0.3505004320582531, -0.1631959550969037]
  ],
  "56": [],
  "57": [],
  "58": [],
  "59": [
    [0.0318225221172314, -0.915249887831542]
  ],
  "60": [],
  "61": [],
  "62": [],
  "63": [
    [-0.5605589995575504, 0.2865337882545473],
    [-0.5270148962096207, -0.2807211335359683],
    [0.4740859876351469, 0.1714688738776283],
    [0.479486121836285, -0.1693381099956737]
  ],
  "64": [
    [0.3394861406917695, 0.2437449837945568],
    [0.4066079690062494, -0.4117117239405106]
  ],
  "65": [],
  "66": [
    [-0.2517519054491604, -0.3885180286395103]
  ],
  "67": [
    [-0.2434344984242697, 0.01700606640297221],
    [0.2141249991281609, 0.05842244678197918],
    [0.4190000934035926, -0.1771684882015636]
  ],
  "68": [],
  "69": [],
  "70": [
    [0.2475733611623545, 0.6460754090692356]
  ],
  "71": [
    [-0.6610188966431169, -0.1917704549706736]
  ],
  "72": [],
  "73": [
    [0.812717863181257, 0.14451885931302]
  ],
  "74": [],
  "75": [],
  "76": [
    [-0.3479491880185095, 0.3576697607504719],
    [-0.311088992525461, -0.548465048993812]
  ],
  "77": [],
  "78": [
    [-0.0940152607829134, 0.0007149426268855642]
  ],
  "79": [],
  "80": [
    [0.2290402605332119, 0.0381832325442063]
  ],
  "81": [],
  "82": [
    [0.1461832074627516, -0.2852407484417066]
  ],
  "83": [],
  "84": [
    [-0.7540894209280911, -0.410686500403027],
    [0.00989596925026563, -0.4091619310039295],
    [0.7469378403470817, -0.4076954521243036]
  ],
  "85": [
    [-0.4934361875892836, -0.02804175935059807],
    [-0.4912538570688259, -0.6629464405974287],
    [-0.4764048862951574, 0.6897691295350362]
  ],
  "86": [],
  "87": [],
  "88": [],
  "89": [
    [-0.5162048884784786, 0.4183517964210711]
  ],
  "90": [],
  "91": [
    [0.1998072824242647, -0.2815602952475454],
    [0.2032176746765323, 0.5593514477093454]
  ],
  "92": [
    [0.3232116181482135, -0.827262001067678]
  ],
  "93": [
    [-0.6646574899540773, -0.7302310510468222],
    [-0.210808365390649, 0.6548777309078174],
    [0.2388899349190746, 0.7047043035687757],
    [0.609481653166024, -0.6385717123751511]
  ],
  "94": [],
  "95": [
    [0.479683414727366, 0.6089106887610356]
  ],
  "96": [
    [-0.4040883245758053, 0.6390672276328956],
    [-0.2118725956083153, 0.6598444461591987]
  ],
  "97": [
    [0.3261697284671917, -0.05932525898071809],
    [0.812676309055764, -0.872724803705987]
  ],
  "98": [
    [-0.5336448657606127, 0.04168368270213104]
  ],
  "99": [
    [0.02430414781345103, 0.5960193775531853]
  ],
  "100": [
    [0.3958402180029293, -0.7538167342316051],
    [0.4246813717291066, -0.6456941769449108]
  ]
}
