{
  "1": [
    [-0.6365106006809969, 0.1522941204451389],
    [0.7531333815458991, 0.3049325867305522]
  ],
  "2": [
    [-0.6947711298564822, 0.1304906466761707]
  ],
  "3": [
    [0.2424153286206905, 0.6806759117160897]
  ],
  "4": [
    [-0.72823441593362, -0.3750887854612004]
  ],
  "5": [],
  "6": [
    [0.3616646438378786, 0.4641442728810919],
    [0.3686029754766496, -0.4638303094700906]
  ],
  "7": [],
  "8": [],
  "9": [],
  "10": [],
  "11": [],
  "12": [],
  "13": [],
  "14": [
    [0.3429071712275984, 0.784920368278388],
    [0.3564597793777421, -0.7825427342892781],
    [0.850549340228642, -0.795941709900312]
  ],
  "15": [],
  "16": [
    [-0.7266624084572499, -0.945388777873975]
  ],
  "17": [
    [0.3401732299640929, 0.05424947997052406]
  ],
  "18": [
    [0.3268199233658784, 0.6753777635334756],
    [0.7662637445513225, -0.5248071805712332],
    [0.869875015291872, 0.6191469139044694]
  ],
  "19": [
    [0.1340336737313168, -0.3956077314255921]
  ],
  "20": [],
  "21": [],
  "22": [
    [-0.1023159635377205, 0.6276718105398355]
  ],
  "23": [
    [-0.5048375682359962, 0.7072405800830067],
    [0.747925344854536, -0.0758469130480049]
  ],
  "24": [],
  "25": [],
  "26": [],
  "27": [],
  "28": [],
  "29": [],
  "30": [
    [0.05709737262410667, 0.2659658299630052]
  ],
  "31": [
    [0.03983251427865663, -0.6559851448287393],
    [0.03983312247081292, 0.6559801383362183],
    [0.7823235836772691, 0.572612501352361]
  ],
  "32": [
    [-0.1828064442404825, -0.4661903800889236],
    [-0.1323091271013389, 0.5272338409510553],
    [-0.07479054366856348, 0.6734135514210672],
    [-0.05428831950650473, -0.7796702364830256]
  ],
  "33": [
    [-0.5471379693078589, 0.2688750651482075]
  ],
  "34": [
    [-0.929590793369301, 0.821206846642372],
    [0.0849399470417246, 0.005834139314278367]
  ],
  "35": [],
  "36": [],
  "37": [
    [-0.0706971655734421, -0.01726556454978402]
  ],
  "38": [
    [0.892653878742506, -0.993774990375462]
  ],
  "39": [
    [0.943284732428067, 0.3880167623627981]
  ],
  "40": [
    [-0.4749872258864901, 0.6114092435365469],
    [0.4066239747160677, -0.549602087393091]
  ],
  "41": [
    [-0.981087598931282, -0.1419670092947324]
  ],
  "42": [
    [-0.871473250145791, 0.7665568182968145],
    [0.6927354235308436, -0.815975623923841]
  ],
  "43": [],
  "44": [],
  "45": [],
  "46": [
    [0.03209922337701882, -0.834542805689089]
  ],
  "47": [
    [-0.7174489579706806, 0.954442655295294]
  ],
  "48": [
    [-0.813054856510085, -0.192412818305129],
    [0.7580558771480255, -0.228289169772738]
  ],
  "49": [
    [-0.4722292647078865, 0.962019296228462]
  ],
  "50": [
    [-0.0990366703856976, 0.924771829466548],
    [-0.0941790995284097, 0.0524929650194837]
  ],
  "51": [
    [0.2772898556557441, -0.7419543802856445],
    [0.958431553305445, -0.3279130117463478]
  ],
  "52": [
    [-0.03729794186943903, -0.05384068709022465],
    [-0.03676671884862971, 0.05384090128955919]
  ],
  "53": [
    [-0.834299222522242, 0.1352569477575575],
    [0.834290278252456, 0.135795883810808]
  ],
  "54": [],
  "55": [],
  "56": [
    [-0.622704633031408, -0.839597848170465],
    [-0.1221145121432099, -0.4697665775801793]
  ],
  "57": [],
  "58": [
    [-0.6180935735593032, -0.864151401212199],
    [-0.345776908570356, -0.6307970250885084],
    [0.7325620622229545, 0.927930963914322]
  ],
  "59": [
    [-0.527304044429517, -0.202428810330912],
    [0.1563969727585586, -0.4304482961804375]
  ],
  "60": [
    [-0.6168461385609759, -0.898270120270182]
  ],
  "61": [
    [-0.3466346331935546, 0.7871272858377987],
    [-0.2717351743524257, -0.7170578548293619]
  ],
  "62": [
    [0.2793599624529571, 0.736027150693078]
  ],
  "63": [
    [0.3120758022863159, -0.05799599074723702]
  ],
  "64": [
    [-0.6051859536653538, -0.5064442355951371]
  ],
  "65": [],
  "66": [],
  "67": [
    [0.431135551724365, 0.7165040951548106]
  ],
  "68": [
    [-0.79773934943452, -0.868900911611723],
    [0.811598752826033, -0.853622805829374]
  ],
  "69": [
    [-0.990247574302078, 0.2900353386650003],
    [-0.4002584375581789, 0.857525709770528]
  ],
  "70": [
    [-0.4561694072440307, -0.6616440756606137]
  ],
  "71": [],
  "72": [
    [0.5582917940802631, -0.983742103244801]
  ],
  "73": [
    [-0.4761179210135017, 0.403050588647003],
    [-0.3155206882073238, 0.5773293343127593],
    [0.5309116454806001, -0.3762725720993296],
    [0.6107252825695682, 0.987321737447686]
  ],
  "74": [
    [-0.3367026305793204, -0.446132114647994]
  ],
  "75": [],
  "76": [
    [-0.3533709485077976, 0.6761074998539177],
    [0.437389702731228, -0.266368360556129]
  ],
  "77": [
    [0.4428340306543432, 0.7941754661115951]
  ],
  "78": [
    [-0.001641063421778806, -0.7321260143168371]
  ],
  "79": [],
  "80": [
    [0.5827646222411245, -0.6122454815903189],
    [0.898667091023107, 0.4115050114541282]
  ],
  "81": [
    [-0.1126177354101733, -0.2451084741907875]
  ],
  "82": [
    [0.535977015442521, -0.3619801382826282]
  ],
  "83": [
    [-0.01085392600178242, 0.7083596887849833]
  ],
  "84": [],
  "85": [],
  "86": [
    [-0.03037482949326, -0.2435999261275977]
  ],
  "87": [
    [-0.7784715309645732, -0.06287645051991285],
    [0.852395139242178, -0.060331395228123]
  ],
  "88": [],
  "89": [],
  "90": [
    [0.802787473600396, -0.4583760879847417]
  ],
  "91": [],
  "92": [
    [0.6059445143999116, 0.6608210736462481],
    [0.6821694742096195, 0.6121468633215178]
  ],
  "93": [],
  "94": [
    [-0.855023335761316, -0.5849093235298072]
  ],
  "95": [],
  "96": [
    [0.1309198506509244, 0.1728538923930326]
  ],
  "97": [],
  "98": [],
  "99": [],
  "100": [
    [-0.6806144238427217, -0.6454719731218433]
  ]
}
