{
  "1": [],
  "2": [],
  "3": [
    [-0.839213137198289, -0.886588685782749],
    [0.839213137198289, 0.886588685782749]
  ],
  "4": [],
  "5": [],
  "6": [],
  "7": [],
  "8": [],
  "9": [],
  "10": [],
  "11": [],
  "12": [
    [-0.911326755509087, -0.811092109519033],
    [-0.911326755509087, 0.811092109519033]
  ],
  "13": [
    [0.893444385679269, 0.933723031403059]
  ],
  "14": [
    [0.7365520446454229, 0.545471455194953]
  ],
  "15": [],
  "16": [],
  "17": [],
  "18": [],
  "19": [],
  "20": [],
  "21": [
    [0.830851258990572, -0.910620446784954]
  ],
  "22": [],
  "23": [
    [-0.888462628074303, -0.3560759472800221],
    [-0.888441083525932, 0.3560889012803859],
    [0.888461437625133, -0.3560562758125543],
    [0.888482970206658, 0.3560433339484545]
  ],
  "24": [],
  "25": [],
  "26": [],
  "27": [],
  "28": [
    [0.966957066155727, -0.804053840263208]
  ],
  "29": [],
  "30": [],
  "31": [],
  "32": [],
  "33": [],
  "34": [],
  "35": [],
  "36": [],
  "37": [],
  "38": [],
  "39": [
    [-0.7684793273835663, -0.5677803301263797]
  ],
  "40": [],
  "41": [
    [0.848290967404855, -0.97694933569436]
  ],
  "42": [
    [-0.959111707079789, 0.999104284035966]
  ],
  "43": [],
  "44": [],
  "45": [
    [-0.944728803011739, 0.890964445638149],
    [0.877715457227102, -0.873739604177094]
  ],
  "46": [],
  "47": [
    [0.94638209096505, -0.821886054864635],
    [0.994872999573729, 0.821977533605723]
  ],
  "48": [],
  "49": [],
  "50": [
    [0.860853797024699, -0.880944450990771]
  ],
  "51": [
    [-0.965262779474101, -0.940861545385265]
  ],
  "52": [],
  "53": [
    [-0.84278977558032, -0.7051628133670108],
    [0.850972865984651, -0.6841395713005011]
  ],
  "54": [],
  "55": [],
  "56": [],
  "57": [
    [0.992576237880819, 0.7861634564345744]
  ],
  "58": [],
  "59": [
    [0.3922518896846479, -0.4791561471867944]
  ],
  "60": [],
  "61": [],
  "62": [],
  "63": [
    [-0.819286706982374, -0.983052626144285],
    [0.819286706982374, 0.983052626144285]
  ],
  "64": [],
  "65": [
    [-0.974921955875649, 0.8332790376073]
  ],
  "66": [
    [-0.973103332506724, 0.953720776421171],
    [0.6404344617607575, 0.7617821872612786],
    [0.829993737051222, 0.924714758588485]
  ],
  "67": [
    [0.92054052462606, -0.860837527778915]
  ],
  "68": [
    [-0.870699962039085, 0.876347002722513]
  ],
  "69": [],
  "70": [],
  "71": [],
  "72": [
    [-0.925612304823473, 0.979991648602041]
  ],
  "73": [],
  "74": [
    [0.802113764550768, -0.6335152307254788]
  ],
  "75": [],
  "76": [],
  "77": [],
  "78": [
    [0.85975866678843, 0.993514583271951]
  ],
  "79": [],
  "80": [
    [-0.4779021767112758, -0.3067082085866571]
  ],
  "81": [],
  "82": [],
  "83": [],
  "84": [
    [0.7074791017819134, -0.5444112551696576]
  ],
  "85": [],
  "86": [],
  "87": [],
  "88": [
    [-0.828666793573938, -0.890931901588813]
  ],
  "89": [],
  "90": [],
  "91": [],
  "92": [
    [0.946673467272345, -0.978049198103477]
  ],
  "93": [],
  "94": [],
  "95": [],
  "96": [],
  "97": [],
  "98": [],
  "99": [
    [0.968282924268621, -0.4505893377172158],
    [0.968711318234875, 0.4504399750863568]
  ],
  "100": []
}
