{
  "1": [
    [-0.5443496472937943, 0.3460875325404897, 0.06409828890089594, -0.403680894435245, 0.0349836294474121, -0.1273753658382577]
  ],
  "2": [],
  "3": [],
  "4": [
    [0.1432004472644, -0.5432995541547327, 0.0207384063926476, -0.6366798722650737, 0.122390810682191, 0.850910621581645],
    [0.3152131769056345, 0.7554260999095127, -0.2501624968937937, 0.243609455086684, -0.0870560866395474, 0.3305259093870072]
  ],
  "5": [],
  "6": [],
  "7": [],
  "8": [],
  "9": [],
  "10": [],
  "11": [
    [0.2270398119144487, -0.5154943695507576, 0.1829980663614419, -0.6546870577658055, 0.4902915305123185, 0.1454003937150662]
  ],
  "12": [],
  "13": [],
  "14": [
    [0.2433261275305687, 0.3315117038229585, -0.03439829241527972, 0.2815516689160718, 0.6971657302492341, -0.965525260243107]
  ],
  "15": [],
  "16": [],
  "17": [
    [0.0117757148672261, 0.2961675209601368, -0.87976234893484, -0.7515207497382855, 0.2747464880694077, -0.01597630855783433]
  ],
  "18": [],
  "19": [],
  "20": [
    [-0.1950172483747205, -0.1302650499857373, -0.7936252803234874, -0.908521754479861, -0.02496147471288026, -0.923857584181736]
  ],
  "21": [
    [-0.6860971859452406, 0.1063304804361616, 0.895188926751331, 0.845501416657987, 0.0808809494265721, 0.03580738800375529],
    [-0.1362723648679052, 0.1064599059487942, 0.6897593987431327, 0.6083791008542249, 0.05837578051140461, 0.6766725724587463],
    [-0.04885226774965396, 0.1064353665368362, 0.7558943971993941, 0.5706806073178066, 0.01090985451492131, 0.7147600903640431],
    [0.2082775598643454, 0.1040098972116605, 0.5158806555106703, 0.459695426878242, -0.1099193087703783, 0.5848876416749099]
  ],
  "22": [
    [-0.120680857259995, 0.6231239894466983, 0.02130428715996135, -0.4071895501133797, 0.166184848157681, 0.3937253894122642]
  ],
  "23": [
    [-0.2034809819280995, 0.6447948942018586, 0.3360804046263144, 0.1868144582714702, -0.7413383545783777, -0.137646352687401]
  ],
  "24": [],
  "25": [],
  "26": [],
  "27": [],
  "28": [],
  "29": [],
  "30": [
    [-0.2115147243517768, 0.1942631959330124, -0.6663053873847259, 0.6815209813322828, -0.4027951693779691, -0.7317046577174164],
    [-0.01074721453641739, -0.2415637808197499, -0.2200757814325321, 0.1164443292836562, -0.0813292788499289, 0.5120901679413357]
  ],
  "31": [
    [-0.1534804180758554, -0.6680653196390409, 0.4768773034677268, 0.1438129134972224, 0.1668210007077873, 0.6498687836913458]
  ],
  "32": [
    [-0.54207461051601, -0.03692366384050828, -0.7732904322713549, 0.944967094571878, -0.941971991836588, -0.3205326488577228],
    [0.960533837661279, 0.7308131412668849, 0.6883062302730573, 0.331001552382623, -0.3735182761779142, 0.938589933504493]
  ],
  "33": [],
  "34": [],
  "35": [],
  "36": [
    [-0.5629433570330359, 0.0743686875981961, -0.4991197515186446, 0.02221803004272313, 0.978721945149674, -0.3609297561894302],
    [0.1510755722527479, -0.6583630785863929, -0.2152324495669123, 0.94597509303037, -0.4327474017259502, 0.2601878617776948],
    [0.4812211911226018, -0.1221405663474801, -0.4086899323091376, 0.1306426498120552, -0.51721477760278, 0.3856919918384012]
  ],
  "37": [],
  "38": [
    [0.02378926090431201, -0.85095958223268, -0.2944970159611645, -0.3963456383034374, 0.3766630022071684, -0.943038207223711]
  ],
  "39": [
    [0.03808712677991085, -0.7478884263378709, -0.00994317591776906, -0.469125459575725, 0.974365418311821, -0.01979788142809499]
  ],
  "40": [
    [0.5646230848571272, -0.05395447664741111, -0.766946428062163, 0.366628013303381, -0.2597552695326685, 0.2654285937392011],
    [0.7206688894158289, -0.3236871871177081, 0.951880070648629, 0.283562773470199, -0.5885757541633222, -0.1431700962741972]
  ],
  "41": [],
  "42": [
    [-0.3569266957512359, -0.3495589168505479, -0.7631484366690535, 0.3925286238005087, -0.1339100143257746, 0.1176566322992281]
  ],
  "43": [
    [-0.95087332361448, -0.1850982919929915, 0.3907983384676678, -0.800004018470533, 0.007127714357321154, 0.2471682254695907]
  ],
  "44": [
    [-0.5549290891291834, -0.7347253097669297, -0.3631127066375066, 0.4987662135195635, 0.4514453387123038, -0.414465581225382],
    [-0.0998590623929589, -0.3431565902644155, 0.737206652781417, 0.2956099072772525, 0.3817186811017192, 0.5941594669224791]
  ],
  "45": [],
  "46": [],
  "47": [],
  "48": [],
  "49": [],
  "50": [
    [0.3706225047629489, 0.5451036419073338, 0.278781104296249, -0.1294861324026966, -0.1517700610292919, 0.96844278894813]
  ],
  "51": [],
  "52": [
    [-0.2753150209788194, 0.7818979666939715, -0.2746427425143148, 0.06081469346947146, -0.2065554747378169, 0.0223211038949369],
    [0.431052623359824, 0.02461703822148094, 0.4178617663933494, 0.5094593334269336, 0.1376129691312158, 0.03205722269230987]
  ],
  "53": [
    [-0.7096326362047206, 0.482868588419345, 0.7051131501977418, 0.4366432517021407, 0.649209026901794, -0.7711361701309767]
  ],
  "54": [
    [-0.248469359172413, -0.02345874492225319, 0.7733478409214941, -0.5268333955832565, 0.2144134261657717, 0.873020660594428]
  ],
  "55": [],
  "56": [],
  "57": [],
  "58": [],
  "59": [],
  "60": [
    [-0.44924933286452, 0.166261926198146, 0.1393902746463105, 0.2711037242267768, 0.4839266175597874, 0.596751963471119],
    [-0.07458237041078081, 0.4145351937083652, 0.4066755635797126, 0.2513132806153102, -0.4760854771115937, 0.0374538567106149],
    [0.2377233643544249, 0.2155108825860789, 0.1934955261954765, 0.2092461719123196, -0.5864511832385845, 0.4401398344363008]
  ],
  "61": [],
  "62": [],
  "63": [],
  "64": [],
  "65": [],
  "66": [],
  "67": [],
  "68": [
    [0.6172078280781673, 0.3560688378184448, 0.03549185093951573, 0.2743216530867361, 0.1932182435723775, 0.5838491831331966]
  ],
  "69": [
    [-0.802591408690262, 0.3237361847498712, 0.3723390263433934, -0.576831236248254, 0.4334504108552885, 0.7371955770258619],
    [-0.6536297797406178, 0.3517989391771179, 0.07086943089631444, -0.5328617678551741, 0.6828282035624921, 0.4149871583927424],
    [0.823421567740746, 0.2825573056013382, -0.02743615087414392, 0.7673689922918708, -0.6422073967186072, -0.3436748978919295]
  ],
  "70": [
    [0.80471845031701, -0.875173163847638, -0.3229786770848621, 0.3504614176703472, -0.5731472277938154, 0.1049684803624734]
  ],
  "71": [],
  "72": [
    [-0.1962965698975963, -0.5073794319043841, 0.6504557330161299, -0.5586516472223528, -0.3750203869909633, 0.07036518582289791]
  ],
  "73": [],
  "74": [],
  "75": [
    [-0.0963035433945471, -0.0889150407783268, 0.1264357885624994, -0.7361991599490822, 0.2301292829842395, -0.7224694963272951],
    [0.1762182349345154, -0.3680501535206168, -0.2930057314873098, -0.7116667938690384, 0.3323103589668566, -0.812501455186562]
  ],
  "76": [],
  "77": [],
  "78": [
    [0.2443147365127635, -0.828616530162728, 0.837328617520617, 0.3962635641878718, -0.4484247033238619, -0.998094716251062],
    [0.303609824647624, 0.824961406650568, 0.829028211454608, 0.3749567227477369, 0.4272523122696723, 0.96867015051266]
  ],
  "79": [],
  "80": [],
  "81": [],
  "82": [],
  "83": [],
  "84": [],
  "85": [],
  "86": [
    [0.7577617284926268, -0.895996859846119, 0.5148909222610089, -0.1820967736271632, 0.966524123276752, -0.2276734890495168]
  ],
  "87": [
    [0.4830797014191949, 0.0983840963023467, 0.963217106392245, -0.0098966713342957, 0.1252236419741064, 0.2558766559469714],
    [0.7892595798039727, -0.4419642617403376, -0.3796393998834308, -0.4666532728905125, 0.001226060177725138, -0.3849585489020554]
  ],
  "88": [],
  "89": [],
  "90": [
    [-0.3875003526680143, -0.6633233811053341, -0.1522196250192102, -0.1487602196683609, 0.1278723069871448, 0.1712963153994599],
    [0.6485988718847348, -0.6712034432290742, 0.0806973854490346, 0.0897255609545995, 0.1291026019874455, 0.1774366410100906]
  ],
  "91": [],
  "92": [],
  "93": [],
  "94": [],
  "95": [],
  "96": [],
  "97": [],