{
  "1": [
    [0.938759567812692, 0.6658225905352405, -0.3889220079442313, -0.3666088339306723, 0.2733205208085285, 0.1958130092857364, -0.2391331883355345]
  ],
  "2": [
    [0.6493503385595902, 0.0764911976968767, -0.2572606533795673, 0.2606153527658334, 0.5317224187739908, 0.1658047004099865, -0.5602758142397154]
  ],
  "3": [],
  "4": [],
  "5": [],
  "6": [
    [-0.1585162118838412, -0.01452949742734751, -0.00393124666007637, -0.7590049598812768, 0.6892415004047083, 0.06871696826916592, -0.1085736350349998],
    [-0.161946876794963, 0.01887743708462443, 0.00363149019103804, 0.7511939588165109, -0.5591583587472247, 0.106831542633786, -0.1010933646056468]
  ],
  "7": [],
  "8": [],
  "9": [],
  "10": [],
  "11": [],
  "12": [
    [0.4463657933398189, 0.1550298176578491, 0.4765189522911456, 0.4768963155894754, 0.3495552843637549, 0.1362286481221378, 0.2862078906112508],
    [0.0851157663129337, 0.0833731027947883, 0.6241786313025969, 0.0311077373627104, 0.05075632061625854, 0.7836253781771627, 0.07279934132428569]
  ],
  "13": [],
  "14": [
    [0.1677774335059544, 0.894987215913919, -0.540137800769183, -0.5989397060357886, 0.1443162358120273, 0.4151076392308924, -0.0910460148139946]
  ],
  "15": [
    [0.1179642958408577, 0.0873187663639393, -0.3255804530801651, 0.82886150386924, -0.923901699857183, -0.00354252728789208, 0.5694141995852798],
    [0.1240605837489925, 0.0922508572517916, 0.1630152783099032, -0.1145463805823008, 0.03113601310255338, 0.03770080615512852, 0.984374505949947]
  ],
  "16": [
    [-0.2754704704386322, -0.3461965878258599, 0.03661258469059986, -0.2450145750913904, 0.1305847342533468, 0.4608742985416034, 0.6266118576074248],
    [-0.0308009221450374, -0.3549629742311511, -0.3284159598520485, -0.4194079576538787, -0.3412689118178062, 0.1520398117437613, 0.2034028059760752]
  ],
  "17": [],
  "18": [],
  "19": [
    [-0.3959661670915912, -0.2431334558454617, -0.01931867448907723, -0.02849289435391564, -0.02376064225963177, -0.1627281149011173, -0.1248256734144951],
    [0.1645953741785145, -0.2757171469241507, 0.0383600273258981, 0.07652510105215439, -0.02858362880751844, -0.3278598506073113, -0.1344264460676641]
  ],
  "20": [],
  "21": [],
  "22": [],
  "23": [],
  "24": [
    [-0.7374857138277122, -0.1184152596211139, -0.5944181596314752, 0.7810889884937604, -0.809837212655879, -0.00877844454975448, 0.07763343792136258],
    [-0.1560926101267315, -0.1344707914341564, -0.1394310787829511, 0.87735950945612, -0.1782089340968403, -0.07122740677898912, -0.4126625167475726],
    [0.3985309513403439, -0.1703287960016169, 0.6504288724485817, 0.6638993611695883, 0.5146215065576638, 0.0939729615296428, 0.0998959675306476],
    [0.03524559340320304, -0.1731043882053011, -0.3220600857349987, 0.3395750016655438, 0.2294958296198284, -0.2927961678722857, 0.6023594666129675]
  ],
  "25": [
    [0.06049006111168168, 0.2724135043541379, 0.1838478674193492, 0.0950308622905776, -0.1856149996039455, 0.806622562404925, 0.4436459292730319]
  ],
  "26": [],
  "27": [],
  "28": [],
  "29": [],
  "30": [
    [0.93446181906811, 0.04992280931964954, -0.1211452914391766, 0.05860425551279755, -0.04163704657875157, -0.07664553602228584, 0.6016625229353764]
  ],
  "31": [],
  "32": [
    [-0.3951521323803295, -0.2149719185338499, -0.5144595807938676, -0.3871208022311911, -0.1707278134185816, -0.1167105857909944, 0.817614313197239],
    [0.2557710010902996, 0.0873677540070642, -0.2275244930354224, -0.3772640951087288, 0.2958306932958712, -0.2081884208446259, -0.5695783167377504]
  ],
  "33": [],
  "34": [],
  "35": [],
  "36": [],
  "37": [],
  "38": [
    [-0.2044251738311882, -0.6654391532406867, 0.2380667088286696, 0.5401290302731134, 0.1227375622233348, 0.0801458077489652, 0.07619571443572716]
  ],
  "39": [
    [0.0896823584528422, 0.3675859644473668, 0.03899312895528349, -0.820779849725683, -0.04173411468086757, 0.03431770721537686, -0.306228985585024]
  ],
  "40": [],
  "41": [
    [0.1957596517203194, -0.04510242945799281, -0.1573837813875946, 0.03248201409631776, 0.01480231763887447, 0.02928233347014277, 0.6075838181188794],
    [-0.7440642682533403, -0.02127449542381703, 0.01623386397498235, 0.1299012012993328, 0.5439634383509344, 0.3663985858065481, 0.1596753589696684]
  ],
  "42": [],
  "43": [],
  "44": [],
  "45": [],
  "46": [],
  "47": [],
  "48": [
    [0.3389944135333504, 0.2809551042145845, 0.3451739226563853, -0.91061562002997, 0.918114198580512, -0.5484584109304182, 0.00406960446575054]
  ],
  "49": [],
  "50": [],
  "51": [],
  "52": [
    [0.1035541032548907, -0.00429243889746155, -0.4628213758871734, 0.1088566789534698, -0.1655097692718362, -0.1503487635703697, -0.6128686247202754],
    [0.5444894033714965, -0.00442790975529895, 0.4859156752630947, 0.1216427799053433, 0.6340566856933841, -0.0919995143808986, -0.2067839311014833]
  ],
  "53": [
    [0.0822746392831783, 0.01619718884124632, 0.6077979047319918, 0.03499027180930252, 0.5716013879792881, 0.06909373003054887, 0.1030812807706052],
    [-0.2088263306731651, -0.1037567092629016, -0.0463305911636347, 0.0707101516456799, -0.2845451596245691, -0.3092379249075888, 0.04211035585609411],
    [-0.241297240457742, -0.1006281102915209, -0.1186474173544671, 0.07921463984786219, 0.2398072552549424, 0.2998053821589515, 0.02873040050019078]
  ],
  "54": [],
  "55": [
    [0.1805236220917566, -0.04057168143625164, -0.5239457533121776, -0.563948942958933, 0.2441775779986044, -0.2942235379340293, 0.00374667552018358]
  ],
  "56": [],
  "57": [
    [-0.1050286614511192, 0.0800927362807432, -0.209490030153763, -0.869384015246919, -0.3890074125286422, -0.02671851771479701, 0.03807926108191634]
  ],
  "58": [],
  "59": [],
  "60": [
    [0.5429214591964914, -0.2366306185044962, -0.1740912578924396, -0.2161845241987617, -0.4709913669728119, 0.2139153371832016, 0.0994947789676156],
    [-0.299579705530564, -0.1764288651995019, -0.04991187897506094, 0.03754627512700436, 0.6789377467149564, -0.5581976683108744, -0.06186781678567838]
  ],
  "61": [
    [-0.0287066591843001, 0.02890723281699726, 0.2065712227725514, -0.1291550032584616, 0.4138255770189575, -0.1144028182986692, 0.06839610276297702],
    [-0.05186906082961357, 0.03102819355424744, -0.194416813695315, 0.249440227619523, -0.4302169307957765, -0.1131377507215508, 0.06701151479629709],
    [0.00468845202101857, 0.02771812568994496, -0.1579076310303758, -0.1079151163956497, 0.3664736163120592, -0.1143304847247241, 0.06831690975917927],
    [0.01027729408229404, 0.02729225334462748, 0.1061542656736266, 0.2154245237024946, -0.3543815524590321, -0.113249347669165, 0.06713361705181042]
  ],
  "62": [
    [0.00593875189282659, 0.2222615747516532, -0.2916735482112634, 0.1270890868318252, 0.06764553000802064, 0.2801355918376889, -0.196855648436425]
  ],
  "63": [],
  "64": [],
  "65": [],
  "66": [],
  "67": [],
  "68": [],
  "69": [],
  "70": [],
  "71": [],
  "72": [],
  "73": [],
  "74": [],
  "75": [],
  "76": [],
  "77": [],
  "78": [],
  "79": [],
  "80": [],
  "81": [
    [0.05773462492521744, -0.2033834728155683, -0.5389583494595767, 0.07686992595755203, -0.5594798636165389, 0.4624896286388777, -0.4905117622996663],
    [0.04235560864518999, 0.1585013409487887, 0.5764244268876477, -0.0416587960967414, 0.06226228327822426, -0.3844235425916638, 0.4890085313534112],
    [-0.1837609271897941, 0.4556044307390692, 0.3735820374028699, 0.1117728718340034, -0.582684374846904, -0.1986349326783221, -0.5180995141008374]
  ],
  "82": [],
  "83": [],
  "84": [],
  "85": [],
  "86": [],
  "87": [],
  "88": [],
  "89": [
    [-0.5175317795338261, -0.5353138682593677, 0.1644607404425667, 0.1413357475176945, -0.884692331397264, -0.00648547883011995, -0.209864454391885],
    [0.5795718647377905, -0.4718461531946064, -0.0825001028970888, 0.1540247613531448, 0.802043533022304, -0.03322069952605306, 0.01745984221417357]
  ],
  "90": [],
  "91": [],
  "92": [],
  "93": [],
  "94": [],