{
  "1": [],
  "2": [],
  "3": [],
  "4": [],
  "5": [],
  "6": [],
  "7": [
    [-0.1899809718056709, -0.3806133829822848, 0.7121131404806944, -0.4418698327793431, 0.948948007553928, 0.49252792866361, 0.3786112259909861],
    [-0.2035167626784223, 0.4087086490826341, -0.2504569699578147, -0.7240749066125995, 0.2151495104917725, -0.05373079595764486, -0.2964032207902606]
  ],
  "8": [],
  "9": [],
  "10": [],
  "11": [],
  "12": [],
  "13": [],
  "14": [
    [-0.04359664810178863, -0.2440296923327438, 0.3556231190674607, 0.2103966838502059, 0.0814496088037859, 0.1661602137977735, -0.816493990646049],
    [-0.04893688246713306, -0.3467387853750998, 0.7133442688679004, 0.0885400939796372, 0.0943437153376053, 0.190654319980717, -0.5841558571556659]
  ],
  "15": [
    [-0.7492401647582565, -0.2042112359662464, -0.7057665064617185, 0.202632246408363, 0.3585130545214512, -0.6873507519003428, -0.383020201328666],
    [-0.7634262217409837, -0.1253288839955728, -0.7375651213860253, -0.1951634045541987, -0.668105157609916, 0.7067334169239446, -0.3610855810871137]
  ],
  "16": [],
  "17": [],
  "18": [
    [0.1651153388189285, -0.538471633088929, -0.879218128215103, -0.6348739503400243, 0.6844575343546087, -0.5689736570986548, 0.186905882006354]
  ],
  "19": [],
  "20": [
    [0.3512349816190304, -0.277118677445544, 0.2499973788134104, 0.0998052509793878, -0.0895172099201658, -0.4939949316038447, -0.7152545500358455],
    [-0.5351216334878081, -0.2247955156472818, -0.1677802997729012, -0.05151465715843159, 0.05387997382517788, 0.01964683207955459, 0.7480479136442767]
  ],
  "21": [],
  "22": [
    [-0.5599950693506526, -0.04904325467275675, 0.5328106693925695, 0.6429433027885945, 0.3944876550874653, 0.1778044049521259, -0.911906805040454]
  ],
  "23": [
    [-0.1659384397189168, -0.755205278348418, 0.4531477286816704, -0.2711561706051043, -0.5427814867831406, -0.2172646333886505, -0.1282079346969317]
  ],
  "24": [
    [-0.1770786737529917, -0.03674745345877933, 0.00477690973341763, -0.6163895031692121, -0.3359585352989169, -0.02868767641770891, 0.1168735813294971]
  ],
  "25": [],
  "26": [],
  "27": [],
  "28": [],
  "29": [],
  "30": [],
  "31": [
    [0.162726978553879, 0.07964648532391186, -0.0831319464498607, 0.1670830570997252, 0.17122751792777, 0.806636802982315, 0.954700125907181],
    [0.1297338147570162, 0.05933603587529086, -0.05072217346027672, 0.2857924011905764, 0.1823469406426324, 0.5517080212810908, 0.852875595897281],
    [0.0837828106092204, 0.05016432314724403, -0.2526893061299002, 0.160908234865081, 0.838278675705884, 0.2371377727140036, 0.3061208432735699]
  ],
  "32": [
    [-0.466309339241448, -0.07707823334001881, 0.01048474027767692, 0.03119489380942044, 0.04733514605470665, 0.1148168513406771, -0.963410570937614]
  ],
  "33": [],
  "34": [
    [0.6944655623179181, 0.969703964562756, -0.03328439460974664, 0.046802575716621, -0.06844167132428217, -0.2859082683429355, -0.1512173998227352]
  ],
  "35": [
    [0.980731584587208, -0.870311153968914, 0.2665539125533047, -0.3441890150324721, -0.6409253028346908, -0.1328818417282718, -0.3080290597256272],
    [-0.2014877595507885, -0.5904056501615152, -0.6584059845469966, 0.4215190673872279, 0.06443382356802073, 0.2710686362360468, 0.4686600639961708]
  ],
  "36": [],
  "37": [
    [-0.02564251236615655, 0.5039926601301091, 0.4415713394544255, -0.2227456042194553, 0.862258985473103, 0.135745664135101, 0.262229977266303]
  ],
  "38": [],
  "39": [
    [-0.05425851680785529, 0.3301721673333711, 0.1138972995800498, 0.3038508478811053, 0.1823809831569198, -0.528129110375911, 0.3911573581024862]
  ],
  "40": [],
  "41": [],
  "42": [],
  "43": [],
  "44": [],
  "45": [
    [-0.3242901175416644, 0.272904555524344, -0.4448278277718011, 0.1240503778690289, 0.04428672331149769, 0.4268705804244522, -0.593205224154728]
  ],
  "46": [],
  "47": [
    [-0.2968910799702286, 0.2257118133948978, -0.0219238041783587, 0.1153527846102559, 0.82462720070244, 0.2908850140679528, 0.3766422109101144],
    [0.1031135345994356, -0.174684675429068, -0.45970453008661, 0.04924158446463688, -0.7374748395357111, -0.3637746188521263, 0.2743429745327175]
  ],
  "48": [],
  "49": [],
  "50": [],
  "51": [],
  "52": [],
  "53": [
    [-0.0819779106640111, 0.0038894891192979, 0.4362037116886821, 0.931008464661329, 0.0967837709747715, -0.2088853179783989, -0.1601431773078006]
  ],
  "54": [],
  "55": [],
  "56": [],
  "57": [],
  "58": [],
  "59": [],
  "60": [],
  "61": [],
  "62": [],
  "63": [],
  "64": [],
  "65": [
    [0.4358252306701634, -0.7906155626925704, -0.2137161166341118, -0.0463438133699025, 0.1321531312952331, 0.1083647984316031, 0.2128896305287168]
  ],
  "66": [],
  "67": [],
  "68": [],
  "69": [],
  "70": [],
  "71": [],
  "72": [
    [0.7051956912998913, 0.1536945226939986, -0.4331331879459773, 0.1260211734956269, 0.121270908931962, 0.1360210583066879, -0.891135946029483],
    [0.5120845555997663, 0.2002846235642842, 0.5180131439116353, 0.2327619281939616, 0.1101069894054596, -0.1534984144977666, -0.953274038195225]
  ],
  "73": [],
  "74": [],
  "75": [],
  "76": [],
  "77": [],
  "78": [],
  "79": [],
  "80": [],
  "81": [],
  "82": [
    [-0.3605409158874642, 0.2910943206750187, 0.813687281200174, -0.0855713940692292, -0.1603452843797694, 0.1955488934551507, 0.197721934831046]
  ],
  "83": [],
  "84": [
    [-0.06149909113380946, 0.1185945405089429, 0.7053511188115581, -0.1961931783597455, 0.831183260812017, -0.06467758543579825, -0.4825283458440706]
  ],
  "85": [],
  "86": [],
  "87": [],
  "88": [],
  "89": [],
  "90": [
    [-0.292426614348047, 0.5689633181964407, -0.993001261792405, -0.209019079164622, -0.04720547645417116, 0.0944728882167201, 0.4602543406852153],
    [0.2170851827419611, 0.571150852723947, -0.992084129187149, -0.208126963536102, -0.04671984788204933, 0.0943198479567645, 0.4630922420031689]
  ],
  "91": [
    [0.802661874440044, 0.6228018647540045, 0.3792699947609849, 0.984589873478614, 0.1382311984071175, 0.978221297366728, 0.3402344467811678]
  ],
  "92": [
    [0.6974588509297954, -0.8425784631475, -0.2644156917846401, -0.2497972944343976, -0.3140282302240199, -0.5453770580393335, -0.1287981757694776],
    [0.6974588509297954, -0.8425784631475, -0.2644156917846401, 0.2497972944343976, -0.3140282302240199, -0.5453770580393335, -0.1287981757694776]
  ],
  "93": [],
  "94": [],
  "95": [],
  "96": [],
  "97": [],
  "98": [],
  "99": [],
  "100": []
}
