{
  "1": [
    [-0.3141189560224749,0.33188823141439383,-0.3131487135300161],
    [-0.552402854651638,0.24430179613570543,0.3239535364760142],
    [0.38788327294755676,0.38582115517681737,-0.3218836561821894],
    [0.7979316675869061,0.6757078371293926,-0.5551222487794725],
    [0.5899195109195419,0.5587526722719427,-0.3705760524370011],
    [0.6994154874226176,0.8361930104769538,0.5431337396580446]
  ],
  "2": [],
  "3": [],
  "4": [],
  "5": [],
  "6": [],
  "7": [
    [0.46686425241999724,0.9989176286864175,-0.28988151721344557],
    [0.6398508547380537,0.36735774546374284,-0.2530396419755189]
  ],
  "8": [],
  "9": [
    [0.46161665215937525,0.257044900553971,0.9313335964089364]
  ],
  "10": [],
  "11": [
    [0.6226052473974135,-0.505810448186466,-0.38505035458721837],
    [0.6909455329125713,-0.02783416583292584,-0.25248270775881965],
    [0.7067663633702647,0.22450160996481483,-0.2354332673160039]
  ],
  "12": [],
  "13": [],
  "14": [
    [-0.014140415210246334,0.08556076257447558,-0.7652125573853708],
    [0.012595936849380011,0.08605521114909175,-0.826547807593993],
    [-0.23733498474595244,0.08384732410415494,-0.28472215734683953],
    [0.238650477808696,0.08366973989285428,0.28326648247737396]
  ],
  "15": [
    [-0.17221962393198956,-0.5754681048111296,-0.24073119580302046],
    [-0.45768142955928554,-0.8428033936376348,0.5984986881632228],
    [0.1675222689486182,0.5498933102791231,-0.2699112099950443]
  ],
  "16": [],
  "17": [],
  "18": [],
  "19": [],
  "20": [],
  "21": [
    [0.4966810499442231,-0.10252506306740614,-0.14371036438667817]
  ],
  "22": [
    [0.3398315374115845,-0.09999500170961179,0.9200643017648117],
    [0.08621250152858423,-0.9142436262409607,0.9459101805571345]
  ],
  "23": [],
  "24": [],
  "25": [
    [-0.7199782157392094,-0.5517380732483763,-0.9441808645785275]
  ],
  "26": [],
  "27": [],
  "28": [],
  "29": [
    [0.08581536926567351,-0.09676442291557805,0.468548930199632]
  ],
  "30": [
    [-0.16749623501554853,-0.7298635900696991,0.810015556089918],
    [0.32077442295085273,0.30000403042009643,0.7459840589872153]
  ],
  "31": [],
  "32": [],
  "33": [],
  "34": [
    [-0.2926539229058797,0.9029281091530392,-0.0262276411965309]
  ],
  "35": [],
  "36": [],
  "37": [
    [-0.5202239724712575,-0.6013713962827557,0.6589169872871973],
    [0.452408518364606,-0.5690320933165641,0.7070038326281346]
  ],
  "38": [
    [0.0917919819673609,-0.9971874195061946,0.1562986377711785]
  ],
  "39": [],
  "40": [
    [-0.8518849906709176,0.5285157565498406,0.04803420433429135],
    [0.7949829446413779,0.42461901542181674,0.06495969350506818]
  ],
  "41": [],
  "42": [],
  "43": [
    [-0.7672430654925315,-0.7326394467297116,0.5554357903279574],
    [-0.5364140397763018,0.5089176880146723,-0.511973773192222],
    [-0.3661967940322626,0.2868107285244201,-0.7002269297164077],
    [-0.39961838459277915,0.4492928629684568,0.7713556146344339]
  ],
  "44": [],
  "45": [],
  "46": [],
  "47": [
    [-0.6325223989265484,0.6096292645336276,-0.1680910443798714],
    [0.6964454278824899,-0.6189908880805828,-0.2088519839828625]
  ],
  "48": [],
  "49": [],
  "50": [],
  "51": [
    [-0.7381850603286735,0.43703051248691216,-0.207359170351201],
    [0.9232463863059126,-0.49604674872915144,0.7964939287029608]
  ],
  "52": [],
  "53": [
    [-0.3853531259223818,0.8776771130455122,0.11142239214889045],
    [0.13895231849126025,-0.4098223727696748,-0.8140030437187442],
    [0.557948346490456,-0.36018809554950476,-0.17439328064227383]
  ],
  "54": [
    [0.022281091832398597,-0.23862328883320913,0.9449810925074306]
  ],
  "55": [
    [0.5594149184076403,0.95021281986967,-0.15463693394211891]
  ],
  "56": [],
  "57": [],
  "58": [],
  "59": [],
  "60": [
    [-0.5871805356865698,0.8277589724798591,0.6223629428725591]
  ],
  "61": [],
  "62": [
    [0.21598134515355338,0.5647919754643361,-0.03753537318858406]
  ],
  "63": [],
  "64": [
    [-0.7050364587417887,-0.9646950125350351,-0.9233367017779558]
  ],
  "65": [
    [-0.47937955736313254,0.12814021497546732,-0.20900504320949742],
    [0.5506498524807951,-0.31335767009137433,-0.2237425182507032]
  ],
  "66": [],
  "67": [
    [0.9544527770579819,-0.7047940406293283,-0.3070411707308926],
    [-0.19760646947699778,-0.7744750628569296,-0.3253167560811785]
  ],
  "68": [],
  "69": [],
  "70": [
    [0.3382294885633888,0.6917552395632633,-0.7560098746583556]
  ],
  "71": [],
  "72": [],
  "73": [],
  "74": [
    [0.831471306753227,-0.27113900700798393,0.8489053876745748]
  ],
  "75": [
    [-0.8394341747959929,-0.16006901240939464,-0.6829982578214645]
  ],
  "76": [
    [-0.08192850505853423,-0.2299677541106449,-0.3383441144797483],
    [-0.28036511016573246,-0.44988947893680115,0.4498908542926908],
    [-0.08192850505853451,0.22996775411064535,-0.33834411447974855],
    [-0.2803651101657324,0.44988947893680103,0.4498908542926907]
  ],
  "77": [
    [0.15688399055385227,0.506804070050787,0.5246782661424089]
  ],
  "78": [],
  "79": [],
  "80": [
    [-0.5658664935204314,0.5320807541931553,0.7168471014414963]
  ],
  "81": [],
  "82": [
    [-0.8793232399761932,0.9400574409675712,-0.4333814357979986]
  ],
  "83": [
    [-0.4043671817628506,0.560254996276975,-0.805878075324311]
  ],
  "84": [],
  "85": [],
  "86": [
    [-0.1654534762657968,-0.11906039332498439,-0.1299934561099274],
    [-0.16476306116312278,0.11980198158959056,-0.1309606970020882]
  ],
  "87": [],
  "88": [],
  "89": [
    [-0.8930696745605686,0.2841636893013045,0.33791452861916754]
  ],
  "90": [],
  "91": [],
  "92": [
    [-0.7523450705421378,-0.60637791462143,0.5592299648912817],
    [-0.5244991623036812,-0.6871321262727095,0.6371203201859227]
  ],
  "93": [],
  "94": [],
  "95": [
    [-0.9040001759805532,-0.5504737904529381,0.6006265832402681],
    [0.6433707173477673,-0.7280288465777952,0.4038132083180318]
  ],
  "96": [
    [0.4176337391625826,-0.6881586343414616,0.13111993836336194]
  ],
  "97": [],
  "98": [],
  "99": [],
  "100": []
}
