{
  "1": [],
  "2": [
    [0.5867565213947533,-0.06579583082283624,-0.8526085845504423],
    [0.1696936266245916,-0.07089071547862498,0.8905438728123352]
  ],
  "3": [
    [-0.12837160522635077,0.3476077654219439,-0.6970904100902512],
    [0.0666436463386555,0.3380539888997505,0.6667613660750207]
  ],
  "4": [
    [0.16958478022432602,-0.055189287622338254,-0.9224393070572787]
  ],
  "5": [
    [-0.24798418087406116,0.04347671563804238,-0.22419948587368146],
    [0.06228190681146853,0.003953607368893285,-0.2332218948895024]
  ],
  "6": [],
  "7": [
    [0.03301762224601628,0.010180726246934745,-0.7893597543679192]
  ],
  "8": [
    [-0.23370856051450292,0.6247356478975086,-0.1261224430402525]
  ],
  "9": [
    [-0.3279571545244211,0.3169161684081971,-0.29848576018792294]
  ],
  "10": [],
  "11": [],
  "12": [
    [0.21918142633843551,-0.31889635574107184,-0.9577761099841623]
  ],
  "13": [],
  "14": [],
  "15": [
    [-0.957235869317487,-0.6330504829901518,-0.9732918875163357],
    [-0.01061449381064166,-0.5315630442373931,0.12466341344017262],
    [-0.012411097974972873,0.27686535836175935,0.5266785334735086]
  ],
  "16": [
    [-0.7200558802890131,-0.12087647940421835,0.17597249652167263]
  ],
  "17": [
    [-0.3685650295192395,-0.42642309538093054,0.5579301744208193]
  ],
  "18": [],
  "19": [],
  "20": [
    [-0.33575089240530015,-0.09860058631598577,-0.09588179746955289],
    [0.7181626519685996,0.46561212155723336,-0.06693972066516525]
  ],
  "21": [
    [-0.16508421379489466,-0.13412419089205743,-0.6689602928089355],
    [-0.8938948809424351,0.25178503982280037,0.044114307658712534]
  ],
  "22": [
    [0.25635146898672645,-0.022019798390493606,0.0671785328030374]
  ],
  "23": [],
  "24": [
    [-0.17243349435089234,-0.019554726554149714,0.00825937703647869]
  ],
  "25": [],
  "26": [
    [0.09900543638141505,0.4743450289862699,-0.7422123885433494]
  ],
  "27": [
    [0.7712800462471561,-0.7831341875177154,-0.0734708245865298]
  ],
  "28": [],
  "29": [],
  "30": [],
  "31": [],
  "32": [
    [-0.26510323824611415,-0.059761096931407534,-0.23155193689986586],
    [0.1321530586564267,-0.031072859200679637,-0.26336766271523]
  ],
  "33": [
    [0.3573045976036847,-0.4568231778456785,-0.4040253225994473]
  ],
  "34": [
    [0.4413111138555892,0.8088903720952803,-0.3286069754957989]
  ],
  "35": [],
  "36": [
    [-0.18031481119314882,0.5407280882460169,-0.9839200452747184],
    [0.2113978154767686,-0.7548755590272227,-0.6161569436914508],
    [0.13338173571506934,0.6454007329475663,0.4426634625565638]
  ],
  "37": [],
  "38": [
    [0.2084286223926671,-0.017609150848234743,-0.5963191942598342]
  ],
  "39": [],
  "40": [],
  "41": [],
  "42": [
    [0.09712109639283335,0.6121463718547536,-0.4819346550646407]
  ],
  "43": [],
  "44": [
    [0.004371193227766469,-0.2287383387858367,0.10292467587100544]
  ],
  "45": [
    [-0.11938187694687886,0.08981761686895491,0.8789792607822281],
    [0.14379414006716135,-0.07176808193649166,0.7011253419426079]
  ],
  "46": [
    [-0.00045786594466219044,0.6286031904011504,-0.06865774526137554]
  ],
  "47": [
    [-0.8150933720130605,-0.34614171066770505,-0.16305648236012804],
    [-0.02639729546917666,0.48805730862640884,-0.0017416794188064525]
  ],
  "48": [
    [-0.494294627384854,-0.09280077204500482,-0.06672559837957284]
  ],
  "49": [
    [-0.6881489923104468,0.4375105335169175,-0.27007376083679624],
    [-0.6425462286261068,0.20390766108702582,-0.16296023842303592],
    [0.7428264231114394,-0.046149109404924234,-0.11549903440301856]
  ],
  "50": [],
  "51": [],
  "52": [
    [0.20503520947455564,-0.028508438919793225,-0.14844247011211145]
  ],
  "53": [
    [0.398083023235565,-0.2653534832064829,0.6190584398547861],
    [0.7618781346425934,-0.27799406229631834,0.5138391477122428],
    [0.2642107898237376,0.332636759615086,0.5516114490443933]
  ],
  "54": [],
  "55": [
    [-0.22234539333001813,-0.654333861306433,0.08370326687618368]
  ],
  "56": [],
  "57": [],
  "58": [],
  "59": [
    [0.04918323975361569,-0.10103732753134968,0.34176287113381143]
  ],
  "60": [],
  "61": [
    [-0.08884486476159038,0.08168599762851098,-0.4269730818971693],
    [0.08775042337992014,0.09174805515284506,0.4284390943741121]
  ],
  "62": [],
  "63": [
    [-0.5730109999075518,-0.605285709142437,-0.6897306133754034]
  ],
  "64": [],
  "65": [
    [-0.884893061070508,-0.2205436140403028,-0.5753718275162129],
    [0.3397342153854816,0.0797686218606739,-0.3757783473025229]
  ],
  "66": [],
  "67": [],
  "68": [
    [-0.010458714607146456,-0.35417045826560967,0.6060040406746796],
    [-0.01039257568359834,0.3540933721899737,0.5927654797080334]
  ],
  "69": [],
  "70": [],
  "71": [],
  "72": [],
  "73": [
    [-0.25047430073481564,0.0697585168461486,-0.2058232210051383]
  ],
  "74": [
    [-0.24140036040721233,-0.9224577687993974,-0.10918065221749312],
    [-0.10009873006808491,-0.47354268396339394,-0.13578110579964897],
    [-0.13018734394624648,0.5671413538329168,-0.1646871631874927],
    [-0.22506629238602618,0.6238410006999914,-0.22337096634791395]
  ],
  "75": [
    [-0.4409299979436017,0.7594663425042759,-0.8172589371665471]
  ],
  "76": [],
  "77": [],
  "78": [
    [0.857367722201921,0.13523685087778442,-0.008625357956603656],
    [0.7146335325694465,0.1560565895480931,0.39352779139010424]
  ],
  "79": [
    [0.7576468307550165,-0.7661485092641214,-0.3692691005423068],
    [0.5779356729557219,0.5576670052769502,0.4920626253245895]
  ],
  "80": [
    [-0.21784403887939846,0.011620555638457758,-0.03141854985086351]
  ],
  "81": [
    [-0.4432138598746169,0.07666403412116386,0.17771641701399674]
  ],
  "82": [
    [-0.7926281574444948,-0.01832395537426092,0.4835272139102098]
  ],
  "83": [],
  "84": [
    [-0.46331268805033055,0.315219988631082,-0.18506534461131222],
    [-0.35568484111100657,0.5877948750875583,-0.020189553116283034],
    [-0.33660385179262053,-0.5652415209257631,0.05761675420986985],
    [-0.3261779287496972,0.2865687020017293,0.1880077428491829]
  ],
  "85": [
    [0.9884555161002824,-0.13458383943604285,-0.30365105094960504]
  ],
  "86": [],
  "87": [
    [-0.4732436662933555,0.8771004287591595,0.3111102674100391]
  ],
  "88": [],
  "89": [],
  "90": [],
  "91": [
    [-0.544715280376303,-0.26350518787062066,0.11999537166375722]
  ],
  "92": [
    [0.3779006776945103,-3.151201352515549e-5,0.11135518628544001]
  ],
  "93": [],
  "94": [],
  "95": [],
  "96": [
    [0.05543781209411082,-0.5863984561233183,-0.4548523700484551]
  ],
  "97": [],
  "98": [],
  "99": [
    [-0.41902247769718337,0.9135835872579189,-0.12152700287814285],
    [0.44383680691589217,-0.9100966576425051,-0.12315473487375367],
    [0.6566057283310913,-0.9784011797484945,-0.25940532656187376]
  ],
  "100": []
}
