{
  "1": [],
  "2": [],
  "3": [],
  "4": [],
  "5": [
    [0.026364801172965063,-0.13088016770118555,-0.39900678819889834]
  ],
  "6": [
    [-0.7389927898309323,-0.19226589228073349,-0.7237745801695052]
  ],
  "7": [
    [-0.40035779679705985,-0.968784928990162,-0.2667110621184997],
    [-0.10319703833056743,-0.11479739897366714,-0.7726229919583768],
    [-0.06518290834503612,-0.14235016575694603,0.6929963932189315]
  ],
  "8": [],
  "9": [],
  "10": [
    [-0.5892568772858383,0.11139497797025667,0.6920316324424174]
  ],
  "11": [],
  "12": [],
  "13": [],
  "14": [
    [-0.2248967643680434,-0.7637634228784335,0.5176996714482263]
  ],
  "15": [],
  "16": [],
  "17": [],
  "18": [
    [-0.007554827797003765,0.6234736057951851,0.14607373119338057]
  ],
  "19": [],
  "20": [],
  "21": [],
  "22": [
    [0.11346183646818314,0.16536967544336809,0.5219462076302637]
  ],
  "23": [
    [-0.648061470799535,0.03494915071130767,-0.474349588831313],
    [0.7679028003369571,0.04698254606783371,0.49122956362291753]
  ],
  "24": [
    [-0.09365476708725186,-0.17035803967690935,-0.4804363409640492]
  ],
  "25": [
    [-0.24753970052678384,0.8577814336076547,0.30625639265759486],
    [0.239222745666041,0.8182203610314088,-0.3402562053177234],
    [0.7615540598022815,0.12718875057318163,-0.9382491102334211]
  ],
  "26": [
    [0.7217497321810766,0.10957535581656452,-0.16297409272020238]
  ],
  "27": [],
  "28": [
    [-0.6963435537720295,0.2886695849734975,-0.3507950959162293],
    [0.6907868409707583,0.34871066324635547,0.34044324470111753]
  ],
  "29": [],
  "30": [],
  "31": [
    [-0.892386521655942,0.5125550150821707,-0.32971827972656764]
  ],
  "32": [
    [-0.8505222747561316,0.15501169369432966,0.4361952889433449]
  ],
  "33": [],
  "34": [
    [-0.4278145874942379,-0.6447582114228868,0.5224174187403741]
  ],
  "35": [],
  "36": [],
  "37": [
    [0.20696685831938907,-0.7484543368293508,0.30143754965658226],
    [0.20900737730841565,0.6901636199844071,0.3174875941828776]
  ],
  "38": [],
  "39": [],
  "40": [
    [-0.6012862794454976,-0.2884826914364646,-0.7948177808115806]
  ],
  "41": [],
  "42": [
    [-0.34156599896541673,0.6662729588205558,0.5248787514500929],
    [0.4984329498084513,-0.8723750130271797,-0.3158967670048814],
    [0.5657343543254388,0.8142306025953732,-0.18030130128966226]
  ],
  "43": [
    [-0.48132493260655274,-0.33850062898166433,-0.3712341226023295],
    [-0.2001266176581395,0.9250252922464596,-0.7402441969780917],
    [0.19475791027125108,0.500513826300457,0.6352615447315255]
  ],
  "44": [
    [-0.1838828682867588,-0.23253916104065975,0.0619253145721148],
    [-0.14321292530812,0.22077191578244523,-0.0578695456063766],
    [0.18094917889617512,0.20443705649606753,-0.06090856208157368],
    [0.14158079453734868,-0.2424506828606351,0.05790538572233814]
  ],
  "45": [
    [0.6761116196826467,0.5542352093725387,-0.9972857316086964]
  ],
  "46": [],
  "47": [
    [-0.6683704590999525,0.2702893801534831,-0.3568317834469818]
  ],
  "48": [
    [-0.9131148649969903,0.9177074029577852,-0.858460506660363]
  ],
  "49": [],
  "50": [
    [-0.46655977233697105,-0.8484305120875412,0.16157455630795609]
  ],
  "51": [],
  "52": [],
  "53": [
    [0.45748096953064404,0.21474569534128568,-0.3988533910451747]
  ],
  "54": [
    [-0.6451232818615671,-0.021655079586373777,0.2861592308096935],
    [0.5558221671425806,-0.022590272532498172,-0.1751149774300284]
  ],
  "55": [],
  "56": [],
  "57": [],
  "58": [],
  "59": [],
  "60": [
    [0.09290452893972838,0.6564629049253266,0.2820690989811888]
  ],
  "61": [
    [0.3752575400561979,0.9382419030674662,0.06880757316193148]
  ],
  "62": [
    [0.48441988234482847,-0.10188379142405474,-0.1200977222502414]
  ],
  "63": [
    [-0.17465379577498216,0.04037119416150625,-0.8235905467540631]
  ],
  "64": [],
  "65": [
    [0.8544803665590575,0.839941363193228,-0.07330905534079958],
    [0.7191720141874146,0.5402324635828407,-0.3660745361477887]
  ],
  "66": [],
  "67": [],
  "68": [
    [-0.02844285119753635,-0.06509150173395614,0.8513606468910574]
  ],
  "69": [
    [-0.6496760704507824,-0.09032762214784595,-0.07173243902273443],
    [0.6520846273948114,-0.09034066066611317,-0.07160947400839852]
  ],
  "70": [],
  "71": [
    [-0.8267084500851263,-0.3461529420769644,-0.3098623926560803]
  ],
  "72": [],
  "73": [],
  "74": [
    [0.7885018327774993,0.09188857803738534,-0.06635849913258028],
    [0.7885018327774993,0.768884781359924,-0.06635849913258028],
    [-0.7296206058126941,0.07996113451073325,-0.1388057694163064]
  ],
  "75": [],
  "76": [],
  "77": [
    [-0.35270087783649773,0.014503092363331391,-0.32113565534067007],
    [-0.38720232450251374,0.03650979827800442,0.3387124931669496]
  ],
  "78": [],
  "79": [
    [-0.1184182211536054,-0.030582093590587958,-0.16560700876259277]
  ],
  "80": [],
  "81": [],
  "82": [],
  "83": [
    [-0.6802704594425648,-0.2168432071400982,0.9844516655697749]
  ],
  "84": [],
  "85": [
    [-0.8371562364360171,0.5394894455975957,0.37550694461729217],
    [0.44793481092414184,-0.4774048073074283,-0.09139190049297624],
    [0.19482971056461312,-0.2477182898486361,0.3661560327000797]
  ],
  "86": [
    [-0.1964987437922253,-0.79029032224483,0.3780797878655924]
  ],
  "87": [],
  "88": [],
  "89": [
    [-0.2655388218575634,0.8971033023009994,0.32931085755363954]
  ],
  "90": [],
  "91": [
    [-0.16186159345200912,-0.4942652050062863,-0.08244748693291637]
  ],
  "92": [],
  "93": [
    [-0.05014559356343769,-0.18463325013611787,0.04919681927993976],
    [-0.04571500936831026,0.2410765868354724,0.04922489074388212],
    [-0.0409363117124042,0.9237497254685795,0.04925525574360724]
  ],
  "94": [],
  "95": [],
  "96": [],
  "97": [
    [0.38938758525971573,0.44644979266184376,0.6120228046941526]
  ],
  "98": [
    [-0.7831136401102322,0.1333255976716679,-0.37822783769710655],
    [0.7538574892169744,0.14515729638162583,0.38307348960993826]
  ],
  "99": [
    [-0.8163539986321023,-0.4478486611818557,-0.3749183562829118],
    [-0.31201835931804944,0.6029594893763272,-0.17061675843888577],
    [0.6225653590458035,-0.4288134233641133,0.2682683031322145],
    [0.3476032369462142,0.5328758021117557,0.15193966607011586]
  ],
  "100": [
    [0.012860091142514789,-0.06463999572965744,0.5164051479890253]
  ]
}
