{
  "1": [],
  "2": [
    [0.11148134732883126,0.021102281757268068,0.24126720655439518]
  ],
  "3": [
    [-0.6087741138740902,-0.26550916493759846,-0.19202760893901788],
    [-0.3438887640459319,-0.1157290010901591,0.08537792800064907],
    [-0.3089052475652116,0.14886381540733654,-0.29330866455592497],
    [-0.17364838769372354,0.514396511545125,0.12554269745897578]
  ],
  "4": [],
  "5": [],
  "6": [
    [0.024420416877952857,-0.028818485190646916,-0.06787020633693774]
  ],
  "7": [
    [0.054691133657945624,0.09619679239863443,-0.07864425402693362]
  ],
  "8": [
    [0.12045200865012708,-0.5969816286349896,0.07802358225059167],
    [0.2795924176342171,-0.8735281146115479,0.033621324504822775]
  ],
  "9": [
    [-0.6233297783424177,0.023422242412378523,-0.7780885855130156]
  ],
  "10": [
    [0.8396641652941026,-0.052377625110423494,0.11305906995083757]
  ],
  "11": [],
  "12": [
    [-0.9107774123317043,0.7165112353126427,-0.7978133183980523],
    [-0.6880808903667611,0.824975974968104,0.5085096009492829],
    [0.16408709130728877,-0.8576562050365643,0.0882320236865463]
  ],
  "13": [],
  "14": [],
  "15": [],
  "16": [
    [0.039804905429097856,-0.01020788539223098,0.09647183345263961]
  ],
  "17": [
    [-0.08274825066688206,0.09232751917044878,-0.18801585430560158],
    [0.14440055527211718,0.10429330496858873,-0.10803714179354164]
  ],
  "18": [],
  "19": [
    [0.42819418981664115,0.3157947154178234,0.16465149513946828]
  ],
  "20": [],
  "21": [
    [0.07091705963324979,-0.31330832873048775,0.06687472697581866]
  ],
  "22": [
    [-0.16750108395323765,-0.033010194440648476,-0.10084765083346779],
    [-0.1628447233578608,0.02203611165605324,-0.10956070449213412]
  ],
  "23": [],
  "24": [
    [-0.6943640208864359,-0.7215994744313534,-0.34870167589453827],
    [0.1539099371023439,-0.054096560995283274,0.15733176352018224]
  ],
  "25": [
    [0.2199472952177872,-0.09158644673593229,-0.4868447072220074],
    [0.24279184484311148,-0.25990888939997936,-0.111036690403638]
  ],
  "26": [
    [0.15825899652347467,-0.38527817202652953,0.1890978195555438]
  ],
  "27": [
    [-0.7999730788767211,0.8709107078140784,-0.32615460992595463],
    [0.5139957479561705,0.393689023794235,0.34609032583775234]
  ],
  "28": [
    [-0.6742596748980054,-0.10050212423368832,-0.14895085741230626]
  ],
  "29": [],
  "30": [
    [0.09750269000576994,0.20118220226664746,0.11744085778338104],
    [0.14474322585562646,0.3130487484991829,0.11963412282733105]
  ],
  "31": [],
  "32": [
    [0.09312563637737349,-0.21959140984052078,-0.032146105286978394]
  ],
  "33": [],
  "34": [
    [0.7426250780126659,-0.4861054219875891,-0.6276170213654888],
    [0.7641825875165859,-0.4967231401135968,0.6082654738627606]
  ],
  "35": [],
  "36": [],
  "37": [],
  "38": [
    [-0.07276878806888658,-0.05375666249838255,-0.08404890868068379]
  ],
  "39": [
    [0.5308966888366028,-0.5824028322619823,-0.6412892843402026],
    [0.13239669283938377,0.05081554838323181,-0.06124104932863445]
  ],
  "40": [
    [0.08293207654945521,-0.0005393411156166346,-0.10897873245850588],
    [0.08547126346093956,-0.0004994021936866562,0.08987184257314505]
  ],
  "41": [
    [-0.26777165547027704,-0.13771162598161182,0.8989323698603076],
    [-0.03498009958369892,-0.3119506401558631,-0.552720877211479],
    [-0.054120450132591216,-0.2900999955202348,0.46118331499047416],
    [0.04362511914497275,0.3018713755777512,-0.034490992676134806],
    [0.03923745618029207,0.3069433493705833,0.22668598453011785]
  ],
  "42": [
    [-0.5956031510475523,-0.09753947312023048,0.4168189678172605],
    [-0.3237891330219292,0.14984000240771833,0.013123429612424813]
  ],
  "43": [
    [0.13605492071803124,-0.007056163448658558,-0.053332404664356986]
  ],
  "44": [
    [-0.05501600191642092,-0.07598216973435358,0.05008741570347799],
    [0.1194798529724559,-0.08278873935088919,0.1673430962815215]
  ],
  "45": [
    [-0.48717500656042945,0.10274686200298175,0.02437691151263828]
  ],
  "46": [],
  "47": [],
  "48": [],
  "49": [
    [-0.8719547308662141,0.9100862764446275,-0.5705528136405394]
  ],
  "50": [
    [-0.5422810039980427,0.02050479995495573,0.48375012689287417]
  ],
  "51": [
    [0.24962511171325094,0.18496141762618631,0.052533533461215136],
    [0.3767505712847325,0.18496141762618631,0.052533533461215136]
  ],
  "52": [
    [-0.154648200714893,0.44384257076282047,-0.3117775579140271]
  ],
  "53": [],
  "54": [
    [-0.41281685613280755,-0.2415126793220619,-0.5226930373751331],
    [-0.4128168561328075,-0.24151267932206186,0.09288830043624398],
    [0.23512252501445957,-0.08657703390384096,-0.2702093803146805],
    [0.23512252501445963,-0.08657703390384097,0.11613374591551187]
  ],
  "55": [
    [0.03136069943609823,-0.16350181420327392,-0.0480671901846061],
    [0.05390151766302692,0.0630620464757422,0.06905159605474398]
  ],
  "56": [],
  "57": [
    [0.3630153064331578,-0.08368732225244903,-0.02894976065134921]
  ],
  "58": [],
  "59": [],
  "60": [],
  "61": [
    [-0.1491304147545687,0.24898752549818942,-0.47577644882781595],
    [-0.2158114396247768,0.015834793053825767,0.5834740926649525]
  ],
  "62": [],
  "63": [
    [-0.010117025496027138,0.0020657903191577264,-0.012639254983701177]
  ],
  "64": [
    [-0.3015909167808821,0.9692375619442111,0.1482840246128678]
  ],
  "65": [
    [0.03126581938509221,-0.6471855528623583,-0.6876836793721155],
    [-0.21835792550916688,-0.5113734810921982,0.010155463175358362]
  ],
  "66": [],
  "67": [],
  "68": [
    [-0.02227271092188416,0.08740569908050329,0.08591746513321999]
  ],
  "69": [
    [-0.10946927811883196,-0.10248714514697013,0.6635384245331658]
  ],
  "70": [
    [-0.4122162325983309,-0.18404213123684338,0.2167504832916819],
    [0.27758192063965414,-0.3610301456840102,-0.2574617233079145]
  ],
  "71": [
    [-0.6791186624895771,0.014382140844195288,-0.030407394812682138],
    [-0.7164277471015001,0.08502296903366398,0.1836440856410016],
    [0.018828958563367634,0.018390895993475848,0.47018406393163853]
  ],
  "72": [
    [-0.06642800322309683,-0.2208184398404508,-0.1980888967271109]
  ],
  "73": [],
  "74": [
    [-0.9478894415246628,0.3622882085349213,0.17667015656627832]
  ],
  "75": [
    [-0.035546153226723755,-0.06677749329675955,0.506823169313711],
    [-0.07036623560958342,0.13095418383783441,-0.46076765867255803]
  ],
  "76": [
    [-0.3170339167424896,-0.05742118116206239,0.011589138194846353],
    [0.3105130575424548,-0.05733177009308997,0.006251019586859464]
  ],
  "77": [
    [-0.20640168051279903,-0.022039306418595778,-0.04112499308376715]
  ],
  "78": [],
  "79": [
    [-0.5660239585368952,-0.04595766165644519,-0.36483606118032924],
    [0.002725325868561109,-0.04060007701405139,0.17166644827242833]
  ],
  "80": [
    [0.6595190298397393,0.2008495927680154,-0.0304894786144007],
    [0.08303170037474189,0.0476816441779253,0.4527148433888132]
  ],
  "81": [],
  "82": [
    [-0.7428829589636601,0.6863946115502192,0.6759344592098123]
  ],
  "83": [
    [-0.11157621551973265,-0.28572133955326146,-0.21860186517764021],
    [-0.0923694948751595,0.208437637226598,0.19024644544924088]
  ],
  "84": [
    [-0.16752796067885758,0.11638793378875324,0.7455703954156596]
  ],
  "85": [],
  "86": [
    [-0.09963381042302955,0.5700199908163726,-0.06730247307432405]
  ],
  "87": [],
  "88": [
    [-0.5679558139486728,0.0898654925895412,-0.020734645632448267],
    [-0.036000958442857896,0.032284180099364526,-0.020385709951933378]
  ],
  "89": [],
  "90": [],
  "91": [
    [-0.3086668104246471,0.11118339228583615,-0.16224648401344535]
  ],
  "92": [],
  "93": [
    [-0.38124186044943603,-0.18538715955474291,0.30712751125355764],
    [0.28600592591715407,0.19388891454678692,-0.3274192249963415]
  ],
  "94": [],
  "95": [],
  "96": [
    [-0.17372723935539985,-0.48951753698929407,-0.8538422224978796]
  ],
  "97": [
    [0.13657840750625894,0.023792774731528948,-0.1119028276380476]
  ],
  "98": [],
  "99": [],
  "100": []
}
