{
  "1": [],
  "2": [],
  "3": [],
  "4": [],
  "5": [],
  "6": [],
  "7": [],
  "8": [],
  "9": [],
  "10": [],
  "11": [],
  "12": [],
  "13": [],
  "14": [],
  "15": [],
  "16": [
    [0.8223220629914503,-0.9967851666051407,-0.9308177290489223]
  ],
  "17": [],
  "18": [],
  "19": [],
  "20": [],
  "21": [],
  "22": [],
  "23": [],
  "24": [],
  "25": [],
  "26": [],
  "27": [],
  "28": [],
  "29": [],
  "30": [],
  "31": [],
  "32": [],
  "33": [
    [-0.5830258042475392,-0.2999486950761347,0.8356029505481586],
    [0.5829123153462604,-0.29992892410311645,-0.8356462124523367]
  ],
  "34": [],
  "35": [],
  "36": [],
  "37": [],
  "38": [],
  "39": [],
  "40": [],
  "41": [],
  "42": [],
  "43": [],
  "44": [],
  "45": [],
  "46": [],
  "47": [],
  "48": [],
  "49": [],
  "50": [],
  "51": [
    [-0.6842675347040793,-0.8561691189000399,-0.6879158055706383]
  ],
  "52": [],
  "53": [],
  "54": [],
  "55": [],
  "56": [],
  "57": [],
  "58": [],
  "59": [],
  "60": [],
  "61": [],
  "62": [],
  "63": [],
  "64": [
    [-0.9760456374392578,-0.9578582458771658,0.9552115910498788]
  ],
  "65": [],
  "66": [],
  "67": [],
  "68": [],
  "69": [],
  "70": [],
  "71": [],
  "72": [],
  "73": [],
  "74": [],
  "75": [],
  "76": [],
  "77": [],
  "78": [
    [-0.9781189419005591,0.8161066221511204,0.949358806733821]
  ],
  "79": [],
  "80": [],
  "81": [],
  "82": [
    [-0.9905308117607866,-0.8975989332528624,-0.9011222950740202]
  ],
  "83": [],
  "84": [],
  "85": [],
  "86": [
    [0.6293071750554614,-0.9789480910463355,-0.9017696532284655]
  ],
  "87": [],
  "88": [],
  "89": [],
  "90": [],
  "91": [],
  "92": [],
  "93": [],
  "94": [
    [0.7406777126793375,-0.8586844817921406,0.8670630616802756]
  ],
  "95": [],
  "96": [
    [-0.9915138389687774,-0.5915277842346235,-0.7836495334841485],
    [-0.9757134946707275,0.5933154747146517,0.7914734802718079],
    [0.9802117887324447,-0.5975509772710736,-0.7859722730595397],
    [0.9962975092473001,0.595671853054819,0.77807927289658]
  ],
  "97": [],
  "98": [],
  "99": [],
  "100": []
}
