{
  "1": [],
  "2": [],
  "3": [],
  "4": [],
  "5": [],
  "6": [],
  "7": [],
  "8": [],
  "9": [],
  "10": [],
  "11": [],
  "12": [],
  "13": [],
  "14": [],
  "15": [],
  "16": [],
  "17": [],
  "18": [],
  "19": [],
  "20": [
    [-0.9430231798183417,-0.5767539641745045,0.5883427410954307],
    [0.9436951347577797,-0.5724761050560321,0.5948117801622824]
  ],
  "21": [],
  "22": [],
  "23": [],
  "24": [],
  "25": [],
  "26": [],
  "27": [],
  "28": [
    [-0.9078919656285969,-0.9203074467358902,-0.7049833817672738]
  ],
  "29": [],
  "30": [],
  "31": [],
  "32": [],
  "33": [],
  "34": [],
  "35": [],
  "36": [],
  "37": [],
  "38": [
    [-0.9924180019849969,-0.8517059835447286,-0.8105351489896939]
  ],
  "39": [],
  "40": [],
  "41": [],
  "42": [],
  "43": [],
  "44": [],
  "45": [],
  "46": [],
  "47": [],
  "48": [
    [0.861706847414353,0.9098355624544906,-0.8192792800387433]
  ],
  "49": [],
  "50": [],
  "51": [],
  "52": [],
  "53": [],
  "54": [],
  "55": [],
  "56": [],
  "57": [],
  "58": [],
  "59": [],
  "60": [
    [0.9764275975853624,-0.9917108697191068,-0.85504488986577]
  ],
  "61": [],
  "62": [],
  "63": [],
  "64": [],
  "65": [],
  "66": [],
  "67": [],
  "68": [],
  "69": [],
  "70": [],
  "71": [
    [-0.9308570280972991,-0.8228616292323941,-0.9042405734292824]
  ],
  "72": [],
  "73": [],
  "74": [],
  "75": [],
  "76": [],
  "77": [],
  "78": [],
  "79": [],
  "80": [],
  "81": [],
  "82": [],
  "83": [
    [0.7939422880845517,-0.9520944829159383,-0.5919081450224842],
    [0.9020543954715715,0.9399516096403755,-0.60650971035707]
  ],
  "84": [],
  "85": [],
  "86": [],
  "87": [],
  "88": [],
  "89": [],
  "90": [
    [0.3823655587283623,0.579667451990941,0.8391094124277101],
    [0.7186969786943155,0.2049033957117833,0.9975401733556555]
  ],
  "91": [],
  "92": [],
  "93": [],
  "94": [],
  "95": [
    [0.9336107900191052,0.8506129104440017,-0.6255577449723106]
  ],
  "96": [],
  "97": [],
  "98": [],
  "99": [],
  "100": []
}
