{
  "1": [],
  "2": [],
  "3": [],
  "4": [],
  "5": [],
  "6": [
    [-0.764965561904329,-0.3286397862205989,-0.9742052457736745]
  ],
  "7": [
    [-0.403754450643413,-0.7419622338312422,-0.62522262249367],
    [-0.9444457620507642,-0.6170342028310695,0.8544258376387717],
    [-0.9207960164321003,0.49192349944144903,-0.7907109344426063],
    [-0.8047669777599755,0.668974314195475,0.9242366577326391]
  ],
  "8": [],
  "9": [
    [-0.12447111574824268,-0.9041938143837096,0.43865714828472824]
  ],
  "10": [],
  "11": [
    [-0.9016047972986535,0.6410342983077619,0.08632079888392442]
  ],
  "12": [],
  "13": [],
  "14": [],
  "15": [],
  "16": [],
  "17": [
    [-0.5720757872150368,-0.5570294302791896,-0.788115419803565]
  ],
  "18": [],
  "19": [
    [0.8735429659568146,-0.6453848387978782,0.8474421597228573]
  ],
  "20": [],
  "21": [],
  "22": [
    [-0.669166059774128,-0.2829105023273527,0.9509444150306835],
    [0.6768294804156378,0.305508585282368,-0.9270467199312304]
  ],
  "23": [],
  "24": [],
  "25": [],
  "26": [
    [-0.9084890316972026,-0.5991633151729457,0.7700377922002145],
    [0.9084890316972027,0.5991633151729457,-0.7700377922002145]
  ],
  "27": [],
  "28": [],
  "29": [
    [0.434012697324935,-0.5020609993584212,-0.40350416693057634]
  ],
  "30": [],
  "31": [],
  "32": [],
  "33": [],
  "34": [],
  "35": [],
  "36": [],
  "37": [],
  "38": [],
  "39": [],
  "40": [],
  "41": [],
  "42": [],
  "43": [],
  "44": [],
  "45": [],
  "46": [],
  "47": [
    [0.947682215883617,-0.0762795314924185,0.6543946613128817]
  ],
  "48": [
    [-0.8996712296313225,-0.4834988036157101,-0.9410777999871662],
    [0.8996712296313226,0.48349880361570996,0.9410777999871661]
  ],
  "49": [],
  "50": [],
  "51": [],
  "52": [],
  "53": [],
  "54": [],
  "55": [],
  "56": [],
  "57": [],
  "58": [],
  "59": [
    [-0.7476823596159695,-0.7469239852666464,-0.7411188969791176]
  ],
  "60": [
    [-0.06850690215352802,-0.8117755357783829,0.5965167195553278]
  ],
  "61": [],
  "62": [
    [-0.5220200653306368,-0.8377522989053905,-0.8181043708894582]
  ],
  "63": [],
  "64": [
    [0.6626593115875758,-0.921314782733302,-0.4584015612089479]
  ],
  "65": [],
  "66": [],
  "67": [],
  "68": [],
  "69": [],
  "70": [],
  "71": [
    [-0.5814274191918973,-0.8199201765352685,-0.650878956157999]
  ],
  "72": [
    [-0.895362758312293,-0.4240982922756974,0.7998642849198302],
    [0.8746313271277821,-0.42211912620268816,-0.7308087263809693]
  ],
  "73": [],
  "74": [],
  "75": [],
  "76": [],
  "77": [],
  "78": [],
  "79": [],
  "80": [
    [0.6347299374307694,-0.702390875488492,-0.9083048463464183],
    [0.532698460732819,-0.8710385438961401,0.8947733444596054]
  ],
  "81": [],
  "82": [
    [-0.7291958097380818,-0.9740828065251355,0.7874941517635622]
  ],
  "83": [],
  "84": [],
  "85": [],
  "86": [],
  "87": [
    [-0.8810758456832973,0.834692549565035,0.9970559905100745]
  ],
  "88": [],
  "89": [
    [-0.09064718216112878,-0.9112104117133677,-0.002087193288461559],
    [0.09064718215893787,0.9112104117207693,-0.002087196293749531]
  ],
  "90": [],
  "91": [],
  "92": [
    [-0.733738297788274,-0.9691068834223967,0.7244931350464349]
  ],
  "93": [],
  "94": [],
  "95": [],
  "96": [
    [-0.788952788392057,-0.9738749710987546,-0.6557595710470157]
  ],
  "97": [
    [0.7743228322721624,-0.8249712652525738,-0.6778275272822398]
  ],
  "98": [],
  "99": [],
  "100": []
}
