{
  "1": [],
  "2": [],
  "3": [],
  "4": [],
  "5": [],
  "6": [],
  "7": [],
  "8": [],
  "9": [],
  "10": [
    [-0.5314155106529753,0.8372371745038245,0.9123736186494449]
  ],
  "11": [],
  "12": [],
  "13": [],
  "14": [],
  "15": [],
  "16": [],
  "17": [],
  "18": [],
  "19": [],
  "20": [
    [-0.765763557871354,0.8039400966136234,-0.11366336231561863]
  ],
  "21": [
    [-0.1875388681113396,0.09154239943696253,-0.9635930204349547],
    [0.18665096715206916,0.09243753402846681,-0.9635589035252236]
  ],
  "22": [
    [0.9337024926229214,0.9426007874624416,0.5515612719843787]
  ],
  "23": [],
  "24": [],
  "25": [],
  "26": [],
  "27": [
    [-0.300992916647788,-0.7579615407279203,-0.9217113795274124]
  ],
  "28": [
    [0.7345181546959639,0.8018579909184381,0.9279549417930061]
  ],
  "29": [],
  "30": [],
  "31": [],
  "32": [],
  "33": [],
  "34": [
    [-0.679676682157958,-0.9235160778142075,-0.5814021306912834]
  ],
  "35": [],
  "36": [],
  "37": [],
  "38": [],
  "39": [],
  "40": [],
  "41": [],
  "42": [],
  "43": [],
  "44": [],
  "45": [],
  "46": [],
  "47": [],
  "48": [],
  "49": [],
  "50": [],
  "51": [],
  "52": [],
  "53": [],
  "54": [],
  "55": [],
  "56": [
    [0.46362417544046597,0.21424036148944575,-0.9889137237880634]
  ],
  "57": [],
  "58": [],
  "59": [],
  "60": [],
  "61": [],
  "62": [
    [-0.806914231886559,0.4908333794141932,0.5915245377754846],
    [0.33705920073380236,-0.9476247165833277,0.8671624528634336]
  ],
  "63": [
    [-0.33269308490626764,-0.8203923215237516,-0.16930072031623186],
    [-0.3027253542173848,-0.30328837033677586,-0.5566332338840986],
    [-0.33683750001192064,0.8543474682058337,0.2419017544105889],
    [0.2959549296058365,0.28761698773897615,-0.6014068390750605]
  ],
  "64": [],
  "65": [
    [-0.6332769451153183,0.5618927947604191,0.19828327586517877],
    [0.594561827307528,-0.5186091715868693,0.1995043803228622],
    [-0.13133737069671647,-0.5186535780222463,0.20219269034511408],
    [0.12436057485535498,0.5637048386916392,0.2021716307485355]
  ],
  "66": [],
  "67": [
    [-0.5548805371559709,-0.7249057439951971,0.8270313653390677]
  ],
  "68": [],
  "69": [
    [0.9874991537954413,-0.46431228715318695,-0.335341759963912]
  ],
  "70": [],
  "71": [],
  "72": [
    [0.1485262299113747,0.10241818995594888,-0.6575090881435866]
  ],
  "73": [],
  "74": [
    [-0.5367829925053927,-0.5115970206659111,-0.6845178668800735],
    [-0.6772877508163965,0.48139126564088,-0.7393976677092206]
  ],
  "75": [],
  "76": [],
  "77": [
    [0.7364528678105641,0.7505401859690788,0.9822919935768798]
  ],
  "78": [],
  "79": [],
  "80": [],
  "81": [],
  "82": [],
  "83": [],
  "84": [],
  "85": [
    [-0.5264706994566775,0.145930934046816,0.6800088047225501]
  ],
  "86": [],
  "87": [
    [0.041491103564488964,0.11297468866421109,-0.7149296841302243]
  ],
  "88": [],
  "89": [],
  "90": [
    [-0.7025645733454984,-0.5002920848168866,-0.27800845363258764],
    [-0.562094013803688,0.5365562626508081,-0.27727183515588727]
  ],
  "91": [],
  "92": [],
  "93": [],
  "94": [
    [0.20915804314488445,-0.9709485849883173,0.8269665479610372]
  ],
  "95": [],
  "96": [],
  "97": [],
  "98": [
    [-0.0031456224437969057,0.3415305136652297,0.8813430918593614]
  ],
  "99": [],
  "100": [
    [0.9454303442624787,0.3368399567154841,0.523458300936531]
  ]
}
