{
  "1": [],
  "2": [],
  "3": [],
  "4": [],
  "5": [],
  "6": [],
  "7": [],
  "8": [],
  "9": [],
  "10": [],
  "11": [],
  "12": [],
  "13": [],
  "14": [],
  "15": [],
  "16": [],
  "17": [],
  "18": [],
  "19": [],
  "20": [],
  "21": [],
  "22": [],
  "23": [],
  "24": [],
  "25": [],
  "26": [],
  "27": [],
  "28": [],
  "29": [
    [-0.5632287901757052,-0.9938488995398568,0.9616420045014462]
  ],
  "30": [],
  "31": [],
  "32": [],
  "33": [],
  "34": [],
  "35": [
    [-0.8899827278660167,0.9209494306094608,-0.7771678432259194],
    [0.8749201590688348,0.8641977988834898,-0.8432358532775814]
  ],
  "36": [],
  "37": [
    [-0.7435659865485325,-0.7994932838327893,-0.9046585767412025],
    [-0.8181965869520138,-0.8863718541927034,0.7672520944061109],
    [0.7637141372170746,0.9229847057313693,0.8286024502838402],
    [0.9905571138293554,0.8221001521500335,0.9101168381211449]
  ],
  "38": [],
  "39": [],
  "40": [],
  "41": [
    [-0.909533321003767,0.965630023150128,-0.9337672484489499]
  ],
  "42": [
    [0.9210497788715231,-0.817874916284423,-0.9374276124076631],
    [0.9137087325606099,0.9750591064263172,0.686956995712842]
  ],
  "43": [],
  "44": [],
  "45": [],
  "46": [],
  "47": [
    [-0.9442578992272326,-0.9266980091154191,-0.85854358400125]
  ],
  "48": [
    [-0.8917866012933412,-0.7797413427440407,0.5777626668579205],
    [-0.7159023588807119,-0.964751125791318,0.8456277846163438],
    [-0.6547803659502159,-0.8770398857849846,0.8503217049313221],
    [-0.9043498109401398,0.8087290508089412,-0.6492803491883534],
    [0.5774603005634702,-0.6976378391113145,-0.9167748317829679]
  ],
  "49": [],
  "50": [],
  "51": [],
  "52": [],
  "53": [],
  "54": [],
  "55": [],
  "56": [],
  "57": [],
  "58": [],
  "59": [],
  "60": [],
  "61": [],
  "62": [],
  "63": [
    [0.9335272140251121,0.9045640366231492,0.606410804297165]
  ],
  "64": [],
  "65": [
    [-0.9989687656193552,0.9657097723800887,0.9323587118654297]
  ],
  "66": [],
  "67": [],
  "68": [],
  "69": [
    [-0.9339289295759072,-0.44061930407844685,-0.9938998250594502]
  ],
  "70": [],
  "71": [],
  "72": [],
  "73": [],
  "74": [],
  "75": [
    [0.9427459377616045,-0.8900522392724559,-0.9476507653757456],
    [0.6101739034138142,0.992281149829978,0.979916737525085]
  ],
  "76": [],
  "77": [],
  "78": [],
  "79": [],
  "80": [],
  "81": [],
  "82": [],
  "83": [],
  "84": [],
  "85": [
    [-0.8347551292489702,-0.8642254437695893,0.7955777361980871]
  ],
  "86": [],
  "87": [],
  "88": [],
  "89": [],
  "90": [
    [-0.8442805747838701,0.6136110381576017,0.8967686754367936]
  ],
  "91": [],
  "92": [],
  "93": [],
  "94": [],
  "95": [],
  "96": [],
  "97": [
    [-0.8197588256707434,0.900910833618168,0.8124309115621119],
    [0.7740707127134343,-0.8532206469470794,-0.9193463843127376]
  ],
  "98": [],
  "99": [],
  "100": []
}
