{
  "1": [],
  "2": [],
  "3": [
    [-0.6923788059028112,0.3939962204227366,-0.5416922975653643,0.010993073579662407],
    [-0.6871289168389051,-0.005070266864772814,-0.47737263043902545,-0.8120368779339484]
  ],
  "4": [],
  "5": [],
  "6": [],
  "7": [],
  "8": [],
  "9": [],
  "10": [],
  "11": [],
  "12": [],
  "13": [],
  "14": [],
  "15": [
    [0.7553281774608552,-0.5281603057149096,-0.47516651787139774,0.8758911492109737],
    [0.49078877202042076,0.5800512316585479,-0.9162358142994201,0.5905048067051837],
    [0.728300000737634,0.42261003796677493,-0.6115806746159581,0.7190177921365742]
  ],
  "16": [
    [0.8798516781156612,-0.3349079067741305,-0.1377164172252568,0.15437807014173882]
  ],
  "17": [],
  "18": [],
  "19": [],
  "20": [],
  "21": [],
  "22": [],
  "23": [
    [-0.034147076673097854,-0.2630246250040968,-0.6103226323074777,-0.3250283089298905],
    [-0.03414991194327919,-0.2604308228652533,0.6604678804009371,-0.2775954198013248]
  ],
  "24": [],
  "25": [],
  "26": [],
  "27": [
    [0.9851829479615523,-0.6667366032063173,0.3471885047524636,-0.7526069057256212]
  ],
  "28": [],
  "29": [],
  "30": [],
  "31": [],
  "32": [
    [0.6291737087372624,-0.5216370939187018,-0.587081941196479,0.8930799411881806]
  ],
  "33": [],
  "34": [],
  "35": [],
  "36": [],
  "37": [
    [-0.8287599142227832,-0.7340359654358696,0.9468593266717094,-0.8952694544327663],
    [0.839767289333035,-0.7402252720813439,0.9332120756637388,-0.8539775585997829]
  ],
  "38": [],
  "39": [],
  "40": [
    [-0.6775082260623272,-0.8531360609329838,0.35978345903579784,-0.791061915150063],
    [-0.8880726730490396,0.9028861133107532,0.02419948387643003,-0.7727417826344202]
  ],
  "41": [],
  "42": [],
  "43": [],
  "44": [],
  "45": [],
  "46": [
    [-0.7653703097809648,0.41771930548529773,0.9615776492451015,-0.9288205327970315],
    [-0.6570010296885028,0.6870349836274736,0.5383050375560875,-0.5519638919832566]
  ],
  "47": [],
  "48": [],
  "49": [],
  "50": [],
  "51": [],
  "52": [],
  "53": [
    [0.5042772430086293,-0.6608700173904005,-0.788342122451715,0.6684334344610638],
    [0.46830460709346144,0.8253127029127143,0.7825937077454179,-0.6707333695803548]
  ],
  "54": [],
  "55": [
    [-0.46092423489181034,-0.6516944116242843,-0.9130966911051602,0.8186516607607337]
  ],
  "56": [],
  "57": [],
  "58": [],
  "59": [],
  "60": [],
  "61": [],
  "62": [],
  "63": [],
  "64": [],
  "65": [
    [-0.2038836849108107,-0.9907816115397678,-0.9328372952369142,0.6698834219839012]
  ],
  "66": [],
  "67": [
    [0.6172457734376786,-0.7382427282114227,-0.6823747622320777,-0.7530351665047424]
  ],
  "68": [],
  "69": [],
  "70": [
    [-0.7723729030051449,-0.07367351954973571,-0.879558931631148,0.10940000145916674]
  ],
  "71": [],
  "72": [],
  "73": [],
  "74": [],
  "75": [
    [-0.8890806550237339,0.5500947977478081,-0.3196945389392034,0.4189382296080294],
    [0.845118113260834,0.5695359412479809,-0.13139682392639151,0.4135862958826649]
  ],
  "76": [],
  "77": [
    [-0.250083810541279,-0.40756078444224775,-0.17419483014333723,0.8419552307433702],
    [0.22833576873841224,0.4912387708863017,0.20009812252557438,-0.7175410200472265]
  ],
  "78": [],
  "79": [],
  "80": [
    [-0.572729197123583,-0.6352895462694632,0.03775966603960246,-0.18759337253272254],
    [-0.5728659365640979,0.2882361489895103,0.03986194246323681,-0.19137602817955537]
  ],
  "81": [
    [-0.7468694168031687,-0.4560291184453094,0.45102115461954856,0.4901500366444734],
    [-0.6117096992851547,0.5810479788979478,-0.3045859454556734,0.3055807625042409]
  ],
  "82": [
    [-0.9000124361798442,-0.9070908226412511,0.5757796606014567,0.681378158805111]
  ],
  "83": [],
  "84": [
    [0.18755688920623784,-0.7304244703981873,-0.6259284143974844,0.6607411780593238],
    [0.22014932302187118,0.8859792279585049,-0.525916920237482,-0.1188457131125657]
  ],
  "85": [
    [-0.48512422095801083,-0.0476895854491334,-0.9345861167985234,-0.4073377405995339],
    [-0.4851347658766343,-0.04684615493914201,-0.9366013066987234,0.4073394232840568]
  ],
  "86": [],
  "87": [],
  "88": [
    [-0.8955475381896301,-0.6184930278158298,-0.08415364532364833,0.4471348731081344],
    [-0.8925938539601384,-0.6178707387613853,0.0786940177621682,-0.4499474328686032],
    [0.8439170257571736,0.8307306109428798,-0.07065267834175692,0.42173635625899486],
    [0.8475224074652996,0.8303812882958507,0.06599866003937185,-0.41950042463443643]
  ],
  "89": [],
  "90": [],
  "91": [],
  "92": [
    [0.1292925243075195,-0.7030504812742038,-0.6069837453119827,-0.4246361278401738]
  ],
  "93": [],
  "94": [],
  "95": [
    [-0.9211872865410053,-0.7610516765699518,0.28328658499657716,-0.5924216513886332]
  ],
  "96": [],
  "97": [
    [-0.19093383856302143,-0.3662252167289236,0.5896186447860774,0.8537000186883781]
  ],
  "98": [],
  "99": [
    [0.7506672438189123,-0.9536105628498053,0.23821212104436582,-0.4739356554612584],
    [0.9829404823686758,0.812964000288825,-0.31705705379671517,0.32818793347609027]
  ],
  "100": [
    [-0.9949758422312609,0.541194711115657,-0.26173681812644634,-0.9312902239947127]
  ]
}
