{
  "1": [],
  "2": [],
  "3": [],
  "4": [],
  "5": [],
  "6": [],
  "7": [],
  "8": [],
  "9": [],
  "10": [],
  "11": [],
  "12": [],
  "13": [],
  "14": [],
  "15": [],
  "16": [],
  "17": [],
  "18": [],
  "19": [],
  "20": [
    [-0.3479025928559342,-0.6058197047772018,0.9475720127455951,-0.9098425136962154]
  ],
  "21": [],
  "22": [],
  "23": [],
  "24": [],
  "25": [
    [-0.9155097231107593,-0.29493334506099017,-0.5431672124188655,-0.6359533793765193],
    [-0.9293721706580731,-0.0656403985931367,-0.47292887329184763,-0.9777012899730108],
    [-0.9664817810305566,-0.48165954536566546,0.8565241795410004,-0.6504728801668379],
    [-0.9071342831328986,0.3906685098876598,-0.5252404088206912,0.2573077812120057],
    [0.9988946370881907,-0.5183619752384784,-0.5012841597809731,-0.5276929203910943],
    [0.9227794406642981,-0.15717010659172917,-0.8213904229300568,0.6393387673130397],
    [0.9374569109408305,0.2704316296500258,0.6160545240858419,0.2738331346578172]
  ],
  "26": [
    [-0.7020902635715509,-0.8547195603105382,-0.6067241932600361,0.6686701092092416]
  ],
  "27": [],
  "28": [],
  "29": [],
  "30": [],
  "31": [],
  "32": [],
  "33": [],
  "34": [],
  "35": [],
  "36": [],
  "37": [],
  "38": [],
  "39": [
    [0.9810287586891474,0.6985016087590105,-0.5686059949525688,0.9359443466645574]
  ],
  "40": [],
  "41": [],
  "42": [],
  "43": [],
  "44": [],
  "45": [],
  "46": [],
  "47": [],
  "48": [
    [-0.5660228504574085,-0.6598271505574695,0.37073407839055667,0.8955763695260104],
    [0.517082067937863,0.5536035765627214,0.4546845825777454,0.945687293639212]
  ],
  "49": [],
  "50": [],
  "51": [],
  "52": [],
  "53": [
    [-0.6330897123598599,-0.2042839858021114,-0.6075115247008877,0.06830266554934823],
    [-0.1326524750096434,0.7071026566878443,0.8311375370108995,0.2928480924170949],
    [0.6360463847999412,-0.20055910397772836,0.6107304415472476,-0.06799549171378905],
    [0.13358951338081004,0.7145442277146163,-0.822541470733112,-0.29069136690498176]
  ],
  "54": [],
  "55": [],
  "56": [],
  "57": [],
  "58": [],
  "59": [
    [0.993508472226132,-0.7236782993782398,-0.7193422502626681,-0.03234818269951433],
    [0.977931274798541,-0.7656546267650102,0.6916290767477942,-0.032365731947097694]
  ],
  "60": [],
  "61": [
    [-0.31425683178397273,0.5703354294149352,0.30586122592040077,-0.9596213679565874]
  ],
  "62": [],
  "63": [
    [0.45476393158616585,-0.8953750140485267,0.7129070928915552,-0.6942236763642877],
    [0.823626110828288,0.8476718285606241,-0.8601344949634069,-0.5776155606397226]
  ],
  "64": [],
  "65": [],
  "66": [],
  "67": [],
  "68": [],
  "69": [],
  "70": [],
  "71": [
    [-0.2731709708751724,0.9103870988527234,0.8412792981463916,-0.20529070835866745],
    [0.16741130279373406,0.8736538125472715,0.8425312082791044,-0.373126836305854]
  ],
  "72": [],
  "73": [
    [0.6926898261573006,-0.7589966125894301,0.6362665590137113,0.8282028750466766]
  ],
  "74": [],
  "75": [
    [-0.7936231144073174,-0.9704883696703682,0.41091079841875433,0.22603501114223595]
  ],
  "76": [],
  "77": [],
  "78": [],
  "79": [],
  "80": [],
  "81": [],
  "82": [],
  "83": [
    [-0.779599838514551,0.8333164278691245,0.8438882896120821,0.8345856523455114],
    [-0.6104707534783719,0.6412238286720884,0.712909650953665,0.8938233078688362]
  ],
  "84": [],
  "85": [
    [-0.8273947165310459,-0.619262427498941,-0.9900021153119711,0.8872818562463999]
  ],
  "86": [],
  "87": [
    [0.2786969410320209,0.9248593374696914,-0.2653568183672155,0.48041017015312426]
  ],
  "88": [],
  "89": [],
  "90": [
    [-0.1436568436724588,-0.8061736042847123,-0.7025048862442201,-0.4726789490733128],
    [-0.1432046469733936,-0.8795195403551339,0.7257035118103677,0.43939824733331384]
  ],
  "91": [],
  "92": [
    [0.8314393546540848,-0.5905792317359596,-0.9886824602650447,-0.8537724680184091]
  ],
  "93": [
    [-0.05517812578889153,0.5569402145206805,-0.8469719585763679,-0.5051766427817309],
    [0.9535780153251407,-0.5732613552562735,-0.5238551614806118,0.23141179064371617],
    [0.2510153428167374,0.4997037917358539,0.9875554097619886,0.4708937877395114]
  ],
  "94": [],
  "95": [
    [-0.43746509525348976,-0.49807924556707606,-0.3911437545181538,-0.5493740505844154],
    [-0.3102717179349158,-0.6739740444204659,-0.4815551020321357,0.8549072655565749],
    [0.37722665518429,0.6047065198458377,-0.7025003409469885,0.9231086727175243],
    [0.6237241150874252,0.6639459801409469,-0.8429669494563776,0.9058571589243866],
    [0.3702173597414208,0.5412851244703357,0.740876140798499,-0.9511759604968614]
  ],
  "96": [],
  "97": [],
  "98": [],
  "99": [
    [-0.7158726546415769,0.916342250571717,-0.5934329808847323,-0.5311102860281972]
  ],
  "100": []
}
