{
  "1": [],
  "2": [],
  "3": [],
  "4": [
    [-0.7150041636524269,0.5995730422140534,0.803919405996875,0.6782747770515543]
  ],
  "5": [],
  "6": [],
  "7": [],
  "8": [],
  "9": [
    [0.7174394351716548,-0.962906224458581,0.5995330107887705,0.8766552137021495]
  ],
  "10": [],
  "11": [],
  "12": [],
  "13": [],
  "14": [],
  "15": [],
  "16": [],
  "17": [],
  "18": [],
  "19": [],
  "20": [],
  "21": [],
  "22": [],
  "23": [],
  "24": [],
  "25": [
    [-0.5158769713313032,-0.8727067995935855,-0.34000374016529095,-0.44064765819740165]
  ],
  "26": [
    [-0.9697575745590448,-0.7298850588770494,-0.5276626992061692,-0.8961592696738824]
  ],
  "27": [],
  "28": [],
  "29": [],
  "30": [],
  "31": [],
  "32": [],
  "33": [],
  "34": [],
  "35": [],
  "36": [],
  "37": [],
  "38": [],
  "39": [],
  "40": [],
  "41": [],
  "42": [],
  "43": [],
  "44": [],
  "45": [],
  "46": [
    [-0.7892637902708405,-0.6454798819188158,0.7864675457931813,-0.7163586028741477],
    [-0.6933020408948449,-0.6075117020787055,0.8348252776234018,-0.8961037317774105]
  ],
  "47": [],
  "48": [],
  "49": [],
  "50": [],
  "51": [
    [-0.8583401151384129,-0.7725311183276702,-0.95803902682466,-0.8212744633952193]
  ],
  "52": [],
  "53": [],
  "54": [],
  "55": [],
  "56": [],
  "57": [],
  "58": [],
  "59": [],
  "60": [],
  "61": [],
  "62": [],
  "63": [],
  "64": [],
  "65": [
    [-0.7252594365417745,-0.8585566482550212,-0.8375654088159382,-0.7722789368887676]
  ],
  "66": [
    [-0.07141055679510215,-0.24742448506099363,-0.8892036279207051,0.01734903805623571]
  ],
  "67": [],
  "68": [],
  "69": [],
  "70": [],
  "71": [],
  "72": [],
  "73": [],
  "74": [],
  "75": [],
  "76": [],
  "77": [],
  "78": [],
  "79": [],
  "80": [
    [0.45721359564715286,-0.8711150243125643,0.8978014061363244,-0.8800501284646741]
  ],
  "81": [],
  "82": [],
  "83": [],
  "84": [],
  "85": [
    [-0.7687127425585183,0.5826685006741403,0.5689047946376402,-0.9713275638402892]
  ],
  "86": [],
  "87": [
    [0.994849074149933,0.6133020844574693,-0.18516201876219124,-0.6334628387300448]
  ],
  "88": [],
  "89": [],
  "90": [],
  "91": [],
  "92": [],
  "93": [],
  "94": [],
  "95": [],
  "96": [],
  "97": [],
  "98": [],
  "99": [],
  "100": []
}
