{
  "1": [],
  "2": [],
  "3": [],
  "4": [],
  "5": [],
  "6": [],
  "7": [],
  "8": [],
  "9": [],
  "10": [],
  "11": [],
  "12": [],
  "13": [],
  "14": [],
  "15": [],
  "16": [],
  "17": [],
  "18": [],
  "19": [],
  "20": [],
  "21": [
    [-0.5266841623970817,0.8460907261166567,-0.9722246983399957,0.8939792959771382],
    [0.5238020710280429,-0.8491055869374241,-0.9786319787539088,0.8861283007720366]
  ],
  "22": [],
  "23": [],
  "24": [
    [0.7713010616817358,0.9452842076834836,-0.9206345431379638,-0.9447054359338948]
  ],
  "25": [],
  "26": [],
  "27": [],
  "28": [
    [-0.7944500701879761,0.775462458767594,-0.8963078951515533,0.9962570856300286]
  ],
  "29": [],
  "30": [],
  "31": [],
  "32": [],
  "33": [],
  "34": [],
  "35": [],
  "36": [],
  "37": [],
  "38": [],
  "39": [],
  "40": [],
  "41": [],
  "42": [
    [0.7184254401998812,0.5640900413487046,-0.8060190792740112,-0.998521407600339]
  ],
  "43": [],
  "44": [],
  "45": [],
  "46": [],
  "47": [],
  "48": [],
  "49": [],
  "50": [],
  "51": [],
  "52": [],
  "53": [],
  "54": [],
  "55": [],
  "56": [],
  "57": [],
  "58": [],
  "59": [],
  "60": [],
  "61": [
    [-0.05630353917377997,-0.6942500976606546,0.8846639605264749,0.8709510671101456],
    [-0.05718455173358681,0.7543674578559622,0.9292285365287526,0.7263011384146795]
  ],
  "62": [],
  "63": [],
  "64": [],
  "65": [],
  "66": [],
  "67": [],
  "68": [],
  "69": [],
  "70": [],
  "71": [],
  "72": [],
  "73": [],
  "74": [],
  "75": [],
  "76": [],
  "77": [],
  "78": [],
  "79": [],
  "80": [
    [-0.6570948433233068,0.7411278110757158,0.9605127522132082,-0.8880626261716639]
  ],
  "81": [],
  "82": [],
  "83": [],
  "84": [],
  "85": [],
  "86": [],
  "87": [],
  "88": [],
  "89": [],
  "90": [],
  "91": [],
  "92": [],
  "93": [],
  "94": [],
  "95": [],
  "96": [],
  "97": [],
  "98": [],
  "99": [],
  "100": []
}
