{
  "1": [],
  "2": [
    [-0.8271867988768336,0.4530173182945523,0.40015951629974866,0.41902545896756604]
  ],
  "3": [
    [0.7902768052352988,-0.11809154563210354,-0.04583162156495014,0.27005918378283883]
  ],
  "4": [],
  "5": [],
  "6": [],
  "7": [],
  "8": [],
  "9": [],
  "10": [],
  "11": [],
  "12": [],
  "13": [
    [0.48504730327294043,-0.14832127236401332,-0.32608390501992673,-0.8639308910689842],
    [0.4801274081171838,-0.1477370001616613,-0.7400395172993869,0.3142156220626144],
    [0.44748556333974404,-0.15927860296454158,-0.07145969084812052,0.6018060006366494]
  ],
  "14": [],
  "15": [
    [-0.9151172795864315,0.5495222964457607,0.6262061339931481,-0.9548927707597701],
    [0.8070236990188687,0.30837328662961777,0.41027799698055284,0.8465761643596316]
  ],
  "16": [
    [-0.44533652526642653,0.9803401211821442,-0.6991454138888034,-0.4621718085637289]
  ],
  "17": [],
  "18": [
    [-0.3680421218601202,0.5537201369739639,-0.15873464966660014,0.7839443469454405]
  ],
  "19": [],
  "20": [],
  "21": [],
  "22": [],
  "23": [],
  "24": [
    [0.3710406973217774,-0.36254893488592704,0.8576973289536538,-0.6098402976454506]
  ],
  "25": [],
  "26": [],
  "27": [],
  "28": [
    [0.48676778564935796,-0.13292929405982268,-0.42563524707814027,-0.06693387698016247]
  ],
  "29": [],
  "30": [],
  "31": [
    [0.14642877341606306,-0.005370870733441148,0.6099283407452836,0.9043336778742828]
  ],
  "32": [],
  "33": [
    [-0.5251706380448156,-0.38315918388448883,0.5415605192097677,-0.6946603546005393],
    [0.6039454326022524,0.5379963815848229,-0.6232643707170928,-0.37374377528506225],
    [0.6139372293521261,0.7841227589526545,-0.25918676876399044,-0.18293616082455363]
  ],
  "34": [
    [0.015349974771979,0.9108203188981443,-0.05886102047003064,-0.5626285911258506],
    [0.015350624255455731,0.9097104115850204,-0.05883330484063979,0.5625554938210374]
  ],
  "35": [],
  "36": [
    [-0.28236118993429465,-0.9314603494642186,0.4783893107771148,0.638795283400518],
    [-0.8418579309448633,0.8487670176833699,0.714053425788203,-0.56724497560424],
    [-0.6445816094449651,0.818073608629628,0.7222267728163685,-0.9483616525091135]
  ],
  "37": [
    [-0.7224614048915122,-0.06700332667925898,-0.3172383236247878,-0.805373851571258]
  ],
  "38": [],
  "39": [],
  "40": [],
  "41": [],
  "42": [],
  "43": [
    [0.2460671389773153,-0.7013639381842204,-0.9085832635534686,0.4023233777803188],
    [0.3499159043375495,0.9892894967682252,0.69677940054278,-0.1863133687180175]
  ],
  "44": [],
  "45": [
    [0.400952772603651,-0.1868397704058889,-0.2994545936702323,-0.5402949593664053]
  ],
  "46": [
    [-0.30835907552561853,-0.29401372152821587,0.7594121999562785,-0.98478540895307],
    [-0.29319752357316314,-0.29119239759548554,0.7570078301208091,0.26494851279763526]
  ],
  "47": [
    [-0.12251278564237916,-0.244923908603338,0.7006383645190031,-0.40623846914303857],
    [0.11953260767789606,-0.2429791478831514,-0.7176074102867862,-0.40698602252083355]
  ],
  "48": [],
  "49": [],
  "50": [],
  "51": [],
  "52": [
    [0.8514581004535978,-0.046714334616113476,-0.18345577265453442,0.15751608342758272]
  ],
  "53": [],
  "54": [],
  "55": [],
  "56": [],
  "57": [],
  "58": [],
  "59": [],
  "60": [],
  "61": [],
  "62": [
    [-0.0807929346253826,-0.07795054083901579,0.6068404093461203,0.07941896390442175]
  ],
  "63": [],
  "64": [],
  "65": [],
  "66": [
    [-0.2365117935507424,0.1224407327171092,0.7498315374961931,-0.6748888306273996]
  ],
  "67": [
    [-0.4493966416011826,-0.8624829544584762,0.3997590858359516,-0.7341009902774287]
  ],
  "68": [],
  "69": [],
  "70": [
    [-0.1785989002807668,0.32254117346971584,-0.08866068591222376,-0.7604318965876781]
  ],
  "71": [],
  "72": [],
  "73": [],
  "74": [],
  "75": [],
  "76": [],
  "77": [],
  "78": [],
  "79": [],
  "80": [],
  "81": [
    [-0.55476426214595,-0.30661560186171827,0.30942873202992655,0.34189037702203223],
    [-0.8176543028785075,0.26864247039381356,0.2200113357719174,-0.690730411099815]
  ],
  "82": [],
  "83": [],
  "84": [],
  "85": [
    [0.0425959669972433,-0.6360510377417279,-0.6185774905007009,-0.6941649902979086]
  ],
  "86": [
    [0.7798085165409716,-0.5492849706945443,-0.9466472258470962,-0.39776190009708384]
  ],
  "87": [],
  "88": [],
  "89": [
    [-0.06833722470046366,-0.5320801593267404,-0.2980746539126108,0.16040293577562792],
    [-0.0981814861996932,-0.36446505959512737,-0.5241425608256208,0.16042856194397764]
  ],
  "90": [],
  "91": [],
  "92": [],
  "93": [
    [-0.25093617145487424,-0.9548228428398556,0.06711826870470622,-0.4703009714773677],
    [-0.28546813137742805,0.8992485496095572,0.07677627423923691,-0.49810259403152424],
    [0.2294626955885472,-0.8739588012779178,0.08160252554731563,0.7152793964117017],
    [0.25302539424077225,0.8748938949279875,0.0660926604352903,0.573013629458413]
  ],
  "94": [
    [0.9126639869267326,-0.8732050453493335,-0.982314129808216,0.13509597685050476]
  ],
  "95": [],
  "96": [],
  "97": [],
  "98": [],
  "99": [],
  "100": []
}
