{
  "1": [],
  "2": [
    [0.2353057577118333,-0.776435933401779,-0.17437289700018774,-0.8725618443805534],
    [0.21584313122302345,-0.6755634399667423,0.6931426996743775,-0.71340609631346]
  ],
  "3": [],
  "4": [
    [-0.17526240916656904,-0.2723432778614295,0.6191672355373835,-0.0699616228276737],
    [0.7467204952329977,-0.5882811604464789,-0.1186234967826387,-0.8875918110663019]
  ],
  "5": [],
  "6": [],
  "7": [
    [-0.8960012612224101,0.39024515900443557,-0.20310685638366854,0.14204482748804434],
    [-0.8720091203233638,0.08111459394238392,-0.17989897675115304,0.15189871464075286],
    [-0.8320008658436985,0.07678177524264654,0.1493341464808084,-0.2168988821593877]
  ],
  "8": [],
  "9": [],
  "10": [],
  "11": [],
  "12": [],
  "13": [],
  "14": [],
  "15": [],
  "16": [],
  "17": [],
  "18": [],
  "19": [],
  "20": [],
  "21": [
    [-0.7821992786945557,-0.9130401528628727,-0.23069496880088364,-0.3523673196184631],
    [-0.3792037455773562,-0.27584850684901574,-0.5868940079690341,-0.26092631210569994]
  ],
  "22": [
    [-0.47881943704645075,-0.48390304738432655,-0.8497503552696957,-0.30506501120231916]
  ],
  "23": [
    [0.47926900781462767,0.744472172924346,0.11409020511827957,-0.2657271323063695]
  ],
  "24": [
    [0.41769839559847943,-0.29532701016429264,-0.4493141438011069,0.3041169746466718]
  ],
  "25": [
    [-0.007574531577283497,-0.5937176729895168,-0.7870523191124775,0.8902949894341223]
  ],
  "26": [],
  "27": [],
  "28": [],
  "29": [],
  "30": [],
  "31": [
    [-0.3913519717284366,-0.9337748314310799,0.14148933314745946,-0.17033778388986182],
    [-0.1525430657622339,-0.5835384333788884,0.6972570301747277,-0.12677529089115627],
    [-0.6254810776216653,0.886975712055199,-0.16936885435579876,0.33344640622078625]
  ],
  "32": [],
  "33": [],
  "34": [],
  "35": [],
  "36": [],
  "37": [],
  "38": [],
  "39": [],
  "40": [],
  "41": [],
  "42": [],
  "43": [],
  "44": [],
  "45": [],
  "46": [],
  "47": [],
  "48": [],
  "49": [],
  "50": [],
  "51": [],
  "52": [],
  "53": [],
  "54": [],
  "55": [],
  "56": [],
  "57": [],
  "58": [],
  "59": [],
  "60": [],
  "61": [],
  "62": [],
  "63": [],
  "64": [
    [-0.07262271253485776,-0.5121131952973487,0.04014723191892825,-0.6943616578357117],
    [0.07332275836830474,0.5278269597899038,0.039203987397443865,0.9932786889890832]
  ],
  "65": [],
  "66": [],
  "67": [],
  "68": [],
  "69": [],
  "70": [],
  "71": [],
  "72": [],
  "73": [],
  "74": [],
  "75": [],
  "76": [],
  "77": [],
  "78": [],
  "79": [],
  "80": [],
  "81": [],
  "82": [],
  "83": [],
  "84": [],
  "85": [
    [0.9015068363883015,0.7600817381751682,-0.7225494282611323,0.4926366033772118]
  ],
  "86": [
    [0.07978089402487698,0.9830282222469805,-0.1961997598216478,-0.19650164551237256]
  ],
  "87": [
    [-0.8253647627469985,-0.917706616363099,-0.9760928693492729,0.17150415495125834]
  ],
  "88": [],
  "89": [
    [-0.8896642549746536,-0.599725884307037,-0.8241504583714896,-0.25488621755838925],
    [-0.8839248400763888,-0.5046582493444188,-0.4806908937835971,-0.017234710658848813]
  ],
  "90": [],
  "91": [],
  "92": [],
  "93": [],
  "94": [
    [0.9899959590053347,0.14760774777920216,-0.44379481832307094,0.37102004200652533]
  ],
  "95": [
    [-0.8304736718355997,-0.4984016287445388,0.21197011588552978,0.7947993575507958],
    [0.08284320247328256,-0.39707587121343024,-0.9733819159167046,0.2473568638947608],
    [0.8304002212278784,0.4945833886358002,-0.18260663027169827,0.8492578923669196]
  ],
  "96": [],
  "97": [],
  "98": [],
  "99": [],
  "100": []
}
