{
  "1": [
    [0.2165485103244872,0.9518628347197808,-0.8363250980038094,-0.398131471129628]
  ],
  "2": [],
  "3": [],
  "4": [],
  "5": [],
  "6": [],
  "7": [],
  "8": [
    [0.7949909836970823,-0.09232278947427222,-0.7057575737959453,-0.02379192559695007]
  ],
  "9": [
    [-0.24198923217266352,-0.07638347437248359,-0.2413444619256683,0.05923233142006941]
  ],
  "10": [
    [0.3104519224922043,-0.23027793833400143,-0.6426750071398041,0.0005723571831438377],
    [0.32634004599597033,-0.27477629169512907,-0.6147679101254878,0.14634479667234407],
    [0.6962850897173352,-0.3516883639834657,0.33102883220559287,0.28459808291443045],
    [0.3665988065401981,0.4635678064847378,-0.07502875838643137,-0.32262227001448956],
    [0.4336608207934937,0.4532327964944993,0.35807687294350116,-0.31644025663530234]
  ],
  "11": [
    [-0.19661566863928767,0.154787386748939,-0.3186495027832026,0.35095601773847596]
  ],
  "12": [],
  "13": [
    [-0.6470357085153121,0.30025107562517095,0.1066540542551724,0.5542929353077297]
  ],
  "14": [
    [-0.05325620034914196,-0.74332971108492,0.058611629113631436,-0.6525846338174647],
    [-0.10012080891072804,-0.7938563655660467,0.009013513701202333,0.32437689856042373]
  ],
  "15": [],
  "16": [],
  "17": [],
  "18": [],
  "19": [],
  "20": [],
  "21": [],
  "22": [],
  "23": [],
  "24": [
    [-0.397247039070351,0.529911040833904,0.11043197197404436,0.05935086559218829]
  ],
  "25": [],
  "26": [],
  "27": [],
  "28": [
    [-0.5290483167074642,-0.676750016334599,0.31601753553585366,-0.0474776482226745],
    [0.6376072908646284,-0.7427916878040849,0.2156974356854591,0.040442563032804205]
  ],
  "29": [
    [-0.053280088020272925,0.023656803550608493,-0.9224858263708281,0.1597885347395153]
  ],
  "30": [
    [-0.20880325599924524,-0.418056249957543,0.6307329743277413,0.6513790782286017]
  ],
  "31": [],
  "32": [],
  "33": [
    [-0.48094167114687786,0.25205695992594934,0.10311039468076746,0.8214993436372621]
  ],
  "34": [],
  "35": [
    [-0.03338929004464164,-0.4207704581463786,-0.78948534240962,0.27251686209573556]
  ],
  "36": [
    [0.44794523671467884,-0.3941845439286966,-0.08070954590318094,-0.8701538083844732]
  ],
  "37": [
    [0.9207828941947512,0.038464735602250125,-0.7475690617694268,-0.14666118771006162],
    [-0.5027459354798497,0.42913957534310554,0.010261725648022597,-0.16617507248038668]
  ],
  "38": [
    [0.24192958829305053,-0.3397064235649801,-0.5245634612155524,-0.12486036063524264]
  ],
  "39": [],
  "40": [],
  "41": [
    [-0.14140566421186967,-0.03450111962140756,0.4366110458224713,0.35290999983867716],
    [-0.5631010099208423,0.09661055638800865,0.37875513060122407,-0.29233514976398495]
  ],
  "42": [],
  "43": [],
  "44": [],
  "45": [],
  "46": [],
  "47": [
    [-0.3449087823376436,-0.1237118193500655,0.47614376776914863,-0.8093327096167441]
  ],
  "48": [
    [-0.6487771116167746,0.920712335339311,-0.7589966376283328,-0.07103800832012475],
    [-0.05233934551442816,0.1029663534224294,-0.2904980080996871,-0.6287824319335016],
    [0.60430045402392,-0.3392079576605276,0.18220179406125028,0.19797996997566794]
  ],
  "49": [
    [-0.29967798094742154,0.5655036975228346,0.11398125611560052,0.32305189856190103]
  ],
  "50": [],
  "51": [
    [0.7847259232842269,-0.47569597307007366,0.4055509151593417,0.3201296262156208]
  ],
  "52": [],
  "53": [
    [0.1047782815560707,0.22667043330611494,-0.632642734095856,-0.13439971353661678]
  ],
  "54": [],
  "55": [],
  "56": [],
  "57": [
    [-0.024491974632213632,0.27032873779372024,-0.693188344288735,-0.09706212142730769]
  ],
  "58": [],
  "59": [
    [-0.512651258688907,-0.13822754520975217,0.07108592468419968,0.022440449489369643]
  ],
  "60": [
    [-0.7673148495248762,0.829964783968155,-0.6306447628674925,0.7178652188336089]
  ],
  "61": [],
  "62": [
    [-0.14750276437922266,-0.30414474024317995,-0.48621240908655833,-0.00897251868862165]
  ],
  "63": [],
  "64": [],
  "65": [
    [-0.8733660162077757,-0.2451020332254697,-0.004639854553042385,0.19899653226422087]
  ],
  "66": [],
  "67": [],
  "68": [],
  "69": [
    [-0.6360901596444996,0.0015659487530123352,-0.1583977505505889,0.07149793781750136]
  ],
  "70": [
    [-0.2805577589941468,0.9818125735476009,-0.7794354117162038,0.47528598792340254],
    [0.08326842324060124,0.2440193467014443,0.035980766915013604,0.08131302146411941]
  ],
  "71": [
    [0.5584160020722749,-0.5216496855117048,0.1758332014623363,0.1384089957700416]
  ],
  "72": [
    [-0.7930293845876717,0.19787623735645796,0.5731538075593297,0.15520184930521505],
    [0.09006150101988988,-0.49359595236652154,0.24715216150746763,-0.4669599225044054],
    [0.6200813696301778,0.5156254258971702,0.5582881699043865,-0.3679549882841902]
  ],
  "73": [
    [-0.9010049820895448,-0.4395532912954121,0.4807841074873968,-0.28760721264990063],
    [-0.41157618124501855,0.5035960721847881,-0.5133349971615827,0.6281137415914637]
  ],
  "74": [
    [-0.3805327667830486,0.02485533765937639,0.04231323918602234,0.016187879960620096]
  ],
  "75": [],
  "76": [
    [-0.267422367237135,0.5043478735366176,0.16011020648355948,-0.19562989589258822]
  ],
  "77": [
    [-0.5501851877052962,0.33616558957076353,0.03414804967645686,0.1719547948080025],
    [0.21535077199432737,0.19405906899981354,0.036287120828514555,0.18864346756465747]
  ],
  "78": [],
  "79": [
    [0.714947734243843,0.02803699798519441,0.12808426967200567,-0.5968406359873413]
  ],
  "80": [],
  "81": [
    [-0.2619078314999951,-0.25535048418206957,-0.6676335069954688,-0.3401936629827437]
  ],
  "82": [],
  "83": [],
  "84": [],
  "85": [],
  "86": [],
  "87": [],
  "88": [],
  "89": [
    [-0.4231252576500579,-0.6444181049654661,0.12639645751795495,-0.5739329091576527],
    [0.6950695841552109,-0.6599709235248942,-0.07143998170479819,-0.5992951838314163]
  ],
  "90": [],
  "91": [],
  "92": [],
  "93": [
    [-0.2772689410452851,-0.13066448386271792,0.05297723686298365,-0.8102913824741697]
  ],
  "94": [],
  "95": [],
  "96": [
    [-0.6112086735191354,-0.5523816923974756,-0.20644278792969584,0.30578103745730534],
    [0.6261711724696337,-0.5334953954769979,-0.429902255538984,0.36126619084831585]
  ],
  "97": [],
  "98": [],
  "99": [],
  "100": [
    [-0.04373216205507141,0.4472702796098619,0.09151756450415138,-0.08207454849727809]
  ]
}
