{
  "1": [],
  "2": [
    [0.1057700731531011,-0.19824725547487163,-0.6114289545587908,0.29550949573045365]
  ],
  "3": [
    [0.22147536497234685,-0.11478714559193715,0.19522210822267774,0.2581765604159221]
  ],
  "4": [
    [-0.33900710141579893,-0.5105080141311062,-0.12431868095158631,0.008862159057850198],
    [-0.6417791631218385,-0.6203624397686168,-0.07499282738189518,0.07570441708971483]
  ],
  "5": [
    [0.340802365080361,-0.8188764736610807,-0.6848316506017772,-0.5001738362980098]
  ],
  "6": [
    [-0.8363041820166904,0.23431410987787113,0.07095845492223272,-0.0008380620646208097],
    [-0.3852919203958267,0.08555821992273505,0.10455216495970174,-0.11740129183153958],
    [0.47996349773664804,-0.09636676422191941,-0.3857257367655334,-0.6749729368557297]
  ],
  "7": [],
  "8": [],
  "9": [],
  "10": [
    [0.4206219078538193,0.13941443466856374,-0.2723701594928791,-0.10102149316466866]
  ],
  "11": [],
  "12": [
    [0.02225607862229436,-0.039946459934817095,-0.7865092284601626,-0.05056663355114518],
    [-0.3607744065839669,0.026854698423718983,0.8111881369699169,0.21841466551055083]
  ],
  "13": [
    [-0.10043913077345694,-0.015533234088739332,-0.46902826434641964,-0.12294156072522697],
    [-0.10043913077345694,-0.015533234088739332,0.46902826434641964,-0.12294156072522697]
  ],
  "14": [],
  "15": [
    [-0.6533891855995758,0.29228144679927015,0.6709042987325224,0.01663414842528924],
    [0.6342780676602399,0.2674805424070404,-0.3823058018614038,-0.36258042887266273]
  ],
  "16": [],
  "17": [],
  "18": [
    [0.2182386419434123,0.05443570675829085,0.33669050431914976,0.05103363851876833]
  ],
  "19": [
    [0.3496381298422809,0.1340353313358157,-0.8101586828480792,0.6420048268679663],
    [0.048191017476174595,0.9252092008173154,0.11035532975520977,-0.38437544482754116],
    [0.11276121626378532,0.12435439393597664,0.034261537977815844,-0.01705972572735769]
  ],
  "20": [
    [-0.214716185740478,-0.6675133134471943,0.2190253837424597,-0.6198551929690691],
    [0.02064488211567443,0.7000617418759195,0.08144385877242885,0.03785747435942294]
  ],
  "21": [],
  "22": [],
  "23": [],
  "24": [
    [0.6953663515302884,-0.6838232889924442,-0.25303718396522995,-0.42775438017700784]
  ],
  "25": [
    [0.04027355636858172,0.2213758508810019,-0.17656718973198954,0.0012084361698159797]
  ],
  "26": [],
  "27": [
    [-0.35909562343621754,-0.16329056026691904,0.09619683171109973,0.5096858872215355],
    [0.1958033364884348,0.16159162908291783,0.1050871775554998,-0.4975248296605188]
  ],
  "28": [],
  "29": [
    [-0.05620412891759013,0.8240813822227306,-0.06230626698579978,0.04779592908861852]
  ],
  "30": [
    [-0.1280373215532209,0.5922465951362897,0.22933159712603587,-0.059711347511681306]
  ],
  "31": [],
  "32": [
    [-0.1189059833486215,0.3198314133041105,0.7973312927970508,0.9506701273466307]
  ],
  "33": [],
  "34": [],
  "35": [
    [0.08599991271737041,0.13479394050491844,-0.4493202238227509,0.014500283487687367]
  ],
  "36": [
    [-0.09259968446460992,0.10844189243495637,-0.12474444845504135,0.015483028248571685]
  ],
  "37": [],
  "38": [],
  "39": [
    [0.19102427433587288,0.40934910591883805,-0.3176866366613383,0.08817802865930705],
    [0.15254865582383928,0.29329458611125175,0.2361720723227344,0.050445995828407336]
  ],
  "40": [],
  "41": [
    [0.1475500256264205,-0.18699729526901346,0.20977197175444157,0.9090535710436078]
  ],
  "42": [
    [0.01799649187343469,0.07240780217386147,-0.01044923225187225,0.034453910211216604]
  ],
  "43": [
    [-0.17481445529489134,-0.0316220770548659,0.0609234080882421,-0.060916199778081985]
  ],
  "44": [
    [0.5019856694488309,-0.10008827503931371,-0.14380006337248283,0.2412118036702255]
  ],
  "45": [
    [-0.25229530033703457,-0.22522313745659842,0.48235309275236204,-0.27928003638827786]
  ],
  "46": [
    [-0.5639101600381086,-0.22414815467027221,-0.6432435516243465,-0.4079020415853026]
  ],
  "47": [
    [-0.24587298342693392,0.0058345134497657545,-0.9456267003725641,-0.060731268139937546]
  ],
  "48": [],
  "49": [],
  "50": [],
  "51": [],
  "52": [
    [-0.27630902743282704,-0.23445597404894641,0.1427952453624948,-0.20677488261006538]
  ],
  "53": [
    [-0.010669161087234664,-0.22988058518764096,0.1170533642474887,-0.01404598083091013],
    [-0.00670697320539005,0.23388286871443664,0.0944978231855619,-0.01309523212149124]
  ],
  "54": [
    [-0.48251456131703413,0.026846747326120045,-0.21276579546351096,-0.28094849286458745]
  ],
  "55": [],
  "56": [],
  "57": [],
  "58": [
    [-0.5979346611094437,0.12343299962091538,-0.6317706007913976,0.17617636516116933]
  ],
  "59": [],
  "60": [],
  "61": [
    [-0.5469967158129257,0.11437359785318037,-0.8851590233049491,-0.09269550360890802]
  ],
  "62": [],
  "63": [
    [-0.6976769863525238,0.5262384868181136,0.3837071739239149,0.204860705271844]
  ],
  "64": [
    [-0.12906375320140792,-0.8398996724269521,-0.16101354391594846,-0.47530206099973693],
    [-0.09377329049975038,-0.9372734295252553,-0.008777741621450058,-0.5359140604869519],
    [-0.09594097499393914,0.21113211423707895,0.06574131569522505,0.08478965171237728]
  ],
  "65": [],
  "66": [
    [-0.502882335340159,-0.22829496523352938,-0.05962716488022012,0.37877857803171544],
    [0.0024021757548371315,0.06745376049343717,0.42211445860946156,0.27160601329480033],
    [0.0915505839807987,0.013131642175646678,0.5283435366737462,-0.27436723173367894],
    [0.32414334113403387,-0.1263420973102447,0.06297014408209546,0.22209321019644584]
  ],
  "67": [
    [-0.698124445353614,0.6555537297596542,-0.049604600452883785,-0.10659939816587277]
  ],
  "68": [
    [0.40913672513206606,-0.542710815209855,0.8290034233705593,0.8812144761109335]
  ],
  "69": [],
  "70": [
    [-0.11074630415983061,0.6961280530373478,0.11999454675244481,-0.14925713541024638],
    [0.05211647318855592,-0.4323706646529705,-0.9884674361070818,0.2717670087373421]
  ],
  "71": [
    [0.0648886041030097,-0.31646503125785486,-0.02198257872059758,0.19406021614807054],
    [0.054722004366033555,0.06046994221279445,-0.027845639045855533,-0.5604108336603458]
  ],
  "72": [
    [0.5178463595501327,0.29417702205713536,0.032494510207855674,-0.12890755560385134]
  ],
  "73": [],
  "74": [
    [-0.09369514731817094,0.20659507677918906,0.09811004079583205,0.008428436966354414]
  ],
  "75": [
    [-0.12055870086598292,-0.12261776996327456,0.005213302160516628,-0.01618921649375659],
    [0.08871178017747082,-0.12019763022946146,0.2958670371060215,-0.007526880818425835]
  ],
  "76": [
    [-0.18623783673425492,-0.7562943959159771,0.043154070333651345,-0.28581366725096397]
  ],
  "77": [],
  "78": [
    [-0.043093712360743434,0.0794658190690446,-0.006983975311586897,-0.7478517452704586],
    [-0.09174210250526087,0.3764350669498312,0.1397380518318793,-0.1628906974419683]
  ],
  "79": [
    [-0.7485665630563556,-0.09059425467649024,0.014059566110290292,-0.027264519352103396],
    [0.2462558968882618,0.1897489152218664,0.01256984932649808,-0.02352050769065652]
  ],
  "80": [
    [-0.18190381683614998,-0.1260696383566717,0.3768109639909168,0.19687311858079498],
    [-0.13963943700808773,-0.11345752469422331,0.6136678903755578,0.2538613044313114],
    [0.2706211281358756,-0.1172378734743411,-0.31891239933120746,-0.04304447962773818],
    [0.12082863164438053,-0.0908557634085376,-0.9417631639175976,0.2934740141805443]
  ],
  "81": [
    [0.0786125245979625,0.6789124365903306,0.9849163609198871,0.1732841755094701]
  ],
  "82": [],
  "83": [
    [0.02323551986194067,-0.450328669109498,-0.9157417932053858,-0.14046966390374038],
    [-0.011322799662357885,-0.151654439186596,-0.2914659074245798,0.10013089757948757],
    [-0.010251364422793244,0.1594337996595973,-0.31166846536159315,0.07559210669243746]
  ],
  "84": [
    [-0.20450078711081437,-0.24280587655878053,-0.536412358924996,-0.04230909682468246],
    [-0.1577871866916561,-0.004455299886209756,-0.2196236737347863,-0.036929322870043364]
  ],