{
  "1": [
    [0.9387595679252452, 0.665822591217922, -0.3889220078026515, -0.36660883433583874, 0.2733205213144958, 0.1958130089903177, -0.23913318869168473]
  ],
  "2": [
    [0.649350338559591, 0.07649119769687679, -0.2572606533795672, 0.2606153527658335, 0.5317224187739912, 0.1658047004099864, -0.5602758142397154]
  ],
  "3": [],
  "4": [],
  "5": [],
  "6": [
    [-0.15851621189725762, -0.014529497417928746, -0.003931246632657687, -0.7590049598548964, 0.6892415004579586, 0.06871696827028743, -0.10857363503585153],
    [-0.16194687677105338, 0.01887743751701648, 0.0036314924970614723, 0.7511939604098173, -0.5591583553861349, 0.10683154226479236, -0.10109336478031726]
  ],
  "7": [],
  "8": [],
  "9": [],
  "10": [],
  "11": [],
  "12": [
    [0.08511576631293186, 0.08337310279478637, 0.6241786313025965, 0.031107737362708717, 0.05075632061625701, 0.7836253781771622, 0.07279934132428473],
    [0.4463657933398216, 0.15502981765784585, 0.4765189522911385, 0.4768963155894773, 0.34955528436375455, 0.13622864812213392, 0.2862078906112507]
  ],
  "13": [],
  "14": [
    [0.16777743350614047, 0.8949872159143216, -0.5401378007701525, -0.5989397060351604, 0.1443162358119375, 0.415107639231813, -0.09104601481412966]
  ],
  "15": [
    [0.11796429584085764, 0.08731876636393923, -0.3255804530801651, 0.8288615038692397, -0.9239016998571832, -0.0035425272878920784, 0.56941419958528],
    [0.12406058374899245, 0.09225085725179155, 0.1630152783099032, -0.11454638058230092, 0.031136013102553522, 0.03770080615512851, 0.984374505949946]
  ],
  "16": [
    [-0.030800922145037376, -0.35496297423115125, -0.32841595985204797, -0.4194079576538786, -0.34126891181780616, 0.15203981174376147, 0.2034028059760751],
    [-0.27547047043863265, -0.34619658782585977, 0.03661258469060038, -0.24501457509139044, 0.13058473425334657, 0.4608742985416042, 0.6266118576074252]
  ],
  "17": [],
  "18": [],
  "19": [
    [-0.3959661670915906, -0.24313345584546164, -0.01931867448907727, -0.028492894353915582, -0.023760642259631756, -0.16272811490111758, -0.12482567341449533],
    [0.16459537417851353, -0.27571714692415056, 0.03836002732589786, 0.07652510105215406, -0.028583628807518423, -0.3278598506073109, -0.13442644606766405]
  ],
  "20": [],
  "21": [],
  "22": [],
  "23": [],
  "24": [
    [0.03524559340320296, -0.1731043882053012, -0.32206008573499884, 0.3395750016655437, 0.2294958296198284, -0.2927961678722858, 0.6023594666129672],
    [-0.1560926101267313, -0.13447079143415647, -0.13943107878295116, 0.8773595094561204, -0.17820893409684016, -0.07122740677898916, -0.4126625167475728],
    [-0.7374857138277123, -0.11841525962111397, -0.5944181596314752, 0.7810889884937603, -0.8098372126558793, -0.008778444549754573, 0.07763343792136265],
    [0.398530951340344, -0.170328796001617, 0.6504288724485818, 0.6638993611695883, 0.514621506557664, 0.09397296152964285, 0.0998959675306475]
  ],
  "25": [
    [0.06049006110966045, 0.2724135043384595, 0.18384786741253248, 0.09503086228681863, -0.18561499970478335, 0.8066225623317355, 0.44364592925069557]
  ],
  "26": [],
  "27": [],
  "28": [],
  "29": [],
  "30": [
    [0.9344618190680793, 0.04992280931965253, -0.12114529143918923, 0.05860425551276783, -0.041637046578751905, -0.0766455360222777, 0.6016625229353447]
  ],
  "31": [],
  "32": [
    [-0.3951521323803294, -0.21497191853384987, -0.5144595807938676, -0.3871208022311912, -0.17072781341858156, -0.11671058579099444, 0.8176143131972384],
    [0.25577100109029965, 0.08736775400706422, -0.22752449303542244, -0.3772640951087289, 0.29583069329587125, -0.20818842084462605, -0.5695783167377504]
  ],
  "33": [],
  "34": [],
  "35": [],
  "36": [],
  "37": [],
  "38": [
    [-0.20442517383118802, -0.6654391532406861, 0.2380667088286696, 0.5401290302731137, 0.12273756222333472, 0.08014580774896525, 0.07619571443572716]
  ],
  "39": [
    [0.08968235845285445, 0.36758596444734, 0.038993128955204376, -0.8207798497257797, -0.04173411468085605, 0.03431770721537884, -0.3062289855850132]
  ],
  "40": [],
  "41": [
    [-0.7440642682535898, -0.021274495423811397, 0.01623386397501931, 0.12990120129934177, 0.5439634383510685, 0.3663985858065594, 0.15967535896957122],
    [0.19575965171998194, -0.045102429457985316, -0.15738378138751738, 0.03248201409636877, 0.01480231763907007, 0.02928233347032378, 0.6075838181186864]
  ],
  "42": [],
  "43": [],
  "44": [],
  "45": [],
  "46": [],
  "47": [],
  "48": [
    [0.3389944135333504, 0.28095510421458436, 0.3451739226563853, -0.9106156200299702, 0.9181141985805121, -0.548458410930418, 0.004069604465750589]
  ],
  "49": [],
  "50": [],
  "51": [],
  "52": [
    [0.10355410325489058, -0.004292438897461544, -0.4628213758871733, 0.10885667895346977, -0.16550976927183594, -0.15034876357036947, -0.6128686247202755],
    [0.5444894033714963, -0.004427909755298951, 0.4859156752630947, 0.12164277990534325, 0.6340566856933842, -0.09199951438089862, -0.20678393110148333]
  ],
  "53": [
    [-0.2088263306732792, -0.10375670926291175, -0.04633059116386464, 0.07071015164571408, -0.2845451596245296, -0.3092379249074559, 0.042110355856121794],
    [-0.2412972404575058, -0.10062811029145373, -0.1186474173537902, 0.07921463984790124, 0.23980725525465432, 0.29980538215842684, 0.028730400500064927],
    [0.08227463928341472, 0.016197188841273566, 0.6077979047324239, 0.03499027180927909, 0.5716013879789877, 0.06909373003064435, 0.10308128077066174]
  ],
  "54": [],
  "55": [
    [0.18052362209178688, -0.04057168143631521, -0.5239457533121664, -0.563948942958935, 0.24417757799856085, -0.29422353793400297, 0.0037466755202327905]
  ],
  "56": [],
  "57": [
    [-0.10502866145111923, 0.08009273628074301, -0.2094900301537629, -0.8693840152469218, -0.38900741252864207, -0.026718517714797, 0.038079261081916366]
  ],
  "58": [],
  "59": [],
  "60": [
    [-0.29957970553056373, -0.17642886519950163, -0.049911878975060865, 0.03754627512700437, 0.6789377467149569, -0.5581976683108747, -0.06186781678567833],
    [0.5429214591964915, -0.23663061850449602, -0.17409125789243943, -0.2161845241987616, -0.4709913669728119, 0.21391533718320155, 0.09949477896761554]
  ],
  "61": [
    [0.004688452020807625, 0.027718125689952633, -0.15790763102825364, -0.10791511639535785, 0.36647361631141967, -0.11433048472472182, 0.06831690975917884],
    [-0.051869060829219577, 0.031028193554222473, -0.19441681369378788, 0.24944022761919646, -0.4302169307950732, -0.11313775072155889, 0.06701151479629812],
    [-0.02870665918417828, 0.028907232816993426, 0.2065712227716843, -0.12915500325821655, 0.41382557701842443, -0.11440281829866655, 0.06839610276297672],
    [0.010277294081887954, 0.02729225334465115, 0.10615426567145429, 0.2154245237024642, -0.3543815524589863, -0.11324934766917161, 0.06713361705181045]
  ],
  "62": [
    [0.005938751892826542, 0.22226157475165334, -0.2916735482112633, 0.127089086831825, 0.06764553000802064, 0.28013559183768894, -0.19685564843642506]
  ],
  "63": [],
  "64": [],
  "65": [],
  "66": [],
  "67": [],
  "68": [],
  "69": [],
  "70": [],
  "71": [],
  "72": [],
  "73": [],
  "74": [],
  "75": [],
  "76": [],
  "77": [],
  "78": [],
  "79": [],
  "80": [],
  "81": [
    [-0.1837609271897941, 0.45560443073906903, 0.37358203740286955, 0.11177287183400338, -0.5826843748469043, -0.19863493267832227, -0.5180995141008375],
    [0.05773462492521752, -0.2033834728155683, -0.5389583494595767, 0.07686992595755228, -0.5594798636165398, 0.46248962863887816, -0.4905117622996664],
    [0.04235560864518996, 0.15850134094878846, 0.5764244268876475, -0.04165879609674172, 0.06226228327822417, -0.3844235425916645, 0.48900853135341116]
  ],
  "82": [],
  "83": [],
  "84": [],
  "85": [],
  "86": [],
  "87": [],
  "88": [],