{
  "1": [],
  "2": [],
  "3": [],
  "4": [],
  "5": [],
  "6": [],
  "7": [],
  "8": [],
  "9": [],
  "10": [],
  "11": [],
  "12": [],
  "13": [],
  "14": [],
  "15": [],
  "16": [],
  "17": [],
  "18": [],
  "19": [],
  "20": [],
  "21": [],
  "22": [],
  "23": [],
  "24": [],
  "25": [],
  "26": [],
  "27": [],
  "28": [],
  "29": [],
  "30": [],
  "31": [],
  "32": [],
  "33": [],
  "34": [],
  "35": [
    [-0.3009837941042217, 0.5843718764502412, 0.23776106748924655, -0.10208228414951327, 0.653424042577231, -0.8559331363237082, 0.45474064898855565]
  ],
  "36": [],
  "37": [],
  "38": [],
  "39": [],
  "40": [],
  "41": [],
  "42": [
    [-0.6368310999973807, 0.38073637735206517, 0.8973324136583687, -0.49760907012240785, 0.03573555305516949, 0.5096549500603365, 0.16838387245983613],
    [-0.1946718507449564, 0.5814784034735384, 0.8381417592536635, -0.06553979587235705, 0.03712201500708315, 0.30452107283952756, 0.5022878178601994],
    [0.9193976329602128, -0.5874709686760844, -0.895595169252342, 0.8367792069402468, -0.4981557939153059, -0.16591255719312817, -0.8167419408210993]
  ],
  "43": [],
  "44": [],
  "45": [],
  "46": [
    [-0.9748527497530081, -0.07407558836872144, 0.9927566798724741, 0.5938288487693153, 0.3135051510261152, -0.8214340153363016, -0.5476481505239236]
  ],
  "47": [],
  "48": [],
  "49": [],
  "50": [],
  "51": [],
  "52": [],
  "53": [],
  "54": [],
  "55": [
    [-0.7424767100522434, 0.5557618898039006, 0.3404462342429665, -0.08104336231848377, 0.09109448439382056, 0.7731048391169545, 0.22185025324691424]
  ],
  "56": [],
  "57": [],
  "58": [],
  "59": [],
  "60": [],
  "61": [],
  "62": [],
  "63": [],
  "64": [],
  "65": [],
  "66": [],
  "67": [],
  "68": [],
  "69": [],
  "70": [],
  "71": [],
  "72": [],
  "73": [
    [-0.2724952846316771, 0.4021987840399613, -0.9108559691708874, -0.6512922814743661, 0.8399188820526119, -0.6938107334240503, 0.6052499442380804]
  ],
  "74": [],
  "75": [],
  "76": [],
  "77": [],
  "78": [],
  "79": [
    [-0.7256619665290553, -0.9966745823164326, 0.8739694564200472, 0.7423241388576266, -0.3305510755591256, 0.9218926626833005, 0.1343846504713411]
  ],
  "80": [],
  "81": [],
  "82": [],
  "83": [],
  "84": [],
  "85": [],
  "86": [],
  "87": [],
  "88": [],
  "89": [
    [-0.32730541657676365, 0.4408564407703218, -0.05322155861445667, 0.8155210852618694, 0.18952327138674588, 0.8807371650672391, -0.6905231264655817]
  ],
  "90": [],
  "91": [],
  "92": [],
  "93": [],
  "94": [],
  "95": [],
  "96": [],
  "97": [],
  "98": [],
  "99": [],
  "100": []
}
