{
  "1": [],
  "2": [],
  "3": [
    [-0.8276539429438957, 0.6764988328928133, 0.8119854798960753, 0.1577970838017436, 0.6997108301568696, -0.05130984161902467, -0.14966289304284539],
    [-0.823634341006734, 0.7923946276908106, 0.7317268847283847, 0.2452925539428551, 0.752564844798866, -0.05252012870220769, -0.11435737429000069]
  ],
  "4": [],
  "5": [],
  "6": [],
  "7": [],
  "8": [],
  "9": [
    [-0.08844226300025611, -0.4587071072268491, 0.31697398678469296, -0.5801684937149282, -0.46883183376002024, -0.20037441438151163, -0.684357581975756],
    [-0.08667491565909163, 0.45392949563802115, 0.21504986491868497, -0.548228580253781, -0.3601348992964683, -0.3256585729555141, -0.7348860658783398]
  ],
  "10": [],
  "11": [],
  "12": [
    [-0.5797321380413653, 0.07035282025235762, -0.3601170967717616, 0.006333713723475269, 0.5738751285037469, -0.8416952715809136, 0.16318485204137595],
    [-0.5673784789886459, 0.15077932107697298, 0.40353681484859744, 0.006435757592899799, 0.572383100054665, -0.8380391460803879, 0.15686653761130478]
  ],
  "13": [],
  "14": [],
  "15": [
    [-0.4406476554986128, 0.45763637490459064, -0.4342609186344853, -0.830830068243706, -0.720254271698868, -0.4329567767241612, -0.4443358369011451],
    [0.42320749729610146, -0.42482407026848895, -0.5895268104235026, -0.22292804761586935, 0.06225041844040488, 0.8386592369489219, -0.490104321280562]
  ],
  "16": [],
  "17": [],
  "18": [],
  "19": [],
  "20": [],
  "21": [],
  "22": [],
  "23": [],
  "24": [
    [-0.7007957442924949, -0.16962187164156398, 0.33234338401981256, -0.6463056982831191, 0.4956457875446494, 0.5613705029209722, 0.1306871640543019]
  ],
  "25": [],
  "26": [],
  "27": [],
  "28": [],
  "29": [],
  "30": [
    [-0.47953847894535867, -0.38543958296322245, 0.7482320980367103, -0.03635108274084456, 0.7867686316914616, -0.018462072853857238, 0.07723610777026806],
    [-0.4783949114871206, 0.37351881975115375, 0.7950548570716082, -0.04212443575630622, 0.6648084882990046, -0.01287180521094224, 0.07724213696272138]
  ],
  "31": [
    [-0.14427665119274657, -0.5889986194290003, -0.4524213993867972, 0.49358037509252295, 0.08136046451401023, -0.6767826875676316, -0.5935571799254382]
  ],
  "32": [],
  "33": [
    [0.47056047927268146, -0.002210014980652039, -0.5924729299332518, 0.289764361232577, -0.1879341433726517, 0.10632799090202708, 0.8186071648810943]
  ],
  "34": [
    [0.22006351511745584, -0.6168115888076997, 0.022900534457943583, 0.9703408796198426, 0.11275093341166742, 0.6953109419013884, 0.3028287988310756]
  ],
  "35": [],
  "36": [],
  "37": [],
  "38": [],
  "39": [
    [-0.4554262725854032, 0.9669785889990083, -0.8372751919732733, -0.8910637457031237, 0.5641457268961436, 0.1780870241967135, -0.4797021303765577],
    [0.7260661270876972, 0.919860236557269, -0.5974381591545576, -0.4952116102509715, -0.4069459774578377, 0.6481388381457703, 0.5162016846748935]
  ],
  "40": [],
  "41": [],
  "42": [],
  "43": [],
  "44": [],
  "45": [
    [-0.8242617832276224, -0.16871644574287542, 0.22212705903537938, 0.48255521462007767, 0.8697294343841048, 0.18647672343035604, -0.21168070914288784],
    [0.4605907642226897, -0.1564738055976446, -0.09096027487086873, 0.3879072281082195, -0.9403182372010868, 0.10089048624688872, 0.5005602074734244]
  ],
  "46": [],
  "47": [],
  "48": [
    [-0.4495701048036476, 0.13218242550374995, -0.5588495573712822, 0.7368949069865606, 0.080834780331125, -0.733309567901821, 0.8906051283161782]
  ],
  "49": [],
  "50": [
    [-0.03048742902217348, 0.4670858281874761, 0.2728707112322687, -0.2850514004608141, -0.5658012170807437, 0.7487008533797515, 0.889686021067287]
  ],
  "51": [
    [-0.6123091492084705, 0.7048045369930511, -0.8036836944134753, -0.08025554043353547, -0.0969262696549616, 0.9732794832736456, 0.3586829335991881]
  ],
  "52": [],
  "53": [],
  "54": [
    [0.3764031593998583, 0.13183586889359342, 0.8866668353879485, -0.6148199162520022, 0.021548199681702913, -0.11510886934348517, -0.966487077295566],
    [0.376212959095415, 0.13168447842076872, 0.8936249343502929, 0.615656351652982, -0.0032774058829267935, -0.11848062357337721, -0.9541891625938224],
    [0.06418639452686033, 0.8096173549330191, -0.5158959324612039, 0.8121529206431451, -0.3270134484942352, 0.37046538056685147, -0.8138725943548064]
  ],
  "55": [],
  "56": [],
  "57": [],
  "58": [],
  "59": [],
  "60": [],
  "61": [
    [0.04770089095648364, -0.413136084595709, 0.0474513159804557, 0.3579550961795044, 0.3958790137373996, 0.22131545989749846, -0.9598233058258961]
  ],
  "62": [],
  "63": [],
  "64": [],
  "65": [],
  "66": [],
  "67": [],
  "68": [],
  "69": [],
  "70": [],
  "71": [],
  "72": [],
  "73": [],
  "74": [],
  "75": [],
  "76": [],
  "77": [],
  "78": [],
  "79": [],
  "80": [
    [-0.0892724017285393, -0.9027069840117307, 0.5860432576659297, -0.6897557442870836, 0.5216724209612987, -0.8063864068783473, 0.1800847567963345],
    [-0.08910408574605748, 0.923140430742559, 0.5649221998711672, -0.7441245857006156, 0.5128697913505829, -0.8188150075102169, 0.25317922827158595],
    [0.5323225578746525, -0.94301758656663, 0.7078593938840866, -0.39966785515442965, 0.21855403384282734, -0.3439165808766606, 0.5575249945386568],
    [0.4574182460212264, 0.800870524235534, 0.4199284339550117, -0.26784143797940396, -0.8577072698837481, 0.9252425345060182, -0.4143609962328094],
    [0.5453494175906539, 0.6220223494330549, 0.6875354991107595, -0.2089593950151849, -0.8269423383090942, 0.5179128781034892, -0.35657770452467785],
    [0.5605560308177803, 0.9535051643882212, 0.7005951335993044, -0.4080937582484843, 0.21140767877653305, -0.3465193243811595, 0.5205486861288025]
  ],
  "81": [],
  "82": [],
  "83": [],
  "84": [],
  "85": [],
  "86": [],
  "87": [],
  "88": [
    [-0.318809946450417, 0.05367118557865792, 0.8939626561254324, 0.5803385247099657, 0.2592296249140986, -0.8210961958373469, 0.6033817655951869]
  ],
  "89": [],
  "90": [],
  "91": [],
  "92": [],
  "93": [],
  "94": [
    [-0.1503879682940625, 0.15669910166657577, -0.602364764693746, -0.09332093708835193, -0.830834046932413, -0.41334112052668953, -0.48985940673196315],
    [-0.5561187178773217, 0.6148568104080686, -0.31074333345340865, -0.08685963255602608, -0.606378366548745, -0.449981829603379, 0.45764820092824127]
  ],
  "95": [],
  "96": [],
  "97": [],
  "98": [],
  "99": [],
  "100": []
}
