{
  "1": [
    [-0.9019498130850118, -0.7897468973776648]
  ],
  "2": [
    [-0.38105370706675246, 0.9003879076039585]
  ],
  "3": [
    [-0.333610598800729, 0.9447268457350508],
    [0.3336105988007289, -0.9447268457350501]
  ],
  "4": [
    [-0.668094122644457, 0.7470168876482567],
    [0.6680941226444569, -0.7470168876482572]
  ],
  "5": [],
  "6": [],
  "7": [
    [-0.9948730146549551, 0.5697535262799568],
    [0.7357543320077338, 0.8556009668180397]
  ],
  "8": [],
  "9": [
    [-0.9146530922792789, -0.46315460830255634]
  ],
  "10": [],
  "11": [],
  "12": [],
  "13": [],
  "14": [
    [-0.727943555319158, -0.7432913276741244],
    [-0.6473177668879945, 0.7904808962526392],
    [0.6530559737675261, -0.7821365242764684],
    [0.7187746502162039, 0.7546619298842047]
  ],
  "15": [],
  "16": [],
  "17": [
    [-0.593849806262506, -0.8433981070925765],
    [0.6884940947351259, 0.8909077983113695]
  ],
  "18": [],
  "19": [],
  "20": [],
  "21": [
    [0.9209117684413848, 0.953962196804342],
    [0.1427662843830655, 0.18563256660601127]
  ],
  "22": [],
  "23": [],
  "24": [],
  "25": [
    [-0.4496820091409209, 0.7563317872538139]
  ],
  "26": [],
  "27": [
    [0.961169308807529, 0.9293715914196559]
  ],
  "28": [],
  "29": [],
  "30": [
    [-0.93222322046906, -0.6232462945527589]
  ],
  "31": [
    [0.5586497751882856, -0.5168860304804803],
    [0.8023105612850873, -0.9529802650637239],
    [-0.1295930115825962, 0.5161657394588473]
  ],
  "32": [],
  "33": [
    [-0.9549847105509753, 0.9695749924077884]
  ],
  "34": [],
  "35": [],
  "36": [],
  "37": [],
  "38": [],
  "39": [
    [0.2758698402284297, 0.8534094062212979]
  ],
  "40": [],
  "41": [
    [0.6592204951192528, 0.48261362760212434]
  ],
  "42": [
    [-0.6424853475897897, 0.31711198604541]
  ],
  "43": [],
  "44": [],
  "45": [],
  "46": [
    [0.6002088518681411, -0.9900121258353465]
  ],
  "47": [],
  "48": [],
  "49": [],
  "50": [],
  "51": [],
  "52": [
    [-0.43579665915783217, -0.0935041299788814],
    [0.4357966597957028, 0.0935041298394043]
  ],
  "53": [
    [0.10143006922390105, -0.7600750311201635]
  ],
  "54": [],
  "55": [],
  "56": [],
  "57": [
    [-0.334456095582256, -0.5377924212476188],
    [0.3114910035717379, -0.5393476197428841]
  ],
  "58": [],
  "59": [
    [-0.2266974124444134, -0.23032605480009574],
    [0.2928520787815206, 0.1783052437054512]
  ],
  "60": [],
  "61": [],
  "62": [],
  "63": [],
  "64": [
    [-0.511198135731139, 0.941628332417257]
  ],
  "65": [],
  "66": [],
  "67": [
    [0.41398095516067873, -0.24319813201137608],
    [0.8124022246101487, 0.889477017227934]
  ],
  "68": [],
  "69": [],
  "70": [
    [0.3088038714249812, -0.649186588500199]
  ],
  "71": [
    [0.9590430735529953, 0.7085430786482313]
  ],
  "72": [],
  "73": [
    [0.8978136461546606, -0.7783324492172309]
  ],
  "74": [
    [-0.7254359397638741, 0.24610950300535187]
  ],
  "75": [],
  "76": [],
  "77": [],
  "78": [
    [-0.4294997947126342, -0.751008033984004],
    [0.9348365421393706, 0.7542178372117798]
  ],
  "79": [
    [0.6570770033550548, -0.3609197705305149],
    [0.38761730160281704, 0.4684224074928321],
    [0.11126425267159878, 0.8744648815932912]
  ],
  "80": [
    [0.4716986170294672, 0.29060977097154533]
  ],
  "81": [],
  "82": [
    [-0.7598920319500237, 0.9722648295999154],
    [0.5224272473530683, 0.9160221871252163]
  ],
  "83": [],
  "84": [],
  "85": [],
  "86": [
    [0.3166521912620727, 0.9004586184945114]
  ],
  "87": [],
  "88": [
    [0.3974976869260106, -0.058925699361579355]
  ],
  "89": [
    [-0.6899593689308177, 0.13879951219560507],
    [0.8483003627673537, -0.901494405428758],
    [0.8062388152837893, 0.8722932836539335],
    [0.692144486782921, 0.138817676991377]
  ],
  "90": [],
  "91": [],
  "92": [],
  "93": [],
  "94": [
    [-0.753980695783286, -0.5985742259290899],
    [-0.7092162377022881, 0.5895479737431493]
  ],
  "95": [
    [-0.8732722520341212, -0.8052692249946568]
  ],
  "96": [],
  "97": [
    [-0.7912133832782458, -0.7624929299556189]
  ],
  "98": [],
  "99": [],
  "100": []
}
