{
  "1": [],
  "2": [
    [0.02840410651011032, -0.9443395415347158]
  ],
  "3": [],
  "4": [],
  "5": [
    [-0.9285620765892617, 0.8119210459285948]
  ],
  "6": [
    [0.7986644022101537, 0.7841923311636154]
  ],
  "7": [],
  "8": [],
  "9": [],
  "10": [],
  "11": [
    [-0.7281510521775771, 0.9713924834900319],
    [0.7717123635603051, -0.9378570171054783]
  ],
  "12": [],
  "13": [],
  "14": [],
  "15": [
    [0.6868879179244651, -0.19564777308496675]
  ],
  "16": [
    [-0.9052172671948704, -0.8423893103587795]
  ],
  "17": [],
  "18": [],
  "19": [
    [0.9559310540710444, -0.6126009684989755]
  ],
  "20": [],
  "21": [],
  "22": [],
  "23": [],
  "24": [],
  "25": [],
  "26": [
    [-0.1804955500013091, 0.42364430420856586],
    [0.18049555000130915, -0.42364430420856597]
  ],
  "27": [],
  "28": [],
  "29": [],
  "30": [],
  "31": [
    [-0.8342396253244387, 0.4481868304029062]
  ],
  "32": [
    [0.6949699249554036, 0.8921009311424977]
  ],
  "33": [],
  "34": [],
  "35": [],
  "36": [],
  "37": [
    [0.9962373984873876, 0.9400719765662959]
  ],
  "38": [],
  "39": [],
  "40": [
    [0.9189991674271255, 0.568340559476754]
  ],
  "41": [],
  "42": [
    [0.7483166203139284, 0.608526725907134]
  ],
  "43": [],
  "44": [],
  "45": [],
  "46": [
    [-0.6475556106931175, -0.7844121924782577],
    [0.7798249033153329, -0.7254143540606967]
  ],
  "47": [
    [-0.9890595836833447, -0.7584336106987545],
    [0.9890595836833448, 0.7584336106987543]
  ],
  "48": [],
  "49": [
    [-0.9601544863518184, 0.8075280964190504]
  ],
  "50": [],
  "51": [],
  "52": [
    [-0.902166098435934, -0.7969314141453436]
  ],
  "53": [],
  "54": [],
  "55": [
    [0.889306269241022, 0.9845641214681077]
  ],
  "56": [],
  "57": [],
  "58": [],
  "59": [],
  "60": [],
  "61": [
    [-0.2827917631446205, 0.9829193698248853],
    [0.28279652196503224, -0.9828698734647575]
  ],
  "62": [],
  "63": [],
  "64": [],
  "65": [],
  "66": [],
  "67": [],
  "68": [
    [0.4691100544651909, -0.9544211712533949],
    [0.5450152887934444, -0.7588278663577216],
    [0.5496588688833577, 0.7449638990508208]
  ],
  "69": [],
  "70": [],
  "71": [
    [0.9440349439051706, -0.8917207674337475]
  ],
  "72": [],
  "73": [
    [-0.5103558447082103, -0.8707365792668746],
    [-0.5103558447082118, 0.8707365792668738]
  ],
  "74": [],
  "75": [],
  "76": [],
  "77": [],
  "78": [],
  "79": [],
  "80": [],
  "81": [
    [0.946749317527846, -0.9241735620202253]
  ],
  "82": [
    [-0.9901663769700413, -0.9559867568756737]
  ],
  "83": [],
  "84": [
    [-0.04047123055822507, 0.9788818175808344]
  ],
  "85": [],
  "86": [],
  "87": [],
  "88": [],
  "89": [],
  "90": [
    [-0.5299592867660847, 0.8107621096213068]
  ],
  "91": [],
  "92": [
    [-0.5013983593913971, 0.9586834651113372]
  ],
  "93": [],
  "94": [
    [-0.8156036465029733, 0.9386176467293081]
  ],
  "95": [],
  "96": [
    [-0.8716242893161095, 0.6430291067407962],
    [0.528460114905045, 0.8256663957922317]
  ],
  "97": [],
  "98": [
    [0.8486754516668779, -0.938564147729162],
    [0.5936024191154302, -0.9216543797195862]
  ],
  "99": [
    [-0.8723471722085432, 0.8636697589560812],
    [0.872347172208543, -0.8636697589560813]
  ],
  "100": [
    [0.2363591338798489, 0.434596149516354]
  ]
}
