{
  "1": [
    [-0.9486216579997135, -0.8418109516511958]
  ],
  "2": [],
  "3": [
    [-0.16078134436840064, 0.3336603364979953],
    [0.16145781802408304, 0.3336603365030303]
  ],
  "4": [
    [-0.582740813052193, -0.9882622284794165],
    [-0.5854301098002747, 0.9878173727856697]
  ],
  "5": [],
  "6": [],
  "7": [],
  "8": [],
  "9": [],
  "10": [
    [0.9153801231419594, -0.68169807006653]
  ],
  "11": [
    [-0.7168719054602751, -0.9717011329105557]
  ],
  "12": [],
  "13": [],
  "14": [],
  "15": [
    [-0.8935011570751306, 0.860834388780971]
  ],
  "16": [
    [-0.7252836262493845, -0.946947020234412],
    [0.9874183751320585, -0.682499565377058]
  ],
  "17": [],
  "18": [],
  "19": [],
  "20": [],
  "21": [],
  "22": [],
  "23": [],
  "24": [],
  "25": [],
  "26": [],
  "27": [],
  "28": [
    [0.9556114158780035, -0.6609367333705347]
  ],
  "29": [],
  "30": [],
  "31": [],
  "32": [],
  "33": [
    [-0.6310181617508187, -0.9837943334779795],
    [0.7711426176924842, 0.868756019661087]
  ],
  "34": [],
  "35": [],
  "36": [],
  "37": [],
  "38": [
    [-0.9343316233850084, 0.9757974949006546]
  ],
  "39": [],
  "40": [
    [-0.9817285103490002, 0.5576326739981442]
  ],
  "41": [],
  "42": [
    [0.8613187307237203, 0.9272686323770519]
  ],
  "43": [],
  "44": [],
  "45": [
    [0.941908821854763, 0.9267794631952896]
  ],
  "46": [
    [0.9070477479695166, -0.8714822701772853]
  ],
  "47": [],
  "48": [
    [-0.15872320421609093, 0.27562431551457095]
  ],
  "49": [],
  "50": [],
  "51": [],
  "52": [
    [-0.9956747084670814, -0.7828289734348601],
    [0.9230361087331467, -0.8458235877513871]
  ],
  "53": [
    [-0.5672387020625674, 0.5614580736296251]
  ],
  "54": [],
  "55": [],
  "56": [],
  "57": [
    [-0.9059259474883612, -0.8068367114212758]
  ],
  "58": [
    [0.5168815385917508, -0.9553913058260683]
  ],
  "59": [
    [-0.12261293666517536, -0.47306745739525163],
    [0.12261293666517521, -0.4730674573952518]
  ],
  "60": [],
  "61": [],
  "62": [],
  "63": [],
  "64": [],
  "65": [
    [-0.9456453660865722, 0.864662648244953]
  ],
  "66": [],
  "67": [
    [-0.45053035652426693, -0.5448197360214883],
    [0.4505342144799549, -0.5448199008027332]
  ],
  "68": [],
  "69": [
    [-0.6396250647522825, -0.79876976905827],
    [-0.6401088957794969, 0.016179415796679],
    [-0.6396618423494268, 0.7906585561840493]
  ],
  "70": [],
  "71": [],
  "72": [],
  "73": [],
  "74": [],
  "75": [],
  "76": [],
  "77": [],
  "78": [
    [-0.8539521014240115, 0.9657769101105479],
    [0.9237228736337678, 0.9974693910959407]
  ],
  "79": [],
  "80": [],
  "81": [],
  "82": [
    [-0.871792003425179, -0.9789740605125827]
  ],
  "83": [],
  "84": [],
  "85": [],
  "86": [],
  "87": [],
  "88": [],
  "89": [],
  "90": [],
  "91": [],
  "92": [],
  "93": [],
  "94": [],
  "95": [
    [0.9562572486758226, -0.9658064130767203]
  ],
  "96": [],
  "97": [],
  "98": [],
  "99": [],
  "100": [
    [-0.9857899100381362, -0.8333613619854777],
    [-0.695515641425982, 0.8440747362356105]
  ]
}
