{
  "1": [],
  "2": [
    [-0.7622817774903349, -0.2731867381697748],
    [0.931061213353932, 0.9347809813666842],
    [0.7636174268118096, 0.2758335165256581]
  ],
  "3": [
    [-0.9771634391579109, -0.9141850899218412],
    [-0.7705230483604552, 0.6006961036734801],
    [-0.48453127901647086, 0.7904031143645887],
    [0.9662227011862479, -0.9273821242573003]
  ],
  "4": [],
  "5": [],
  "6": [],
  "7": [],
  "8": [
    [-0.8534365709628725, -0.8401812750097432]
  ],
  "9": [
    [-0.11567810752398731, -0.5323360209204308]
  ],
  "10": [],
  "11": [],
  "12": [],
  "13": [
    [-0.9849243506375905, 0.2131239536594699]
  ],
  "14": [
    [0.362769355895281, -0.4283515206782216]
  ],
  "15": [],
  "16": [],
  "17": [
    [-0.5652462351706118, 0.9094326447225298],
    [0.746523989557457, 0.6753356730693386]
  ],
  "18": [
    [0.9694359115888136, 0.9024795935929503]
  ],
  "19": [
    [-0.5240734093416533, -0.3018043800403482],
    [-0.5244940102134463, 0.3016705947002862]
  ],
  "20": [],
  "21": [],
  "22": [],
  "23": [],
  "24": [],
  "25": [],
  "26": [
    [-0.6925492597691616, 0.7107400404424906]
  ],
  "27": [],
  "28": [],
  "29": [
    [-0.06364499369816758, 0.6796245908109704]
  ],
  "30": [],
  "31": [
    [0.6183098971163951, 0.829146510962378]
  ],
  "32": [],
  "33": [],
  "34": [
    [0.6441469642216986, -0.63958985363184],
    [0.9565430255347376, -0.6077168851395166]
  ],
  "35": [],
  "36": [],
  "37": [
    [0.8643226730819399, 0.6513016889135602]
  ],
  "38": [],
  "39": [],
  "40": [
    [0.4689523200874213, 0.9958522850760565]
  ],
  "41": [
    [-0.46564113718718814, 0.7534190201429917]
  ],
  "42": [],
  "43": [],
  "44": [],
  "45": [],
  "46": [],
  "47": [
    [0.5791908409926413, -0.8663320130609933]
  ],
  "48": [
    [0.8814758949415917, -0.792561941789022],
    [0.8928851394206203, 0.8126938482675976]
  ],
  "49": [
    [-0.8721252805859219, 0.9710246308556889]
  ],
  "50": [],
  "51": [],
  "52": [
    [-0.9508452558948878, -0.933011824716781]
  ],
  "53": [
    [-0.8952757360897985, -0.9604317485429049],
    [-0.4166598178367945, 0.19263377562234987],
    [0.6139231006579998, -0.13825569004023108]
  ],
  "54": [],
  "55": [
    [-0.8621658373344361, 0.7307230597013913]
  ],
  "56": [],
  "57": [
    [0.5801755757756124, -0.9571301309219789]
  ],
  "58": [],
  "59": [],
  "60": [
    [-0.8900078597431972, 0.37482799946526285],
    [0.9622220104893159, 0.351457811266152]
  ],
  "61": [
    [0.7202996225097588, -0.7068191447476403],
    [0.9502664121247776, -0.2729496639620293]
  ],
  "62": [],
  "63": [],
  "64": [
    [0.5219784190421217, -0.9808223670190337],
    [0.5624412913526936, 0.7988976503716674]
  ],
  "65": [
    [0.7995202679722118, 0.9256728432795888]
  ],
  "66": [
    [-0.3573401665376185, 0.6579210541320095]
  ],
  "67": [],
  "68": [
    [-0.6732981139327517, 0.7957263557931338]
  ],
  "69": [
    [-0.5534913389633586, 0.6672218811393996]
  ],
  "70": [],
  "71": [],
  "72": [
    [-0.7594011199947358, 0.5886705184443254],
    [0.8400205919193703, 0.47175363701714557]
  ],
  "73": [],
  "74": [],
  "75": [
    [0.9739969707620288, 0.9946940978998233]
  ],
  "76": [],
  "77": [],
  "78": [],
  "79": [],
  "80": [
    [-0.8415147417613331, -0.9188716988853189]
  ],
  "81": [
    [-0.7792583101140194, -0.9504094123522637],
    [0.7981767108073878, -0.9293913601785352]
  ],
  "82": [
    [-0.7944754254635019, -0.5272642949685082],
    [-0.8445795158782996, -0.4790764837209163],
    [-0.8205685020754142, 0.9304879078066478]
  ],
  "83": [
    [-0.9517908145769479, 0.961989394200077],
    [0.11826224962816863, -0.9544931582130665]
  ],
  "84": [
    [0.7942059053852787, -0.8715706551341142],
    [0.7600398350589912, 0.9100508959762318]
  ],
  "85": [
    [0.8153544655091278, -0.6597375413654366]
  ],
  "86": [],
  "87": [
    [-0.9081281938550452, -0.4593700430141897]
  ],
  "88": [],
  "89": [
    [-0.778807136496824, -0.7431597822322964],
    [-0.8564572191447793, 0.7245827693669249]
  ],
  "90": [],
  "91": [],
  "92": [
    [0.9433083652258047, 0.8995100736578528]
  ],
  "93": [],
  "94": [],
  "95": [],
  "96": [],
  "97": [
    [0.5689937322923254, -0.7803478221575246]
  ],
  "98": [],
  "99": [],
  "100": []
}
