{
  "1": [
    [-0.7238809890747282, 0.7317528999468328],
    [0.7711696722066936, 0.6235140696327839]
  ],
  "2": [],
  "3": [],
  "4": [],
  "5": [
    [0.967191470146823, -0.6198313113964453]
  ],
  "6": [],
  "7": [],
  "8": [
    [0.6217908342447781, 0.7574993864536957]
  ],
  "9": [],
  "10": [],
  "11": [
    [0.37119640563046696, -0.8511766894652508],
    [0.9377973430314164, -0.7804266635921568]
  ],
  "12": [
    [0.8728737494973575, -0.8582391907055739],
    [0.7440519745611287, 0.856026578542719]
  ],
  "13": [
    [0.9748661940765885, 0.42554918497648786]
  ],
  "14": [
    [-0.4859086798619155, -0.47432269394598403],
    [0.7509824478324558, -0.9354256480943355]
  ],
  "15": [],
  "16": [],
  "17": [],
  "18": [],
  "19": [
    [-0.8720435770699725, -0.6823863252242778],
    [0.4991238679092034, 0.7939476702875443]
  ],
  "20": [
    [-0.7070496432860933, 0.6022164160098483],
    [-0.395597531887895, 0.9355088242566884]
  ],
  "21": [],
  "22": [],
  "23": [],
  "24": [],
  "25": [],
  "26": [
    [-0.7632914891139961, -0.4954611380314429]
  ],
  "27": [
    [0.8183049639901943, 0.8141948018515969]
  ],
  "28": [],
  "29": [],
  "30": [
    [-0.2219179930973206, 0.80016961670033],
    [0.22318724872794965, -0.8069646147166483]
  ],
  "31": [],
  "32": [
    [-0.6605213210302109, -0.9624517100948227]
  ],
  "33": [],
  "34": [
    [-0.6947566485856483, -0.5649613569078348],
    [-0.9665818238264327, -0.2903076530822888],
    [0.6609640288111184, -0.5955065195823414]
  ],
  "35": [
    [-0.40279265807504183, -0.897645762725025],
    [-0.718781454204877, 0.7769439820731292],
    [-0.41086253599256145, 0.8907216144062775],
    [0.9398136124067469, -0.3357469904264945]
  ],
  "36": [],
  "37": [],
  "38": [],
  "39": [],
  "40": [],
  "41": [
    [-0.7540993365835994, 0.6732042893304774],
    [0.49721414297086813, -0.9242246568393253],
    [0.7044364378541208, -0.6908068390975818]
  ],
  "42": [],
  "43": [],
  "44": [
    [0.6287102998329644, 0.8966743730444938]
  ],
  "45": [
    [-0.6186386768042325, -0.753346660124087],
    [-0.6028721786087337, 0.5342405328165771]
  ],
  "46": [],
  "47": [],
  "48": [
    [-0.9860096462894297, -0.7622654742983781]
  ],
  "49": [],
  "50": [
    [-0.9247092270499061, -0.8844979638670374],
    [0.7350933268321496, 0.5849763721996983]
  ],
  "51": [
    [-0.6950783146193639, -0.0748200519889478],
    [0.8871424128063368, -0.20256075032119558]
  ],
  "52": [],
  "53": [],
  "54": [
    [-0.5933973183071313, 0.27095312734196453],
    [0.6303875211807188, 0.27826287527342203]
  ],
  "55": [
    [-0.7755470056924955, -0.33747635502993323],
    [-0.39507580087174515, -0.38411402795293315],
    [0.28881539122624234, -0.5172912971092803]
  ],
  "56": [],
  "57": [
    [0.3822935646888731, 0.9538992872909986],
    [0.8705118040738418, 0.9521281256051606]
  ],
  "58": [],
  "59": [],
  "60": [],
  "61": [
    [0.3816951882671016, -0.9674899545412905]
  ],
  "62": [],
  "63": [
    [-0.2843321661953205, 0.5023138578156093]
  ],
  "64": [],
  "65": [
    [0.970309832643964, 0.3879502547239385],
    [0.6847592281429192, 0.6622587697243614]
  ],
  "66": [
    [0.09698138617341968, -0.5267469025705364]
  ],
  "67": [
    [-0.101533657311109, -0.34461322615155743]
  ],
  "68": [],
  "69": [],
  "70": [],
  "71": [],
  "72": [],
  "73": [],
  "74": [
    [0.6366060163351304, 0.864062456202691]
  ],
  "75": [],
  "76": [],
  "77": [],
  "78": [
    [-0.31557942509540476, 0.9022949688652399]
  ],
  "79": [
    [-0.04061020474845914, 0.2685912724397739]
  ],
  "80": [],
  "81": [
    [-0.773447842228344, -0.6106794463247451]
  ],
  "82": [
    [-0.8381084362744353, 0.8763036902011525]
  ],
  "83": [
    [-0.3346912957958684, -0.6851365110672499],
    [0.47854247375823256, -0.7151777528387855],
    [0.7786185928089236, -0.8739933376619349]
  ],
  "84": [
    [-0.939186571531661, -0.7883992319175501]
  ],
  "85": [],
  "86": [
    [-0.9248344012977766, -0.41330376911921635]
  ],
  "87": [
    [0.5497540748678605, -0.5267023007100258],
    [0.5856266298258549, 0.43598397664678673]
  ],
  "88": [
    [-0.07430737644183834, -0.1633453956756302]
  ],
  "89": [],
  "90": [
    [-0.9870798391456824, -0.9445705510102461],
    [-0.08906266859444914, -0.08815000226631893]
  ],
  "91": [
    [0.8460547301031386, 0.5990057696508494],
    [0.08087214691481137, 0.5711836920034455]
  ],
  "92": [
    [0.8693705014851609, 0.6158708687691511]
  ],
  "93": [],
  "94": [],
  "95": [
    [-0.5993478283090126, 0.919914975795058]
  ],
  "96": [],
  "97": [],
  "98": [],
  "99": [
    [-0.5940548441123787, -0.3252492440875494]
  ],
  "100": [
    [0.7897881877229356, -0.32533641457700385],
    [0.5812615732998547, 0.7205725999230926]
  ]
}
