{
  "1": [],
  "2": [],
  "3": [
    [-0.6847437667526174, 0.8954676675604442],
    [0.7277615483616419, -0.7723220550283427]
  ],
  "4": [],
  "5": [
    [-0.7509267931387249, -0.5682043648117114]
  ],
  "6": [],
  "7": [],
  "8": [],
  "9": [],
  "10": [
    [-0.718467690052392, -0.7527497137256653]
  ],
  "11": [],
  "12": [],
  "13": [
    [-0.4918858896722068, 0.5671921783091682],
    [0.488696180239907, 0.566761858138409]
  ],
  "14": [
    [-0.49218849706394796, 0.3543770829586609],
    [0.4921884970639477, -0.3543770829586613]
  ],
  "15": [],
  "16": [
    [0.6517970745206919, 0.31164525890379263]
  ],
  "17": [
    [-0.005646456461871125, -0.5077873447520356],
    [-0.0056464462361468255, 0.5077878045760107]
  ],
  "18": [
    [-0.09251784759410538, 0.23845117191530732],
    [0.0928048342169614, -0.23839730929848169]
  ],
  "19": [],
  "20": [
    [0.521929762769385, 0.9050487959751459]
  ],
  "21": [
    [-0.8166473590606826, -0.854797456327605],
    [-0.4297324382489094, -0.8510266168025646],
    [0.4297324382489096, 0.8510266168025639],
    [0.8166473590606826, 0.8547974563276048]
  ],
  "22": [],
  "23": [
    [-0.9945695736823079, -0.9634806683547278],
    [-0.7142152344929045, -0.6561530252275537]
  ],
  "24": [
    [-0.777581044271023, -0.5613111188149177],
    [-0.7331455005638248, 0.4762804180943384]
  ],
  "25": [
    [0.648323822665249, 0.8200679771422045]
  ],
  "26": [],
  "27": [],
  "28": [],
  "29": [
    [-0.50950310714813, -0.8917575261078118],
    [-0.12756387294737687, 0.7279883290805922],
    [0.959142454536604, -0.67141429581537],
    [0.3881072974396544, 0.9661263481377538],
    [0.7324614858979415, 0.846671238908878]
  ],
  "30": [],
  "31": [],
  "32": [
    [-0.36788871065884965, 0.7584557470348182]
  ],
  "33": [],
  "34": [],
  "35": [],
  "36": [],
  "37": [],
  "38": [],
  "39": [],
  "40": [],
  "41": [
    [-0.7201424693359333, 0.8042996664980371],
    [0.7321095190674674, -0.6881936160605765]
  ],
  "42": [],
  "43": [
    [-0.7018610827718069, 0.9218534908515372],
    [-0.08848890157217247, -0.4118296958496273],
    [-0.08810114075332617, 0.41119664015999474],
    [-0.4008755290058597, -0.7583040259792657]
  ],
  "44": [],
  "45": [],
  "46": [],
  "47": [
    [-0.8425997558108199, -0.016877494254638296],
    [0.8426027890990113, -0.016931945553216535],
    [0.9188493983250908, 0.22984536029682068]
  ],
  "48": [],
  "49": [
    [-0.6173085408779196, -0.20593905103567622],
    [-0.672442191971839, 0.19720714282002108]
  ],
  "50": [],
  "51": [],
  "52": [],
  "53": [
    [-0.7466261655393299, -0.9156489950354497]
  ],
  "54": [],
  "55": [
    [-0.7708416322764781, -0.7409703483957089],
    [0.822897299310617, -0.8571190575811138]
  ],
  "56": [
    [0.6777067176661317, -0.37811622452221166]
  ],
  "57": [
    [-0.08396012377664458, -0.9368974467952047],
    [-0.7120314965902372, 0.328435340715729]
  ],
  "58": [
    [-0.8323531793072962, 0.8945322572820931],
    [-0.7691910775848037, 0.01614299483269435],
    [0.017694070426109855, -0.7965849186342535]
  ],
  "59": [
    [-0.7088154185635752, -0.6455284669349629],
    [0.9661846704636078, -0.7350990034591978]
  ],
  "60": [],
  "61": [
    [-0.3743423585748158, -0.6271777200617294],
    [0.37390819635127653, -0.627172926092451]
  ],
  "62": [
    [-0.9895620377373866, -0.9390316529105274],
    [-0.4843111478749755, 0.9332239761543336]
  ],
  "63": [
    [-0.348294054366513, 0.7874888209895169],
    [0.931715239516024, -0.9565116770526649],
    [0.35462965967864635, -0.8852547424686813]
  ],
  "64": [],
  "65": [
    [-0.10258881471385942, -0.5618315552953344],
    [0.10260189726474032, -0.5618251143460061]
  ],
  "66": [],
  "67": [],
  "68": [
    [-0.6563617504102323, 0.8384221198347679]
  ],
  "69": [
    [-0.6914124647854291, -0.5126301389960867],
    [0.6964928649753748, -0.52986094479693]
  ],
  "70": [],
  "71": [],
  "72": [],
  "73": [],
  "74": [
    [0.624879407492948, 0.5456061182982265]
  ],
  "75": [
    [-0.6104692729869424, 0.9359663799176624]
  ],
  "76": [
    [-0.34026941670522926, -0.18193131911744279]
  ],
  "77": [
    [0.5167153132448772, 0.7312532572111673]
  ],
  "78": [],
  "79": [
    [0.5656178662035103, 0.8114433166369205]
  ],
  "80": [
    [-0.6064109653259072, 0.3377098755546102]
  ],
  "81": [
    [0.34206771273910724, -0.6426884392996599],
    [0.3772608291630905, 0.604518689754524]
  ],
  "82": [],
  "83": [
    [-0.09975566796351096, 0.054740931828733456]
  ],
  "84": [],
  "85": [],
  "86": [
    [-0.8797175073052225, -0.34299921364476227],
    [0.9305602135615849, 0.867967885465506]
  ],
  "87": [],
  "88": [
    [0.9644694981020975, -0.9174100311841611]
  ],
  "89": [
    [-0.9896492567240471, 0.8671222084898873],
    [-0.19941518531857802, 0.11251818781282172]
  ],
  "90": [],
  "91": [
    [0.7098458391899203, -0.2616367970133104]
  ],
  "92": [
    [-0.31022054339538657, 0.9728282279974184]
  ],
  "93": [
    [-0.18095575850386364, 0.47862930808672327],
    [0.1814778391233088, -0.4802280938597084]
  ],
  "94": [
    [-0.3661817862594266, -0.9763207346276468]
  ],
  "95": [],
  "96": [],
  "97": [
    [-0.2508985738866734, -0.20050576490154765],
    [0.3373457061540113, -0.20039820870348918]
  ],
  "98": [],
  "99": [],
  "100": [
    [-0.26760518354158813, -0.12459852417436816],
    [0.289563730002702, 0.9217643871346043],
    [0.2677234303350926, -0.09673628284465717]
  ]
}
