{
  "1": [],
  "2": [],
  "3": [
    [-0.19358289554678065, -0.5890354662150045]
  ],
  "4": [],
  "5": [],
  "6": [],
  "7": [],
  "8": [],
  "9": [
    [-0.747894753073276, 0.6543772352555859],
    [0.8435666485116697, -0.7731457140666664]
  ],
  "10": [
    [-0.7573995070743096, -0.876460356003188]
  ],
  "11": [],
  "12": [],
  "13": [
    [-0.6134413657332941, -0.6508162712034598]
  ],
  "14": [
    [0.8832928856421881, -0.9671508247221406]
  ],
  "15": [],
  "16": [],
  "17": [],
  "18": [],
  "19": [],
  "20": [
    [0.5586368280854085, -0.6895818732930307]
  ],
  "21": [
    [-0.40017190073035336, 0.9862784836652293]
  ],
  "22": [
    [0.24949890104286165, 0.9042534778646509]
  ],
  "23": [],
  "24": [],
  "25": [],
  "26": [],
  "27": [
    [-0.810866425642729, -0.7563462661206315]
  ],
  "28": [
    [0.477513154846486, 0.07774638540436761]
  ],
  "29": [],
  "30": [
    [0.797210620506836, -0.8075528056511199],
    [0.9248825319274583, -0.8566127213126117]
  ],
  "31": [],
  "32": [
    [0.5867441730811103, 0.9286243639542092]
  ],
  "33": [],
  "34": [],
  "35": [
    [-0.5653778905990491, -0.5687250920901291],
    [0.5653353868315065, -0.5686336558975519]
  ],
  "36": [
    [-0.9295126010914294, 0.506649324851391]
  ],
  "37": [],
  "38": [
    [-0.747855412776004, -0.7159699568464392],
    [0.769312124621867, 0.6955838410970455]
  ],
  "39": [],
  "40": [
    [0.5446712334275242, 0.9607219896815435]
  ],
  "41": [],
  "42": [],
  "43": [],
  "44": [],
  "45": [],
  "46": [],
  "47": [],
  "48": [],
  "49": [],
  "50": [
    [-0.4059533135145093, -0.8448046136409817],
    [0.40722699023372666, 0.8492637963441935]
  ],
  "51": [
    [0.7740333794077264, -0.9630032974115408],
    [0.7958878341561476, 0.8797070411329467]
  ],
  "52": [
    [0.8358318148262673, -0.9144713013849379],
    [0.7623119399836552, 0.963896420031608]
  ],
  "53": [
    [-0.9895179578493651, 0.7193094946464863]
  ],
  "54": [],
  "55": [],
  "56": [],
  "57": [
    [-0.4719389554639428, 0.8751039366823169],
    [0.8617151048992221, -0.6671423315306267]
  ],
  "58": [
    [-0.7888921255103872, 0.6004262507482353],
    [0.7888921255103871, 0.6004262507482359]
  ],
  "59": [],
  "60": [],
  "61": [
    [0.8401262913273753, -0.9256873801850143],
    [0.4370615400263272, -0.9968923480315989],
    [0.5871025433310281, 0.9114888530355615]
  ],
  "62": [],
  "63": [
    [0.9605174012217597, -0.9769717639868493]
  ],
  "64": [],
  "65": [
    [-0.4474167435063619, -0.6361079557625413],
    [0.4623722330910369, 0.5760227903008143]
  ],
  "66": [
    [-0.9039862747848609, 0.7822899107118318],
    [0.9208300426458146, -0.6189109406749007]
  ],
  "67": [],
  "68": [
    [-0.9587483866479651, 0.8559340377767303]
  ],
  "69": [
    [-0.9086805400476317, 0.7441103481222767]
  ],
  "70": [],
  "71": [],
  "72": [],
  "73": [
    [-0.8406601104520047, 0.8205502812492907]
  ],
  "74": [
    [0.5264742589768507, -0.6993956962366794],
    [0.5264742589768503, 0.6993956962366795]
  ],
  "75": [
    [0.978333477465145, 0.8300094654960624]
  ],
  "76": [],
  "77": [],
  "78": [],
  "79": [],
  "80": [],
  "81": [
    [-0.8606041508915591, -0.9709135099594718],
    [0.9785117256534823, 0.8061531666888581],
    [0.7975466759476176, 0.8853612592382497]
  ],
  "82": [],
  "83": [],
  "84": [
    [0.8895424338160822, 0.9653014398644186]
  ],
  "85": [
    [-0.4483833711072205, -0.6622553401727236],
    [-0.4484573236538439, 0.6622393121477173],
    [0.4483833711072201, -0.6622553401727241],
    [0.4484573236538438, 0.6622393121477175]
  ],
  "86": [
    [-0.7208224950776932, -0.7340037910632786]
  ],
  "87": [],
  "88": [],
  "89": [],
  "90": [],
  "91": [],
  "92": [
    [0.7186641445674277, 0.5036139876523225]
  ],
  "93": [],
  "94": [],
  "95": [
    [0.7699061404741134, -0.9187119908471589],
    [0.5949805149121188, 0.9042209796975855]
  ],
  "96": [],
  "97": [],
  "98": [
    [-0.7579847187035196, 0.8910718574535316]
  ],
  "99": [],
  "100": []
}
