{
  "1": [
    [0.8699960706033741, 0.7732193178159961]
  ],
  "2": [],
  "3": [],
  "4": [
    [0.8849301661038959, -0.11049972339058999]
  ],
  "5": [],
  "6": [],
  "7": [
    [0.8820475354490767, 0.7531298196297275]
  ],
  "8": [],
  "9": [],
  "10": [],
  "11": [],
  "12": [],
  "13": [],
  "14": [
    [-0.45059450155772607, -0.8975134887713178]
  ],
  "15": [
    [-0.946010932297825, 0.9532422029129172]
  ],
  "16": [],
  "17": [],
  "18": [
    [0.4247039093269812, -0.8408547987143414],
    [0.4228548455831684, 0.8422185407802677]
  ],
  "19": [
    [-0.9406193634634468, 0.9158797620164785],
    [0.9404466915127223, 0.9158283109517875]
  ],
  "20": [],
  "21": [],
  "22": [
    [0.9853614271211691, -0.8247180956491291]
  ],
  "23": [],
  "24": [],
  "25": [],
  "26": [],
  "27": [
    [-0.781261250043404, 0.9144173911037151],
    [0.85307194166053, 0.7974115500394614]
  ],
  "28": [],
  "29": [
    [-0.5988078184506863, 0.9205926760791573],
    [0.9225664085884295, 0.9731402279435956]
  ],
  "30": [
    [-0.8968177048752701, -0.3103929683431793],
    [0.8968177048752701, 0.31039296834317964]
  ],
  "31": [],
  "32": [],
  "33": [
    [-0.9233963782193191, -0.9246867499405951]
  ],
  "34": [],
  "35": [
    [-0.4554653393625096, -0.2864952411312163],
    [0.4554653393599214, -0.2864952411375915]
  ],
  "36": [],
  "37": [],
  "38": [],
  "39": [
    [-0.9870231370900566, -0.8544644084003395]
  ],
  "40": [],
  "41": [
    [-0.760314052090431, 0.9301302402591131],
    [0.8440260656538406, -0.9733040478455783]
  ],
  "42": [],
  "43": [],
  "44": [
    [0.8367923596140475, -0.26811974860012733]
  ],
  "45": [],
  "46": [],
  "47": [],
  "48": [
    [-0.8533950912421344, 0.8470476743034032]
  ],
  "49": [
    [-0.8457722459852548, -0.04845691534192271],
    [0.8457722459852898, -0.04845691534191453]
  ],
  "50": [],
  "51": [
    [0.9257689771919527, -0.994388954540604]
  ],
  "52": [],
  "53": [
    [0.8457964069202589, 0.867851041886846]
  ],
  "54": [],
  "55": [],
  "56": [],
  "57": [],
  "58": [],
  "59": [
    [-0.9912580289524576, -0.8298135418355039]
  ],
  "60": [
    [0.7281340366265805, -0.31292014542208046],
    [0.7281340364423614, 0.3121615014318471]
  ],
  "61": [],
  "62": [],
  "63": [
    [-0.7504424540178194, 0.5472948569078597]
  ],
  "64": [],
  "65": [],
  "66": [
    [0.9204619342287578, -0.7046250528675049]
  ],
  "67": [
    [0.5702687034180106, 0.7040384103013525]
  ],
  "68": [],
  "69": [
    [-0.6284698194600963, -0.4516573006325867],
    [-0.6284715883383737, 0.4516560766676861],
    [0.9040316771083408, -0.451690770213398],
    [0.904056590483989, 0.45175783233134975]
  ],
  "70": [],
  "71": [],
  "72": [],
  "73": [
    [-0.7582822432874731, 0.981646493783206]
  ],
  "74": [
    [-0.8916391235905466, -0.40643550051252797],
    [0.8915978857509537, 0.40646679913613915]
  ],
  "75": [
    [-0.7309315391587141, -0.8248607988513842]
  ],
  "76": [],
  "77": [
    [0.8858811149102026, -0.7354890913979709],
    [0.8824471754782416, 0.7316762156854849]
  ],
  "78": [
    [-0.4758066539330802, 0.3252531305312601],
    [0.4758066538575576, -0.32525313053126065]
  ],
  "79": [],
  "80": [],
  "81": [
    [-0.6882447642702094, 0.9728123086787448]
  ],
  "82": [],
  "83": [],
  "84": [],
  "85": [],
  "86": [
    [0.6269306884354846, -0.10810382721029206],
    [0.6269306884354809, 0.10810382828261743]
  ],
  "87": [],
  "88": [],
  "89": [],
  "90": [],
  "91": [],
  "92": [
    [-0.9057400282445751, 0.8113215181644123]
  ],
  "93": [
    [0.9488290474642093, 0.8133809104082995]
  ],
  "94": [
    [0.6893047728249863, 0.7119610356341978]
  ],
  "95": [],
  "96": [],
  "97": [],
  "98": [],
  "99": [],
  "100": [
    [0.23662668730901795, 0.17001083797495578]
  ]
}
