{
  "1": [
    [-0.7669254144103262, 0.7942498262610574],
    [0.9985560500199153, -0.6015973642351712]
  ],
  "2": [
    [-0.615915058072061, -0.8832269785805202],
    [-0.6085765299466952, 0.8803554185263355]
  ],
  "3": [],
  "4": [],
  "5": [],
  "6": [],
  "7": [
    [-0.7907665937941536, -0.992670838300068]
  ],
  "8": [],
  "9": [],
  "10": [],
  "11": [],
  "12": [],
  "13": [
    [-0.7215721891478792, 0.9871387820604998]
  ],
  "14": [],
  "15": [
    [-0.7198722310940349, 0.8073835189737811]
  ],
  "16": [
    [-0.680743195096083, -0.9665235460437329],
    [0.7411676896466685, -0.8268550693598041]
  ],
  "17": [],
  "18": [],
  "19": [
    [0.999791762960361, -0.9718106160214064]
  ],
  "20": [],
  "21": [],
  "22": [],
  "23": [],
  "24": [],
  "25": [],
  "26": [],
  "27": [
    [-0.9694120488207794, -0.19682573567524717],
    [0.9694119345350439, -0.19682572898866413]
  ],
  "28": [
    [0.736788539190012, -0.974803374843838],
    [0.9115282112823019, -0.825660195812258]
  ],
  "29": [],
  "30": [],
  "31": [
    [-0.9924889916440284, 0.5927017249900012],
    [-0.866868816267494, 0.6532805672043354]
  ],
  "32": [],
  "33": [],
  "34": [
    [0.33538096818324536, -0.2753086544466475]
  ],
  "35": [],
  "36": [],
  "37": [],
  "38": [],
  "39": [],
  "40": [
    [-0.9886737364213903, 0.7056894714703273],
    [0.9886737364213902, -0.7056894714703275]
  ],
  "41": [],
  "42": [
    [-0.12718577399403067, -0.5178431645966833]
  ],
  "43": [],
  "44": [],
  "45": [
    [-0.6158942363072617, -0.7859890397015922]
  ],
  "46": [],
  "47": [],
  "48": [],
  "49": [],
  "50": [],
  "51": [],
  "52": [],
  "53": [],
  "54": [],
  "55": [
    [0.7356509801833372, -0.8371927046333103]
  ],
  "56": [],
  "57": [
    [-0.9853625410878011, -0.9594632865298267]
  ],
  "58": [],
  "59": [],
  "60": [],
  "61": [],
  "62": [
    [0.9349655099234568, 0.9579710782250596]
  ],
  "63": [],
  "64": [
    [-0.9754064919821678, -0.9728499810034009]
  ],
  "65": [
    [0.8480481422816398, -0.7888282747924608]
  ],
  "66": [],
  "67": [],
  "68": [],
  "69": [],
  "70": [],
  "71": [],
  "72": [
    [0.4908920704723792, -0.2595164971135454]
  ],
  "73": [
    [-0.8670662907328144, -0.8566735914891301],
    [-0.8484451809272833, 0.6700514327525589],
    [-0.8263182653347483, 0.7805280199506904],
    [0.6712672066696383, 0.7735922690554929]
  ],
  "74": [],
  "75": [],
  "76": [],
  "77": [],
  "78": [
    [-0.6262199985154001, -0.8250101076681955]
  ],
  "79": [
    [-0.6609545231547378, -0.9609177028197536],
    [0.6609545231547376, 0.960917702819754]
  ],
  "80": [
    [-0.8547045918221418, 0.6897428893712031]
  ],
  "81": [],
  "82": [
    [-0.7781182418447953, 0.9122077947050469],
    [0.9700939159278764, -0.7378956364364239]
  ],
  "83": [],
  "84": [],
  "85": [],
  "86": [],
  "87": [],
  "88": [
    [0.8034929830398563, -0.3369027452240992]
  ],
  "89": [],
  "90": [],
  "91": [
    [0.987620953644075, 0.8963955922493616]
  ],
  "92": [],
  "93": [],
  "94": [],
  "95": [
    [0.5061978835886745, 0.9508727763919824]
  ],
  "96": [],
  "97": [],
  "98": [],
  "99": [],
  "100": []
}
