{
  "1": [
    [0.15229412044513888, -0.636510600680997],
    [0.3049325867305523, 0.753133381545899]
  ],
  "2": [
    [0.1304906466761694, -0.6947711298564836]
  ],
  "3": [
    [0.6806759117160892, 0.2424153286206906]
  ],
  "4": [
    [-0.37508878546120045, -0.7282344159336199]
  ],
  "5": [],
  "6": [
    [-0.46383030947009074, 0.3686029754766496],
    [0.4641442728810917, 0.3616646438378784]
  ],
  "7": [],
  "8": [],
  "9": [],
  "10": [],
  "11": [],
  "12": [],
  "13": [],
  "14": [
    [-0.7825427342892781, 0.35645977937774215],
    [-0.7959417099003121, 0.8505493402286414],
    [0.7849203682783881, 0.34290717122759834]
  ],
  "15": [],
  "16": [
    [-0.9453887778739748, -0.7266624084572499]
  ],
  "17": [
    [0.054249479970524, 0.340173229964093]
  ],
  "18": [
    [-0.5248071805712334, 0.7662637445513224],
    [0.6191469139044694, 0.8698750152918714],
    [0.6753777635334756, 0.3268199233658782]
  ],
  "19": [
    [-0.3956077314255924, 0.1340336737313166]
  ],
  "20": [],
  "21": [],
  "22": [
    [0.6276718105398357, -0.10231596353772067]
  ],
  "23": [
    [-0.0758469130480049, 0.7479253448545362],
    [0.7072405800830066, -0.5048375682359965]
  ],
  "24": [],
  "25": [],
  "26": [],
  "27": [],
  "28": [],
  "29": [],
  "30": [
    [0.26596582996300533, 0.057097372624106586]
  ],
  "31": [
    [-0.6559851448287393, 0.03983251427865639],
    [0.6559801383362179, 0.03983312247081274],
    [0.5726125013523607, 0.7823235836772688]
  ],
  "32": [
    [-0.7796702364830278, -0.05428831950650454],
    [-0.466190380088924, -0.18280644424048229],
    [0.5272338409510607, -0.13230912710133574],
    [0.6734135514210589, -0.07479054366856575]
  ],
  "33": [
    [0.26887506514820725, -0.5471379693078591]
  ],
  "34": [
    [0.8212068466423721, -0.9295907933693007],
    [0.005834139314278353, 0.08493994704172445]
  ],
  "35": [],
  "36": [],
  "37": [
    [-0.017265564549784042, -0.07069716557344219]
  ],
  "38": [
    [-0.9937749903754616, 0.892653878742506]
  ],
  "39": [
    [0.3880167623627981, 0.9432847324280667]
  ],
  "40": [
    [-0.5496020873930908, 0.406623974716068],
    [0.6114092435365466, -0.4749872258864909]
  ],
  "41": [
    [-0.14196700929473235, -0.9810875989312782]
  ],
  "42": [
    [-0.8159756239238405, 0.6927354235308436],
    [0.7665568182968143, -0.8714732501457907]
  ],
  "43": [],
  "44": [],
  "45": [],
  "46": [
    [-0.8345428056890885, 0.03209922337701839]
  ],
  "47": [
    [0.954442655295294, -0.7174489579706803]
  ],
  "48": [
    [-0.19241281830512955, -0.8130548565100846],
    [-0.2282891697727377, 0.7580558771480259]
  ],
  "49": [
    [0.9620192962284604, -0.4722292647078872]
  ],
  "50": [
    [0.05249296501948359, -0.09417909952840972],
    [0.9247718294665479, -0.09903667038569751]
  ],
  "51": [
    [-0.7419543802856445, 0.27728985565574404],
    [-0.32791301174634824, 0.9584315533054454]
  ],
  "52": [
    [-0.05384068709022596, -0.037297941869439286],
    [0.05384090128956027, -0.03676671884862988]
  ],
  "53": [
    [0.1352569477575575, -0.8342992225222421],
    [0.13579588381080782, 0.8342902782524557]
  ],
  "54": [],
  "55": [],
  "56": [
    [-0.8395978481704651, -0.6227046330314081],
    [-0.4697665775801796, -0.12211451214320977]
  ],
  "57": [],
  "58": [
    [-0.6307970250885084, -0.3457769085703558],
    [-0.8641514012121991, -0.6180935735593032],
    [0.9279309639143217, 0.7325620622229544]
  ],
  "59": [
    [-0.20242881033091176, -0.5273040444295174],
    [-0.43044829618043773, 0.15639697275855866]
  ],
  "60": [
    [-0.8982701202701817, -0.616846138560976]
  ],
  "61": [
    [-0.7170578548293618, -0.2717351743524256],
    [0.7871272858377987, -0.3466346331935547]
  ],
  "62": [
    [0.7360271506930779, 0.2793599624529569]
  ],
  "63": [
    [-0.057995990747237, 0.3120758022863159]
  ],
  "64": [
    [-0.5064442355951366, -0.6051859536653541]
  ],
  "65": [],
  "66": [],
  "67": [
    [0.7165040951548106, 0.431135551724365]
  ],
  "68": [
    [-0.868900911611723, -0.7977393494345202],
    [-0.8536228058293734, 0.8115987528260329]
  ],
  "69": [
    [0.290035338665, -0.9902475743020785],
    [0.8575257097705282, -0.40025843755817886]
  ],
  "70": [
    [-0.6616440756606141, -0.4561694072440306]
  ],
  "71": [],
  "72": [
    [-0.9837421032448012, 0.5582917940802631]
  ],
  "73": [
    [-0.3762725720993295, 0.5309116454806001],
    [0.4030505886470029, -0.4761179210135018],
    [0.5773293343127582, -0.31552068820732465],
    [0.9873217374476865, 0.610725282569568]
  ],
  "74": [
    [-0.4461321146479939, -0.33670263057932065]
  ],
  "75": [],
  "76": [
    [-0.2663683605561245, 0.43738970273122657],
    [0.6761074998539184, -0.3533709485078006]
  ],
  "77": [
    [0.7941754661115951, 0.4428340306543433]
  ],
  "78": [
    [-0.7321260143168373, -0.001641063421778959]
  ],
  "79": [],
  "80": [
    [-0.612245481590318, 0.5827646222411251],
    [0.41150501145412804, 0.8986670910231073]
  ],
  "81": [
    [-0.24510847419078793, -0.11261773541017331]
  ],
  "82": [
    [-0.3619801382826296, 0.5359770154425194]
  ],
  "83": [
    [0.7083596887849832, -0.010853926001782484]
  ],
  "84": [],
  "85": [],
  "86": [
    [-0.24359992612759782, -0.030374829493260022]
  ],
  "87": [
    [-0.06287645051991292, -0.7784715309645737],
    [-0.06033139522812307, 0.8523951392421775]
  ],
  "88": [],
  "89": [],
  "90": [
    [-0.45837608798474194, 0.802787473600396]
  ],
  "91": [],
  "92": [
    [0.6121468633215144, 0.682169474209625],
    [0.6608210736462513, 0.6059445143999068]
  ],
  "93": [],
  "94": [
    [-0.5849093235298074, -0.855023335761316]
  ],
  "95": [],
  "96": [
    [0.1728538923930325, 0.1309198506509243]
  ],
  "97": [],
  "98": [],
  "99": [],
  "100": [
    [-0.6454719731218431, -0.6806144238427221]
  ]
}
