{
  "1": [
    [-0.9670297116204241, -0.94265483868856]
  ],
  "2": [],
  "3": [],
  "4": [
    [0.9554783938266331, -0.8518031430993399]
  ],
  "5": [],
  "6": [],
  "7": [],
  "8": [
    [0.5818148109856134, -0.8653326887742306]
  ],
  "9": [],
  "10": [],
  "11": [
    [-0.42332226055879346, 0.14535826182360598],
    [0.9384021340547612, -0.9736934076165666],
    [0.42332226055879313, 0.1453582618487431]
  ],
  "12": [
    [0.6887806223801674, 0.7781244466884746]
  ],
  "13": [],
  "14": [
    [0.9463957055289898, -0.9634422434056424]
  ],
  "15": [],
  "16": [],
  "17": [],
  "18": [],
  "19": [
    [-0.8938584994572744, -0.6571070422188487],
    [-0.6857596408544295, -0.9846125709911578],
    [0.9997072750924633, 0.9939630941910876]
  ],
  "20": [],
  "21": [],
  "22": [],
  "23": [
    [0.7313962349808877, -0.9241350631746462],
    [0.7313962349808881, 0.9241350631746458]
  ],
  "24": [],
  "25": [],
  "26": [],
  "27": [
    [0.8500234498464146, 0.5668414401344034]
  ],
  "28": [],
  "29": [],
  "30": [],
  "31": [],
  "32": [
    [-0.39502282472187344, 0.016408711917314387]
  ],
  "33": [],
  "34": [],
  "35": [],
  "36": [],
  "37": [],
  "38": [],
  "39": [],
  "40": [],
  "41": [],
  "42": [
    [-0.7916006412338513, -0.6129002707505389],
    [-0.8788254627594099, 0.4646018615647722]
  ],
  "43": [],
  "44": [],
  "45": [],
  "46": [],
  "47": [],
  "48": [
    [-0.8778725537771245, 0.9736241113237591]
  ],
  "49": [
    [-0.5421979864382388, 0.6309167375704857]
  ],
  "50": [],
  "51": [],
  "52": [],
  "53": [],
  "54": [],
  "55": [],
  "56": [],
  "57": [],
  "58": [],
  "59": [],
  "60": [
    [-0.34672972764532484, 0.8633353184492196]
  ],
  "61": [
    [-0.8500271451445461, -0.7151957974713056],
    [-0.864089288121349, 0.6987985904837244]
  ],
  "62": [
    [0.9798616733952683, -0.5096154073229284],
    [0.9967339296108882, 0.9730036010139413]
  ],
  "63": [
    [0.5645552028594178, 0.9628304318255203]
  ],
  "64": [],
  "65": [],
  "66": [],
  "67": [
    [-0.7577050376375486, -0.16805875554602084],
    [0.7575848731971895, 0.16831101477690766],
    [0.8689157218326322, 0.9694326937228571]
  ],
  "68": [],
  "69": [
    [0.9430218243552237, -0.9831335751472936]
  ],
  "70": [],
  "71": [],
  "72": [],
  "73": [
    [-0.9334462653407485, -0.9843407016088942]
  ],
  "74": [
    [0.545696001501113, 0.7714873354768054]
  ],
  "75": [],
  "76": [],
  "77": [],
  "78": [],
  "79": [],
  "80": [],
  "81": [],
  "82": [],
  "83": [],
  "84": [],
  "85": [
    [0.949115465424777, -0.8242416674075335]
  ],
  "86": [
    [0.4837854966029543, -0.0065473492073011745]
  ],
  "87": [
    [-0.36120893040261337, -0.7405204404329597],
    [0.3612125908429512, 0.7405207700240591]
  ],
  "88": [],
  "89": [],
  "90": [
    [-0.3465262726963556, -0.8663009420630947]
  ],
  "91": [
    [-0.8356800827845772, -0.9437147837474703]
  ],
  "92": [],
  "93": [
    [-0.9119578006486669, -0.9270101076101659],
    [-0.7478675951510406, -0.7434002433702617]
  ],
  "94": [
    [-0.9847136558901457, -0.9131686824096855]
  ],
  "95": [],
  "96": [],
  "97": [],
  "98": [],
  "99": [],
  "100": []
}
