{
  "1": [],
  "2": [],
  "3": [],
  "4": [],
  "5": [],
  "6": [],
  "7": [],
  "8": [],
  "9": [
    [0.8119517575819686, 0.42838700137285307]
  ],
  "10": [],
  "11": [],
  "12": [],
  "13": [
    [0.614560204794749, 0.9473450366526734],
    [0.9003253889162073, 0.854515655765086]
  ],
  "14": [],
  "15": [],
  "16": [],
  "17": [],
  "18": [],
  "19": [],
  "20": [],
  "21": [
    [-0.7172082541362108, 0.834746587685278]
  ],
  "22": [],
  "23": [],
  "24": [],
  "25": [
    [0.9475476498486395, 0.7991396553406276]
  ],
  "26": [],
  "27": [],
  "28": [],
  "29": [],
  "30": [],
  "31": [
    [-0.3466579490965036, 0.7656176362183864]
  ],
  "32": [],
  "33": [
    [-0.9861264335384098, 0.6855756860321953],
    [0.8577258335023219, 0.7865024888100782]
  ],
  "34": [],
  "35": [],
  "36": [],
  "37": [],
  "38": [],
  "39": [],
  "40": [],
  "41": [],
  "42": [],
  "43": [
    [-0.5176670669383033, -0.794732745502492],
    [-0.7499932972146379, 0.5208384709120022]
  ],
  "44": [],
  "45": [],
  "46": [
    [-0.5474802640669588, 0.8619892287464194]
  ],
  "47": [],
  "48": [],
  "49": [
    [-0.5091693512454671, -0.7350917897710768]
  ],
  "50": [],
  "51": [],
  "52": [
    [-0.8779259191492294, -0.7936946613225047]
  ],
  "53": [],
  "54": [
    [-0.984100543213439, -0.9488628364501128],
    [0.8039338497522278, 0.7203945219277788],
    [0.7308332434963338, -0.12056163509908992]
  ],
  "55": [
    [-0.8964123682587467, 0.46281336260342615]
  ],
  "56": [
    [0.5627998610244677, -0.9475717225010939]
  ],
  "57": [
    [-0.9827965273703589, -0.8611875142585155],
    [0.6488188742962983, 0.44901453732564994],
    [0.96852951768465, 0.8381064271026496]
  ],
  "58": [],
  "59": [
    [-0.8578633480658159, 0.607268108175606]
  ],
  "60": [
    [-0.24983882086134818, -0.15877207319294498],
    [-0.24983882100753196, 0.15877207319298814]
  ],
  "61": [
    [-0.509377024474982, -0.5851214412583061],
    [0.46402429426284214, 0.6410604594176204],
    [0.3971124764593597, 0.7484126456413661]
  ],
  "62": [
    [0.9080895088456002, -0.9979196139470705]
  ],
  "63": [],
  "64": [],
  "65": [],
  "66": [],
  "67": [],
  "68": [],
  "69": [
    [-0.9110461414560705, -0.5988692267538003],
    [-0.7109540021685424, -0.9574835767260871]
  ],
  "70": [],
  "71": [],
  "72": [],
  "73": [],
  "74": [],
  "75": [
    [-0.9461263042230189, 0.11366697483592131],
    [0.9426621819066902, -0.1147481033021102],
    [0.9733993928999086, 0.9543818901191932]
  ],
  "76": [
    [-0.5595256414914089, 0.38052896832185773]
  ],
  "77": [
    [-0.8278556264344652, -0.9604854655346009]
  ],
  "78": [],
  "79": [],
  "80": [],
  "81": [],
  "82": [],
  "83": [],
  "84": [
    [-0.7746211962330568, -0.2859049384139889],
    [-0.9232605750046616, 0.8295642338304393]
  ],
  "85": [
    [-0.793850934540425, 0.7453884435174961]
  ],
  "86": [],
  "87": [
    [-0.5813372211028249, -0.7320408828212907]
  ],
  "88": [
    [0.45952140889576576, -0.590459127265396]
  ],
  "89": [
    [-0.5575205676774967, -0.7412943106035049],
    [-0.9517114200038657, 0.8279734112214971],
    [-0.6545411550466449, 0.6444766715151676]
  ],
  "90": [],
  "91": [],
  "92": [],
  "93": [],
  "94": [],
  "95": [],
  "96": [
    [0.9565280478625448, -0.5320668321204373]
  ],
  "97": [],
  "98": [],
  "99": [
    [-0.31469377483900735, 0.9873081456461386]
  ],
  "100": [
    [-0.5831227679121886, 0.8899775543912373]
  ]
}
