{
  "1": [],
  "2": [],
  "3": [],
  "4": [],
  "5": [],
  "6": [],
  "7": [],
  "8": [
    [-0.29921964623495917, 0.39743694252146755],
    [-0.08651082314137319, 0.8215360811424567],
    [0.34186385892007365, 0.6370311270086373]
  ],
  "9": [],
  "10": [
    [-0.30892746640773067, -0.7385434768236664]
  ],
  "11": [
    [-0.9670429885586168, -0.8497713142798127]
  ],
  "12": [
    [-0.003668962025299847, -0.16518305462417232]
  ],
  "13": [
    [0.878188984618343, -0.7183927586838256]
  ],
  "14": [
    [0.9849423686543987, -0.9910717980043298]
  ],
  "15": [],
  "16": [],
  "17": [
    [-0.792604625279352, -0.8579038082079284]
  ],
  "18": [],
  "19": [
    [-0.9967635200856699, 0.48117993796712843],
    [0.9864785391353654, 0.4888841161606877]
  ],
  "20": [
    [-0.9290703015426919, -0.7263200954156659],
    [-0.9096039709318979, 0.7246906016343384],
    [-0.5455862519619556, 0.9488644175153288]
  ],
  "21": [],
  "22": [
    [-0.5842190074035909, -0.6901555657022471],
    [-0.5844081124330911, 0.6898183964686122]
  ],
  "23": [],
  "24": [],
  "25": [],
  "26": [],
  "27": [],
  "28": [],
  "29": [
    [0.5848286912129768, 0.9971274512810397],
    [0.9661011236689705, 0.8257213640052371]
  ],
  "30": [
    [0.07359755976094358, -0.07579673330538562]
  ],
  "31": [],
  "32": [
    [0.6422545123393176, -0.7536661451180272]
  ],
  "33": [],
  "34": [],
  "35": [
    [0.8302210973054689, 0.8310535489976729]
  ],
  "36": [],
  "37": [],
  "38": [],
  "39": [],
  "40": [
    [-0.944772633053657, 0.4247077451991368]
  ],
  "41": [
    [-0.9841134498495194, -0.29407170292303847]
  ],
  "42": [
    [-0.7909162993119001, -0.872995162927392]
  ],
  "43": [
    [0.9968002819409145, -0.9449371610184982]
  ],
  "44": [],
  "45": [],
  "46": [
    [0.9047118609028634, 0.9567305339471184]
  ],
  "47": [
    [-0.9993854981470507, -0.9497565769322828]
  ],
  "48": [
    [-0.9229294631532386, 0.5523111518048651],
    [0.9231445543202462, 0.5521000582449163]
  ],
  "49": [],
  "50": [],
  "51": [
    [-0.8653804047463503, -0.12791004444351273],
    [0.8653751888575336, -0.1278909948442827]
  ],
  "52": [],
  "53": [],
  "54": [
    [-0.8990867344599566, 0.8421297086777515]
  ],
  "55": [
    [-0.8208245584635477, -0.8411319233942066]
  ],
  "56": [],
  "57": [],
  "58": [
    [0.5213929109409344, -0.2676410075768897],
    [0.5213936926241759, 0.2676374947723896]
  ],
  "59": [],
  "60": [],
  "61": [
    [-0.8825729216286834, 0.7127551969761851]
  ],
  "62": [
    [0.951057207885953, -0.9885492163477175]
  ],
  "63": [],
  "64": [],
  "65": [],
  "66": [],
  "67": [],
  "68": [],
  "69": [],
  "70": [],
  "71": [],
  "72": [
    [-0.6945778879405231, 0.21797388131750933]
  ],
  "73": [
    [-0.5775463686932821, -0.5579175408824711]
  ],
  "74": [
    [-0.9182033286326063, -0.8446113925752019],
    [-0.9085436386128374, 0.8634951856249944]
  ],
  "75": [],
  "76": [],
  "77": [],
  "78": [],
  "79": [],
  "80": [],
  "81": [],
  "82": [],
  "83": [
    [-0.9606221842911858, 0.7548190052853007]
  ],
  "84": [],
  "85": [
    [-0.8217560044880091, 0.7245768083752187],
    [-0.8241450617932788, 0.5092140834072336],
    [0.7374787732035791, -0.7731143504993998],
    [0.8143481230092832, -0.515707073472165]
  ],
  "86": [
    [-0.6412881363564518, 0.8490229075743182]
  ],
  "87": [
    [-0.6208242200253621, -0.121922214958607]
  ],
  "88": [],
  "89": [
    [-0.9617295847694549, -0.4095505011064771],
    [-0.9666820785466569, 0.4044629888855441]
  ],
  "90": [],
  "91": [
    [0.7576570922331536, 0.8920097179913354]
  ],
  "92": [
    [0.3922369682116883, 0.3954287157406944]
  ],
  "93": [
    [0.9854342327522136, -0.6012005481438198]
  ],
  "94": [],
  "95": [],
  "96": [],
  "97": [],
  "98": [
    [-0.32549832166859294, -0.8818081338209669],
    [-0.3481076626551605, 0.8720182819167657]
  ],
  "99": [
    [-0.7181641234422637, 0.6772291205620404],
    [0.6895114910460135, -0.6855038666054936]
  ],
  "100": []
}
