{
  "1": [
    [-0.3857525078867846, 0.9141476663038811],
    [0.8657750172654549, 0.7936108080452952]
  ],
  "2": [
    [-0.5580389321542817, -0.10663003177477182],
    [0.4015856642408483, -0.9500219349887343],
    [0.5598406950996477, -0.10685780505733083],
    [0.42285186071504594, 0.9940984802173073]
  ],
  "3": [
    [0.9714116028241142, -0.08678540384390379]
  ],
  "4": [
    [-0.02047002682212226, 0.825743084257031]
  ],
  "5": [
    [0.6671976831286822, 0.9549884267195564]
  ],
  "6": [
    [0.36137810242653706, 0.0632232950988431],
    [-0.36149928047191615, 0.06320782062859116]
  ],
  "7": [],
  "8": [
    [-0.05953320954927796, -0.8650351395009462],
    [0.06070457422706685, 0.8822072035729897]
  ],
  "9": [
    [-0.8350225432102105, -0.47903076640126424],
    [0.37466780425876883, -0.6332278712706635]
  ],
  "10": [],
  "11": [],
  "12": [],
  "13": [],
  "14": [],
  "15": [
    [0.2133384734832094, -0.24755981735993382],
    [0.21345019401312212, 0.2477127220202947]
  ],
  "16": [
    [0.032783213774187366, -0.8907481602977486],
    [-0.5888719477941793, 0.04913659210991448],
    [0.5888368616484064, -0.049845892990003075]
  ],
  "17": [],
  "18": [],
  "19": [],
  "20": [
    [-0.2847968777009818, 0.5176059723063072],
    [0.23520506592605875, 0.4862396000089767],
    [0.5195720298362587, 0.12117023242404898]
  ],
  "21": [
    [0.04663880124674139, 0.029697006052219935]
  ],
  "22": [
    [-0.8040038813783925, -0.978181918097269],
    [-0.027397230271478376, 0.4420957651342154]
  ],
  "23": [],
  "24": [],
  "25": [],
  "26": [
    [0.9818050494660624, 0.8445318541281673]
  ],
  "27": [],
  "28": [
    [0.09689008253722865, -0.11154593489893964],
    [0.0968978373070289, 0.11174432006125237]
  ],
  "29": [
    [-0.6124462458994727, 0.7155194841803452]
  ],
  "30": [
    [-0.43656722725473585, 0.7410237031674566],
    [0.599525182225365, 0.5199103745343874]
  ],
  "31": [
    [-0.7947678321458972, 0.7046953734060359],
    [0.975890079091957, 0.4074131123291507]
  ],
  "32": [
    [0.006367588575557305, -0.6539163610104588],
    [0.0063677299922647555, 0.6344919492047784]
  ],
  "33": [],
  "34": [
    [-0.5314501993757113, -0.968049707148814],
    [-0.8582253856573472, 0.10213284830251586]
  ],
  "35": [],
  "36": [
    [-0.4503285277193333, -0.9888414662795446]
  ],
  "37": [],
  "38": [
    [0.3996816252862695, 0.8762658025778335]
  ],
  "39": [
    [-0.397261270828178, -0.6627218255285942]
  ],
  "40": [
    [-0.16647634087960836, -0.026887242844502435]
  ],
  "41": [
    [0.5914587173192467, -0.8945843791556584]
  ],
  "42": [
    [0.2467546345177841, 0.08241926445589942]
  ],
  "43": [],
  "44": [
    [-0.6168323421442969, 0.8532873849235177]
  ],
  "45": [
    [-0.14030225824909892, 0.14942913926229853],
    [0.46452959131356086, 0.16264726061306292]
  ],
  "46": [],
  "47": [
    [0.1807117774105119, -0.6614443588762309],
    [0.7096227582613568, -0.6790690715949639]
  ],
  "48": [],
  "49": [
    [-0.5827599662240114, -0.047756409646032595],
    [0.3097346159028318, -0.04780059174375002],
    [0.39245292501595896, -0.04780655904151031]
  ],
  "50": [
    [0.9827029335745165, 0.4656796688820845]
  ],
  "51": [],
  "52": [
    [-0.23940519951590322, 0.8250066676763618]
  ],
  "53": [],
  "54": [],
  "55": [
    [-0.6245944436394869, -0.00899148607929098]
  ],
  "56": [
    [-0.41012770958247013, 0.6492414621551647],
    [0.6671618447188016, 0.6122472346188713]
  ],
  "57": [
    [-0.13007427256296605, 0.15204129377452852]
  ],
  "58": [
    [-0.2912531700954328, 0.5534163050652288],
    [0.7206468153314227, -0.28322127789450363]
  ],
  "59": [],
  "60": [],
  "61": [],
  "62": [],
  "63": [],
  "64": [
    [0.6209380465442084, -0.9426396757812588]
  ],
  "65": [
    [0.742088956830637, -0.08571352011652625],
    [0.1345891188741136, -0.16070956273047463]
  ],
  "66": [],
  "67": [
    [-0.47645880473898644, -0.6663181371487964]
  ],
  "68": [],
  "69": [
    [0.555871807910316, -0.20060774318405866],
    [-0.5130549009958844, -0.19376221696506618]
  ],
  "70": [],
  "71": [
    [-0.5781773448448477, 0.6571684369565151],
    [0.9287931496975418, -0.5512285084371233]
  ],
  "72": [
    [0.2513504049047247, -0.5188403062642558]
  ],
  "73": [],
  "74": [
    [-0.7935420370639197, -0.8915940849776341],
    [-0.11658618898624787, 0.08359626917331368]
  ],
  "75": [],
  "76": [],
  "77": [
    [0.7754894522789331, 0.6898421528643803]
  ],
  "78": [
    [-0.06632932537173121, -0.6168191404944079],
    [-0.07321744323354476, 0.727966645726237]
  ],
  "79": [],
  "80": [
    [-0.08517950272192863, -0.086663462710703]
  ],
  "81": [
    [-0.11565524305775418, 0.8189910229882711],
    [0.5731845820233649, -0.5118654341957203],
    [0.8348633516544279, -0.5733924862793303]
  ],
  "82": [
    [0.15299825048500687, -0.2674683547818196]
  ],
  "83": [
    [0.10433711459341562, 0.7656639939505592]
  ],
  "84": [],
  "85": [],
  "86": [
    [-0.6054001873605147, -0.20593852439430435],
    [0.5452088006383067, -0.24620722479746873]
  ],
  "87": [],
  "88": [],
  "89": [
    [0.993076133494316, -0.3190829253536633]
  ],
  "90": [],
  "91": [
    [-0.1603102249006288, -0.7819569225395967],
    [-0.5669160582309303, -0.2155735822702416],
    [-0.7626362514181863, 0.6290236961594434],
    [0.18208183715722095, 0.7662311259528295],
    [0.7606302374228913, 0.7227421721205112]
  ],
  "92": [
    [-0.10377804789698171, 0.3681687740853981]
  ],
  "93": [
    [0.48596230308715693, -0.934894185988533],
    [0.2666936668978022, -0.7729738362157209],
    [0.572611804735202, -0.6909862291167266],
    [0.7755524439966565, -0.16524263427051808],
    [0.5181818209411989, 0.8404348183042272],
    [0.2713437506121235, 0.9052789120901843]
  ],
  "94": [],
  "95": [],
  "96": [
    [0.4000896493391046, 0.9029423152419116]
  ],
  "97": [],
  "98": [
    [-0.38238226201216624, -0.12420171992600106]
  ],
  "99": [],
  "100": [
    [-0.7584500111704616, 0.8321265258529226],
    [0.8749158043181452, -0.7768898095833556]
  ]
}
