{
  "1": [
    [0.10110869626780644, 0.02635143856174142]
  ],
  "2": [
    [-0.9521460731851207, -0.028337555068903494],
    [0.9759551291703341, 0.02688052113322169]
  ],
  "3": [
    [0.11781271930888823, 0.1661407042032379]
  ],
  "4": [],
  "5": [
    [0.9768645440458706, 0.6056295370784208]
  ],
  "6": [],
  "7": [],
  "8": [],
  "9": [
    [0.9264908198120196, 0.5910705305410944],
    [-0.8644023780178406, 0.8259471442658666],
    [0.7937916264041796, 0.24020514250083538]
  ],
  "10": [
    [0.5003085297256894, -0.31203389835540557],
    [0.20975123670357534, 0.905725022097138]
  ],
  "11": [],
  "12": [],
  "13": [
    [-0.6442303286936895, 0.1191410274311725],
    [0.17606630106082843, -0.58018017947686]
  ],
  "14": [],
  "15": [
    [0.996306559362062, 0.7766714576078518],
    [-0.05991604119169395, -0.3253325746712224]
  ],
  "16": [],
  "17": [],
  "18": [],
  "19": [
    [-0.905325270100071, 0.5817633260045724],
    [0.475105722599607, -0.2527137316488514],
    [0.5464252062969177, -0.5125287719990302],
    [-0.37454877699122857, -0.15958598582997807]
  ],
  "20": [
    [-0.14989384567924813, 0.06221313734382173]
  ],
  "21": [
    [0.029415436038279535, 0.18318976109637766]
  ],
  "22": [
    [-0.33130918037668766, -0.24533301920148615],
    [0.30811592965907647, 0.25469741583103245]
  ],
  "23": [
    [-0.5466310736698499, -0.8671672898134712]
  ],
  "24": [
    [-0.12748690331909868, 0.2095882980362203]
  ],
  "25": [],
  "26": [
    [-0.6724125373374733, -0.11719983312113284],
    [0.7895578390383245, -0.10734144259947045]
  ],
  "27": [],
  "28": [
    [-0.006816094367061991, -0.9669129213878865]
  ],
  "29": [],
  "30": [
    [0.21020107395520318, -0.0075849464032800755]
  ],
  "31": [],
  "32": [
    [-0.573465963315818, 0.49265043488694404]
  ],
  "33": [],
  "34": [
    [0.8380622172380398, -0.706099565753564],
    [0.06362601857900202, 0.24289576527518733]
  ],
  "35": [],
  "36": [
    [0.26603983522323493, -0.25563517652799567]
  ],
  "37": [
    [-0.7360368895090804, 0.3175522574883036],
    [0.7910360346263549, -0.23459509089905234]
  ],
  "38": [],
  "39": [
    [-0.18688630942693205, -0.2612221785906522],
    [-0.23151685877149653, 0.789124505112535]
  ],
  "40": [
    [0.9095950921403544, 0.20067920954598975],
    [0.16111062328472803, -0.05004775679766434]
  ],
  "41": [],
  "42": [],
  "43": [],
  "44": [
    [-0.6392139132494457, -0.4373954288708821],
    [0.7340210071415085, -0.4321637286728387]
  ],
  "45": [
    [0.4207865007138032, -0.3909278104700406]
  ],
  "46": [
    [-0.0382577700452695, 0.02401225037384599]
  ],
  "47": [
    [-0.7887484586976562, -0.9382442989381685],
    [-0.5289408471815878, -0.028272718928863367]
  ],
  "48": [
    [0.4512407885895471, 0.010521764505136531]
  ],
  "49": [
    [-0.161917801328369, 0.5509060801404267]
  ],
  "50": [],
  "51": [
    [-0.0704916762748917, -0.402707499199192],
    [-0.07040245384402186, 0.39469607305856463]
  ],
  "52": [
    [-0.034422145197716594, -0.3600439958985477]
  ],
  "53": [
    [-0.12051334885973425, -0.14034834261256823],
    [0.7849052320705915, -0.27632000005729945],
    [0.896395880969541, 0.6652976875314602],
    [-0.1187011737207124, 0.1403202728206187]
  ],
  "54": [
    [-0.16623358063135069, -0.10990339667691956],
    [0.17708864644748795, -0.14614250264710657]
  ],
  "55": [
    [0.20014166743906775, 0.34959474959343156],
    [0.7583891941278682, 0.31821336870752637],
    [-0.17902229671071196, -0.3501342096230091],
    [-0.16319595509690324, 0.35050043205825276],
    [0.17514798835034362, -0.35022688872859237]
  ],
  "56": [],
  "57": [],
  "58": [],
  "59": [
    [-0.9152498878315508, 0.031822522117231515]
  ],
  "60": [],
  "61": [],
  "62": [],
  "63": [
    [-0.2807211335359684, -0.5270148962096206],
    [-0.16933810999567392, 0.47948612183628486],
    [0.2865337882545471, -0.5605589995575505],
    [0.1714688738776285, 0.474085987635147]
  ],
  "64": [
    [-0.4117117239405106, 0.4066079690062494],
    [0.24374498379455659, 0.3394861406917695]
  ],
  "65": [],
  "66": [
    [-0.38851802863951057, -0.2517519054491607]
  ],
  "67": [
    [-0.17716848820156444, 0.4190000934035927],
    [0.017006066402972364, -0.2434344984242707],
    [0.05842244678197939, 0.2141249991281615]
  ],
  "68": [],
  "69": [],
  "70": [
    [0.6460754090692356, 0.24757336116235448]
  ],
  "71": [
    [-0.19177045497067366, -0.6610188966431161]
  ],
  "72": [],
  "73": [
    [0.14451885931301997, 0.8127178631812567]
  ],
  "74": [],
  "75": [],
  "76": [
    [-0.5484650489938111, -0.31108899252546224],
    [0.3576697607504716, -0.34794918801851016]
  ],
  "77": [],
  "78": [
    [0.0007149426268852924, -0.09401526078291368]
  ],
  "79": [],
  "80": [
    [0.038183232544206275, 0.2290402605332118]
  ],
  "81": [],
  "82": [
    [-0.2852407484417078, 0.14618320746275187]
  ],
  "83": [],
  "84": [
    [-0.41068650040302745, -0.7540894209280908],
    [-0.4091619310039299, 0.009895969250265688],
    [-0.407695452124304, 0.7469378403470815]
  ],
  "85": [
    [-0.6629464405974288, -0.491253857068826],
    [-0.028041759350597748, -0.4934361875892837],
    [0.6897691295350362, -0.4764048862951576]
  ],
  "86": [],
  "87": [],
  "88": [],
  "89": [
    [0.4183517964210713, -0.516204888478479]
  ],
  "90": [],
  "91": [
    [0.559351447709345, 0.2032176746765322],
    [-0.28156029524754583, 0.19980728242426463]
  ],
  "92": [
    [-0.8272620010676782, 0.32321161814821336]
  ],
  "93": [
    [-0.7302310510468223, -0.6646574899540773],
    [0.6548777309078173, -0.21080836539064937],
    [0.7047043035687757, 0.2388899349190749],
    [-0.6385717123751511, 0.609481653166024]
  ],
  "94": [],
  "95": [
    [0.6089106887610355, 0.47968341472736586]
  ],
  "96": [
    [0.6390672276328955, -0.40408832457580607],
    [0.6598444461591986, -0.21187259560831506]
  ],
  "97": [
    [-0.8727248037059864, 0.812676309055764],
    [-0.059325258980718255, 0.3261697284671916]
  ],
  "98": [
    [0.04168368270213098, -0.5336448657606128]
  ],
  "99": [
    [0.5960193775531852, 0.02430414781345084]
  ],
  "100": [
    [-0.7538167342316003, 0.39584021800293023],
    [-0.645694176944915, 0.42468137172910514]
  ]
}
