{
  "1": [],
  "2": [],
  "3": [],
  "4": [
    [-0.863540775284299, 0.9238469972648145]
  ],
  "5": [],
  "6": [],
  "7": [
    [0.7607240414122522, -0.8543748239031728],
    [0.8553112605236426, 0.8572262522367561]
  ],
  "8": [
    [-0.420447987711444, -0.91047823102403]
  ],
  "9": [
    [0.8374746619104143, -0.9569620408774969]
  ],
  "10": [],
  "11": [],
  "12": [],
  "13": [],
  "14": [],
  "15": [],
  "16": [],
  "17": [],
  "18": [
    [-0.8557928647888234, -0.9126872369752023],
    [-0.9052654457827471, 0.8889879649364236]
  ],
  "19": [
    [-0.917095847882219, -0.6455920682089314],
    [-0.9178970679346004, 0.6351177750325521]
  ],
  "20": [
    [-0.9839299331116556, -0.8723937288862362]
  ],
  "21": [],
  "22": [],
  "23": [],
  "24": [
    [0.9337340499546625, -0.9087604859129265],
    [0.9014658763387609, -0.7518122731716074]
  ],
  "25": [],
  "26": [],
  "27": [],
  "28": [],
  "29": [
    [-0.33674644971269896, -0.33658135417327506]
  ],
  "30": [],
  "31": [],
  "32": [
    [-0.318975179592716, 0.10414679669414513]
  ],
  "33": [
    [-0.997526672678347, -0.630341742070983]
  ],
  "34": [
    [-0.9986803241854301, 0.9985952862277048]
  ],
  "35": [],
  "36": [],
  "37": [],
  "38": [],
  "39": [],
  "40": [],
  "41": [],
  "42": [],
  "43": [],
  "44": [],
  "45": [],
  "46": [],
  "47": [
    [0.7327006722396293, -0.9976845819552181]
  ],
  "48": [],
  "49": [],
  "50": [],
  "51": [],
  "52": [],
  "53": [
    [-0.5393060165104541, -0.6216391859560755]
  ],
  "54": [],
  "55": [
    [0.820148349613617, -0.9366805412754334],
    [0.6918231629738691, -0.38109511027365867],
    [0.8027701332962219, 0.9694485216696895],
    [0.6918230919632059, 0.38110634126776777]
  ],
  "56": [],
  "57": [],
  "58": [],
  "59": [
    [-0.7316602282993392, 0.8736604005611452]
  ],
  "60": [],
  "61": [],
  "62": [],
  "63": [
    [-0.9770212610343024, 0.7747183739174267],
    [0.9830176633928063, -0.726513795120414]
  ],
  "64": [],
  "65": [
    [0.9455215157051671, -0.6212270806276504]
  ],
  "66": [],
  "67": [
    [0.7366994850498657, -0.1260218809460192]
  ],
  "68": [],
  "69": [],
  "70": [
    [-0.9573308496731899, 0.9807390939769036]
  ],
  "71": [
    [-0.7670984598518408, -0.7434947369013885],
    [0.7256181265807463, 0.8004685561469925]
  ],
  "72": [],
  "73": [
    [-0.9635777626270547, -0.934524928377753]
  ],
  "74": [
    [0.9852040043079525, -0.5227589615389844]
  ],
  "75": [],
  "76": [],
  "77": [],
  "78": [],
  "79": [],
  "80": [
    [-0.43476598796236404, -0.8525820118765577]
  ],
  "81": [],
  "82": [],
  "83": [],
  "84": [
    [-0.8397331591331051, -0.7986585496470087],
    [-0.9506514102836137, 0.6948646359074059]
  ],
  "85": [
    [0.8710860364986326, -0.9039174675123753]
  ],
  "86": [
    [-0.9796524137436964, -0.9520476167245457],
    [-0.6009962549031551, 0.4492398898636638],
    [0.6009962549031549, -0.4492398898636643],
    [0.9796524137436962, 0.9520476167245459]
  ],
  "87": [],
  "88": [
    [-0.7808286131808846, -0.9664688516993535]
  ],
  "89": [
    [0.5794687891819646, 0.9172411471500225]
  ],
  "90": [
    [-0.8195009538736524, -0.8820847698529446],
    [-0.844110387446166, 0.9791530029226749],
    [-0.8673212963903493, 0.9035133463345788],
    [0.9450303718523352, 0.751536707432593]
  ],
  "91": [
    [-0.6858194673035996, -0.7624683508649098],
    [0.6758245384795784, -0.7627663793080893]
  ],
  "92": [],
  "93": [],
  "94": [],
  "95": [],
  "96": [],
  "97": [
    [-0.8370690798808178, -0.7012916618871659],
    [-0.8397719851727363, 0.6930752861592422]
  ],
  "98": [],
  "99": [],
  "100": [
    [-0.9603017988511007, 0.9717998155295476]
  ]
}
