{
  "1": [],
  "2": [],
  "3": [],
  "4": [],
  "5": [],
  "6": [],
  "7": [],
  "8": [],
  "9": [],
  "10": [],
  "11": [
    [-0.9998296315620799, 0.4232893441535081]
  ],
  "12": [],
  "13": [
    [0.8075160973393554, -0.9457395940629738],
    [0.9067157530135194, -0.49093042843352314]
  ],
  "14": [],
  "15": [
    [0.922341804025736, 0.5962664543957369]
  ],
  "16": [
    [0.8290712965491285, -0.9228335970979443],
    [0.859201608499102, 0.5948588763273395]
  ],
  "17": [
    [-0.9739746171070486, -0.6425843159341681],
    [-0.7255126885883747, 0.950665923260021],
    [0.9747485281213552, -0.641910609772042],
    [0.722327319870752, 0.9565308136706333]
  ],
  "18": [
    [0.9921640857243159, -0.9161950777920469]
  ],
  "19": [
    [0.6764253432115406, -0.9311268743200427],
    [0.728770909810571, 0.9343110123089233],
    [0.9609204585915465, 0.9401166653944724]
  ],
  "20": [],
  "21": [
    [-0.8469250127800152, 0.9212678913405753]
  ],
  "22": [],
  "23": [],
  "24": [],
  "25": [],
  "26": [],
  "27": [],
  "28": [],
  "29": [],
  "30": [],
  "31": [],
  "32": [
    [0.14539110891117604, -0.7062551806325695]
  ],
  "33": [],
  "34": [],
  "35": [
    [-0.9210156609306454, -0.8685232211036934],
    [0.9912669965928752, 0.858907700157164]
  ],
  "36": [],
  "37": [],
  "38": [
    [0.8787849307072377, 0.8184058543778715]
  ],
  "39": [
    [-0.9211741525070162, -0.984738430796022],
    [0.9745980310449806, 0.8212789943190318]
  ],
  "40": [],
  "41": [],
  "42": [
    [-0.2268329595333096, 0.6620518517667559]
  ],
  "43": [],
  "44": [],
  "45": [],
  "46": [
    [0.7748427802172132, -0.1947612081937334]
  ],
  "47": [],
  "48": [],
  "49": [],
  "50": [],
  "51": [],
  "52": [],
  "53": [],
  "54": [],
  "55": [],
  "56": [],
  "57": [
    [0.6515094772166026, -0.750171744911754]
  ],
  "58": [
    [-0.7811963201268753, 0.5297927774522415],
    [0.785756886759811, 0.5180986346191659]
  ],
  "59": [],
  "60": [],
  "61": [],
  "62": [],
  "63": [],
  "64": [
    [0.9980759495181383, 0.8921085388764116]
  ],
  "65": [
    [-0.7700622976698908, -0.9091155078350724],
    [-0.917050163143826, 0.8433558139841834]
  ],
  "66": [
    [-0.8183808679763704, 0.8596722984616522],
    [0.8602612300419029, -0.829453900910196]
  ],
  "67": [
    [0.4862666392759779, 0.5650373727031491]
  ],
  "68": [],
  "69": [],
  "70": [
    [0.9760225298945112, -0.7697888008364066]
  ],
  "71": [],
  "72": [
    [0.9122829018762709, -0.9639100247066742]
  ],
  "73": [],
  "74": [],
  "75": [],
  "76": [],
  "77": [],
  "78": [
    [-0.9864597103227853, 0.7796598942708877],
    [0.9722800037333218, -0.7506295611719648]
  ],
  "79": [
    [0.8187110026044008, -0.41209211312392363],
    [0.8196352176902357, 0.41401665849961716]
  ],
  "80": [],
  "81": [],
  "82": [],
  "83": [],
  "84": [],
  "85": [],
  "86": [
    [-0.7477262131067323, 0.5771789512775063],
    [0.9148218015262334, -0.9577000852540754],
    [0.748549377597362, -0.5753196542016745]
  ],
  "87": [
    [0.9038125896310903, -0.9509701582586708],
    [0.6126728952564471, 0.8228295409592706]
  ],
  "88": [],
  "89": [
    [-0.8097501327547103, -0.18605801274999875]
  ],
  "90": [],
  "91": [
    [-0.9561817490678463, -0.7659748411277197],
    [-0.9201873938834678, 0.7873989757034786],
    [0.7363873180136081, -0.9024586690122622]
  ],
  "92": [],
  "93": [],
  "94": [],
  "95": [],
  "96": [
    [0.6443939818274501, -0.9095252968818199]
  ],
  "97": [],
  "98": [],
  "99": [],
  "100": []
}
