{
  "1": [],
  "2": [
    [-0.32180265213075043, 0.25316143597904295]
  ],
  "3": [],
  "4": [],
  "5": [],
  "6": [
    [-0.9431476137537835, 0.9599026667652081],
    [0.9440356780445233, -0.9810449380108084]
  ],
  "7": [],
  "8": [
    [-0.7040605764914099, 0.9124089717861622]
  ],
  "9": [
    [-0.9169554838274268, -0.21806488335659516],
    [-0.9170694691031549, 0.21798360254544696],
    [0.9164132185264005, -0.2184600025088779],
    [0.9165280871904323, 0.218377876522899]
  ],
  "10": [],
  "11": [],
  "12": [],
  "13": [],
  "14": [],
  "15": [],
  "16": [
    [-0.6263276352430344, -0.8085787923337191],
    [-0.628674150655545, 0.8018866969522096],
    [0.6265103080873075, -0.8084984946698465],
    [0.6288477031598284, 0.8018060071735322]
  ],
  "17": [
    [0.9248591736240603, -0.8793815977367112],
    [0.9322176359704161, 0.867330635064961]
  ],
  "18": [],
  "19": [
    [-0.5111229187521839, 0.18649487495606704],
    [0.5111229167651277, -0.18649486954772188]
  ],
  "20": [],
  "21": [],
  "22": [],
  "23": [],
  "24": [
    [-0.9707988179191217, 0.8306009289498258]
  ],
  "25": [],
  "26": [],
  "27": [],
  "28": [
    [0.594962197886342, 0.5965276950197719]
  ],
  "29": [
    [-0.8717301369391122, -0.7402752467237722]
  ],
  "30": [
    [-0.7864730873829258, -0.8741627384065764],
    [-0.8162305062658864, 0.8634765640411367]
  ],
  "31": [],
  "32": [],
  "33": [
    [-0.7998573703257758, -0.7242509702401833]
  ],
  "34": [],
  "35": [],
  "36": [],
  "37": [],
  "38": [],
  "39": [
    [0.7967062106559316, -0.6171335099724498]
  ],
  "40": [],
  "41": [],
  "42": [],
  "43": [],
  "44": [],
  "45": [],
  "46": [],
  "47": [],
  "48": [],
  "49": [],
  "50": [],
  "51": [],
  "52": [],
  "53": [
    [-0.9051334834236476, 0.3410029281891467]
  ],
  "54": [],
  "55": [],
  "56": [],
  "57": [],
  "58": [
    [0.7558685644390549, 0.9991874455187523]
  ],
  "59": [
    [-0.788769569299141, -0.8766734727384142]
  ],
  "60": [
    [-0.940348215657548, -0.6168750994055833],
    [0.878586423373208, -0.6688532182912571]
  ],
  "61": [
    [-0.6982116301323077, 0.9596424821957005]
  ],
  "62": [
    [0.8245922551921083, 0.8273597983744214]
  ],
  "63": [
    [0.25072008208131447, -0.5422401861841097]
  ],
  "64": [],
  "65": [
    [-0.8835476518188948, -0.5665587770418206]
  ],
  "66": [],
  "67": [
    [-0.7870560948579133, 0.7255054731713926],
    [0.6215312198293872, -0.8301511979835595]
  ],
  "68": [
    [-0.9841216664973482, 0.8174335727200609]
  ],
  "69": [
    [-0.9700149877491319, -0.7263307353857289],
    [-0.7990608677084807, -0.5042014434844297],
    [0.7958801690975758, 0.5046347958756914]
  ],
  "70": [],
  "71": [
    [0.11825327309987008, 0.022015085347556765]
  ],
  "72": [
    [-0.9646274819046395, -0.8797553248679599]
  ],
  "73": [],
  "74": [],
  "75": [],
  "76": [],
  "77": [],
  "78": [],
  "79": [],
  "80": [],
  "81": [],
  "82": [],
  "83": [],
  "84": [],
  "85": [
    [0.999288298813684, 0.9942194080649243]
  ],
  "86": [
    [0.7113684817777466, 0.31532820688287355]
  ],
  "87": [],
  "88": [
    [-0.7528898568519753, 0.6941006434669026]
  ],
  "89": [],
  "90": [],
  "91": [],
  "92": [
    [0.6807136117401963, 0.9336547504077163]
  ],
  "93": [],
  "94": [],
  "95": [],
  "96": [],
  "97": [
    [0.7077224474197532, -0.6407348040031405]
  ],
  "98": [],
  "99": [
    [-0.6257128971369562, -0.6605695819214029],
    [0.711471109044866, -0.5887136027246986]
  ],
  "100": []
}
