{
  "1": [],
  "2": [],
  "3": [
    [-0.07886282901823666, 0.031430263127300295]
  ],
  "4": [
    [0.06378347912906783, 0.0982479267844191]
  ],
  "5": [
    [-0.7990597045568189, -0.6779747114868863],
    [-0.03970052396104601, 0.3953776883806493]
  ],
  "6": [
    [0.4605666880130475, 0.5093339029037715],
    [-0.03774655917107138, -0.2232577669434004]
  ],
  "7": [
    [-0.04787689451408436, 0.15867866809686276]
  ],
  "8": [
    [0.05803407225684716, -0.9422244052674641],
    [0.043294877232908195, 0.9974304748280581]
  ],
  "9": [
    [-0.13368319925709782, 0.0932304741176372]
  ],
  "10": [
    [-0.1628530061495961, 0.09919431392158806]
  ],
  "11": [
    [-0.025222971948157216, 0.38927574812246973]
  ],
  "12": [],
  "13": [
    [0.114818093801831, 0.16195334924540006]
  ],
  "14": [],
  "15": [],
  "16": [
    [0.07247685828173712, 0.10318782400934276],
    [0.19087825368609146, -0.05365461355068137]
  ],
  "17": [
    [-0.1897286142531979, 0.01048762255934663],
    [0.19302999096500237, 0.009668466531188014]
  ],
  "18": [],
  "19": [],
  "20": [
    [-0.3539782676181886, 0.7569436016531262],
    [0.020128299799431374, 0.004722596076038555]
  ],
  "21": [
    [-0.06887961888818475, -0.013466979507606811]
  ],
  "22": [
    [0.08458783178705306, -0.09718412523087054]
  ],
  "23": [],
  "24": [
    [-0.09075116571222715, 0.15104457504395735]
  ],
  "25": [
    [-0.6108966669765076, -0.5715074084459905],
    [-0.143284442348105, -0.29993462054840975]
  ],
  "26": [
    [-0.2740925944618861, 0.07359080362379625]
  ],
  "27": [
    [0.006079375223438245, 0.03997312321188929]
  ],
  "28": [
    [-0.04483158202143016, 0.1921783695326431]
  ],
  "29": [
    [-0.17358953536632452, -0.22092929554088586],
    [0.8819156217295067, -0.25360403301965206],
    [0.2950016479530809, 0.13078298560079765]
  ],
  "30": [
    [0.12439664175868805, -0.055167964974507086]
  ],
  "31": [],
  "32": [
    [-0.3960682519763268, 0.8325898841725895],
    [-0.3455940938736978, 0.6194250950912916],
    [-0.0012169108683659227, -0.2876308257486406]
  ],
  "33": [
    [-0.1910706699189272, 0.2836442123339539],
    [0.13483968777064229, 0.25244053730184873]
  ],
  "34": [
    [-0.2723983726023016, 0.1359448885349232]
  ],
  "35": [
    [0.09358201474275589, 0.09925016921114685]
  ],
  "36": [],
  "37": [
    [-0.38530577414513373, 0.21921252554394097],
    [0.06787210845746829, -0.03295091889253774]
  ],
  "38": [],
  "39": [],
  "40": [],
  "41": [
    [0.08798878044876272, 0.0029024910680828285]
  ],
  "42": [],
  "43": [
    [0.057259516768132776, 0.02329140176676105]
  ],
  "44": [
    [-0.40350560940415425, -0.4344941595206247],
    [0.24622472705715054, -0.13826519287623748]
  ],
  "45": [],
  "46": [
    [0.06374280947743542, 0.15895140505633767],
    [0.6088657755010869, 0.6199557957998243]
  ],
  "47": [
    [0.6960404297416324, 0.4757842435394215],
    [-0.08464118059725764, -0.012957226241488063]
  ],
  "48": [],
  "49": [
    [-0.08608533280110138, -0.40545274764992967],
    [0.2538737878271843, 0.5168915313241699]
  ],
  "50": [],
  "51": [],
  "52": [
    [-0.03565122002887413, -0.05585301662906515]
  ],
  "53": [
    [-0.06023591601874263, -0.05808197168840636]
  ],
  "54": [
    [-0.8068860476729174, -0.3361037756107217],
    [-0.12075327547970675, -0.014833445275146726]
  ],
  "55": [
    [-0.15796104265006944, 0.07618939445393652],
    [-0.170941632979492, 0.1275799846924087]
  ],
  "56": [
    [0.3043689038563315, 0.31781960327801184]
  ],
  "57": [
    [-0.06843579069255362, 0.02170851005546206]
  ],
  "58": [
    [-0.15058603725191505, 0.10768143557867652]
  ],
  "59": [
    [0.03544904548967853, -0.15467483018457867]
  ],
  "60": [],
  "61": [
    [0.10949389641049662, 0.24545154547976822],
    [-0.10645846538720263, -0.3457691182079375]
  ],
  "62": [
    [0.2920231262598875, 0.07215095319398229]
  ],
  "63": [
    [0.06380678739589324, 0.003338801949632947],
    [-0.3411698009078356, -0.1339638421110085]
  ],
  "64": [
    [-0.011175631932876507, -0.11892051056869551]
  ],
  "65": [
    [0.030875888274544162, 0.5205231122582716],
    [-0.13159130853265355, -0.017630118460798445],
    [0.17220529115836217, -0.7113864258010716]
  ],
  "66": [],
  "67": [],
  "68": [
    [-0.08111258560944487, 0.18944948339268308]
  ],
  "69": [
    [-0.1428822186361225, -0.03924744085351418]
  ],
  "70": [
    [-0.2314945945752833, 0.15578766757470305]
  ],
  "71": [
    [0.07262532270089994, 0.18431286932312752]
  ],
  "72": [],
  "73": [
    [-0.9673909544632482, -0.6588024429065756],
    [-0.10367565074261673, -0.017076095829180106]
  ],
  "74": [
    [-0.42049653949193017, 0.5167288473998601],
    [0.3808050207197003, 0.15751708702519793]
  ],
  "75": [
    [0.2741311416166566, 0.04281030730422541]
  ],
  "76": [
    [-0.04970845579290696, 0.0551687290972389],
    [0.06839463144005582, 0.05252018706404426],
    [-0.13347861212310264, 0.3236872511483744],
    [0.29540969980322496, 0.38465907935582805]
  ],
  "77": [
    [-0.5412707921418662, -0.18642975610056983],
    [0.42181138182643513, -0.029051656384334684]
  ],
  "78": [
    [0.31911390468184075, 0.40793574050066306]
  ],
  "79": [
    [-0.14143560952335252, -0.1410116999809503]
  ],
  "80": [
    [0.10817136401175265, 0.2850476927557194],
    [0.13444065990537848, 0.49683250868450796],
    [0.2732902484419341, 0.8674242785460983]
  ],
  "81": [
    [0.006991965351468344, -0.21045123995813625],
    [-0.354582979747225, 0.9869100117564027]
  ],
  "82": [
    [0.07274029317427501, 0.3108214591699453]
  ],
  "83": [],
  "84": [
    [-0.9627898035879039, 0.5533261674893974]
  ],
  "85": [
    [0.13722593731009994, 0.2923445700643384],
    [-0.22141431187737443, -0.8271831225015076]
  ],
  "86": [
    [-0.02524079533874787, 0.002882649184914248],
    [-0.838212977275577, -0.23630855783354837]
  ],
  "87": [],
  "88": [
    [0.027026031119725114, 0.02796094228983643],
    [0.7557351208284452, -0.5223089821470785]
  ],
  "89": [],
  "90": [
    [-0.2098924974171586, -0.09404325187896193]
  ],
  "91": [
    [-0.024966767467142256, -0.038782356919047564]
  ],
  "92": [
    [0.058601110935503235, 0.21052953105029895],
    [-0.058601110935502014, -0.2105295310503002]
  ],
  "93": [
    [0.08601548659671282, -0.021500258145538038]
  ],
  "94": [
    [0.5624765658938558, 0.0749724478093379],
    [0.018549663337960574, -0.065593748253397]
  ],
  "95": [
    [-0.10929699829856064, 0.015145410818093064]
  ],
  "96": [],
  "97": [
    [0.14911625247413812, 0.08488108175538037]
  ],
  "98": [
    [0.2025926106335942, -0.2643945484994089],
    [0.2765867428341976, 0.23721641968601279],
    [-0.6003612121799917, -0.3030906511731192],
    [-0.40506858248459726, 0.32825974642322614]
  ],
  "99": [
    [-0.016259243623270254, 0.04916861158904367]
  ],
  "100": [
    [0.08758213313972728, 0.058779795073041305]
  ]
}
