{
  "1": [
    [-0.9486216579997125, -0.8418109516511894]
  ],
  "2": [],
  "3": [
    [0.16145781802408402, 0.3336603365030321],
    [-0.16078134436840053, 0.3336603364979998]
  ],
  "4": [
    [-0.5854301098002656, 0.9878173727856725],
    [-0.5827408130521873, -0.9882622284794118]
  ],
  "5": [],
  "6": [],
  "7": [],
  "8": [],
  "9": [],
  "10": [
    [0.9153801231419442, -0.6816980700665247]
  ],
  "11": [
    [-0.7168719054602779, -0.9717011329105524]
  ],
  "12": [],
  "13": [],
  "14": [],
  "15": [
    [-0.8935011570751314, 0.8608343887809835]
  ],
  "16": [
    [-0.7252836262493808, -0.9469470202344117],
    [0.9874183751320589, -0.6824995653770597]
  ],
  "17": [],
  "18": [],
  "19": [],
  "20": [],
  "21": [],
  "22": [],
  "23": [],
  "24": [],
  "25": [],
  "26": [],
  "27": [],
  "28": [
    [0.9556114158780208, -0.660936733370525]
  ],
  "29": [],
  "30": [],
  "31": [],
  "32": [],
  "33": [
    [0.7711426176924786, 0.8687560196610512],
    [-0.6310181617508743, -0.9837943334780428]
  ],
  "34": [],
  "35": [],
  "36": [],
  "37": [],
  "38": [
    [-0.9343316233850023, 0.9757974949006645]
  ],
  "39": [],
  "40": [
    [-0.9817285103490028, 0.5576326739981514]
  ],
  "41": [],
  "42": [
    [0.8613187307237202, 0.927268632377045]
  ],
  "43": [],
  "44": [],
  "45": [
    [0.941908821854763, 0.9267794631952897]
  ],
  "46": [
    [0.907047747969515, -0.8714822701772871]
  ],
  "47": [],
  "48": [
    [-0.1587232042160898, 0.2756243155145687]
  ],
  "49": [],
  "50": [],
  "51": [],
  "52": [
    [0.9230361087331572, -0.8458235877513943],
    [-0.9956747084670976, -0.7828289734348544]
  ],
  "53": [
    [-0.5672387020625805, 0.5614580736296222]
  ],
  "54": [],
  "55": [],
  "56": [],
  "57": [
    [-0.9059259474883583, -0.8068367114212739]
  ],
  "58": [
    [0.5168815385918104, -0.9553913058260809]
  ],
  "59": [
    [0.12261293666517999, -0.473067457395252],
    [-0.12261293666517922, -0.47306745739525186]
  ],
  "60": [],
  "61": [],
  "62": [],
  "63": [],
  "64": [],
  "65": [
    [-0.945645366086574, 0.864662648244951]
  ],
  "66": [],
  "67": [
    [-0.4505303565242696, -0.5448197360214858],
    [0.45053421447995595, -0.5448199008027343]
  ],
  "68": [],
  "69": [
    [-0.6401088957794964, 0.016179415796679843],
    [-0.6396250647522838, -0.7987697690582611],
    [-0.6396618423494278, 0.7906585561840603]
  ],
  "70": [],
  "71": [],
  "72": [],
  "73": [],
  "74": [],
  "75": [],
  "76": [],
  "77": [],
  "78": [
    [-0.8539521014240116, 0.9657769101105483],
    [0.9237228736337754, 0.9974693910959368]
  ],
  "79": [],
  "80": [],
  "81": [],
  "82": [
    [-0.8717920034251929, -0.9789740605126006]
  ],
  "83": [],
  "84": [],
  "85": [],
  "86": [],
  "87": [],
  "88": [],
  "89": [],
  "90": [],
  "91": [],
  "92": [],
  "93": [],
  "94": [],
  "95": [
    [0.9562572486758233, -0.9658064130767142]
  ],
  "96": [],
  "97": [],
  "98": [],
  "99": [],
  "100": [
    [-0.9857899100381369, -0.8333613619854725]
  ]
}
