{
  "1": [],
  "2": [
    [-0.3218026521307446, 0.25316143597903157]
  ],
  "3": [],
  "4": [],
  "5": [],
  "6": [
    [-0.943147613753744, 0.9599026667652314],
    [0.9440356780445237, -0.9810449380108117]
  ],
  "7": [],
  "8": [
    [-0.7040605764914167, 0.9124089717861725]
  ],
  "9": [
    [-0.9170694691031569, 0.2179836025454453],
    [-0.916955483827413, -0.21806488335660262],
    [0.9165280871904206, 0.21837787652289473],
    [0.9164132185263808, -0.21846000250888262]
  ],
  "10": [],
  "11": [],
  "12": [],
  "13": [],
  "14": [],
  "15": [],
  "16": [
    [0.6265103080873082, -0.808498494669846],
    [-0.6263276352430338, -0.8085787923337187],
    [-0.6286741506555461, 0.8018866969522096],
    [0.6288477031598273, 0.8018060071735308]
  ],
  "17": [
    [0.9248591736240622, -0.8793815977367117],
    [0.9322176359704194, 0.8673306350649469]
  ],
  "18": [],
  "19": [
    [-0.5111229187521835, 0.1864948749560698],
    [0.511122916765128, -0.18649486954772054]
  ],
  "20": [],
  "21": [],
  "22": [],
  "23": [],
  "24": [
    [-0.9707988179191184, 0.8306009289498145]
  ],
  "25": [],
  "26": [],
  "27": [],
  "28": [
    [0.5949621978862832, 0.5965276950197002]
  ],
  "29": [
    [-0.8717301369391116, -0.7402752467237737]
  ],
  "30": [
    [-0.7864730873829217, -0.8741627384065759],
    [-0.8162305062658871, 0.8634765640411344]
  ],
  "31": [],
  "32": [],
  "33": [],
  "34": [],
  "35": [],
  "36": [],
  "37": [],
  "38": [],
  "39": [
    [0.7967062106559298, -0.6171335099724496]
  ],
  "40": [],
  "41": [],
  "42": [],
  "43": [],
  "44": [],
  "45": [],
  "46": [],
  "47": [],
  "48": [],
  "49": [],
  "50": [],
  "51": [],
  "52": [],
  "53": [
    [-0.9051334834236932, 0.34100292818914935]
  ],
  "54": [],
  "55": [],
  "56": [],
  "57": [],
  "58": [
    [0.7558685644390545, 0.9991874455187532]
  ],
  "59": [
    [-0.7887695692991465, -0.8766734727384171]
  ],
  "60": [
    [0.8785864233732035, -0.6688532182912632],
    [-0.9403482156575329, -0.6168750994055938]
  ],
  "61": [
    [-0.6982116301323035, 0.9596424821957074]
  ],
  "62": [
    [0.8245922551921069, 0.8273597983744218]
  ],
  "63": [],
  "64": [],
  "65": [
    [-0.8835476518189057, -0.5665587770418234]
  ],
  "66": [],
  "67": [
    [0.6215312198293831, -0.8301511979835563],
    [-0.7870560948579102, 0.7255054731713979]
  ],
  "68": [
    [-0.9841216664973482, 0.8174335727200622]
  ],
  "69": [
    [-0.7990608677084784, -0.5042014434844339],
    [-0.9700149877491283, -0.7263307353857299],
    [0.795880169097576, 0.5046347958756925]
  ],
  "70": [],
  "71": [
    [0.11825327309987017, 0.022015085347557296]
  ],
  "72": [
    [-0.9646274819046422, -0.8797553248679723]
  ],
  "73": [],
  "74": [],
  "75": [],
  "76": [],
  "77": [],
  "78": [],
  "79": [],
  "80": [],
  "81": [],
  "82": [],
  "83": [],
  "84": [],
  "85": [
    [0.9992882988136862, 0.9942194080649225]
  ],
  "86": [
    [0.711368481777746, 0.31532820688287416]
  ],
  "87": [],
  "88": [
    [-0.7528898568519652, 0.694100643466921]
  ],
  "89": [],
  "90": [],
  "91": [],
  "92": [
    [0.6807136117401498, 0.9336547504077336]
  ],
  "93": [],
  "94": [],
  "95": [],
  "96": [],
  "97": [
    [0.7077224474197512, -0.6407348040031398]
  ],
  "98": [],
  "99": [
    [-0.625712897136953, -0.6605695819214129],
    [0.7114711090448621, -0.5887136027247153]
  ],
  "100": []
}
