{
  "1": [
    [0.8895265872035392, -0.7391789505335314],
    [-0.9690135343293227, -0.5756925381653009]
  ],
  "2": [
    [0.8768310401174251, 0.9919978812901337],
    [-0.5883532138327237, -0.13744387781777076]
  ],
  "3": [],
  "4": [
    [0.06295423926062672, -0.5045020340322203]
  ],
  "5": [],
  "6": [
    [0.5527136041727446, -0.5425226889176562],
    [-0.567509954121592, -0.0008915326812862212]
  ],
  "7": [],
  "8": [
    [0.5954166219719437, 0.5542705832180921],
    [0.7107439107200296, 0.9353187186695638]
  ],
  "9": [],
  "10": [],
  "11": [
    [0.9543661041361327, -0.05036862064701565],
    [0.9543661011042522, 0.05036951019538229],
    [0.6063160210795306, 0.8620587747458306]
  ],
  "12": [],
  "13": [
    [-0.9668606172575177, 0.040965281368147054]
  ],
  "14": [
    [-0.7743873092538865, 0.2309083977661141],
    [-0.2071168664084559, 0.4469206606003903],
    [-0.774410137160075, -0.23088524416419745],
    [-0.20614503904925352, -0.446933726958118]
  ],
  "15": [],
  "16": [
    [0.6776178157595601, 0.20987270059054378]
  ],
  "17": [],
  "18": [],
  "19": [
    [0.9315436643769567, 0.9267068179733413]
  ],
  "20": [
    [0.6703039349189308, -0.15518653029268756],
    [-0.6703413251160297, -0.15516903408173044]
  ],
  "21": [],
  "22": [],
  "23": [
    [-0.6164071988111338, -0.9251758380816366]
  ],
  "24": [],
  "25": [
    [-0.8972366506354547, -0.7414372997779449]
  ],
  "26": [],
  "27": [
    [0.14438607788600635, -0.6137398291493216]
  ],
  "28": [],
  "29": [
    [0.7831767794379424, 0.9222035456317299],
    [-0.8333889345767435, -0.896628098014308]
  ],
  "30": [
    [-0.9736957561915386, 0.8255918313774032],
    [0.7527334452308352, 0.9677434017782237]
  ],
  "31": [
    [-0.325959469324801, -0.7178066169372214],
    [0.3188039232835329, 0.726069060913999]
  ],
  "32": [
    [0.9657795760999445, -0.8497274112307962]
  ],
  "33": [],
  "34": [
    [0.7221274489575654, -0.6699159314799741]
  ],
  "35": [],
  "36": [],
  "37": [
    [0.9671665606743997, -0.8874912235465597]
  ],
  "38": [],
  "39": [],
  "40": [],
  "41": [],
  "42": [],
  "43": [],
  "44": [],
  "45": [
    [-0.9693772788471472, 0.1715848312130994],
    [-0.9778872860297905, -0.17158519503051547]
  ],
  "46": [],
  "47": [],
  "48": [],
  "49": [
    [-0.8749973863537183, 0.9759067879310671]
  ],
  "50": [],
  "51": [],
  "52": [],
  "53": [
    [-0.5070718662563151, -0.9316177636879602]
  ],
  "54": [],
  "55": [
    [-0.024443337110229356, -0.4196517990515327]
  ],
  "56": [
    [0.8728074476650252, 0.5914908498091732],
    [-0.9918196445855003, 0.5869706291275248]
  ],
  "57": [
    [-0.4630551938174968, 0.5405713875996245],
    [-0.47226457661649124, -0.5374524443252505]
  ],
  "58": [
    [0.0964865168515082, -0.32024746359094075]
  ],
  "59": [],
  "60": [
    [-0.8534629910254434, 0.5596643562831923]
  ],
  "61": [],
  "62": [
    [-0.7710453687778234, -0.9209970224202103],
    [0.8818136186008223, 0.8771921441318953]
  ],
  "63": [
    [-0.0029673522704960335, -0.18019352544490705]
  ],
  "64": [],
  "65": [
    [0.6429809954564235, -0.8557238946623787]
  ],
  "66": [],
  "67": [],
  "68": [],
  "69": [
    [0.3897071277976024, 0.9894454903493524],
    [0.8707798363802549, 0.5381241145844372]
  ],
  "70": [],
  "71": [
    [-0.114158651735656, -0.1845437388901846],
    [0.11626559180558536, -0.1329995924092382]
  ],
  "72": [],
  "73": [],
  "74": [
    [-0.6274850862874739, 0.9700415255512389],
    [-0.5711910229753011, -0.986100907510687]
  ],
  "75": [],
  "76": [],
  "77": [],
  "78": [],
  "79": [
    [-0.5663149596454105, -0.5007807791994311],
    [0.5718371169187475, 0.4972231872456232]
  ],
  "80": [],
  "81": [],
  "82": [],
  "83": [],
  "84": [
    [-0.6574164478647254, -0.016301032788037947],
    [0.2668895060063058, -0.09907113062322485]
  ],
  "85": [
    [0.810770424821753, 0.3985419226193929]
  ],
  "86": [
    [-0.2551095469751804, -0.7405062112706124]
  ],
  "87": [
    [-0.8145722070912638, 0.7731863441223649],
    [-0.1677471523821658, 0.8484307451677257],
    [-0.16774708348053283, -0.8484219915532685]
  ],
  "88": [],
  "89": [],
  "90": [
    [-0.6850412367671288, -0.8617666993182472]
  ],
  "91": [
    [-0.9037886506974373, 0.7243527602555021]
  ],
  "92": [],
  "93": [],
  "94": [],
  "95": [],
  "96": [],
  "97": [],
  "98": [],
  "99": [],
  "100": []
}
