{
  "1": [],
  "2": [],
  "3": [
    [-0.8865886857827481, -0.8392131371982904],
    [0.8865886857827505, 0.8392131371982896]
  ],
  "4": [],
  "5": [],
  "6": [],
  "7": [],
  "8": [],
  "9": [],
  "10": [],
  "11": [],
  "12": [
    [0.8110921095190308, -0.9113267555090899],
    [-0.8110921095190317, -0.911326755509084]
  ],
  "13": [
    [0.9337230314030612, 0.8934443856792774]
  ],
  "14": [
    [0.5454714551949432, 0.7365520446454173]
  ],
  "15": [],
  "16": [],
  "17": [],
  "18": [],
  "19": [],
  "20": [],
  "21": [
    [-0.9106204467849254, 0.830851258990582]
  ],
  "22": [],
  "23": [
    [0.3560433339484549, 0.8884829702066693],
    [-0.35607594728002123, -0.8884626280743215],
    [0.35608890128037957, -0.8884410835259358],
    [-0.3560562758125403, 0.8884614376251141]
  ],
  "24": [],
  "25": [],
  "26": [],
  "27": [],
  "28": [
    [-0.8040538402632128, 0.9669570661557297]
  ],
  "29": [],
  "30": [],
  "31": [],
  "32": [],
  "33": [],
  "34": [],
  "35": [],
  "36": [],
  "37": [],
  "38": [],
  "39": [
    [-0.567780330126381, -0.7684793273835607]
  ],
  "40": [],
  "41": [
    [-0.976949335694357, 0.8482909674048528]
  ],
  "42": [
    [0.9991042840359659, -0.9591117070797892]
  ],
  "43": [],
  "44": [],
  "45": [
    [0.8909644456381425, -0.944728803011736],
    [-0.8737396041770924, 0.8777154572271015]
  ],
  "46": [],
  "47": [
    [0.8219775336057237, 0.9948729995737323],
    [-0.8218860548646387, 0.9463820909650497]
  ],
  "48": [],
  "49": [],
  "50": [
    [-0.8809444509907725, 0.8608537970247034]
  ],
  "51": [
    [-0.9408615453852686, -0.965262779474099]
  ],
  "52": [],
  "53": [
    [-0.7051628133670138, -0.8427897755803331],
    [-0.6841395713005024, 0.8509728659846434]
  ],
  "54": [],
  "55": [],
  "56": [],
  "57": [
    [0.7861634564345774, 0.9925762378808209]
  ],
  "58": [],
  "59": [
    [-0.479156147186795, 0.39225188968464686]
  ],
  "60": [],
  "61": [],
  "62": [],
  "63": [
    [-0.9830526261442868, -0.8192867069823738],
    [0.9830526261442849, 0.8192867069823738]
  ],
  "64": [],
  "65": [
    [0.8332790376072999, -0.9749219558756549]
  ],
  "66": [
    [0.9537207764211685, -0.9731033325067209],
    [0.9247147585884703, 0.8299937370511942],
    [0.761782187261273, 0.6404344617607438]
  ],
  "67": [
    [-0.8608375277789175, 0.9205405246260626]
  ],
  "68": [
    [0.8763470027225093, -0.8706999620390677]
  ],
  "69": [],
  "70": [],
  "71": [],
  "72": [
    [0.9799916486020301, -0.9256123048234728]
  ],
  "73": [],
  "74": [
    [-0.6335152307254598, 0.802113764550759]
  ],
  "75": [],
  "76": [],
  "77": [],
  "78": [
    [0.9935145832719509, 0.859758666788428]
  ],
  "79": [],
  "80": [
    [-0.3067082085866619, -0.4779021767112741]
  ],
  "81": [],
  "82": [],
  "83": [],
  "84": [
    [-0.5444112551696544, 0.7074791017819194]
  ],
  "85": [],
  "86": [],
  "87": [],
  "88": [
    [-0.890931901588945, -0.8286667935739954]
  ],
  "89": [],
  "90": [],
  "91": [],
  "92": [
    [-0.9780491981035375, 0.9466734672723484]
  ],
  "93": [],
  "94": [],
  "95": [],
  "96": [],
  "97": [],
  "98": [],
  "99": [
    [0.450439975086334, 0.9687113182348756],
    [-0.45058933771721515, 0.9682829242686298]
  ],
  "100": []
}
