{
  "1": [
    [0.869996070603389, 0.7732193178160016]
  ],
  "2": [],
  "3": [],
  "4": [
    [0.8849301661039279, -0.11049972339059015]
  ],
  "5": [],
  "6": [],
  "7": [
    [0.8820475354490778, 0.7531298196297251]
  ],
  "8": [],
  "9": [],
  "10": [],
  "11": [],
  "12": [],
  "13": [],
  "14": [
    [-0.4505945015577263, -0.8975134887713148]
  ],
  "15": [
    [-0.946010932297825, 0.9532422029129172]
  ],
  "16": [],
  "17": [],
  "18": [
    [0.4247039093269817, -0.8408547987143425],
    [0.4228548455831683, 0.8422185407802781]
  ],
  "19": [
    [-0.9406193634634467, 0.915879762016478],
    [0.9404466915127225, 0.9158283109517862]
  ],
  "20": [],
  "21": [],
  "22": [
    [0.9853614271211697, -0.8247180956491285]
  ],
  "23": [],
  "24": [],
  "25": [],
  "26": [],
  "27": [
    [-0.7812612500434029, 0.9144173911037133],
    [0.8530719416605264, 0.7974115500394584]
  ],
  "28": [],
  "29": [
    [-0.5988078184506821, 0.920592676079157],
    [0.9225664085884303, 0.9731402279435962]
  ],
  "30": [
    [-0.8968177048752708, -0.3103929683431755],
    [0.8968177048752722, 0.3103929683431858]
  ],
  "31": [],
  "32": [],
  "33": [
    [-0.9233963782193187, -0.9246867499405945]
  ],
  "34": [],
  "35": [
    [-0.45546533936250466, -0.28649524113116737],
    [0.4554653393599011, -0.2864952411375775]
  ],
  "36": [],
  "37": [],
  "38": [],
  "39": [
    [-0.9870231370900712, -0.8544644084003463]
  ],
  "40": [],
  "41": [
    [-0.7603140520904172, 0.930130240259133],
    [0.8440260656538249, -0.973304047845583]
  ],
  "42": [],
  "43": [],
  "44": [
    [0.8367923596140452, -0.2681197486001352]
  ],
  "45": [],
  "46": [],
  "47": [],
  "48": [
    [-0.8533950912421336, 0.8470476743034024]
  ],
  "49": [
    [-0.8457722459852567, -0.04845691534192424],
    [0.8457722459852878, -0.048456915341926025]
  ],
  "50": [],
  "51": [
    [0.9257689771919527, -0.9943889545406044]
  ],
  "52": [],
  "53": [],
  "54": [],
  "55": [],
  "56": [],
  "57": [],
  "58": [],
  "59": [
    [-0.9912580289524573, -0.8298135418355025]
  ],
  "60": [
    [0.7281340364423591, 0.3121615014318479],
    [0.7281340366265725, -0.31292014542207547]
  ],
  "61": [],
  "62": [],
  "63": [
    [-0.7504424540178597, 0.5472948569078765]
  ],
  "64": [],
  "65": [],
  "66": [
    [0.9204619342287581, -0.7046250528675049]
  ],
  "67": [
    [0.5702687034180051, 0.7040384103013667]
  ],
  "68": [],
  "69": [
    [-0.6284698194600344, -0.45165730063251414],
    [0.9040316771084294, -0.4516907702133693],
    [-0.6284715883388557, 0.4516560766679687]
  ],
  "70": [],
  "71": [],
  "72": [],
  "73": [],
  "74": [
    [-0.8916391235905421, -0.4064355005125245],
    [0.8915978857509486, 0.4064667991361425]
  ],
  "75": [
    [-0.7309315391587228, -0.8248607988514003]
  ],
  "76": [],
  "77": [
    [0.8824471754782368, 0.7316762156854887],
    [0.8858811149102038, -0.7354890913979704]
  ],
  "78": [
    [0.47580665385754595, -0.325253130531264],
    [-0.4758066539330753, 0.32525313053126903]
  ],
  "79": [],
  "80": [],
  "81": [
    [-0.6882447642702048, 0.9728123086787364]
  ],
  "82": [],
  "83": [],
  "84": [],
  "85": [],
  "86": [
    [0.6269306884354857, -0.1081038272102965],
    [0.626930688435482, 0.108103828282611]
  ],
  "87": [],
  "88": [],
  "89": [],
  "90": [],
  "91": [],
  "92": [
    [-0.9057400282445722, 0.8113215181644187]
  ],
  "93": [
    [0.948829047464204, 0.8133809104083141]
  ],
  "94": [],
  "95": [],
  "96": [],
  "97": [],
  "98": [],
  "99": [],
  "100": [
    [0.2366266873090182, 0.1700108379749521]
  ]
}
