{
  "1": [
    [0.11335386260276586, 0.02559557816997506]
  ],
  "2": [
    [-0.10911295279824958, 0.012591954726412714]
  ],
  "3": [
    [0.2859535477192322, 0.38760613778231034],
    [0.301644376806876, -0.4089440546834655]
  ],
  "4": [
    [-0.06054216421411398, -0.29853347535692143]
  ],
  "5": [
    [-0.04956322724544796, 0.04389644113079621]
  ],
  "6": [
    [-0.12425994416303039, -0.5781897554970176],
    [-0.2396551318195835, 0.710216657271623]
  ],
  "7": [
    [-0.03446618017242966, -0.0739789652482506]
  ],
  "8": [
    [0.024640612639304074, 0.4527354327781492]
  ],
  "9": [
    [-0.20199807548672868, -0.5672530918973685]
  ],
  "10": [
    [0.3806541854053726, -0.24661894495007983]
  ],
  "11": [],
  "12": [
    [0.03887272247259746, -0.05321064850636008]
  ],
  "13": [
    [-0.023509208992033223, -0.14150481495652906],
    [-0.023509208992033712, 0.141504814956527],
    [0.3019793860299953, 0.7755116111379841],
    [0.30197938602999547, -0.7755116111379837]
  ],
  "14": [
    [-0.7725484025294662, 0.026041203815963854]
  ],
  "15": [],
  "16": [
    [-0.3107143787390148, -0.6362221785363841]
  ],
  "17": [
    [0.40694185774909597, 0.3296609398786337],
    [-0.30921859039654287, -0.6104014851250742]
  ],
  "18": [
    [0.6181308209343377, 0.12223278630804552]
  ],
  "19": [
    [-0.1226284799321292, -0.16577091212513345],
    [0.10571338449433361, 0.18963618637645768],
    [-0.6797745862559632, 0.14611285451739944]
  ],
  "20": [
    [-0.28451260627424485, -0.14893588841747485],
    [-0.8170021078093959, -0.12198151803274697]
  ],
  "21": [
    [-0.05513220538052119, -0.024017913968614]
  ],
  "22": [],
  "23": [],
  "24": [
    [0.6412590920884088, 0.4569747105369369]
  ],
  "25": [],
  "26": [
    [-0.9363076502737498, -0.3928863630208485],
    [-0.9668296739510255, 0.217909919789047]
  ],
  "27": [
    [0.1884558640306551, -0.050223024526223264]
  ],
  "28": [],
  "29": [
    [-0.18891990956776622, 0.8267388781427337]
  ],
  "30": [
    [0.24244913735044044, 0.8565275332575646]
  ],
  "31": [],
  "32": [
    [-0.09623158007735154, -0.04425820201734176]
  ],
  "33": [
    [-0.056694899731864985, -0.38547869534861046],
    [-0.016124428551569793, -0.9685518846319834]
  ],
  "34": [
    [-0.3964971722352345, -0.11122595526121874]
  ],
  "35": [
    [0.012190795360784072, -0.06936577332775017]
  ],
  "36": [
    [0.6348541207693633, -0.0147808340057053],
    [-0.6008567879099009, -0.015081559928201538]
  ],
  "37": [
    [0.04835157876818606, -0.08236348442246236]
  ],
  "38": [],
  "39": [
    [0.14010374113009683, -0.21052888829142105],
    [-0.802368802228915, 0.6716250629042888]
  ],
  "40": [
    [0.013471470420334683, -0.4716459718943329],
    [-0.10972179330139226, 0.01352384022919065]
  ],
  "41": [
    [-0.17392878740933493, 0.05687598256096736]
  ],
  "42": [
    [-0.3551006044367986, 0.26180872430693225],
    [0.3489435102848455, 0.18502991232129914]
  ],
  "43": [
    [0.03549510196386601, 0.8090033736063127],
    [-0.8799920444819999, -0.05375680950905078]
  ],
  "44": [
    [0.823590095813703, 0.5403422114437548]
  ],
  "45": [],
  "46": [],
  "47": [
    [-0.2879471340729432, 0.8903247769889524],
    [0.4137652688248953, 0.3807856742512985]
  ],
  "48": [],
  "49": [
    [-0.27342803013270556, -0.3907055862314191]
  ],
  "50": [
    [-0.24525178713002863, -0.7502830864168997]
  ],
  "51": [],
  "52": [],
  "53": [
    [-0.12074490987718473, 0.7383655470954187]
  ],
  "54": [
    [0.014973779763202941, 0.06703610558887076]
  ],
  "55": [
    [-0.4279990680591211, -0.2599802680413734],
    [-0.5022910380080071, 0.986515971367824]
  ],
  "56": [
    [-0.0044393334876968605, -0.08107331203366365]
  ],
  "57": [
    [-0.5344276480794737, -0.48877017346356283]
  ],
  "58": [],
  "59": [
    [0.4130943154247138, 0.006388935851845807]
  ],
  "60": [
    [-0.8502721187072927, -0.4540532967901633]
  ],
  "61": [
    [-0.28168070171665427, 0.22021632062089225],
    [-0.22416684521439947, -0.6656279673985838]
  ],
  "62": [
    [0.2159663504501046, 0.7363158211038919]
  ],
  "63": [
    [0.07094047407284229, -0.8581930347063667],
    [0.13302126327486907, -0.45048630291570035]
  ],
  "64": [
    [-0.4304113594134166, 0.5239773223136409],
    [0.4304113594134181, 0.5239773223136412]
  ],
  "65": [
    [-0.9029168151246797, -0.5124702490817551]
  ],
  "66": [
    [0.956616245488456, 0.14108481580822757]
  ],
  "67": [],
  "68": [
    [0.05922140850143886, -0.03831742255854616]
  ],
  "69": [
    [-0.6188190949686814, -0.07839014166854819],
    [0.6311327743113008, 0.09098223843454974]
  ],
  "70": [
    [0.1905867292813607, 0.1548197072184581]
  ],
  "71": [
    [0.032662731370712864, -0.3718161645739559]
  ],
  "72": [],
  "73": [
    [0.09613456841163984, -0.3782662856008419],
    [0.08559819538160701, 0.360685748697427],
    [-0.8682311880038899, 0.9859156676065921]
  ],
  "74": [
    [0.05367414547427681, -0.8063837997729104]
  ],
  "75": [],
  "76": [],
  "77": [
    [0.0069916853313752745, -0.06097471650407942]
  ],
  "78": [
    [0.09251704359885082, 0.18178891406209716]
  ],
  "79": [
    [-0.5275842911267747, 0.6110231640738227],
    [-0.3415239479266539, -0.4349401861534428]
  ],
  "80": [
    [-0.08400431454765883, 0.6390926423154052]
  ],
  "81": [
    [0.3985700143669331, -0.8254844348705532],
    [-0.12120859886334638, -0.47697424029630703]
  ],
  "82": [
    [-0.5042914975651339, 0.40619986711595996],
    [-0.11179748522662515, 0.05604577795442372],
    [0.5624094129883284, -0.5461342948604448]
  ],
  "83": [],
  "84": [],
  "85": [],
  "86": [
    [-0.03271145303792116, 0.8155137345121758],
    [-0.030658683747084445, -0.1263263975714202]
  ],
  "87": [],
  "88": [
    [0.21104370221025906, -0.08837806546250775]
  ],
  "89": [
    [0.7683001053810014, 0.8604649165336786],
    [0.16327745974768185, 0.1672597586550111]
  ],
  "90": [
    [0.15066063327725795, -0.05553318475972298],
    [-0.14495490297994015, -0.05355192168666136]
  ],
  "91": [],
  "92": [],
  "93": [
    [0.2598239169585063, -0.0392718531430341],
    [0.7197287429072113, -0.21104967751638193]
  ],
  "94": [
    [-0.49690169488606667, 0.3731456148997512],
    [-0.3200706743608948, 0.41445891447135735],
    [0.5579764327805714, 0.47951639503531823]
  ],
  "95": [
    [-0.3948957500761876, 0.5760555779937684],
    [-0.5780666898175068, -0.1690774795290623]
  ],
  "96": [],
  "97": [],
  "98": [],
  "99": [
    [-0.25550512715822243, -0.16680594769891635]
  ],
  "100": []
}
