{
  "1": [],
  "2": [],
  "3": [],
  "4": [],
  "5": [],
  "6": [],
  "7": [],
  "8": [],
  "9": [
    [0.8119517575819665, 0.42838700137284846]
  ],
  "10": [],
  "11": [],
  "12": [],
  "13": [
    [0.6145602047947518, 0.9473450366526729],
    [0.9003253889162142, 0.8545156557650757]
  ],
  "14": [],
  "15": [],
  "16": [],
  "17": [],
  "18": [],
  "19": [],
  "20": [],
  "21": [
    [-0.7172082541362111, 0.8347465876852852]
  ],
  "22": [],
  "23": [],
  "24": [],
  "25": [
    [0.9475476498486377, 0.7991396553406287]
  ],
  "26": [],
  "27": [],
  "28": [],
  "29": [],
  "30": [],
  "31": [
    [-0.3466579490965505, 0.7656176362184174]
  ],
  "32": [],
  "33": [
    [0.8577258335023122, 0.7865024888100756],
    [-0.9861264335384093, 0.6855756860321931]
  ],
  "34": [],
  "35": [],
  "36": [],
  "37": [],
  "38": [],
  "39": [],
  "40": [],
  "41": [],
  "42": [],
  "43": [
    [-0.5176670669383028, -0.7947327455025567],
    [-0.7499932972145964, 0.5208384709120231]
  ],
  "44": [],
  "45": [],
  "46": [
    [-0.5474802640669695, 0.8619892287464151]
  ],
  "47": [],
  "48": [],
  "49": [
    [-0.5091693512454618, -0.735091789771002]
  ],
  "50": [],
  "51": [],
  "52": [
    [-0.8779259191492335, -0.7936946613225047]
  ],
  "53": [],
  "54": [
    [0.7308332434963328, -0.12056163509908899],
    [-0.98410054321344, -0.9488628364501139],
    [0.8039338497522273, 0.7203945219277786]
  ],
  "55": [
    [-0.8964123682587506, 0.4628133626034202]
  ],
  "56": [
    [0.562799861024468, -0.9475717225010787]
  ],
  "57": [
    [0.6488188742963048, 0.449014537325657],
    [0.9685295176846761, 0.838106427102654]
  ],
  "58": [],
  "59": [
    [-0.857863348065811, 0.6072681081756002]
  ],
  "60": [
    [-0.24983882100753244, 0.15877207319299003],
    [-0.24983882086134773, -0.1587720731929464]
  ],
  "61": [
    [0.39711247645936054, 0.7484126456413428],
    [0.46402429426282177, 0.6410604594176519],
    [-0.5093770244749902, -0.5851214412582865]
  ],
  "62": [
    [0.9080895088455998, -0.9979196139470706]
  ],
  "63": [],
  "64": [],
  "65": [],
  "66": [],
  "67": [],
  "68": [],
  "69": [
    [-0.7109540021685318, -0.9574835767260822],
    [-0.9110461414560822, -0.5988692267538042]
  ],
  "70": [],
  "71": [],
  "72": [],
  "73": [],
  "74": [],
  "75": [
    [-0.9461263042230005, 0.113666974835928],
    [0.9733993928999103, 0.9543818901191821],
    [0.9426621819066779, -0.11474810330211321]
  ],
  "76": [
    [-0.5595256414914404, 0.38052896832185074]
  ],
  "77": [
    [-0.8278556264344635, -0.9604854655345998]
  ],
  "78": [],
  "79": [],
  "80": [],
  "81": [],
  "82": [],
  "83": [],
  "84": [
    [-0.9232605750046659, 0.8295642338304428],
    [-0.7746211962330564, -0.2859049384139885]
  ],
  "85": [
    [-0.7938509345404146, 0.7453884435175095]
  ],
  "86": [],
  "87": [
    [-0.581337221102827, -0.7320408828212908]
  ],
  "88": [
    [0.45952140889576826, -0.5904591272653952]
  ],
  "89": [
    [-0.5575205676775074, -0.7412943106035075],
    [-0.6545411550466473, 0.6444766715151643],
    [-0.9517114200038648, 0.827973411221499]
  ],
  "90": [],
  "91": [],
  "92": [],
  "93": [],
  "94": [],
  "95": [],
  "96": [
    [0.9565280478625436, -0.5320668321204367]
  ],
  "97": [],
  "98": [],
  "99": [
    [-0.314693774839007, 0.9873081456461427]
  ],
  "100": [
    [-0.5831227679121901, 0.8899775543912423]
  ]
}
