{
  "1": [],
  "2": [
    [0.7636174268118069, 0.2758335165256595],
    [0.9310612133539248, 0.9347809813666487],
    [-0.7622817774903319, -0.2731867381697746]
  ],
  "3": [
    [-0.7705230483604449, 0.600696103673457],
    [0.9662227011862453, -0.9273821242572993],
    [-0.4845312790164635, 0.7904031143645946],
    [-0.9771634391579038, -0.9141850899218275]
  ],
  "4": [],
  "5": [],
  "6": [],
  "7": [],
  "8": [
    [-0.8534365709628646, -0.8401812750097422]
  ],
  "9": [
    [-0.11567810752398533, -0.5323360209204356]
  ],
  "10": [],
  "11": [],
  "12": [],
  "13": [
    [-0.984924350637595, 0.2131239536594699]
  ],
  "14": [
    [0.36276935589528053, -0.4283515206782172]
  ],
  "15": [],
  "16": [],
  "17": [
    [0.7465239895574569, 0.6753356730693372],
    [-0.5652462351706129, 0.9094326447225328]
  ],
  "18": [
    [0.969435911588816, 0.9024795935929505]
  ],
  "19": [
    [-0.524494010213442, 0.3016705947002839],
    [-0.5240734093416489, -0.3018043800403411]
  ],
  "20": [],
  "21": [],
  "22": [],
  "23": [],
  "24": [],
  "25": [],
  "26": [
    [-0.692549259769158, 0.7107400404424933]
  ],
  "27": [],
  "28": [],
  "29": [
    [-0.06364499369816846, 0.6796245908109717]
  ],
  "30": [],
  "31": [
    [0.6183098971163857, 0.8291465109623903]
  ],
  "32": [],
  "33": [],
  "34": [
    [0.9565430255347364, -0.6077168851395194],
    [0.6441469642216993, -0.6395898536318431]
  ],
  "35": [],
  "36": [],
  "37": [
    [0.8643226730819409, 0.6513016889135592]
  ],
  "38": [],
  "39": [],
  "40": [
    [0.4689523200874249, 0.995852285076064]
  ],
  "41": [],
  "42": [],
  "43": [],
  "44": [],
  "45": [],
  "46": [],
  "47": [
    [0.5791908409926371, -0.8663320130609895]
  ],
  "48": [
    [0.8928851394206196, 0.8126938482676022],
    [0.8814758949415745, -0.7925619417889956]
  ],
  "49": [
    [-0.8721252805859219, 0.9710246308556909]
  ],
  "50": [],
  "51": [],
  "52": [
    [-0.9508452558948856, -0.9330118247167781]
  ],
  "53": [
    [-0.41665981783681233, 0.19263377562235195],
    [0.6139231006580032, -0.13825569004022928],
    [-0.8952757360898607, -0.960431748542935]
  ],
  "54": [],
  "55": [
    [-0.862165837334431, 0.7307230597013895]
  ],
  "56": [],
  "57": [
    [0.580175575775609, -0.9571301309219785]
  ],
  "58": [],
  "59": [],
  "60": [
    [-0.8900078597431961, 0.37482799946526213],
    [0.9622220104893164, 0.3514578112661466]
  ],
  "61": [
    [0.950266412124788, -0.2729496639620446],
    [0.7202996225097745, -0.7068191447476253]
  ],
  "62": [],
  "63": [],
  "64": [
    [0.5624412913527012, 0.7988976503716674],
    [0.5219784190421214, -0.9808223670190338]
  ],
  "65": [
    [0.7995202679722115, 0.9256728432795902]
  ],
  "66": [
    [-0.3573401665376289, 0.6579210541320123]
  ],
  "67": [],
  "68": [
    [-0.6732981139327372, 0.7957263557931324]
  ],
  "69": [
    [-0.5534913389633681, 0.6672218811394034]
  ],
  "70": [],
  "71": [],
  "72": [],
  "73": [],
  "74": [],
  "75": [
    [0.9739969707620294, 0.9946940978998207]
  ],
  "76": [],
  "77": [],
  "78": [],
  "79": [],
  "80": [
    [-0.8415147417613371, -0.9188716988853213]
  ],
  "81": [
    [0.7981767108073835, -0.9293913601785311],
    [-0.7792583101140238, -0.950409412352268]
  ],
  "82": [
    [-0.7944754254634939, -0.5272642949685143],
    [-0.8445795158783009, -0.4790764837209147],
    [-0.8205685020754131, 0.9304879078066475]
  ],
  "83": [],
  "84": [
    [0.7600398350589868, 0.910050895976229],
    [0.7942059053852779, -0.8715706551341146]
  ],
  "85": [
    [0.8153544655091364, -0.6597375413654413]
  ],
  "86": [],
  "87": [
    [-0.9081281938550438, -0.45937004301418954]
  ],
  "88": [],
  "89": [
    [-0.778807136496822, -0.7431597822322975],
    [-0.8564572191447803, 0.7245827693669344]
  ],
  "90": [],
  "91": [],
  "92": [
    [0.9433083652258177, 0.8995100736578509]
  ],
  "93": [],
  "94": [],
  "95": [],
  "96": [],
  "97": [
    [0.5689937322923201, -0.7803478221575149]
  ],
  "98": [],
  "99": [],
  "100": []
}
