{
  "1": [
    [0.304932586730549, 0.7531333815459044],
    [0.15229412044513427, -0.6365106006809986]
  ],
  "2": [
    [0.1304906466761787, -0.6947711298564762]
  ],
  "3": [
    [0.6806759117160899, 0.24241532862069004]
  ],
  "4": [
    [-0.3750887854611994, -0.7282344159336221]
  ],
  "5": [],
  "6": [
    [0.46414427288109134, 0.3616646438378687],
    [-0.4638303094700939, 0.3686029754766584]
  ],
  "7": [],
  "8": [],
  "9": [],
  "10": [],
  "11": [],
  "12": [],
  "13": [],
  "14": [
    [-0.7959417099003129, 0.8505493402286347],
    [0.784920368278376, 0.3429071712275978],
    [-0.7825427342892803, 0.3564597793777418]
  ],
  "15": [],
  "16": [
    [-0.9453887778739722, -0.7266624084572469]
  ],
  "17": [
    [0.05424947997052463, 0.3401732299640931]
  ],
  "18": [
    [-0.5248071805712301, 0.7662637445513186],
    [0.6753777635334719, 0.32681992336587473],
    [0.6191469139044686, 0.8698750152918683]
  ],
  "19": [
    [-0.3956077314255901, 0.13403367373131692]
  ],
  "20": [],
  "21": [],
  "22": [
    [0.627671810539815, -0.10231596353772193]
  ],
  "23": [
    [-0.07584691304800453, 0.7479253448545359],
    [0.7072405800830066, -0.5048375682359967]
  ],
  "24": [],
  "25": [],
  "26": [],
  "27": [],
  "28": [],
  "29": [],
  "30": [
    [0.26596582996300405, 0.05709737262410677]
  ],
  "31": [
    [0.5726125013523637, 0.7823235836772665],
    [-0.6559851448287377, 0.0398325142786574],
    [0.6559801383362139, 0.03983312247081256]
  ],
  "32": [
    [-0.7796702364829643, -0.054288319506502036],
    [-0.4661903800889018, -0.18280644424046424]
  ],
  "33": [
    [0.2688750651482145, -0.5471379693078571]
  ],
  "34": [
    [0.0058341393142772235, 0.08493994704172565],
    [0.8212068466423386, -0.9295907933693096]
  ],
  "35": [],
  "36": [],
  "37": [
    [-0.01726556454978409, -0.07069716557344197]
  ],
  "38": [
    [-0.9937749903754579, 0.8926538787425039]
  ],
  "39": [
    [0.3880167623628061, 0.9432847324280671]
  ],
  "40": [
    [0.6114092435365482, -0.474987225886487],
    [-0.5496020873930891, 0.4066239747160635]
  ],
  "41": [
    [-0.1419670092947324, -0.9810875989312965]
  ],
  "42": [
    [-0.8159756239238402, 0.692735423530843],
    [0.7665568182968195, -0.8714732501457942]
  ],
  "43": [],
  "44": [],
  "45": [],
  "46": [
    [-0.8345428056890897, 0.032099223377020036]
  ],
  "47": [
    [0.9544426552952933, -0.7174489579706819]
  ],
  "48": [
    [-0.19241281830512633, -0.8130548565100741],
    [-0.22828916977273758, 0.7580558771480287]
  ],
  "49": [
    [0.9620192962284645, -0.4722292647078901]
  ],
  "50": [
    [0.9247718294665495, -0.09903667038569788],
    [0.052492965019483855, -0.09417909952841]
  ],
  "51": [
    [-0.7419543802856396, 0.2772898556557417],
    [-0.3279130117463424, 0.9584315533054473]
  ],
  "52": [
    [-0.05384068709022526, -0.0372979418694389],
    [0.053840901289560004, -0.03676671884862955]
  ],
  "53": [
    [0.13579588381080762, 0.8342902782524543],
    [0.13525694775755234, -0.8342992225222393]
  ],
  "54": [],
  "55": [],
  "56": [
    [-0.8395978481704646, -0.6227046330314079],
    [-0.46976657758018064, -0.12211451214320972]
  ],
  "57": [],
  "58": [
    [0.92793096391432, 0.7325620622229545],
    [-0.6307970250885077, -0.3457769085703565],
    [-0.8641514012121997, -0.6180935735593028]
  ],
  "59": [
    [-0.4304482961804417, 0.1563969727585639],
    [-0.20242881033091756, -0.5273040444295]
  ],
  "60": [
    [-0.8982701202701883, -0.6168461385609811]
  ],
  "61": [
    [-0.7170578548293577, -0.2717351743524254],
    [0.7871272858377995, -0.3466346331935552]
  ],
  "62": [
    [0.7360271506930767, 0.27935996245295663]
  ],
  "63": [
    [-0.05799599074723652, 0.31207580228631565]
  ],
  "64": [
    [-0.5064442355951528, -0.6051859536653821]
  ],
  "65": [],
  "66": [],
  "67": [
    [0.7165040951548374, 0.4311355517243679]
  ],
  "68": [
    [-0.8536228058293699, 0.8115987528260307],
    [-0.8689009116117229, -0.7977393494345173]
  ],
  "69": [
    [0.8575257097705016, -0.4002584375581415],
    [0.2900353386649951, -0.9902475743021147]
  ],
  "70": [
    [-0.661644075660611, -0.4561694072440326]
  ],
  "71": [],
  "72": [
    [-0.9837421032447932, 0.5582917940802622]
  ],
  "73": [
    [0.5773293343127586, -0.31552068820732154],
    [0.4030505886469969, -0.4761179210135009],
    [0.9873217374476867, 0.6107252825695682],
    [-0.37627257209932985, 0.5309116454805993]
  ],
  "74": [
    [-0.44613211464799435, -0.33670263057932037]
  ],
  "75": [],
  "76": [
    [0.6761074998539356, -0.3533709485077794]
  ],
  "77": [
    [0.7941754661115882, 0.4428340306543446]
  ],
  "78": [
    [-0.7321260143168375, -0.001641063421778299]
  ],
  "79": [],
  "80": [
    [0.41150501145412655, 0.8986670910231068],
    [-0.6122454815903182, 0.5827646222411237]
  ],
  "81": [
    [-0.2451084741907867, -0.11261773541017375]
  ],
  "82": [],
  "83": [
    [0.7083596887849826, -0.01085392600178338]
  ],
  "84": [],
  "85": [],
  "86": [
    [-0.24359992612759843, -0.030374829493259974]
  ],
  "87": [
    [-0.060331395228122794, 0.8523951392421751],
    [-0.06287645051991282, -0.7784715309645716]
  ],
  "88": [],
  "89": [],
  "90": [
    [-0.45837608798474594, 0.8027874736003889]
  ],
  "91": [],
  "92": [
    [0.6121468633215517, 0.682169474209591],
    [0.6608210736462424, 0.6059445143999285]
  ],
  "93": [],
  "94": [
    [-0.5849093235297985, -0.8550233357613116]
  ],
  "95": [],
  "96": [
    [0.1728538923930322, 0.13091985065092415]
  ],
  "97": [],
  "98": [],
  "99": [],
  "100": [
    [-0.6454719731218429, -0.680614423842721]
  ]
}
