{
  "1": [],
  "2": [],
  "3": [],
  "4": [],
  "5": [],
  "6": [],
  "7": [],
  "8": [
    [-0.08651082314136697, 0.8215360811424661],
    [-0.2992196462349597, 0.3974369425214497],
    [0.3418638589200756, 0.6370311270086235]
  ],
  "9": [],
  "10": [
    [-0.3089274664078212, -0.7385434768233363]
  ],
  "11": [
    [-0.9670429885586103, -0.8497713142798177]
  ],
  "12": [
    [-0.003668962025300183, -0.16518305462417657]
  ],
  "13": [
    [0.8781889846183323, -0.7183927586838247]
  ],
  "14": [
    [0.9849423686544018, -0.9910717980043243]
  ],
  "15": [],
  "16": [],
  "17": [],
  "18": [],
  "19": [
    [-0.9967635200856678, 0.48117993796713077],
    [0.9864785391353638, 0.48888411616068894]
  ],
  "20": [
    [-0.929070301542696, -0.7263200954156661],
    [-0.9096039709318943, 0.7246906016343385],
    [-0.545586251961944, 0.9488644175153315]
  ],
  "21": [],
  "22": [
    [-0.5842190074035923, -0.6901555657022492],
    [-0.58440811243309, 0.6898183964686171]
  ],
  "23": [],
  "24": [],
  "25": [],
  "26": [],
  "27": [],
  "28": [],
  "29": [
    [0.5848286912130494, 0.9971274512810521]
  ],
  "30": [
    [0.07359755976094387, -0.07579673330538617]
  ],
  "31": [],
  "32": [
    [0.6422545123393192, -0.7536661451180231]
  ],
  "33": [],
  "34": [],
  "35": [
    [0.8302210973054641, 0.8310535489976714]
  ],
  "36": [],
  "37": [],
  "38": [],
  "39": [],
  "40": [
    [-0.9447726330537057, 0.42470774519915633]
  ],
  "41": [
    [-0.9841134498495174, -0.29407170292303625]
  ],
  "42": [
    [-0.790916299311906, -0.8729951629273931]
  ],
  "43": [],
  "44": [],
  "45": [],
  "46": [
    [0.9047118609028618, 0.9567305339471184]
  ],
  "47": [
    [-0.999385498147051, -0.9497565769322848]
  ],
  "48": [
    [0.9231445543202206, 0.5521000582449085],
    [-0.9229294631532382, 0.5523111518048635]
  ],
  "49": [],
  "50": [],
  "51": [
    [-0.8653804047463509, -0.1279100444435136],
    [0.8653751888575325, -0.12789099484428032]
  ],
  "52": [],
  "53": [],
  "54": [
    [-0.8990867344599558, 0.8421297086777515]
  ],
  "55": [
    [-0.8208245584635852, -0.8411319233941877]
  ],
  "56": [],
  "57": [],
  "58": [
    [0.521392910940934, -0.2676410075768858],
    [0.5213936926241749, 0.26763749477238774]
  ],
  "59": [],
  "60": [],
  "61": [
    [-0.8825729216286872, 0.7127551969761827]
  ],
  "62": [
    [0.9510572078859523, -0.9885492163477172]
  ],
  "63": [],
  "64": [],
  "65": [],
  "66": [],
  "67": [],
  "68": [],
  "69": [],
  "70": [],
  "71": [],
  "72": [
    [-0.694577887940525, 0.21797388131750894]
  ],
  "73": [
    [-0.5775463686932741, -0.5579175408824942]
  ],
  "74": [
    [-0.9085436386128394, 0.8634951856249968],
    [-0.9182033286326069, -0.8446113925752012]
  ],
  "75": [],
  "76": [],
  "77": [],
  "78": [],
  "79": [],
  "80": [],
  "81": [],
  "82": [],
  "83": [
    [-0.960622184291169, 0.7548190052852967]
  ],
  "84": [],
  "85": [
    [-0.8241450617932778, 0.5092140834072347],
    [-0.8217560044880101, 0.7245768083752161],
    [0.737478773203583, -0.7731143504994055],
    [0.8143481230092903, -0.5157070734721715]
  ],
  "86": [
    [-0.6412881363564376, 0.8490229075742581]
  ],
  "87": [
    [-0.6208242200253605, -0.12192221495860879]
  ],
  "88": [],
  "89": [
    [-0.9666820785466551, 0.40446298888553844],
    [-0.9617295847694592, -0.4095505011064773]
  ],
  "90": [],
  "91": [
    [0.757657092233152, 0.8920097179913412]
  ],
  "92": [
    [0.3922369682116759, 0.3954287157406888]
  ],
  "93": [
    [0.9854342327522144, -0.6012005481438214]
  ],
  "94": [],
  "95": [],
  "96": [],
  "97": [],
  "98": [
    [-0.3254983216686128, -0.8818081338209592],
    [-0.3481076626551602, 0.8720182819167664]
  ],
  "99": [
    [-0.7181641234422651, 0.6772291205620387],
    [0.6895114910460147, -0.6855038666054911]
  ],
  "100": []
}
