{
  "1": [],
  "2": [
    [-0.0674088878710344, 0.010309299864311904]
  ],
  "3": [],
  "4": [],
  "5": [],
  "6": [],
  "7": [
    [-0.9463408142707463, 0.7147181833596288]
  ],
  "8": [],
  "9": [],
  "10": [],
  "11": [],
  "12": [],
  "13": [],
  "14": [],
  "15": [],
  "16": [],
  "17": [],
  "18": [],
  "19": [],
  "20": [
    [0.13664549007906096, -0.17495154027593268],
    [-0.1366420064096077, 0.17495600064177513]
  ],
  "21": [],
  "22": [
    [-0.9801032482124913, -0.6574282303176686]
  ],
  "23": [],
  "24": [
    [0.4337387622318511, 0.8597003639159954]
  ],
  "25": [],
  "26": [],
  "27": [],
  "28": [
    [-0.4957288570292238, 0.470737577462883]
  ],
  "29": [
    [-0.4065598703112524, -0.5040226455635171]
  ],
  "30": [],
  "31": [
    [-0.6375950905768086, 0.6107820778479479]
  ],
  "32": [],
  "33": [],
  "34": [],
  "35": [],
  "36": [
    [0.6810210290859717, -0.00010224497153584662],
    [0.0002786307616868036, -0.24990412154738748],
    [-0.681299659847682, 0.00010220315647588666]
  ],
  "37": [
    [0.3007940594040114, -0.8387021339091009]
  ],
  "38": [],
  "39": [],
  "40": [
    [0.9960898106828586, 0.38322226888552524],
    [-0.8186531179482306, -0.3619062318049452]
  ],
  "41": [],
  "42": [
    [-0.630154992395497, 0.23581143478436464],
    [0.6303273768091906, 0.23581798377261826]
  ],
  "43": [
    [0.5603002235977302, 0.8583995035558443]
  ],
  "44": [
    [-0.9649795984142201, -0.6709695984720934]
  ],
  "45": [],
  "46": [],
  "47": [],
  "48": [],
  "49": [
    [-0.7499039301399559, -0.0251596818806681],
    [0.7499039301399536, 0.025159681880667462]
  ],
  "50": [
    [0.8123732338818358, 0.15760620116033947],
    [0.8123732338818319, -0.15760620116034899]
  ],
  "51": [],
  "52": [
    [0.6338641119415171, -0.8378838854744282],
    [-0.5830600170400073, -0.866396097178425]
  ],
  "53": [
    [-0.9847339352254579, 0.9264440775962537]
  ],
  "54": [],
  "55": [],
  "56": [
    [-0.8394988855191624, -0.7761228691000571]
  ],
  "57": [
    [-0.7581626289645579, 0.7167296280340929],
    [0.8434397575293449, 0.7907472505017642]
  ],
  "58": [
    [-0.8329069841006828, -0.9101359317841791],
    [0.8126584124378675, -0.6959123000528685]
  ],
  "59": [
    [-0.9755220562012739, -0.577944040429159]
  ],
  "60": [],
  "61": [],
  "62": [
    [-0.965434629408107, -0.700178284130799]
  ],
  "63": [],
  "64": [
    [0.23591511074055227, 0.8213769562644209],
    [-0.23591619823865334, -0.8213761992243408]
  ],
  "65": [],
  "66": [],
  "67": [
    [-0.6971967314377804, -0.08066611273029582]
  ],
  "68": [
    [-0.7750874362947403, -0.5301024608204706]
  ],
  "69": [
    [-0.8819292383766143, 0.4699777272920095]
  ],
  "70": [],
  "71": [],
  "72": [],
  "73": [],
  "74": [
    [0.9879940702767488, -0.7978271445922792],
    [0.9779507123896877, 0.9901725115621232]
  ],
  "75": [
    [0.6155331082943588, -0.7645088572593177]
  ],
  "76": [],
  "77": [],
  "78": [],
  "79": [],
  "80": [],
  "81": [],
  "82": [],
  "83": [
    [-0.5271349205667059, -0.733604228612946]
  ],
  "84": [
    [0.708819693071882, 0.9611357191945042],
    [-0.7843242884459126, 0.9381189274318421],
    [-0.9259536861602816, 0.9898711759254188]
  ],
  "85": [
    [0.9289421536942718, -0.9476227118131136],
    [0.9696805184104038, 0.9698987845980718]
  ],
  "86": [],
  "87": [],
  "88": [],
  "89": [],
  "90": [
    [0.42760081768064845, -0.8202710011360975]
  ],
  "91": [],
  "92": [],
  "93": [],
  "94": [],
  "95": [],
  "96": [
    [0.9793291784080114, -0.48695669994988944],
    [0.910393895645248, -0.933311708148353]
  ],
  "97": [],
  "98": [],
  "99": [],
  "100": []
}
