{
  "1": [
    [0.7638029336898796, 0.8507766616996288],
    [0.0707157062552571, 0.3545919968510868],
    [0.07021239331941019, -0.352663060705502]
  ],
  "2": [
    [0.7100160368171713, -0.9202405921371656],
    [0.36416203349611265, 0.08326277691002931],
    [-0.3646135074010686, 0.08284738253183399]
  ],
  "3": [
    [0.2944792193318761, -0.4121475710357634],
    [0.8776461673449841, 0.4444020759986549]
  ],
  "4": [
    [0.22477931184202013, -0.6493589049856469],
    [-0.16040465152262215, -0.8492765842185739],
    [0.635794969844482, 0.4926688743071158]
  ],
  "5": [
    [0.6528313513756634, 0.4396484410251486]
  ],
  "6": [
    [0.05648822622052519, -0.4734363461452996]
  ],
  "7": [
    [-0.5381506403927606, -0.1973064035529881],
    [0.5399650700035097, -0.20823453994099875]
  ],
  "8": [
    [-0.530769686402549, -0.007644802503706385]
  ],
  "9": [],
  "10": [
    [-0.8453527457467417, 0.9217082459625681]
  ],
  "11": [
    [0.7018244786774159, 0.8281783380894759],
    [0.9769273097940261, -0.6364396325913754],
    [-0.5409863959598626, 0.7067941197483975]
  ],
  "12": [
    [0.744483961381511, 0.06205307307630293],
    [-0.733690125190162, -0.06367074367865122]
  ],
  "13": [],
  "14": [
    [0.8579606956250193, -0.1320460755770777],
    [0.5547989276742726, 0.1123553070729243]
  ],
  "15": [],
  "16": [
    [-0.292087252627344, 0.8117135129518827]
  ],
  "17": [
    [0.6886794989660743, -0.46943558314192246]
  ],
  "18": [
    [-0.41857606996975905, -0.9580459238746111]
  ],
  "19": [
    [-0.36502374677932165, -0.23190357945417073]
  ],
  "20": [],
  "21": [
    [-0.7824063547472476, -0.02198309444188861]
  ],
  "22": [],
  "23": [
    [0.6923176539911337, -0.0381061782728209],
    [-0.05622475473589824, 0.47183027382757037]
  ],
  "24": [
    [0.5767137264026112, 0.4111292143774013],
    [-0.6059353919339545, 0.4497828143634031]
  ],
  "25": [
    [0.6970267112896962, 0.9554931178500823],
    [0.8225819108553413, 0.07699583928276638],
    [0.8280300713607937, -0.9050526503815882]
  ],
  "26": [
    [-0.06955085920904143, 0.8737976480949108],
    [0.3568774198922416, 0.8172226942180901]
  ],
  "27": [],
  "28": [
    [-0.8288791291397106, 0.30578875752231455],
    [0.8747853590886226, 0.298902561261199],
    [-0.7157778393576217, -0.3247185017995922],
    [0.6845900843190046, -0.32947504138499184]
  ],
  "29": [
    [-0.4247740993333805, 0.24402051964439567]
  ],
  "30": [
    [0.49083190823733397, 0.1496797019964123]
  ],
  "31": [
    [-0.09999126520281891, 0.9058980816394337]
  ],
  "32": [
    [0.04837675910303056, -0.5648827875102602],
    [0.799642682221462, -0.6455260889903642],
    [-0.8594481056314585, -0.6299386483083417],
    [0.048123294316260105, 0.5650580119536415]
  ],
  "33": [
    [-0.7770736802086742, 0.05426092206648808],
    [-0.8654893953925659, 0.6942942473229701],
    [0.4843984312396146, 0.054160749452069744]
  ],
  "34": [],
  "35": [],
  "36": [],
  "37": [],
  "38": [
    [-0.03289405637658042, -0.4726700619377916]
  ],
  "39": [
    [-0.3937220773307254, 0.175580600361522]
  ],
  "40": [
    [0.37129196232857986, -0.7163432688969626]
  ],
  "41": [
    [0.4114334385138353, -0.21076901058971606],
    [0.9342147644303188, -0.9872211579078655],
    [-0.13931112220007455, 0.6342857481140325]
  ],
  "42": [],
  "43": [
    [0.4784382610652611, -0.4504950503951222]
  ],
  "44": [
    [0.21167064757052967, 0.024215334278604287],
    [-0.16424549781234646, -0.006148736949565739]
  ],
  "45": [
    [0.0686148768890616, -0.730015093371261]
  ],
  "46": [],
  "47": [],
  "48": [],
  "49": [],
  "50": [
    [0.9913704196871277, 0.18163303440783526],
    [0.6360884485891611, 0.7581994657397095],
    [-0.9913704196871315, 0.1816330344078334],
    [-0.6360884485891622, 0.758199465739712]
  ],
  "51": [],
  "52": [
    [0.49584183306392016, -0.8969465718959337]
  ],
  "53": [
    [-0.7490241680007129, -0.23185132476133682]
  ],
  "54": [
    [-0.42408027681139854, 0.035321301624726034]
  ],
  "55": [],
  "56": [],
  "57": [
    [-0.03892402582471956, 0.7477327922228487]
  ],
  "58": [
    [-0.35575518715476756, -0.6320565134727759],
    [0.4604923921875246, 0.4655092267062617]
  ],
  "59": [
    [0.8419247838278713, -0.6947021947223099]
  ],
  "60": [
    [0.02085386837462544, 0.35306259800418066]
  ],
  "61": [],
  "62": [],
  "63": [
    [-0.3338446481956636, -0.3547809402812773],
    [-0.33388417014145666, 0.3564283977518671],
    [0.31876921621923016, -0.6159109675971779],
    [0.3186202388366019, 0.6204596579740148]
  ],
  "64": [
    [0.547740405710767, 0.426063498792827],
    [0.004049816485501581, -0.7339425620779797]
  ],
  "65": [],
  "66": [
    [-0.3582484350189573, 0.749484111577732]
  ],
  "67": [
    [-0.03375399720708658, 0.0538833489289094],
    [0.03374740524847398, 0.05388334722377458],
    [0.9349613024568106, 0.05772076763766462]
  ],
  "68": [],
  "69": [
    [-0.7238172468477446, -0.5765092373485692],
    [-0.31603975761728653, -0.5818166046062235]
  ],
  "70": [
    [-0.6160017530049624, -0.6800475919620702],
    [-0.09634551604245403, -0.5508670342721063]
  ],
  "71": [
    [0.3636420037864457, -0.16060040680002716]
  ],
  "72": [
    [0.02574405040420511, -0.2831134327842447]
  ],
  "73": [],
  "74": [],
  "75": [],
  "76": [
    [0.06631713229892625, 0.6018588243060413]
  ],
  "77": [],
  "78": [
    [0.08414781059988319, -0.360135381586192]
  ],
  "79": [],
  "80": [
    [-0.4435638363502562, -0.8260090542442666],
    [0.3682817371682422, -0.7402409937165304]
  ],
  "81": [
    [-0.881292002528713, 0.2193719171513913],
    [0.8288349954518628, -0.19007551862918973],
    [0.09032173837918737, 0.7627237838578215]
  ],
  "82": [
    [-0.85782220403962, 0.0825085471772551],
    [0.8738592016923893, 0.0808110224572065]
  ],
  "83": [],
  "84": [
    [0.14394269486069555, 0.9075279990563297]
  ],
  "85": [],
  "86": [
    [-0.21175036251420903, -0.2464030628796813],
    [0.6909489170587105, 0.4746126698156228],
    [0.7659168125545913, 0.12231925116029767],
    [0.6115549693936156, -0.5779605209971963]
  ],
  "87": [
    [-0.5289989012119614, 0.06732516658461725]
  ],
  "88": [
    [-0.42965135386504927, -0.6641537653942098],
    [-0.4393132682888728, 0.8166605857175333]
  ],
  "89": [
    [0.14841055322086233, -0.027486383722223694],
    [-0.00737565475238511, -0.03940301064680465]
  ],
  "90": [
    [-0.6570991713683193, -0.5923988561903841]
  ],
  "91": [
    [-0.6649171959989537, 0.04753822684263082]
  ],
  "92": [],
  "93": [
    [0.7475513115410857, -0.0680199944255728],
    [-0.7475513115410841, -0.06801999442557286]
  ],
  "94": [
    [-0.04366810198064187, 0.6747886014118053]
  ],
  "95": [
    [0.7227428503509691, 0.3594915895243477]
  ],
  "96": [],
  "97": [],
  "98": [
    [0.9361125647836746, -0.7544780621422121],
    [-0.39065646729072023, 0.5672349935291099]
  ],
  "99": [
    [0.7441842692324038, 0.5018686991112588]
  ],
  "100": [
    [0.4825245902923743, -0.18101773382024614]
  ]
}
