{
  "1": [],
  "2": [],
  "3": [],
  "4": [
    [-0.782400534349936, 0.6843138652329097],
    [-0.6477111736518738, -0.6687499762628246]
  ],
  "5": [
    [-0.7315609823895203, -0.8337653931053007],
    [0.23354683703915297, -0.9274129288494602],
    [0.26770234525407466, 0.8902861735358912],
    [-0.8057553697421667, 0.8964713975890525]
  ],
  "6": [],
  "7": [
    [0.9678477267590152, 0.44048577702080255]
  ],
  "8": [],
  "9": [],
  "10": [
    [0.864020560058552, -0.7081462859906807],
    [0.9101126575325631, 0.5627099923308947]
  ],
  "11": [
    [0.9409684926497563, -0.9125617582629378]
  ],
  "12": [],
  "13": [],
  "14": [],
  "15": [
    [-0.9158620966498151, 0.9568027983423648],
    [-0.7032403081154284, 0.8243422319064344]
  ],
  "16": [],
  "17": [
    [-0.7831310504369697, -0.4593486104749981],
    [-0.7825813166279757, 0.45701235264147566]
  ],
  "18": [
    [0.7744817190080457, -0.5885237161415561],
    [0.7747540006484038, 0.576263008770817]
  ],
  "19": [],
  "20": [
    [-0.5311784983170381, -0.980520680717253],
    [0.837810319798257, -0.8928940433118542]
  ],
  "21": [],
  "22": [],
  "23": [],
  "24": [],
  "25": [
    [-0.08293717743159801, -0.2254079959026457]
  ],
  "26": [],
  "27": [],
  "28": [],
  "29": [
    [0.7904877873362663, -0.9419781026822098]
  ],
  "30": [],
  "31": [],
  "32": [
    [-0.3051532423903204, 0.5635212575075542]
  ],
  "33": [],
  "34": [],
  "35": [],
  "36": [],
  "37": [],
  "38": [],
  "39": [
    [-0.12960599113076693, -0.028376339028752626]
  ],
  "40": [],
  "41": [
    [-0.5025580315407209, 0.9473243851588032]
  ],
  "42": [],
  "43": [],
  "44": [],
  "45": [
    [-0.6144079057272965, 0.732920733652638],
    [0.788274575454816, 0.819103362543286]
  ],
  "46": [],
  "47": [
    [0.8085907458777783, 0.3579057363881297],
    [-0.8075823332729167, 0.36539423717541514]
  ],
  "48": [],
  "49": [
    [0.7315002334482583, 0.5353645029552242],
    [0.9184150479392316, 0.6737168195053125],
    [-0.8651976825431219, 0.6807204607864342],
    [-0.7367983740210929, 0.5447212216808952],
    [-0.7861391752996795, 0.9903815186099526]
  ],
  "50": [],
  "51": [
    [-0.6602641795149431, -0.8837802708983369]
  ],
  "52": [
    [-0.5405959892680575, 0.7246954759777955],
    [-0.5399765195730535, -0.7125805578086939]
  ],
  "53": [
    [0.7674747309521578, -0.951478549816624],
    [0.5446701402810862, 0.897879843381123],
    [-0.771795689614961, -0.9440122727283291],
    [-0.543633028942677, 0.8993760988782641]
  ],
  "54": [],
  "55": [],
  "56": [],
  "57": [],
  "58": [],
  "59": [],
  "60": [
    [0.9894815686713628, -0.9502834004621815]
  ],
  "61": [],
  "62": [
    [0.5987025035005188, -0.9843999043644954]
  ],
  "63": [],
  "64": [
    [-0.879619418290927, -0.595296763806886],
    [-0.9120545013846735, -0.379214387916281],
    [0.8632511211134972, -0.6409532253756268],
    [0.8695772525081567, -0.4232040295079299],
    [-0.8614336898228564, 0.36546844100407616],
    [0.9251190975293411, 0.32532343924643164]
  ],
  "65": [
    [0.08734929121505168, -0.12112462855492064]
  ],
  "66": [],
  "67": [],
  "68": [],
  "69": [
    [-0.6461383229001247, 0.21674677280059132]
  ],
  "70": [
    [0.6750324098827052, -0.39110623736369227],
    [-0.8601355836759572, 0.3070815580689082]
  ],
  "71": [
    [-0.8551719617382493, 0.6604997214892222],
    [-0.9224911965901317, -0.6140835400995069]
  ],
  "72": [
    [-0.6268455586644363, 0.3718661912282079]
  ],
  "73": [
    [-0.5121936967224389, 0.3285060933509729],
    [0.48042735531233327, -0.32879643211344234]
  ],
  "74": [
    [0.6575643324244456, -0.7388144137139722],
    [0.492240945498223, 0.9006654569149033]
  ],
  "75": [],
  "76": [],
  "77": [
    [-0.6988691062046676, -0.800642162430126]
  ],
  "78": [
    [0.9166530646567891, 0.3507438027714185]
  ],
  "79": [],
  "80": [
    [-0.7890157163868758, -0.9993032505893603]
  ],
  "81": [],
  "82": [
    [0.9427379138727691, 0.7521294818599735],
    [-0.33628922908677655, 0.4920246182149811],
    [-0.3386208859518064, -0.49208503142264703]
  ],
  "83": [
    [0.7093331556413617, -0.4729409401059747],
    [0.7964012584838235, -0.5860623235021855],
    [-0.5683268870054534, -0.43655227686973713]
  ],
  "84": [],
  "85": [],
  "86": [],
  "87": [
    [0.2246651543867084, -0.5377136538253698]
  ],
  "88": [],
  "89": [
    [-0.704653441102789, -0.8488159579952026],
    [0.6811376693019623, 0.939630203642544],
    [-0.4541195005539125, -0.0014639392514601496]
  ],
  "90": [],
  "91": [],
  "92": [],
  "93": [],
  "94": [
    [0.07421046593460004, 0.032252713541672744]
  ],
  "95": [],
  "96": [
    [0.8463156727904028, -0.8975023290737151],
    [-0.8463156727904037, 0.8975023290737166]
  ],
  "97": [],
  "98": [],
  "99": [],
  "100": [
    [0.260752391544957, -0.15377538601743732],
    [-0.26088406594514474, -0.15385482721335578]
  ]
}
