{
  "1": [
    [-0.900598019084579, 0.9437397534284763]
  ],
  "2": [
    [-0.9403194191177986, -0.9960504972928349]
  ],
  "3": [
    [-0.197126934796632, -0.7681465444947397],
    [0.19712149689687838, -0.7681550199582003]
  ],
  "4": [
    [0.34083113992912206, -0.4120696238634582],
    [-0.33980899433584555, 0.4124824719529546]
  ],
  "5": [],
  "6": [],
  "7": [],
  "8": [
    [-0.8445975904522076, 0.8550898653878021]
  ],
  "9": [],
  "10": [],
  "11": [],
  "12": [],
  "13": [
    [-0.4938739428552386, 0.8210146851051662]
  ],
  "14": [],
  "15": [],
  "16": [],
  "17": [
    [0.9870079974264797, 0.9957287144038148]
  ],
  "18": [],
  "19": [],
  "20": [],
  "21": [],
  "22": [],
  "23": [],
  "24": [
    [-0.18528308128497414, -0.25816930592872495],
    [0.18159757133880386, 0.2742090553013863]
  ],
  "25": [],
  "26": [
    [0.6863612801773733, -0.6143029218301459],
    [-0.8739233763855071, -0.8724530334151569],
    [-0.7577049327928591, -0.6195730674037533]
  ],
  "27": [
    [0.20658647696996185, 0.8591053027683836]
  ],
  "28": [],
  "29": [],
  "30": [],
  "31": [],
  "32": [
    [0.7262341358986439, 0.994199029288332]
  ],
  "33": [
    [0.6758595352978313, -0.7389280184523321]
  ],
  "34": [
    [0.7042437300249619, 0.1819788454139485]
  ],
  "35": [],
  "36": [],
  "37": [],
  "38": [],
  "39": [],
  "40": [
    [-0.9368980345580907, 0.7845498623622404],
    [0.7723376472737105, -0.7347937980543651]
  ],
  "41": [],
  "42": [],
  "43": [
    [0.866712883416822, -0.9639884442113789],
    [0.8558739320653141, 0.977732081957213]
  ],
  "44": [],
  "45": [],
  "46": [],
  "47": [],
  "48": [],
  "49": [
    [0.9527209538464276, -0.9324402982860588],
    [0.8768962043656786, 0.8075672691345563]
  ],
  "50": [
    [-0.7214588942157888, 0.9987230489243658],
    [0.8587903609238247, -0.8747340117545127]
  ],
  "51": [],
  "52": [],
  "53": [
    [0.8892897285186923, -0.8487416502872458],
    [-0.9096875026737634, -0.8387521188650647]
  ],
  "54": [
    [0.9150722280468545, -0.7945207437062562]
  ],
  "55": [],
  "56": [],
  "57": [],
  "58": [
    [-0.8778664310817477, 0.9475380279673654],
    [0.9502940564090651, 0.8946107685950329]
  ],
  "59": [],
  "60": [],
  "61": [],
  "62": [],
  "63": [],
  "64": [],
  "65": [],
  "66": [],
  "67": [],
  "68": [],
  "69": [],
  "70": [],
  "71": [
    [0.09666743125084674, -0.8636635876080384]
  ],
  "72": [],
  "73": [],
  "74": [
    [0.9355950327818003, -0.2153335612812533]
  ],
  "75": [
    [0.7717004632973337, -0.9694752187330755],
    [-0.9382163125111793, 0.9679129575405501]
  ],
  "76": [],
  "77": [],
  "78": [
    [-0.7626072795034714, -0.7161976083737647]
  ],
  "79": [],
  "80": [],
  "81": [],
  "82": [
    [0.805758601147494, -0.86309216863387]
  ],
  "83": [
    [-0.5581674729439065, 0.8652455773595487],
    [-0.7665563243972532, -0.950245126841916]
  ],
  "84": [
    [0.9974371354290076, -0.8411926361755596]
  ],
  "85": [],
  "86": [],
  "87": [],
  "88": [],
  "89": [],
  "90": [
    [0.7045090351952636, 0.9683819618154386]
  ],
  "91": [],
  "92": [
    [-0.9640624874934933, 0.6604678681642153]
  ],
  "93": [],
  "94": [],
  "95": [],
  "96": [
    [0.7117099761423182, -0.9849313574846651]
  ],
  "97": [],
  "98": [],
  "99": [],
  "100": []
}
