{
  "1": [],
  "2": [],
  "3": [
    [0.727761548361679, -0.7723220550283826],
    [-0.6847437667527028, 0.8954676675604851]
  ],
  "4": [],
  "5": [
    [-0.7509267931387241, -0.5682043648117149]
  ],
  "6": [],
  "7": [],
  "8": [],
  "9": [],
  "10": [
    [-0.7184676900523825, -0.7527497137256649]
  ],
  "11": [],
  "12": [],
  "13": [
    [-0.49188588967221103, 0.5671921783091683],
    [0.4886961802399136, 0.5667618581384192]
  ],
  "14": [
    [-0.49218849706394663, 0.35437708295865866],
    [0.4921884970639473, -0.35437708295866327]
  ],
  "15": [],
  "16": [
    [0.6517970745206757, 0.3116452589037934]
  ],
  "17": [
    [-0.005646456461871579, -0.5077873447521227],
    [-0.005646446236147089, 0.5077878045760031]
  ],
  "18": [
    [0.09280483421696076, -0.23839730929848094],
    [-0.09251784759411, 0.23845117191530624]
  ],
  "19": [],
  "20": [
    [0.5219297627693813, 0.9050487959751424]
  ],
  "21": [
    [-0.4297324382489091, -0.8510266168025625],
    [-0.8166473590606803, -0.854797456327608],
    [0.42973243824892443, 0.8510266168025991],
    [0.8166473590606889, 0.8547974563276183]
  ],
  "22": [],
  "23": [
    [-0.9945695736823092, -0.9634806683547291],
    [-0.7142152344929051, -0.6561530252275548]
  ],
  "24": [
    [-0.777581044271023, -0.5613111188149036],
    [-0.7331455005638385, 0.47628041809432703]
  ],
  "25": [
    [0.6483238226652495, 0.8200679771422044]
  ],
  "26": [],
  "27": [],
  "28": [],
  "29": [
    [0.38810729743965927, 0.9661263481377496],
    [-0.12756387294737834, 0.7279883290805944],
    [0.7324614858979455, 0.8466712389088741],
    [0.9591424545366106, -0.6714142958153868]
  ],
  "30": [],
  "31": [],
  "32": [
    [-0.3678887106588496, 0.7584557470348134]
  ],
  "33": [],
  "34": [],
  "35": [],
  "36": [],
  "37": [],
  "38": [],
  "39": [],
  "40": [],
  "41": [
    [0.7321095190674667, -0.6881936160605768],
    [-0.7201424693359313, 0.8042996664980424]
  ],
  "42": [],
  "43": [
    [-0.08848890157217153, -0.4118296958496264],
    [-0.40087552900586315, -0.7583040259792702],
    [-0.7018610827718509, 0.9218534908515641],
    [-0.0881011407533243, 0.41119664015999197]
  ],
  "44": [],
  "45": [],
  "46": [],
  "47": [
    [-0.8425997558108219, -0.01687749425464769],
    [0.9188493983250935, 0.22984536029682406],
    [0.8426027890990122, -0.016931945553216633]
  ],
  "48": [],
  "49": [
    [-0.6173085408779491, -0.2059390510357325],
    [-0.6724421919718722, 0.19720714282000618]
  ],
  "50": [],
  "51": [],
  "52": [],
  "53": [
    [-0.7466261655392894, -0.9156489950354516]
  ],
  "54": [],
  "55": [
    [-0.7708416322764782, -0.7409703483957097],
    [0.8228972993106158, -0.8571190575811141]
  ],
  "56": [
    [0.6777067176661334, -0.3781162245222014]
  ],
  "57": [
    [-0.7120314965902422, 0.32843534071572683],
    [-0.0839601237766235, -0.9368974467951844]
  ],
  "58": [
    [0.017694070426109824, -0.7965849186343075],
    [-0.7691910775848413, 0.016142994832676404]
  ],
  "59": [
    [-0.7088154185635758, -0.6455284669349634],
    [0.9661846704635996, -0.7350990034591959]
  ],
  "60": [],
  "61": [
    [0.37390819635127964, -0.6271729260924507],
    [-0.3743423585748176, -0.6271777200617288]
  ],
  "62": [
    [-0.4843111478749865, 0.9332239761543333],
    [-0.9895620377373924, -0.9390316529105289]
  ],
  "63": [
    [0.931715239516026, -0.956511677052664],
    [0.3546296596786475, -0.8852547424686797],
    [-0.34829405436651245, 0.7874888209895194]
  ],
  "64": [],
  "65": [
    [-0.10258881471386258, -0.5618315552953317],
    [0.1026018972647392, -0.5618251143460053]
  ],
  "66": [],
  "67": [],
  "68": [
    [-0.6563617504102298, 0.8384221198347632]
  ],
  "69": [
    [0.696492864975375, -0.5298609447969301],
    [-0.6914124647854281, -0.5126301389960878]
  ],
  "70": [],
  "71": [],
  "72": [],
  "73": [],
  "74": [
    [0.6248794074929475, 0.5456061182982288]
  ],
  "75": [
    [-0.6104692729869642, 0.9359663799176642]
  ],
  "76": [
    [-0.34026941670522676, -0.18193131911744134]
  ],
  "77": [
    [0.516715313244877, 0.7312532572111649]
  ],
  "78": [],
  "79": [
    [0.5656178662034979, 0.8114433166369097]
  ],
  "80": [
    [-0.606410965325917, 0.3377098755545935]
  ],
  "81": [
    [0.3420677127390959, -0.6426884392996709],
    [0.37726082916309095, 0.6045186897545569]
  ],
  "82": [],
  "83": [
    [-0.09975566796351122, 0.0547409318287321]
  ],
  "84": [],
  "85": [],
  "86": [
    [0.930560213561587, 0.8679678854655097],
    [-0.8797175073052173, -0.34299921364476144]
  ],
  "87": [],
  "88": [
    [0.9644694981020976, -0.9174100311841611]
  ],
  "89": [
    [-0.9896492567240472, 0.8671222084898874],
    [-0.19941518531857835, 0.11251818781282208]
  ],
  "90": [],
  "91": [
    [0.7098458391899184, -0.2616367970133105]
  ],
  "92": [
    [-0.31022054339538724, 0.9728282279974201]
  ],
  "93": [
    [0.1814778391233075, -0.4802280938597082],
    [-0.18095575850386486, 0.4786293080867256]
  ],
  "94": [
    [-0.3661817862594211, -0.9763207346276327]
  ],
  "95": [],
  "96": [],
  "97": [
    [-0.2508985738866747, -0.20050576490155197],
    [0.3373457061540101, -0.2003982087034888]
  ],
  "98": [],
  "99": [],
  "100": [
    [-0.2676051835415872, -0.12459852417437016],
    [0.28956373000270175, 0.9217643871346073],
    [0.2677234303350899, -0.09673628284465616]
  ]
}
