{
  "1": [],
  "2": [
    [0.028404106510109852, -0.9443395415347167]
  ],
  "3": [],
  "4": [],
  "5": [
    [-0.9285620765894503, 0.8119210459288316]
  ],
  "6": [
    [0.7986644022101475, 0.784192331163615]
  ],
  "7": [],
  "8": [],
  "9": [],
  "10": [],
  "11": [],
  "12": [],
  "13": [],
  "14": [],
  "15": [
    [0.6868879179244666, -0.1956477730849645]
  ],
  "16": [
    [-0.9052172671948708, -0.842389310358781]
  ],
  "17": [],
  "18": [],
  "19": [
    [0.9559310540710451, -0.6126009684989786]
  ],
  "20": [],
  "21": [],
  "22": [],
  "23": [],
  "24": [],
  "25": [],
  "26": [
    [0.18049555000130912, -0.42364430420856775],
    [-0.18049555000131048, 0.42364430420856336]
  ],
  "27": [],
  "28": [],
  "29": [],
  "30": [],
  "31": [
    [-0.8342396253244408, 0.44818683040290674]
  ],
  "32": [
    [0.6949699249554053, 0.8921009311425042]
  ],
  "33": [],
  "34": [],
  "35": [],
  "36": [],
  "37": [
    [0.9962373984873563, 0.9400719765662514]
  ],
  "38": [],
  "39": [],
  "40": [
    [0.9189991674271997, 0.5683405594767607]
  ],
  "41": [],
  "42": [
    [0.7483166203139259, 0.6085267259071282]
  ],
  "43": [],
  "44": [],
  "45": [],
  "46": [
    [-0.6475556106931426, -0.7844121924782559],
    [0.7798249033153316, -0.7254143540606974]
  ],
  "47": [
    [-0.989059583683347, -0.7584336106987549],
    [0.9890595836833679, 0.7584336106987758]
  ],
  "48": [],
  "49": [
    [-0.9601544863518218, 0.8075280964190494]
  ],
  "50": [],
  "51": [],
  "52": [
    [-0.9021660984359353, -0.7969314141453362]
  ],
  "53": [],
  "54": [],
  "55": [
    [0.8893062692410234, 0.9845641214681103]
  ],
  "56": [],
  "57": [],
  "58": [],
  "59": [],
  "60": [],
  "61": [
    [-0.2827917631446147, 0.9829193698248879],
    [0.28279652196503363, -0.9828698734647582]
  ],
  "62": [],
  "63": [],
  "64": [],
  "65": [],
  "66": [],
  "67": [],
  "68": [
    [0.5450152887934765, -0.7588278663576563],
    [0.46911005446516596, -0.9544211712534314],
    [0.5496588688833572, 0.7449638990508295]
  ],
  "69": [],
  "70": [],
  "71": [],
  "72": [],
  "73": [
    [-0.5103558447082037, 0.8707365792668811],
    [-0.5103558447082273, -0.870736579266917]
  ],
  "74": [],
  "75": [],
  "76": [],
  "77": [],
  "78": [],
  "79": [],
  "80": [],
  "81": [
    [0.9467493175278482, -0.9241735620202297]
  ],
  "82": [
    [-0.9901663769700415, -0.9559867568756745]
  ],
  "83": [],
  "84": [
    [-0.04047123055822472, 0.9788818175808123]
  ],
  "85": [],
  "86": [],
  "87": [],
  "88": [],
  "89": [],
  "90": [
    [-0.5299592867660866, 0.8107621096213041]
  ],
  "91": [],
  "92": [
    [-0.5013983593913981, 0.9586834651113312]
  ],
  "93": [],
  "94": [
    [-0.8156036465029782, 0.9386176467293095]
  ],
  "95": [],
  "96": [
    [0.5284601149050466, 0.8256663957922343],
    [-0.8716242893161116, 0.6430291067407964]
  ],
  "97": [],
  "98": [
    [0.8486754516669348, -0.9385641477291556],
    [0.593602419115455, -0.9216543797195824]
  ],
  "99": [
    [-0.8723471722085424, 0.8636697589560808],
    [0.8723471722085425, -0.8636697589560803]
  ],
  "100": [
    [0.2363591338798434, 0.4345961495163554]
  ]
}
