{
  "1": [],
  "2": [
    [-0.731852571024507, -0.7877774903496957]
  ],
  "3": [],
  "4": [],
  "5": [],
  "6": [],
  "7": [],
  "8": [],
  "9": [
    [-0.9428493373977647, -0.8670510084580055]
  ],
  "10": [],
  "11": [],
  "12": [],
  "13": [],
  "14": [
    [0.3590627314246684, 0.8355028355260113],
    [-0.3590688769608329, 0.8354996576104221]
  ],
  "15": [],
  "16": [],
  "17": [],
  "18": [],
  "19": [],
  "20": [],
  "21": [
    [0.8105643502218222, -0.7829469884074852],
    [0.7922234935778281, 0.8076591603192259]
  ],
  "22": [
    [0.9400605070200095, -0.9326129308808122]
  ],
  "23": [],
  "24": [],
  "25": [],
  "26": [],
  "27": [],
  "28": [],
  "29": [],
  "30": [
    [0.6152823590162475, 0.8883791784473415],
    [0.6153859146912123, -0.8888910112144229]
  ],
  "31": [
    [0.9067631508828465, 0.6008550065965894]
  ],
  "32": [],
  "33": [],
  "34": [
    [-0.8578767846306876, 0.9933687617043188]
  ],
  "35": [],
  "36": [],
  "37": [
    [-0.7573550081365369, -0.8264828445368768]
  ],
  "38": [],
  "39": [
    [-0.8379039481045112, 0.8227734222707459],
    [0.8349231983550035, 0.8244922817440159]
  ],
  "40": [
    [0.9320975474998348, -0.9422656877782384]
  ],
  "41": [
    [-0.9133954063170672, 0.9371445134978507],
    [0.502317771555039, -0.07864830320743553],
    [-0.5023197227064105, -0.07487250120857664]
  ],
  "42": [
    [-0.951180929868945, -0.9765188556083368]
  ],
  "43": [],
  "44": [
    [-0.9058260006384339, -0.8164003882547352],
    [-0.8356052854462509, -0.9948395102293266]
  ],
  "45": [],
  "46": [],
  "47": [
    [0.9675048820600323, -0.8266697681462759],
    [0.8749341620186232, 0.860412103039981]
  ],
  "48": [],
  "49": [],
  "50": [],
  "51": [],
  "52": [],
  "53": [],
  "54": [],
  "55": [],
  "56": [],
  "57": [
    [0.662858763253621, -0.6337006960442473]
  ],
  "58": [],
  "59": [],
  "60": [],
  "61": [],
  "62": [
    [0.9842895206745046, -0.9014756886562618]
  ],
  "63": [],
  "64": [],
  "65": [
    [0.6715588718762925, -0.5202867953134127]
  ],
  "66": [],
  "67": [
    [0.9353683399042239, 0.9433512979001777]
  ],
  "68": [],
  "69": [],
  "70": [],
  "71": [],
  "72": [],
  "73": [],
  "74": [],
  "75": [
    [-0.6670400928543592, -0.9476346694435401]
  ],
  "76": [],
  "77": [
    [-0.9932011994923585, -0.8769931263793171]
  ],
  "78": [],
  "79": [],
  "80": [
    [0.8610027680927876, -0.4574086577393869],
    [-0.8772817103712299, -0.45795534418463807],
    [-0.9885536799705829, -0.9168035464167084]
  ],
  "81": [],
  "82": [],
  "83": [
    [0.7187860674347091, -0.8524928793083297]
  ],
  "84": [],
  "85": [
    [0.8927692521202742, 0.8542646587333881]
  ],
  "86": [],
  "87": [],
  "88": [],
  "89": [
    [0.5499203584959567, -0.8768718441762813]
  ],
  "90": [],
  "91": [],
  "92": [
    [-0.7460835916741967, 0.7439492920390262]
  ],
  "93": [],
  "94": [],
  "95": [
    [0.9838796004700912, -0.9535255352797737]
  ],
  "96": [],
  "97": [
    [-0.845088754796006, 0.9274703567453882]
  ],
  "98": [],
  "99": [],
  "100": [
    [0.1314144025537965, -0.9985440378389934]
  ]
}
