{
  "1": [],
  "2": [
    [-0.637859857291647, 0.856074493998299]
  ],
  "3": [],
  "4": [],
  "5": [],
  "6": [],
  "7": [
    [-0.38356870088215156, 0.14266158217686165]
  ],
  "8": [
    [-0.7448391323019343, -0.42992863330308917]
  ],
  "9": [
    [-0.9394131547217577, 0.7954765617169886]
  ],
  "10": [],
  "11": [
    [0.7262469026940784, -0.9233586580176025]
  ],
  "12": [],
  "13": [],
  "14": [
    [0.7892276591824233, 0.8915549816488135]
  ],
  "15": [],
  "16": [],
  "17": [
    [0.43585046068773786, 0.2955407464839244],
    [-0.48147362952511047, 0.34594060528011245]
  ],
  "18": [],
  "19": [],
  "20": [
    [0.9996532287270232, 0.5805138456994005]
  ],
  "21": [],
  "22": [],
  "23": [
    [-0.20053815333351097, -0.8981016165044303]
  ],
  "24": [],
  "25": [],
  "26": [],
  "27": [],
  "28": [
    [0.12028353824029644, -0.98770030846559]
  ],
  "29": [],
  "30": [
    [0.22677739906413447, -0.5254390304051507],
    [-0.22669890904866932, 0.5271115920083703]
  ],
  "31": [],
  "32": [
    [0.46343308779705294, 0.48122049901969877]
  ],
  "33": [
    [-0.9085976669424172, -0.8016938902303256]
  ],
  "34": [
    [0.8724207325444898, 0.23897542988467163]
  ],
  "35": [],
  "36": [],
  "37": [],
  "38": [],
  "39": [],
  "40": [],
  "41": [
    [-0.9225822684156791, -0.3936626878181563],
    [-0.611677693401093, 0.5771837101480635],
    [-0.4146411465183638, 0.6866922609151358]
  ],
  "42": [
    [-0.45366313268519076, 0.8642425802314812]
  ],
  "43": [],
  "44": [],
  "45": [
    [-0.3519885037467236, -0.9541117708954351],
    [0.6303416391115534, -0.9970169015654636]
  ],
  "46": [],
  "47": [],
  "48": [
    [-0.892386851174315, 0.38862368823535537]
  ],
  "49": [],
  "50": [
    [-0.24762358423464248, 0.04326225710017327]
  ],
  "51": [
    [0.27076418613920555, 0.8607038863446408]
  ],
  "52": [
    [0.4477889189403368, 0.9081276052883112]
  ],
  "53": [],
  "54": [],
  "55": [
    [-0.36967658638469236, 0.34915270998407033],
    [0.49285617814763505, 0.47401338736539433]
  ],
  "56": [],
  "57": [],
  "58": [
    [0.19543783031981204, 0.09069231992936413],
    [0.19543780665853536, -0.09069229556172019]
  ],
  "59": [
    [0.735039292270854, 0.5776394186221302]
  ],
  "60": [
    [-0.14735575514475638, 0.08285532786320954],
    [-0.147355755144385, -0.08286873066480367]
  ],
  "61": [
    [0.8724226222900899, 0.9796039351837481]
  ],
  "62": [
    [0.6509027684617891, 0.2172577825686781]
  ],
  "63": [],
  "64": [],
  "65": [],
  "66": [],
  "67": [],
  "68": [
    [-0.8144535935946603, -0.4262973887125196]
  ],
  "69": [],
  "70": [],
  "71": [],
  "72": [
    [0.07151493806742243, -0.9296262086826893],
    [0.9605819977061344, 0.8731351227680881],
    [-0.9213513646946929, 0.9400739162610396]
  ],
  "73": [
    [0.7287020185172691, 0.8859006244480631]
  ],
  "74": [
    [-0.8726193179291415, 0.5678849771683194]
  ],
  "75": [],
  "76": [
    [0.9826472475920723, 0.374015907480942]
  ],
  "77": [],
  "78": [],
  "79": [
    [-0.5502080826817476, 0.24479119973340394],
    [-0.5514132461387634, -0.2443796686912885]
  ],
  "80": [],
  "81": [],
  "82": [
    [0.5056574608592643, -0.8701260182504675]
  ],
  "83": [],
  "84": [
    [-0.3028732232658228, -0.7351062376450093],
    [0.288026923551924, 0.7419536976837648]
  ],
  "85": [],
  "86": [
    [0.8246548529634767, 0.8733447555590055]
  ],
  "87": [
    [0.6597013491896562, 0.9574559395437584]
  ],
  "88": [],
  "89": [
    [-0.42321051912850643, 0.5367117422973108]
  ],
  "90": [],
  "91": [
    [0.5268396996573218, 0.8667735336342739]
  ],
  "92": [],
  "93": [
    [-0.2232503777064003, -0.5656424859989895],
    [0.233433953393504, 0.557909449059745]
  ],
  "94": [],
  "95": [],
  "96": [],
  "97": [
    [0.6930932827389921, 0.8383286302364915],
    [0.5543388146326981, 0.3635931017098062]
  ],
  "98": [],
  "99": [],
  "100": [
    [-0.47669670298374395, 0.4922201825563638],
    [-0.20285023451381995, -0.7612936659373116]
  ]
}
