{
  "1": [
    [-0.9019498130848819, -0.7897468973776308]
  ],
  "2": [
    [-0.38105370706675457, 0.9003879076039657]
  ],
  "3": [
    [-0.3336105988007283, 0.9447268457350402],
    [0.33361059880072896, -0.9447268457350472]
  ],
  "4": [
    [-0.6680941226445654, 0.7470168876484548],
    [0.6680941226443098, -0.7470168876482127]
  ],
  "5": [],
  "6": [],
  "7": [
    [0.7357543320077489, 0.8556009668180404],
    [-0.9948730146549515, 0.569753526279957]
  ],
  "8": [],
  "9": [
    [-0.9146530922792806, -0.4631546083025569]
  ],
  "10": [],
  "11": [],
  "12": [],
  "13": [],
  "14": [
    [0.6530559737675307, -0.7821365242764337],
    [-0.6473177668879887, 0.7904808962526295],
    [-0.7279435553191481, -0.7432913276741079],
    [0.7187746502161511, 0.7546619298841414]
  ],
  "15": [],
  "16": [],
  "17": [
    [-0.5938498062625068, -0.8433981070925766],
    [0.6884940947351117, 0.8909077983113683]
  ],
  "18": [],
  "19": [],
  "20": [],
  "21": [
    [0.9209117684413904, 0.9539621968043387],
    [0.1427662843830659, 0.18563256660601285]
  ],
  "22": [],
  "23": [],
  "24": [],
  "25": [
    [-0.44968200914092127, 0.7563317872538204]
  ],
  "26": [],
  "27": [
    [0.96116930880754, 0.9293715914196441]
  ],
  "28": [],
  "29": [],
  "30": [
    [-0.9322232204690677, -0.6232462945527705]
  ],
  "31": [
    [-0.12959301158259784, 0.5161657394588485],
    [0.5586497751882842, -0.516886030480479],
    [0.8023105612850877, -0.9529802650637242]
  ],
  "32": [],
  "33": [
    [-0.9549847105509792, 0.9695749924077883]
  ],
  "34": [],
  "35": [],
  "36": [],
  "37": [],
  "38": [],
  "39": [],
  "40": [],
  "41": [
    [0.6592204951192536, 0.48261362760212967]
  ],
  "42": [
    [-0.6424853475897918, 0.31711198604540225]
  ],
  "43": [],
  "44": [],
  "45": [],
  "46": [
    [0.6002088518681425, -0.9900121258353376]
  ],
  "47": [],
  "48": [],
  "49": [],
  "50": [],
  "51": [],
  "52": [
    [-0.4357966591578325, -0.09350412997888265],
    [0.4357966597957039, 0.09350412983940344]
  ],
  "53": [
    [0.10143006922389786, -0.7600750311201685]
  ],
  "54": [],
  "55": [],
  "56": [],
  "57": [
    [0.3114910035717393, -0.5393476197428823],
    [-0.3344560955822536, -0.5377924212476164]
  ],
  "58": [],
  "59": [
    [0.29285207878154307, 0.17830524370546608],
    [-0.22669741244450403, -0.23032605480015683]
  ],
  "60": [],
  "61": [],
  "62": [],
  "63": [],
  "64": [
    [-0.5111981357311324, 0.9416283324172454]
  ],
  "65": [],
  "66": [],
  "67": [
    [0.8124022246101276, 0.8894770172278441],
    [0.41398095516066236, -0.2431981320113753]
  ],
  "68": [],
  "69": [],
  "70": [
    [0.30880387142498206, -0.6491865885002283]
  ],
  "71": [
    [0.9590430735529966, 0.7085430786482309]
  ],
  "72": [],
  "73": [
    [0.8978136461546788, -0.7783324492172407]
  ],
  "74": [
    [-0.7254359397638926, 0.24610950300538045]
  ],
  "75": [],
  "76": [],
  "77": [],
  "78": [
    [0.9348365421393674, 0.7542178372117797],
    [-0.4294997947126339, -0.7510080339840045]
  ],
  "79": [
    [0.6570770033550353, -0.36091977053045726],
    [0.3876173016028675, 0.46842240749267267]
  ],
  "80": [
    [0.47169861702946914, 0.29060977097154933]
  ],
  "81": [],
  "82": [
    [-0.7598920319500082, 0.9722648295998878],
    [0.5224272473530693, 0.9160221871252127]
  ],
  "83": [],
  "84": [],
  "85": [],
  "86": [
    [0.31665219126209027, 0.9004586184945161]
  ],
  "87": [],
  "88": [
    [0.39749768692601056, -0.05892569936157959]
  ],
  "89": [
    [-0.689959368930817, 0.13879951219560638],
    [0.806238815283788, 0.8722932836539332],
    [0.6921444867829187, 0.13881767699137637],
    [0.848300362767353, -0.901494405428758]
  ],
  "90": [],
  "91": [],
  "92": [],
  "93": [],
  "94": [
    [-0.70921623770224, 0.5895479737431457],
    [-0.7539806957832912, -0.5985742259290833]
  ],
  "95": [
    [-0.8732722520341184, -0.8052692249946612]
  ],
  "96": [],
  "97": [
    [-0.7912133832782455, -0.7624929299556178]
  ],
  "98": [],
  "99": [],
  "100": []
}
