{
  "1": [],
  "2": [],
  "3": [],
  "4": [
    [-0.8635407752843006, 0.9238469972648176]
  ],
  "5": [],
  "6": [],
  "7": [
    [0.8553112605236558, 0.8572262522367534],
    [0.7607240414122534, -0.8543748239031808]
  ],
  "8": [
    [-0.42044798771144465, -0.9104782310240283]
  ],
  "9": [
    [0.8374746619104088, -0.9569620408774949]
  ],
  "10": [],
  "11": [],
  "12": [],
  "13": [],
  "14": [],
  "15": [],
  "16": [],
  "17": [],
  "18": [
    [-0.855792864788832, -0.9126872369752047],
    [-0.9052654457827555, 0.8889879649364132]
  ],
  "19": [
    [-0.9178970679345925, 0.635117775032553],
    [-0.9170958478822051, -0.6455920682089236]
  ],
  "20": [
    [-0.9839299331116486, -0.8723937288862337]
  ],
  "21": [],
  "22": [],
  "23": [],
  "24": [
    [0.9337340499546621, -0.9087604859129257],
    [0.9014658763387603, -0.7518122731716051]
  ],
  "25": [],
  "26": [],
  "27": [],
  "28": [],
  "29": [
    [-0.33674644971268153, -0.33658135417327134]
  ],
  "30": [],
  "31": [],
  "32": [
    [-0.3189751795927029, 0.10414679669414513]
  ],
  "33": [
    [-0.9975266726783447, -0.630341742070988]
  ],
  "34": [
    [-0.9986803241854296, 0.9985952862277045]
  ],
  "35": [],
  "36": [],
  "37": [],
  "38": [],
  "39": [],
  "40": [],
  "41": [],
  "42": [],
  "43": [],
  "44": [],
  "45": [],
  "46": [],
  "47": [
    [0.7327006722396305, -0.9976845819552185]
  ],
  "48": [],
  "49": [],
  "50": [],
  "51": [],
  "52": [],
  "53": [
    [-0.5393060165104604, -0.6216391859560938]
  ],
  "54": [],
  "55": [
    [0.6918230919631929, 0.38110634126775716],
    [0.6918231629738729, -0.38109511027367104],
    [0.820148349613617, -0.936680541275417],
    [0.8027701332962152, 0.9694485216696723]
  ],
  "56": [],
  "57": [],
  "58": [],
  "59": [],
  "60": [],
  "61": [],
  "62": [],
  "63": [
    [-0.977021261034309, 0.7747183739174371],
    [0.9830176633928075, -0.7265137951204135]
  ],
  "64": [],
  "65": [
    [0.9455215157051757, -0.6212270806276411]
  ],
  "66": [],
  "67": [
    [0.7366994850498656, -0.12602188094602126]
  ],
  "68": [],
  "69": [],
  "70": [
    [-0.9573308496731633, 0.9807390939768722]
  ],
  "71": [
    [0.7256181265807444, 0.8004685561469945],
    [-0.767098459851845, -0.7434947369013859]
  ],
  "72": [],
  "73": [
    [-0.9635777626270556, -0.9345249283777529]
  ],
  "74": [
    [0.9852040043080429, -0.5227589615389562]
  ],
  "75": [],
  "76": [],
  "77": [],
  "78": [],
  "79": [],
  "80": [
    [-0.4347659879623646, -0.8525820118765565]
  ],
  "81": [],
  "82": [],
  "83": [],
  "84": [
    [-0.9506514102836158, 0.6948646359074057],
    [-0.8397331591330978, -0.7986585496469962]
  ],
  "85": [
    [0.8710860364986328, -0.9039174675123802]
  ],
  "86": [
    [0.600996254903153, -0.4492398898636636],
    [-0.6009962549031426, 0.4492398898636528],
    [-0.9796524137436893, -0.9520476167245375],
    [0.979652413743697, 0.9520476167245455]
  ],
  "87": [],
  "88": [
    [-0.7808286131808837, -0.9664688516993605]
  ],
  "89": [
    [0.5794687891819632, 0.9172411471500205]
  ],
  "90": [
    [0.9450303718523337, 0.7515367074325912],
    [-0.819500953873647, -0.8820847698529414],
    [-0.8673212963903552, 0.903513346334573],
    [-0.8441103874460985, 0.9791530029229089]
  ],
  "91": [
    [-0.6858194673036189, -0.7624683508649545],
    [0.6758245384795754, -0.7627663793080869]
  ],
  "92": [],
  "93": [],
  "94": [],
  "95": [],
  "96": [],
  "97": [
    [-0.8397719851727402, 0.6930752861592424],
    [-0.8370690798808136, -0.701291661887164]
  ],
  "98": [],
  "99": [],
  "100": [
    [-0.960301798851095, 0.9717998155295461]
  ]
}
