{
  "1": [
    [-0.9670297116204177, -0.9426548386885727]
  ],
  "2": [],
  "3": [],
  "4": [
    [0.9554783938266287, -0.8518031430993409]
  ],
  "5": [],
  "6": [],
  "7": [],
  "8": [
    [0.5818148109856115, -0.8653326887742261]
  ],
  "9": [],
  "10": [],
  "11": [
    [0.4233222605587915, 0.14535826184874312],
    [-0.4233222605587878, 0.14535826182360606],
    [0.9384021340547608, -0.973693407616566]
  ],
  "12": [
    [0.6887806223801676, 0.7781244466884724]
  ],
  "13": [],
  "14": [
    [0.9463957055289856, -0.9634422434056436]
  ],
  "15": [],
  "16": [],
  "17": [],
  "18": [],
  "19": [
    [0.9997072750924603, 0.9939630941910869],
    [-0.6857596408544252, -0.984612570991157],
    [-0.8938584994572712, -0.6571070422188487]
  ],
  "20": [],
  "21": [],
  "22": [],
  "23": [
    [0.7313962349808832, 0.9241350631746389],
    [0.7313962349808898, -0.9241350631746462]
  ],
  "24": [],
  "25": [],
  "26": [],
  "27": [],
  "28": [],
  "29": [],
  "30": [],
  "31": [],
  "32": [
    [-0.3950228247218739, 0.01640871191731702]
  ],
  "33": [],
  "34": [],
  "35": [],
  "36": [],
  "37": [],
  "38": [],
  "39": [],
  "40": [],
  "41": [],
  "42": [
    [-0.8788254627594113, 0.4646018615647719],
    [-0.7916006412338383, -0.6129002707505479]
  ],
  "43": [],
  "44": [],
  "45": [],
  "46": [],
  "47": [],
  "48": [
    [-0.8778725537771187, 0.9736241113237554]
  ],
  "49": [
    [-0.5421979864382134, 0.6309167375704698]
  ],
  "50": [],
  "51": [],
  "52": [],
  "53": [],
  "54": [],
  "55": [],
  "56": [],
  "57": [],
  "58": [],
  "59": [],
  "60": [
    [-0.3467297276453103, 0.8633353184491848]
  ],
  "61": [
    [-0.8500271451445548, -0.715195797471301],
    [-0.8640892881213493, 0.6987985904837256]
  ],
  "62": [
    [0.996733929610888, 0.9730036010139415],
    [0.9798616733952751, -0.5096154073229293]
  ],
  "63": [
    [0.5645552028594206, 0.9628304318255165]
  ],
  "64": [],
  "65": [],
  "66": [],
  "67": [
    [0.7575848731971894, 0.16831101477690527],
    [0.868915721832636, 0.96943269372288],
    [-0.757705037637535, -0.16805875554601804]
  ],
  "68": [],
  "69": [
    [0.9430218243552232, -0.9831335751472926]
  ],
  "70": [],
  "71": [],
  "72": [],
  "73": [
    [-0.9334462653407491, -0.9843407016088919]
  ],
  "74": [
    [0.5456960015011075, 0.7714873354768066]
  ],
  "75": [],
  "76": [],
  "77": [],
  "78": [],
  "79": [],
  "80": [],
  "81": [],
  "82": [],
  "83": [],
  "84": [],
  "85": [
    [0.949115465424781, -0.8242416674075336]
  ],
  "86": [
    [0.48378549660295794, -0.006547349207307746]
  ],
  "87": [
    [0.3612125908429533, 0.740520770024064],
    [-0.36120893040261265, -0.7405204404329597]
  ],
  "88": [],
  "89": [],
  "90": [
    [-0.3465262726963569, -0.8663009420630938]
  ],
  "91": [
    [-0.8356800827845846, -0.9437147837474718]
  ],
  "92": [],
  "93": [
    [-0.9119578006487717, -0.9270101076103591],
    [-0.7478675951511919, -0.7434002433705895]
  ],
  "94": [
    [-0.9847136558901209, -0.9131686824096337]
  ],
  "95": [],
  "96": [],
  "97": [],
  "98": [],
  "99": [],
  "100": []
}
