{
  "1": [
    [0.8657750172655128, 0.7936108080452763],
    [-0.385752507886785, 0.9141476663038823]
  ],
  "2": [
    [0.4228518607150499, 0.9940984802173388],
    [-0.5580389321543464, -0.10663003177477193],
    [0.5598406950996755, -0.10685780505732927],
    [0.40158566424084835, -0.9500219349887228]
  ],
  "3": [
    [0.971411602824114, -0.08678540384390361]
  ],
  "4": [
    [-0.02047002682212372, 0.8257430842570217]
  ],
  "5": [
    [0.6671976831286821, 0.9549884267195701]
  ],
  "6": [
    [0.36137810242653656, 0.06322329509884297],
    [-0.3614992804719078, 0.06320782062859104]
  ],
  "7": [],
  "8": [
    [-0.05953320954927389, -0.8650351395009752],
    [0.06070457422707207, 0.8822072035729634]
  ],
  "9": [
    [-0.8350225432102227, -0.4790307664012615],
    [0.37466780425875534, -0.633227871270658]
  ],
  "10": [],
  "11": [],
  "12": [],
  "13": [],
  "14": [],
  "15": [
    [0.21333847348320978, -0.2475598173599337],
    [0.21345019401312207, 0.24771272202029396]
  ],
  "16": [
    [0.032783213774187615, -0.890748160297746],
    [0.5888368616484116, -0.04984589298999756],
    [-0.5888719477941912, 0.049136592109910025]
  ],
  "17": [],
  "18": [],
  "19": [],
  "20": [
    [0.5195720298362595, 0.1211702324240501],
    [0.23520506592606266, 0.486239600008981],
    [-0.2847968777009805, 0.5176059723063088]
  ],
  "21": [
    [0.04663880124674074, 0.029697006052220035]
  ],
  "22": [
    [-0.8040038813783914, -0.9781819180972688],
    [-0.027397230271477696, 0.4420957651342104]
  ],
  "23": [],
  "24": [],
  "25": [],
  "26": [
    [0.9818050494660632, 0.8445318541281662]
  ],
  "27": [],
  "28": [
    [0.09689008253722893, -0.11154593489894105],
    [0.09689783730702928, 0.11174432006125093]
  ],
  "29": [
    [-0.6124462458994727, 0.7155194841803468]
  ],
  "30": [
    [-0.4365672272547333, 0.7410237031674521],
    [0.5995251822253799, 0.5199103745343853]
  ],
  "31": [
    [0.9758900790919562, 0.40741311232914995],
    [-0.7947678321458853, 0.704695373406033]
  ],
  "32": [
    [0.006367729992264917, 0.6344919492047738],
    [0.006367588575556999, -0.6539163610104531]
  ],
  "33": [],
  "34": [
    [-0.5314501993757103, -0.968049707148817],
    [-0.8582253856573477, 0.10213284830251577]
  ],
  "35": [],
  "36": [
    [-0.4503285277193209, -0.9888414662795356]
  ],
  "37": [],
  "38": [
    [0.3996816252862652, 0.876265802577832]
  ],
  "39": [
    [-0.3972612708281765, -0.6627218255285925]
  ],
  "40": [
    [-0.16647634087960464, -0.02688724284450244]
  ],
  "41": [
    [0.5914587173192389, -0.8945843791556666]
  ],
  "42": [
    [0.24675463451778135, 0.08241926445589935]
  ],
  "43": [],
  "44": [
    [-0.6168323421442956, 0.853287384923516]
  ],
  "45": [
    [0.46452959131356447, 0.1626472606130635],
    [-0.14030225824911388, 0.149429139262298]
  ],
  "46": [],
  "47": [
    [0.7096227582613607, -0.6790690715944999]
  ],
  "48": [],
  "49": [
    [0.3097346159026436, -0.04780059174374872],
    [0.3924529250161161, -0.04780655904150947]
  ],
  "50": [
    [0.9827029335745366, 0.465679668882093]
  ],
  "51": [],
  "52": [
    [-0.23940519951590378, 0.8250066676763634]
  ],
  "53": [],
  "54": [],
  "55": [
    [-0.6245944436394854, -0.008991486079291278]
  ],
  "56": [
    [-0.41012770958247335, 0.649241462155166],
    [0.6671618447188026, 0.6122472346188715]
  ],
  "57": [
    [-0.13007427256296658, 0.15204129377452974]
  ],
  "58": [
    [-0.2912531700954297, 0.553416305065229],
    [0.720646815331423, -0.2832212778945031]
  ],
  "59": [],
  "60": [],
  "61": [],
  "62": [],
  "63": [],
  "64": [
    [0.6209380465442105, -0.942639675781261]
  ],
  "65": [
    [0.13458911887411684, -0.16070956273047282],
    [0.7420889568306331, -0.08571352011652848]
  ],
  "66": [],
  "67": [
    [-0.47645880473898644, -0.6663181371487967]
  ],
  "68": [],
  "69": [
    [0.5558718079103236, -0.20060774318405541],
    [-0.5130549009958895, -0.19376221696506268]
  ],
  "70": [],
  "71": [
    [-0.5781773448448468, 0.657168436956516],
    [0.9287931496975436, -0.5512285084371276]
  ],
  "72": [
    [0.2513504049047254, -0.5188403062642533]
  ],
  "73": [],
  "74": [
    [-0.7935420370639182, -0.89159408497763],
    [-0.11658618898624776, 0.08359626917331457]
  ],
  "75": [],
  "76": [],
  "77": [],
  "78": [
    [-0.06632932537173113, -0.6168191404944079],
    [-0.0732174432335443, 0.7279666457262356]
  ],
  "79": [],
  "80": [
    [-0.08517950272192866, -0.08666346271070217]
  ],
  "81": [
    [0.8348633516544253, -0.5733924862793348],
    [-0.11565524305775485, 0.8189910229882684],
    [0.5731845820233644, -0.5118654341957312]
  ],
  "82": [
    [0.15299825048500695, -0.2674683547818199]
  ],
  "83": [
    [0.10433711459340989, 0.7656639939506029]
  ],
  "84": [],
  "85": [],
  "86": [
    [0.5452088006383076, -0.24620722479746746],
    [-0.6054001873605116, -0.2059385243943042]
  ],
  "87": [],
  "88": [],
  "89": [
    [0.9930761334942773, -0.31908292535366456]
  ],
  "90": [],
  "91": [
    [0.18208183715721885, 0.7662311259528306],
    [0.7606302374228816, 0.7227421721204971],
    [-0.7626362514181825, 0.6290236961594412],
    [-0.5669160582309282, -0.21557358227024365],
    [-0.16031022490062752, -0.7819569225395961]
  ],
  "92": [
    [-0.10377804789698149, 0.3681687740853987]
  ],
  "93": [
    [0.26669366689780266, -0.772973836215718],
    [0.27134375061212274, 0.9052789120901862],
    [0.5181818209412014, 0.8404348183042354],
    [0.7755524439966343, -0.16524263427054642],
    [0.5726118047352037, -0.6909862291167217],
    [0.48596230308715654, -0.9348941859885405]
  ],
  "94": [],
  "95": [],
  "96": [
    [0.4000896493391116, 0.9029423152418976]
  ],
  "97": [],
  "98": [
    [-0.3823822620121661, -0.12420171992600111]
  ],
  "99": [],
  "100": []
}
