{
  "1": [],
  "2": [],
  "3": [],
  "4": [],
  "5": [],
  "6": [],
  "7": [],
  "8": [],
  "9": [],
  "10": [],
  "11": [],
  "12": [],
  "13": [],
  "14": [],
  "15": [],
  "16": [],
  "17": [],
  "18": [],
  "19": [],
  "20": [],
  "21": [],
  "22": [],
  "23": [],
  "24": [],
  "25": [],
  "26": [],
  "27": [],
  "28": [],
  "29": [
    [0.9616420045014461, -0.9938488995398577, -0.563228790175705]
  ],
  "30": [],
  "31": [],
  "32": [],
  "33": [],
  "34": [],
  "35": [
    [-0.7771678432259191, 0.9209494306094609, -0.8899827278660168],
    [-0.8432358532775811, 0.8641977988834901, 0.8749201590688349]
  ],
  "36": [],
  "37": [
    [-0.9046585767412024, -0.7994932838327895, -0.7435659865485323],
    [0.7672520944061108, -0.8863718541927037, -0.8181965869520138],
    [0.82860245028384, 0.9229847057313695, 0.7637141372170745],
    [0.9101168381211446, 0.8221001521500337, 0.9905571138293554]
  ],
  "38": [],
  "39": [],
  "40": [],
  "41": [
    [-0.9337672484489498, 0.9656300231501284, -0.909533321003767]
  ],
  "42": [
    [-0.937427612407663, -0.8178749162844232, 0.9210497788715233],
    [0.6869569957128419, 0.9750591064263172, 0.9137087325606101]
  ],
  "43": [],
  "44": [],
  "45": [],
  "46": [],
  "47": [
    [-0.8585435840012497, -0.9266980091154194, -0.9442578992272327]
  ],
  "48": [
    [-0.9167748317829677, -0.6976378391113144, 0.5774603005634709],
    [-0.6492803491883539, 0.8087290508089414, -0.9043498109401396],
    [0.5777626668579209, -0.7797413427440409, -0.8917866012933408],
    [0.8456277846163434, -0.964751125791316, -0.7159023588807115],
    [0.8503217049313215, -0.8770398857849862, -0.654780365950218]
  ],
  "49": [],
  "50": [],
  "51": [],
  "52": [],
  "53": [],
  "54": [],
  "55": [],
  "56": [],
  "57": [],
  "58": [],
  "59": [],
  "60": [],
  "61": [],
  "62": [],
  "63": [
    [0.606410804297165, 0.9045640366231494, 0.9335272140251117]
  ],
  "64": [],
  "65": [
    [0.9323587118654297, 0.9657097723800888, -0.9989687656193551]
  ],
  "66": [],
  "67": [],
  "68": [],
  "69": [
    [-0.9938998250594473, -0.4406193040784471, -0.9339289295759103]
  ],
  "70": [],
  "71": [],
  "72": [],
  "73": [],
  "74": [],
  "75": [
    [-0.9476507653757456, -0.8900522392724561, 0.9427459377616041],
    [0.979916737525085, 0.9922811498299778, 0.6101739034138143]
  ],
  "76": [],
  "77": [],
  "78": [],
  "79": [],
  "80": [],
  "81": [],
  "82": [],
  "83": [],
  "84": [],
  "85": [
    [0.7955777361980871, -0.8642254437695894, -0.8347551292489708]
  ],
  "86": [],
  "87": [],
  "88": [],
  "89": [],
  "90": [
    [0.8967686754367941, 0.6136110381576012, -0.8442805747838708]
  ],
  "91": [],
  "92": [],
  "93": [],
  "94": [],
  "95": [],
  "96": [],
  "97": [
    [-0.9193463843127377, -0.8532206469470797, 0.7740707127134343],
    [0.8124309115621119, 0.9009108336181679, -0.8197588256707434]
  ],
  "98": [],
  "99": [],
  "100": []
}
