{
  "1": [],
  "2": [],
  "3": [
    [-0.7426865779456737, -0.4033822145535491, 0.8278069565183922],
    [0.9666349214225018, 0.2846063602568097, -0.8023116286650291]
  ],
  "4": [],
  "5": [],
  "6": [
    [0.914240221198664, -0.6406088351003837, 0.885001360873127]
  ],
  "7": [],
  "8": [],
  "9": [],
  "10": [],
  "11": [],
  "12": [],
  "13": [],
  "14": [],
  "15": [],
  "16": [
    [-0.8941798520114698, -0.9252690782219909, -0.9417023693187696],
    [0.5157271243171487, -0.9601872866124115, 0.9726946682373723]
  ],
  "17": [],
  "18": [],
  "19": [],
  "20": [],
  "21": [],
  "22": [],
  "23": [
    [-0.9381757499350042, 0.7402920755248152, 0.4714852900700418]
  ],
  "24": [
    [-0.8084604929255261, 0.4284335060087125, 0.3024808725141545],
    [0.7979221533956795, 0.4119498012815419, 0.32726980730812866]
  ],
  "25": [],
  "26": [
    [-0.9800394444286681, 0.5658767010650081, 0.8420000492092709],
    [0.9800394444286682, 0.565876701065008, 0.8420000492092707]
  ],
  "27": [],
  "28": [],
  "29": [],
  "30": [],
  "31": [],
  "32": [],
  "33": [],
  "34": [],
  "35": [],
  "36": [],
  "37": [
    [-0.8542377618299954, 0.8074413485877716, 0.5197620763243763]
  ],
  "38": [],
  "39": [],
  "40": [
    [-0.9699837951511872, 0.3398405864876077, -0.6417504466660092],
    [-0.6613938537528121, 0.615915443278855, -0.8443652500201602],
    [0.5071671808083399, -0.9653560140007764, -0.8451326241571598]
  ],
  "41": [],
  "42": [],
  "43": [],
  "44": [],
  "45": [],
  "46": [],
  "47": [],
  "48": [],
  "49": [],
  "50": [],
  "51": [],
  "52": [],
  "53": [],
  "54": [],
  "55": [],
  "56": [],
  "57": [
    [0.9433116705294768, -0.8834009655922918, 0.9223999185761446]
  ],
  "58": [],
  "59": [],
  "60": [],
  "61": [],
  "62": [
    [-0.9367479502564156, -0.8481489060451783, -0.9965961383248462]
  ],
  "63": [
    [0.9675658226332666, 0.911165836341937, 0.8594573940733176]
  ],
  "64": [],
  "65": [],
  "66": [],
  "67": [],
  "68": [],
  "69": [],
  "70": [],
  "71": [],
  "72": [],
  "73": [],
  "74": [],
  "75": [],
  "76": [],
  "77": [],
  "78": [],
  "79": [],
  "80": [],
  "81": [],
  "82": [],
  "83": [
    [0.5956427983788593, 0.5967933086612448, 0.8874059800270003]
  ],
  "84": [],
  "85": [],
  "86": [],
  "87": [],
  "88": [],
  "89": [],
  "90": [],
  "91": [
    [0.7711364992011054, -0.9820203118498805, -0.5954020514852039],
    [0.8156521696877338, -0.987871466468426, 0.6218304672567673],
    [0.7950936933857796, 0.9959023584094395, -0.6231568769335301],
    [0.7543980455472895, 0.9952393908509305, 0.5955354265843201]
  ],
  "92": [],
  "93": [],
  "94": [
    [-0.9214966893456991, -0.4979097589378647, 0.9198082991393587]
  ],
  "95": [],
  "96": [],
  "97": [],
  "98": [],
  "99": [],
  "100": []
}
