{
  "1": [],
  "2": [
    [0.24126720655439507, 0.021102281757268124, 0.11148134732883114]
  ],
  "3": [
    [-0.1920276089390178, -0.26550916493759835, -0.6087741138740901],
    [-0.293308664555925, 0.1488638154073365, -0.3089052475652116],
    [0.08537792800064879, -0.11572900109015932, -0.34388876404593205],
    [0.12554269745897553, 0.5143965115451248, -0.17364838769372368]
  ],
  "4": [],
  "5": [],
  "6": [
    [-0.06787020633693772, -0.028818485190646847, 0.024420416877952836]
  ],
  "7": [
    [-0.07864425402693363, 0.09619679239863443, 0.05469113365794559]
  ],
  "8": [
    [0.03362132450482279, -0.8735281146115471, 0.2795924176342168],
    [0.07802358225059157, -0.5969816286349897, 0.12045200865012738]
  ],
  "9": [
    [-0.7780885855130152, 0.02342224241237874, -0.6233297783424177]
  ],
  "10": [
    [0.1130590699508377, -0.05237762511042355, 0.8396641652940999]
  ],
  "11": [],
  "12": [
    [-0.7978133183980523, 0.7165112353126427, -0.9107774123317044],
    [0.08823202368654627, -0.8576562050365631, 0.1640870913072889],
    [0.5085096009492831, 0.8249759749681039, -0.6880808903667612]
  ],
  "13": [],
  "14": [],
  "15": [],
  "16": [
    [0.09647183345263964, -0.01020788539223104, 0.03980490542909774]
  ],
  "17": [
    [-0.1880158543056017, 0.09232751917044872, -0.0827482506668825],
    [-0.10803714179354153, 0.1042933049685886, 0.14440055527211712]
  ],
  "18": [],
  "19": [
    [0.16465149513946797, 0.3157947154178233, 0.42819418981664115]
  ],
  "20": [],
  "21": [
    [0.06687472697581891, -0.31330832873048853, 0.07091705963324989]
  ],
  "22": [
    [-0.1008476508334675, -0.03301019444064897, -0.1675010839532377],
    [-0.109560704492134, 0.022036111656053736, -0.16284472335786074]
  ],
  "23": [],
  "24": [
    [0.15733176352018063, -0.05409656099528316, 0.15390993710234402],
    [-0.3487016758945383, -0.7215994744313535, -0.694364020886436]
  ],
  "25": [
    [-0.4868447072220118, -0.09158644673593173, 0.21994729521778722],
    [-0.11103669040363741, -0.25990888939998047, 0.24279184484311175]
  ],
  "26": [
    [0.18909781955554358, -0.3852781720265298, 0.15825899652347428]
  ],
  "27": [
    [-0.32615460992595463, 0.8709107078140793, -0.7999730788767214],
    [0.3460903258377521, 0.393689023794235, 0.5139957479561704]
  ],
  "28": [
    [-0.1489508574123063, -0.1005021242336883, -0.6742596748980048]
  ],
  "29": [],
  "30": [
    [0.11744085778338093, 0.20118220226664849, 0.09750269000577037],
    [0.11963412282733091, 0.3130487484991821, 0.14474322585562607]
  ],
  "31": [],
  "32": [
    [-0.032146105286978394, -0.219591409840521, 0.09312563637737344]
  ],
  "33": [],
  "34": [
    [-0.6276170213654888, -0.4861054219875891, 0.742625078012666],
    [0.6082654738627606, -0.49672314011359675, 0.764182587516586]
  ],
  "35": [],
  "36": [],
  "37": [],
  "38": [
    [-0.08404890868068332, -0.05375666249838168, -0.07276878806888631]
  ],
  "39": [
    [-0.6412892843402023, -0.5824028322619821, 0.5308966888366028],
    [-0.06124104932863442, 0.05081554838323183, 0.13239669283938377]
  ],
  "40": [
    [-0.1089787324585061, -0.0005393411156166378, 0.0829320765494547],
    [0.08987184257314568, -0.0004994021936866586, 0.08547126346093963]
  ],
  "41": [
    [-0.5527208772114789, -0.3119506401558631, -0.034980099583699006],
    [-0.03449099267613418, 0.3018713755777512, 0.04362511914497266],
    [0.8989323698603074, -0.13771162598161185, -0.2677716554702771],
    [0.461183314990474, -0.29009999552023474, -0.054120450132591265],
    [0.22668598453011646, 0.30694334937058326, 0.03923745618029202]
  ],
  "42": [
    [0.013123429612422605, 0.14984000240771714, -0.32378913302193085],
    [0.41681896781726097, -0.09753947312023031, -0.5956031510475522]
  ],
  "43": [
    [-0.05333240466435696, -0.007056163448659467, 0.1360549207180312]
  ],
  "44": [
    [0.05008741570347857, -0.07598216973435351, -0.05501600191642093],
    [0.16734309628152264, -0.08278873935088908, 0.11947985297245546]
  ],
  "45": [
    [0.024376911512638242, 0.10274686200298175, -0.48717500656042945]
  ],
  "46": [],
  "47": [],
  "48": [],
  "49": [
    [-0.5705528136405393, 0.9100862764446275, -0.8719547308662142]
  ],
  "50": [
    [0.48375012689287383, 0.020504799954955553, -0.54228100399804]
  ],
  "51": [
    [0.052533533461215115, 0.18496141762618634, 0.24962511171325077],
    [0.052533533461215115, 0.18496141762618634, 0.3767505712847327]
  ],
  "52": [
    [-0.311777557914027, 0.4438425707628208, -0.15464820071489302]
  ],
  "53": [],
  "54": [
    [-0.5226930373751331, -0.24151267932206189, -0.41281685613280733],
    [-0.2702093803146805, -0.08657703390384099, 0.23512252501445932],
    [0.09288830043624406, -0.2415126793220619, -0.41281685613280733],
    [0.11613374591551194, -0.08657703390384097, 0.23512252501445932]
  ],
  "55": [
    [-0.04806719018460525, -0.16350181420327742, 0.031360699436098045],
    [0.06905159605474483, 0.06306204647574132, 0.05390151766302674]
  ],
  "56": [],
  "57": [
    [-0.028949760651349125, -0.08368732225244913, 0.36301530643315794]
  ],
  "58": [],
  "59": [],
  "60": [],
  "61": [
    [-0.4757764488278156, 0.2489875254981893, -0.14913041475456862],
    [0.5834740926649524, 0.015834793053825923, -0.21581143962477684]
  ],
  "62": [],
  "63": [
    [-0.012639254983701213, 0.002065790319157734, -0.010117025496027162]
  ],
  "64": [
    [0.1482840246128678, 0.9692375619442112, -0.3015909167808821]
  ],
  "65": [
    [-0.6876836793721154, -0.647185552862358, 0.031265819385092104],
    [0.010155463175358705, -0.5113734810921979, -0.21835792550916702]
  ],
  "66": [],
  "67": [],
  "68": [
    [0.08591746513322017, 0.08740569908050327, -0.022272710921884254]
  ],
  "69": [
    [0.6635384245331657, -0.10248714514697008, -0.10946927811883207]
  ],
  "70": [
    [-0.2574617233079146, -0.3610301456840103, 0.2775819206396541],
    [0.21675048329168206, -0.18404213123684338, -0.41221623259833123]
  ],
  "71": [
    [-0.03040739481267747, 0.014382140844196834, -0.6791186624895779],
    [0.183644085640997, 0.08502296903366248, -0.7164277471014993],
    [0.47018406393153134, 0.018390895993476975, 0.018828958563368078]
  ],
  "72": [
    [-0.19808889672711164, -0.22081843984045085, -0.0664280032230971]
  ],
  "73": [],
  "74": [
    [0.17667015656627855, 0.36228820853492183, -0.9478894415246641]
  ],
  "75": [
    [-0.460767658672558, 0.13095418383783416, -0.07036623560958334],
    [0.506823169313711, -0.06677749329676008, -0.035546153226723665]
  ],
  "76": [
    [0.011589138194846369, -0.05742118116206244, -0.3170339167424899],
    [0.006251019586859478, -0.057331770093090005, 0.310513057542455]
  ],
  "77": [
    [-0.04112499308376715, -0.022039306418595826, -0.20640168051279903]
  ],
  "78": [],
  "79": [
    [-0.3648360611803289, -0.04595766165644525, -0.5660239585368952],
    [0.17166644827242838, -0.04060007701405146, 0.0027253258685609057]
  ],
  "80": [
    [-0.0304894786144007, 0.20084959276801564, 0.6595190298397394],
    [0.4527148433888137, 0.04768164417792513, 0.08303170037474188]
  ],
  "81": [],
  "82": [
    [0.6759344592098121, 0.6863946115502191, -0.7428829589636597]
  ],
  "83": [
    [-0.2186018651776403, -0.2857213395532616, -0.1115762155197328],
    [0.19024644544924102, 0.20843763722659814, -0.09236949487515962]
  ],
  "84": [
    [0.7455703954156595, 0.11638793378875328, -0.16752796067885758]
  ],
  "85": [],
  "86": [
    [-0.06730247307432359, 0.5700199908163769, -0.09963381042302845]
  ],
  "87": [],
  "88": [
    [-0.020734645632448343, 0.08986549258954121, -0.5679558139486726],
    [-0.020385709951933454, 0.032284180099364554, -0.036000958442858264]
  ],
  "89": [],
  "90": [],
  "91": [
    [-0.16224648401344507, 0.11118339228583614, -0.3086668104246469]
  ],
  "92": [],
  "93": [
    [-0.32741922499634163, 0.19388891454678675, 0.28600592591715396],
    [0.30712751125355753, -0.18538715955474305, -0.3812418604494361]
  ],
  "94": [],
  "95": [],