{
  "1": [
    [-0.31314871353001633, 0.33188823141439366, -0.31411895602247514],
    [-0.5551222487794725, 0.6757078371293924, 0.7979316675869061],
    [-0.32188365618218945, 0.3858211551768173, 0.3878832729475567],
    [-0.3705760524370013, 0.5587526722719427, 0.5899195109195421],
    [0.3239535364760144, 0.24430179613570532, -0.5524028546516376],
    [0.5431337396580441, 0.8361930104769526, 0.6994154874226176]
  ],
  "2": [],
  "3": [],
  "4": [],
  "5": [],
  "6": [],
  "7": [
    [-0.2530396419755193, 0.3673577454637436, 0.6398508547380528],
    [-0.28988151721344585, 0.998917628686416, 0.4668642524199972]
  ],
  "8": [],
  "9": [
    [0.9313335964089362, 0.25704490055397067, 0.46161665215937464]
  ],
  "10": [],
  "11": [
    [-0.38505035458721787, -0.505810448186465, 0.6226052473974135],
    [-0.25248270775881965, -0.027834165832926444, 0.6909455329125713],
    [-0.23543326731600392, 0.22450160996481475, 0.7067663633702647]
  ],
  "12": [],
  "13": [],
  "14": [
    [-0.8265478075940548, 0.08605521114909213, 0.012595936849407277],
    [-0.7652125573852943, 0.08556076257447484, -0.01414041521027916],
    [-0.2847221573468485, 0.08384732410415473, -0.23733498474594533],
    [0.28326648247736996, 0.0836697398928541, 0.23865047780869852]
  ],
  "15": [
    [-0.24073119580302077, -0.5754681048111299, -0.17221962393198936],
    [-0.2699112099950444, 0.5498933102791231, 0.16752226894861813],
    [0.5984986881632233, -0.8428033936376349, -0.4576814295592857]
  ],
  "16": [],
  "17": [],
  "18": [],
  "19": [],
  "20": [],
  "21": [
    [-0.14371036438667834, -0.10252506306740586, 0.49668104994422513]
  ],
  "22": [
    [0.9200643017648117, -0.09999500170961186, 0.33983153741158434],
    [0.9459101805571343, -0.9142436262409606, 0.08621250152858431]
  ],
  "23": [],
  "24": [],
  "25": [
    [-0.9441808645785275, -0.5517380732483764, -0.7199782157392094]
  ],
  "26": [],
  "27": [],
  "28": [],
  "29": [
    [0.4685489301996318, -0.09676442291557831, 0.0858153692656735]
  ],
  "30": [
    [0.8100155560899182, -0.7298635900696994, -0.1674962350155485],
    [0.7459840589872154, 0.30000403042009627, 0.3207744229508526]
  ],
  "31": [],
  "32": [],
  "33": [],
  "34": [
    [-0.026227641196530965, 0.9029281091530386, -0.2926539229058806]
  ],
  "35": [],
  "36": [],
  "37": [
    [0.6589169872871976, -0.6013713962827559, -0.5202239724712573],
    [0.707003832628135, -0.5690320933165641, 0.45240851836460594]
  ],
  "38": [
    [0.15629863777117836, -0.9971874195061952, 0.09179198196736056]
  ],
  "39": [],
  "40": [
    [0.048034204334291494, 0.5285157565498426, -0.8518849906709174],
    [0.06495969350506804, 0.4246190154218081, 0.7949829446413779]
  ],
  "41": [],
  "42": [],
  "43": [
    [-0.5119737731922228, 0.5089176880146717, -0.5364140397763015],
    [-0.7002269297164085, 0.2868107285244189, -0.3661967940322624],
    [0.5554357903279574, -0.732639446729712, -0.7672430654925321],
    [0.7713556146344339, 0.44929286296845644, -0.3996183845927794]
  ],
  "44": [],
  "45": [],
  "46": [],
  "47": [
    [-0.2088519839828629, -0.6189908880805829, 0.6964454278824906],
    [-0.16809104437987152, 0.6096292645336276, -0.6325223989265484]
  ],
  "48": [],
  "49": [],
  "50": [],
  "51": [
    [-0.20735917035120127, 0.43703051248691205, -0.7381850603286735],
    [0.7964939287029608, -0.49604674872915155, 0.9232463863059125]
  ],
  "52": [],
  "53": [
    [-0.8140030437187455, -0.4098223727696744, 0.13895231849125977],
    [-0.17439328064227314, -0.36018809554950354, 0.5579483464904574],
    [0.11142239214889041, 0.8776771130455122, -0.3853531259223818]
  ],
  "54": [
    [0.9449810925074307, -0.23862328883320927, 0.022281091832398594]
  ],
  "55": [
    [-0.15463693394211925, 0.9502128198696693, 0.5594149184076415]
  ],
  "56": [],
  "57": [],
  "58": [],
  "59": [],
  "60": [
    [0.622362942872559, 0.8277589724798591, -0.5871805356865697]
  ],
  "61": [],
  "62": [
    [-0.03753537318858413, 0.5647919754643362, 0.21598134515355324]
  ],
  "63": [],
  "64": [
    [-0.923336701777955, -0.9646950125350352, -0.7050364587417888]
  ],
  "65": [
    [-0.22374251825070346, -0.3133576700913747, 0.5506498524807955],
    [-0.20900504320949762, 0.12814021497546793, -0.47937955736313254]
  ],
  "66": [],
  "67": [
    [-0.3070411707308925, -0.7047940406293284, 0.9544527770579816],
    [-0.32531675608117855, -0.7744750628569296, -0.19760646947699803]
  ],
  "68": [],
  "69": [],
  "70": [
    [-0.7560098746583558, 0.6917552395632635, 0.3382294885633887]
  ],
  "71": [],
  "72": [],
  "73": [],
  "74": [
    [0.848905387674574, -0.27113900700798416, 0.8314713067532268]
  ],
  "75": [
    [-0.6829982578214643, -0.16006901240939464, -0.8394341747959942]
  ],
  "76": [
    [-0.3383441144797477, -0.22996775411064313, -0.08192850505853326],
    [-0.33834411447974766, 0.2299677541106425, -0.08192850505853298],
    [0.44989085429269055, -0.4498894789368008, -0.2803651101657321],
    [0.44989085429269055, 0.44988947893680076, -0.2803651101657322]
  ],
  "77": [
    [0.5246782661424093, 0.5068040700507873, 0.15688399055385213]
  ],
  "78": [],
  "79": [],
  "80": [
    [0.7168471014414977, 0.5320807541931555, -0.5658664935204303]
  ],
  "81": [],
  "82": [
    [-0.433381435797999, 0.9400574409675713, -0.8793232399761935]
  ],
  "83": [
    [-0.805878075324311, 0.560254996276975, -0.4043671817628503]
  ],
  "84": [],
  "85": [],
  "86": [
    [-0.12999345610992716, -0.11906039332498448, -0.16545347626579682],
    [-0.1309606970020883, 0.11980198158958964, -0.1647630611631227]
  ],
  "87": [],
  "88": [],
  "89": [
    [0.33791452861916804, 0.28416368930130503, -0.8930696745605664]
  ],
  "90": [],
  "91": [],
  "92": [
    [0.5592299648912818, -0.6063779146214301, -0.7523450705421381],
    [0.6371203201859219, -0.6871321262727097, -0.5244991623036812]
  ],
  "93": [],
  "94": [],
  "95": [
    [0.6006265832402681, -0.5504737904529384, -0.9040001759805529],
    [0.4038132083180319, -0.7280288465777952, 0.6433707173477674]
  ],
  "96": [
    [0.13111993836336197, -0.6881586343414614, 0.4176337391625825]
  ],
  "97": [],
  "98": [],
  "99": [],
  "100": []
}
