{
  "1": [],
  "2": [],
  "3": [],
  "4": [],
  "5": [],
  "6": [
    [-0.9742052457736746, -0.3286397862205992, -0.7649655619043286]
  ],
  "7": [
    [-0.6252226224936701, -0.7419622338312422, -0.40375445064341314],
    [-0.7907109344426061, 0.4919234994414486, -0.9207960164321006],
    [0.8544258376387717, -0.6170342028310697, -0.9444457620507642],
    [0.9242366577326389, 0.6689743141954747, -0.8047669777599756]
  ],
  "8": [],
  "9": [
    [0.4386571482847275, -0.9041938143837118, -0.12447111574824091]
  ],
  "10": [],
  "11": [
    [0.08632079888392437, 0.6410342983077626, -0.9016047972986513]
  ],
  "12": [],
  "13": [],
  "14": [],
  "15": [],
  "16": [],
  "17": [
    [-0.7881154198035665, -0.5570294302791894, -0.572075787215037]
  ],
  "18": [],
  "19": [
    [0.8474421597228571, -0.6453848387978782, 0.8735429659568146]
  ],
  "20": [],
  "21": [],
  "22": [
    [-0.9270467199312306, 0.30550858528236813, 0.676829480415638],
    [0.9509444150306835, -0.2829105023273527, -0.669166059774128]
  ],
  "23": [],
  "24": [],
  "25": [],
  "26": [
    [-0.7700377922002147, 0.5991633151729455, 0.9084890316972026],
    [0.7700377922002148, -0.5991633151729459, -0.9084890316972024]
  ],
  "27": [],
  "28": [],
  "29": [
    [-0.4035041669305761, -0.5020609993584211, 0.434012697324935]
  ],
  "30": [],
  "31": [],
  "32": [],
  "33": [],
  "34": [],
  "35": [],
  "36": [],
  "37": [],
  "38": [],
  "39": [],
  "40": [],
  "41": [],
  "42": [],
  "43": [],
  "44": [],
  "45": [],
  "46": [],
  "47": [
    [0.6543946613128815, -0.07627953149241838, 0.9476822158836176]
  ],
  "48": [
    [-0.9410777999871661, -0.48349880361571, -0.8996712296313225],
    [0.9410777999871661, 0.4834988036157095, 0.8996712296313227]
  ],
  "49": [],
  "50": [],
  "51": [],
  "52": [],
  "53": [],
  "54": [],
  "55": [],
  "56": [],
  "57": [],
  "58": [],
  "59": [
    [-0.7411188969791178, -0.7469239852666466, -0.7476823596159695]
  ],
  "60": [
    [0.5965167195553356, -0.8117755357783881, -0.06850690215352717]
  ],
  "61": [],
  "62": [
    [-0.8181043708894571, -0.8377522989053917, -0.5220200653306374]
  ],
  "63": [],
  "64": [
    [-0.4584015612089483, -0.9213147827333023, 0.6626593115875752]
  ],
  "65": [],
  "66": [],
  "67": [],
  "68": [],
  "69": [],
  "70": [],
  "71": [
    [-0.650878956157999, -0.8199201765352686, -0.5814274191918974]
  ],
  "72": [
    [-0.7308087263809702, -0.4221191262026876, 0.874631327127782],
    [0.7998642849198304, -0.42409829227569706, -0.895362758312293]
  ],
  "73": [],
  "74": [],
  "75": [],
  "76": [],
  "77": [],
  "78": [],
  "79": [],
  "80": [
    [-0.9083048463464182, -0.7023908754884923, 0.6347299374307692],
    [0.8947733444596054, -0.8710385438961401, 0.532698460732819]
  ],
  "81": [],
  "82": [
    [0.7874941517635621, -0.9740828065251355, -0.729195809738082]
  ],
  "83": [],
  "84": [],
  "85": [],
  "86": [],
  "87": [
    [0.9970559905100744, 0.8346925495650352, -0.8810758456832974]
  ],
  "88": [],
  "89": [
    [-0.0020871932884617334, -0.9112104117133689, -0.09064718216112867],
    [-0.00208719629374962, 0.911210411720769, 0.0906471821589379]
  ],
  "90": [],
  "91": [],
  "92": [
    [0.7244931350464348, -0.969106883422397, -0.7337382977882744]
  ],
  "93": [],
  "94": [],
  "95": [],
  "96": [
    [-0.6557595710470157, -0.9738749710987545, -0.788952788392057]
  ],
  "97": [
    [-0.6778275272822402, -0.8249712652525738, 0.7743228322721623]
  ],
  "98": [],
  "99": [],
  "100": []
}
