{
  "1": [],
  "2": [],
  "3": [],
  "4": [],
  "5": [],
  "6": [],
  "7": [],
  "8": [],
  "9": [],
  "10": [],
  "11": [],
  "12": [
    [-0.7011632919564023, -0.5645026400132086, -0.7464041186874306]
  ],
  "13": [
    [0.897274256137394, -0.5563490381964966, -0.9929414748924962]
  ],
  "14": [],
  "15": [],
  "16": [],
  "17": [],
  "18": [],
  "19": [],
  "20": [
    [0.9997884572037832, -0.988417804937611, -0.5771251998845872]
  ],
  "21": [],
  "22": [],
  "23": [],
  "24": [
    [-0.9535502415209184, 0.9972729559222986, -0.44232023198836284],
    [0.9591024059915002, 0.7126682719626243, -0.6289366475706868],
    [0.9481654211001305, 0.8967565983824438, -0.5072235977318333]
  ],
  "25": [],
  "26": [],
  "27": [],
  "28": [],
  "29": [],
  "30": [],
  "31": [],
  "32": [],
  "33": [],
  "34": [],
  "35": [
    [-0.8060896836868746, -0.8638064532558434, 0.6289464756562166]
  ],
  "36": [
    [-0.9243237021780705, 0.8453895766201772, 0.40646314736152006],
    [0.891079453173298, 0.8635005281684707, 0.40740367000197614]
  ],
  "37": [],
  "38": [],
  "39": [],
  "40": [],
  "41": [
    [-0.8457416559900637, 0.9413611089357521, 0.958178594058896]
  ],
  "42": [],
  "43": [],
  "44": [],
  "45": [],
  "46": [],
  "47": [],
  "48": [],
  "49": [],
  "50": [],
  "51": [
    [-0.6483774327350874, 0.9140849215175226, 0.9121946874514737],
    [0.6419146979610232, 0.9138480658582963, -0.8931031671068512]
  ],
  "52": [],
  "53": [],
  "54": [
    [-0.9124075036771954, 0.7121912913602332, -0.8116007049637368]
  ],
  "55": [],
  "56": [],
  "57": [],
  "58": [],
  "59": [],
  "60": [],
  "61": [],
  "62": [],
  "63": [],
  "64": [],
  "65": [],
  "66": [],
  "67": [],
  "68": [],
  "69": [],
  "70": [],
  "71": [],
  "72": [],
  "73": [],
  "74": [],
  "75": [],
  "76": [],
  "77": [],
  "78": [],
  "79": [],
  "80": [],
  "81": [],
  "82": [],
  "83": [],
  "84": [],
  "85": [],
  "86": [],
  "87": [],
  "88": [],
  "89": [],
  "90": [],
  "91": [],
  "92": [
    [0.7594907086813089, 0.9100363037212097, -0.9580747066928791],
    [0.8180060726621513, 0.8902273007184439, -0.9011927531197995]
  ],
  "93": [],
  "94": [],
  "95": [],
  "96": [],
  "97": [
    [-0.6598512417421679, 0.7205225679340641, 0.8028354146931259]
  ],
  "98": [],
  "99": [],
  "100": []
}
