{
  "1": [],
  "2": [],
  "3": [],
  "4": [],
  "5": [],
  "6": [],
  "7": [],
  "8": [
    [-0.9407212128775423, -0.9142493542732802, -0.4141078004712992]
  ],
  "9": [],
  "10": [],
  "11": [],
  "12": [],
  "13": [
    [-0.941315333671813, -0.862335705965315, -0.4112384009742169]
  ],
  "14": [],
  "15": [],
  "16": [],
  "17": [],
  "18": [
    [-0.55317107223322, -0.7923394886509277, 0.9461837695347507]
  ],
  "19": [],
  "20": [
    [0.9941290438636129, -0.7589097257683748, -0.8048278821797116]
  ],
  "21": [],
  "22": [],
  "23": [],
  "24": [],
  "25": [],
  "26": [],
  "27": [],
  "28": [],
  "29": [],
  "30": [],
  "31": [
    [-0.4537113879571529, -0.9227956244980282, -0.7243514590875576]
  ],
  "32": [],
  "33": [],
  "34": [],
  "35": [],
  "36": [],
  "37": [],
  "38": [],
  "39": [],
  "40": [],
  "41": [],
  "42": [],
  "43": [],
  "44": [],
  "45": [],
  "46": [],
  "47": [],
  "48": [],
  "49": [],
  "50": [],
  "51": [],
  "52": [],
  "53": [],
  "54": [],
  "55": [
    [0.24016872059412972, 0.7134459323899699, -0.4347985661593278]
  ],
  "56": [],
  "57": [],
  "58": [],
  "59": [],
  "60": [],
  "61": [],
  "62": [],
  "63": [],
  "64": [],
  "65": [],
  "66": [
    [-0.8126412505448632, 0.9991329046069084, 0.5336067932926317]
  ],
  "67": [
    [-0.7610571119466764, -0.8237493812427029, 0.5544298235454119]
  ],
  "68": [],
  "69": [
    [-0.8597641815087302, -0.9673611213620404, 0.26922755908036317]
  ],
  "70": [],
  "71": [],
  "72": [],
  "73": [],
  "74": [],
  "75": [],
  "76": [
    [0.9862297443986959, -0.7465349030953787, 0.9569826695245909]
  ],
  "77": [],
  "78": [
    [-0.9537504714072357, 0.5819152608102022, 0.8725899907765264]
  ],
  "79": [],
  "80": [
    [0.5896760149579293, -0.07053114080291549, 0.7985157274937682]
  ],
  "81": [
    [-0.7243136961140991, 0.7276429367177802, 0.8530051424031211],
    [0.9612967013587486, 0.6096569442260545, 0.645662266056735]
  ],
  "82": [],
  "83": [],
  "84": [],
  "85": [],
  "86": [],
  "87": [],
  "88": [
    [0.9997669521931336, -0.9058789225307032, 0.9910087354752259]
  ],
  "89": [],
  "90": [],
  "91": [],
  "92": [],
  "93": [],
  "94": [],
  "95": [],
  "96": [],
  "97": [],
  "98": [],
  "99": [],
  "100": [
    [-0.5211014085158217, -0.805286280505224, -0.6411985191508008]
  ]
}
