{
  "1": [],
  "2": [],
  "3": [],
  "4": [],
  "5": [],
  "6": [],
  "7": [],
  "8": [],
  "9": [],
  "10": [
    [0.9123736186494449, 0.8372371745038245, -0.5314155106529757]
  ],
  "11": [],
  "12": [],
  "13": [],
  "14": [],
  "15": [],
  "16": [],
  "17": [],
  "18": [],
  "19": [],
  "20": [
    [-0.11366336231561855, 0.803940096613624, -0.7657635578713536]
  ],
  "21": [
    [-0.9635930204349545, 0.09154239943696242, -0.18753886811133968],
    [-0.9635589035252236, 0.09243753402846683, 0.18665096715206755]
  ],
  "22": [
    [0.5515612719843785, 0.9426007874624422, 0.9337024926229208]
  ],
  "23": [],
  "24": [],
  "25": [],
  "26": [],
  "27": [
    [-0.9217113795274142, -0.7579615407279198, -0.3009929166477874]
  ],
  "28": [
    [0.9279549417930059, 0.8018579909184381, 0.7345181546959639]
  ],
  "29": [],
  "30": [],
  "31": [],
  "32": [],
  "33": [],
  "34": [
    [-0.5814021306912827, -0.9235160778142065, -0.6796766821579592]
  ],
  "35": [],
  "36": [],
  "37": [],
  "38": [],
  "39": [],
  "40": [],
  "41": [],
  "42": [],
  "43": [],
  "44": [],
  "45": [],
  "46": [],
  "47": [],
  "48": [],
  "49": [],
  "50": [],
  "51": [],
  "52": [],
  "53": [],
  "54": [],
  "55": [],
  "56": [
    [-0.9889137237880644, 0.21424036148944545, 0.4636241754404658]
  ],
  "57": [],
  "58": [],
  "59": [],
  "60": [],
  "61": [],
  "62": [
    [0.8671624528634335, -0.9476247165833278, 0.3370592007338022],
    [0.5915245377754845, 0.49083337941419314, -0.8069142318865593]
  ],
  "63": [
    [-0.5566332338840989, -0.3032883703367758, -0.30272535421738495],
    [-0.16930072031623172, -0.820392321523752, -0.33269308490626787],
    [-0.6014068390750605, 0.28761698773897626, 0.29595492960583647],
    [0.241901754410589, 0.8543474682058333, -0.336837500011921]
  ],
  "64": [],
  "65": [
    [0.1995043803228623, -0.5186091715868693, 0.5945618273075277],
    [0.1982832758651788, 0.5618927947604191, -0.633276945115318],
    [0.20219269034511386, -0.5186535780222463, -0.13133737069671628],
    [0.20217163074853556, 0.5637048386916393, 0.12436057485535477]
  ],
  "66": [],
  "67": [
    [0.8270313653390671, -0.7249057439951968, -0.554880537155972]
  ],
  "68": [],
  "69": [
    [-0.3353417599639135, -0.46431228715318645, 0.9874991537954396]
  ],
  "70": [],
  "71": [],
  "72": [
    [-0.6575090881435851, 0.1024181899559489, 0.14852622991137485]
  ],
  "73": [],
  "74": [
    [-0.6845178668800738, -0.5115970206659107, -0.536782992505393],
    [-0.7393976677092206, 0.4813912656408798, -0.6772877508163963]
  ],
  "75": [],
  "76": [],
  "77": [
    [0.98229199357688, 0.7505401859690788, 0.736452867810564]
  ],
  "78": [],
  "79": [],
  "80": [],
  "81": [],
  "82": [],
  "83": [],
  "84": [],
  "85": [
    [0.68000880472255, 0.14593093404681692, -0.5264706994566777]
  ],
  "86": [],
  "87": [
    [-0.714929684130224, 0.112974688664211, 0.041491103564488915]
  ],
  "88": [],
  "89": [],
  "90": [
    [-0.2780084536325876, -0.5002920848168859, -0.7025645733454993],
    [-0.2772718351558871, 0.5365562626508079, -0.5620940138036885]
  ],
  "91": [],
  "92": [],
  "93": [],
  "94": [
    [0.8269665479610371, -0.9709485849883169, 0.2091580431448848]
  ],
  "95": [],
  "96": [],
  "97": [],
  "98": [
    [0.8813430918593617, 0.3415305136652292, -0.0031456224437968615]
  ],
  "99": [],
  "100": [
    [0.523458300936531, 0.33683995671548267, 0.9454303442624826]
  ]
}
