{
  "1": [],
  "2": [
    [-0.8526085845504431, -0.06579583082283628, 0.5867565213947525],
    [0.8905438728123357, -0.07089071547862502, 0.16969362662459092]
  ],
  "3": [
    [-0.6970904100902511, 0.34760776542194405, -0.12837160522635072],
    [0.6667613660750206, 0.33805398889975063, 0.06664364633865552]
  ],
  "4": [
    [-0.9224393070572842, -0.05518928762233802, 0.16958478022432533]
  ],
  "5": [
    [-0.22419948587368127, 0.04347671563804246, -0.24798418087406138],
    [-0.23322189488950226, 0.003953607368893295, 0.06228190681146872]
  ],
  "6": [],
  "7": [
    [-0.7893597543679195, 0.010180726246934649, 0.03301762224601603]
  ],
  "8": [
    [-0.12612244304025264, 0.6247356478975085, -0.23370856051450295]
  ],
  "9": [
    [-0.2984857601879236, 0.3169161684081967, -0.32795715452442165]
  ],
  "10": [],
  "11": [],
  "12": [
    [-0.9577761099841616, -0.3188963557410724, 0.21918142633843546]
  ],
  "13": [],
  "14": [],
  "15": [
    [-0.9732918875163356, -0.6330504829901519, -0.9572358693174873],
    [0.12466341344017298, -0.5315630442373919, -0.010614493810641841],
    [0.5266785334735086, 0.27686535836175896, -0.012411097974972793]
  ],
  "16": [
    [0.1759724965216725, -0.12087647940421832, -0.7200558802890135]
  ],
  "17": [
    [0.5579301744208196, -0.42642309538093087, -0.36856502951923986]
  ],
  "18": [],
  "19": [],
  "20": [
    [-0.0958817974695529, -0.09860058631598609, -0.3357508924053],
    [-0.06693972066516525, 0.46561212155723236, 0.7181626519685992]
  ],
  "21": [
    [-0.6689602928089351, -0.13412419089205746, -0.1650842137948947],
    [0.04411430765871227, 0.2517850398228006, -0.8938948809424344]
  ],
  "22": [
    [0.06717853280303726, -0.02201979839049367, 0.25635146898672634]
  ],
  "23": [],
  "24": [
    [0.008259377036478594, -0.019554726554150054, -0.17243349435089222]
  ],
  "25": [],
  "26": [
    [-0.7422123885433493, 0.4743450289862699, 0.09900543638141507]
  ],
  "27": [
    [-0.0734708245865299, -0.7831341875177152, 0.771280046247156]
  ],
  "28": [],
  "29": [],
  "30": [],
  "31": [],
  "32": [
    [-0.23155193689986614, -0.0597610969314077, -0.2651032382461159],
    [-0.2633676627152306, -0.0310728592006794, 0.1321530586564273]
  ],
  "33": [
    [-0.40402532259944735, -0.4568231778456789, 0.3573045976036847]
  ],
  "34": [
    [-0.32860697549579976, 0.8088903720952809, 0.4413111138555905]
  ],
  "35": [],
  "36": [
    [-0.6161569436914508, -0.7548755590272229, 0.21139781547676859],
    [-0.9839200452747185, 0.5407280882460165, -0.18031481119314877],
    [0.4426634625565636, 0.6454007329475668, 0.13338173571506923]
  ],
  "37": [],
  "38": [
    [-0.5963191942598343, -0.01760915084823495, 0.20842862239266774]
  ],
  "39": [],
  "40": [],
  "41": [],
  "42": [
    [-0.4819346550646411, 0.6121463718547536, 0.09712109639283328]
  ],
  "43": [],
  "44": [
    [0.10292467587100557, -0.22873833878583727, 0.004371193227767584]
  ],
  "45": [
    [0.8789792607822282, 0.089817616868955, -0.11938187694687896],
    [0.7011253419426074, -0.07176808193649192, 0.143794140067162]
  ],
  "46": [
    [-0.06865774526137534, 0.6286031904011492, -0.0004578659446627689]
  ],
  "47": [
    [-0.16305648236012768, -0.34614171066770527, -0.8150933720130602],
    [-0.0017416794188064742, 0.48805730862640884, -0.026397295469176598]
  ],
  "48": [
    [-0.06672559837957284, -0.09280077204500516, -0.494294627384854]
  ],
  "49": [
    [-0.11549903440301858, -0.04614910940492401, 0.7428264231114392],
    [-0.27007376083679635, 0.4375105335169175, -0.6881489923104469],
    [-0.16296023842303575, 0.20390766108702515, -0.6425462286261067]
  ],
  "50": [],
  "51": [],
  "52": [
    [-0.1484424701121116, -0.02850843891979346, 0.2050352094745554]
  ],
  "53": [
    [0.5138391477122427, -0.2779940622963182, 0.7618781346425939],
    [0.6190584398547861, -0.2653534832064827, 0.3980830232355649],
    [0.5516114490443934, 0.3326367596150859, 0.2642107898237376]
  ],
  "54": [],
  "55": [
    [0.08370326687618383, -0.6543338613064331, -0.22234539333001818]
  ],
  "56": [],
  "57": [],
  "58": [],
  "59": [
    [0.34176287113381154, -0.10103732753134972, 0.04918323975361592]
  ],
  "60": [],
  "61": [
    [-0.4269730818971692, 0.08168599762851095, -0.08884486476159044],
    [0.4284390943741119, 0.09174805515284509, 0.08775042337992027]
  ],
  "62": [],
  "63": [
    [-0.6897306133754033, -0.605285709142437, -0.5730109999075518]
  ],
  "64": [],
  "65": [
    [-0.575371827516213, -0.22054361404030282, -0.8848930610705079],
    [-0.375778347302523, 0.07976862186067372, 0.3397342153854815]
  ],
  "66": [],
  "67": [],
  "68": [
    [0.6060040406746797, -0.35417045826560956, -0.010458714607146527],
    [0.5927654797080335, 0.3540933721899738, -0.01039257568359839]
  ],
  "69": [],
  "70": [],
  "71": [],
  "72": [],
  "73": [
    [-0.20582322100513822, 0.0697585168461491, -0.2504743007348157]
  ],
  "74": [
    [-0.10918065221749305, -0.9224577687993979, -0.24140036040721227],
    [-0.13578110579964886, -0.47354268396339433, -0.10009873006808492],
    [-0.16468716318749246, 0.5671413538329164, -0.13018734394624606],
    [-0.22337096634791426, 0.6238410006999916, -0.22506629238602666]
  ],
  "75": [
    [-0.8172589371665471, 0.7594663425042759, -0.4409299979436017]
  ],
  "76": [],
  "77": [],
  "78": [
    [-0.008625357956603276, 0.1352368508777843, 0.8573677222019236],
    [0.39352779139010446, 0.15605658954809293, 0.7146335325694471]
  ],
  "79": [
    [-0.3692691005423068, -0.7661485092641214, 0.7576468307550165],
    [0.49206262532458955, 0.5576670052769506, 0.577935672955722]
  ],
  "80": [
    [-0.031418549850863564, 0.011620555638457793, -0.21784403887939852]
  ],
  "81": [
    [0.177716417013996, 0.07666403412116364, -0.4432138598746172]
  ],
  "82": [
    [0.48352721391020964, -0.018323955374260965, -0.7926281574444947]
  ],
  "83": [],
  "84": [
    [-0.18506534461131213, 0.31521998863108197, -0.4633126880503304],
    [-0.020189553116282868, 0.587794875087558, -0.35568484111100657],
    [0.057616754209869975, -0.5652415209257632, -0.33660385179262053],
    [0.1880077428491827, 0.2865687020017294, -0.32617792874969725]
  ],
  "85": [
    [-0.3036510509496049, -0.13458383943604288, 0.9884555161002825]
  ],
  "86": [],
  "87": [
    [0.31111026741003933, 0.8771004287591597, -0.47324366629335585]
  ],
  "88": [],
  "89": [],
  "90": [],
  "91": [
    [0.11999537166375718, -0.26350518787062027, -0.5447152803763036]
  ],
  "92": [
    [0.11135518628543997, -3.151201352515986e-05, 0.37790067769450997]
  ],
  "93": [],
  "94": [],
  "95": [],
  "96": [
    [-0.4548523700484552, -0.5863984561233173, 0.05543781209411064]
  ],
  "97": [],
  "98": [],
  "99": [
    [-0.12315473487375327, -0.9100966576425046, 0.44383680691589134],
    [-0.2594053265618744, -0.9784011797484946, 0.6566057283310922],
    [-0.12152700287814297, 0.9135835872579188, -0.4190224776971835]
  ],
  "100": []
}
