{
  "1": [],
  "2": [],
  "3": [],
  "4": [],
  "5": [
    [-0.3990067881988991, -0.13088016770118538, 0.026364801172965014]
  ],
  "6": [
    [-0.7237745801695046, -0.1922658922807333, -0.7389927898309325]
  ],
  "7": [
    [-0.7726229919583787, -0.11479739897366663, -0.10319703833056831],
    [-0.2667110621184998, -0.9687849289901619, -0.40035779679705996],
    [0.6929963932189318, -0.14235016575694584, -0.06518290834503597]
  ],
  "8": [],
  "9": [],
  "10": [
    [0.6920316324424173, 0.11139497797025631, -0.589256877285838]
  ],
  "11": [],
  "12": [],
  "13": [],
  "14": [
    [0.5176996714482252, -0.763763422878434, -0.22489676436804326]
  ],
  "15": [],
  "16": [],
  "17": [],
  "18": [
    [0.14607373119338055, 0.6234736057951848, -0.007554827797003849]
  ],
  "19": [],
  "20": [],
  "21": [],
  "22": [
    [0.5219462076302644, 0.16536967544336792, 0.1134618364681831]
  ],
  "23": [
    [-0.4743495888313132, 0.034949150711307705, -0.6480614707995351],
    [0.4912295636229173, 0.046982546067833815, 0.7679028003369572]
  ],
  "24": [
    [-0.48043634096404936, -0.1703580396769115, -0.09365476708725184]
  ],
  "25": [
    [0.30625639265759486, 0.8577814336076549, -0.2475397005267838],
    [-0.9382491102334218, 0.12718875057318144, 0.7615540598022811],
    [-0.34025620531772327, 0.8182203610314086, 0.23922274566604096]
  ],
  "26": [
    [-0.16297409272020244, 0.10957535581656427, 0.7217497321810766]
  ],
  "27": [],
  "28": [
    [-0.35079509591622937, 0.2886695849734976, -0.6963435537720292],
    [0.3404432447011177, 0.34871066324635536, 0.6907868409707583]
  ],
  "29": [],
  "30": [],
  "31": [
    [-0.32971827972656764, 0.5125550150821704, -0.8923865216559429]
  ],
  "32": [
    [0.43619528894334497, 0.15501169369432974, -0.8505222747561318]
  ],
  "33": [],
  "34": [
    [0.5224174187403742, -0.6447582114228866, -0.4278145874942381]
  ],
  "35": [],
  "36": [],
  "37": [
    [0.3014375496565819, -0.7484543368293529, 0.2069668583193893],
    [0.3174875941828774, 0.6901636199844081, 0.20900737730841573]
  ],
  "38": [],
  "39": [],
  "40": [
    [-0.7948177808115807, -0.28848269143646493, -0.6012862794454978]
  ],
  "41": [],
  "42": [
    [-0.3158967670048819, -0.8723750130271792, 0.49843294980845115],
    [-0.18030130128966224, 0.8142306025953734, 0.565734354325439],
    [0.5248787514500929, 0.6662729588205563, -0.34156599896541634]
  ],
  "43": [
    [-0.3712341226023298, -0.33850062898166466, -0.4813249326065528],
    [-0.740244196978092, 0.9250252922464591, -0.20012661765813947],
    [0.6352615447315255, 0.5005138263004568, 0.19475791027125092]
  ],
  "44": [
    [-0.05786954560637554, 0.22077191578244948, -0.14321292530812074],
    [-0.060908562081574205, 0.20443705649606744, 0.18094917889617562],
    [0.06192531457211687, -0.23253916104064987, -0.18388286828675837],
    [0.05790538572233881, -0.2424506828606314, 0.1415807945373495]
  ],
  "45": [
    [-0.9972857316086965, 0.5542352093725385, 0.6761116196826464]
  ],
  "46": [],
  "47": [
    [-0.3568317834469815, 0.2702893801534833, -0.6683704590999521]
  ],
  "48": [
    [-0.858460506660363, 0.9177074029577851, -0.9131148649969905]
  ],
  "49": [],
  "50": [
    [0.16157455630795992, -0.84843051208755, -0.466559772336972]
  ],
  "51": [],
  "52": [],
  "53": [
    [-0.3988533910451752, 0.21474569534128518, 0.45748096953064393]
  ],
  "54": [
    [-0.17511497743002874, -0.022590272532498228, 0.5558221671425815],
    [0.2861592308096939, -0.02165507958637384, -0.6451232818615683]
  ],
  "55": [],
  "56": [],
  "57": [],
  "58": [],
  "59": [],
  "60": [
    [0.28206909898118826, 0.6564629049253267, 0.09290452893972835]
  ],
  "61": [
    [0.06880757316193158, 0.938241903067466, 0.3752575400561978]
  ],
  "62": [
    [-0.12009772225024185, -0.10188379142405482, 0.48441988234482813]
  ],
  "63": [
    [-0.8235905467540605, 0.04037119416150275, -0.17465379577498452]
  ],
  "64": [],
  "65": [
    [-0.07330905534079947, 0.8399413631932287, 0.8544803665590576],
    [-0.3660745361477885, 0.5402324635828407, 0.7191720141874144]
  ],
  "66": [],
  "67": [],
  "68": [
    [0.8513606468910573, -0.06509150173395628, -0.028442851197536305]
  ],
  "69": [
    [-0.0717324390227345, -0.09032762214784582, -0.6496760704507822],
    [-0.0716094740083985, -0.09034066066611328, 0.6520846273948123]
  ],
  "70": [],
  "71": [
    [-0.3098623926560802, -0.3461529420769644, -0.8267084500851266]
  ],
  "72": [],
  "73": [],
  "74": [
    [-0.06635849913258034, 0.09188857803738601, 0.7885018327774992],
    [-0.06635849913258034, 0.7688847813599239, 0.7885018327774992],
    [-0.1388057694163065, 0.07996113451073283, -0.7296206058126942]
  ],
  "75": [],
  "76": [],
  "77": [
    [-0.3211356553406704, 0.01450309236333148, -0.35270087783649806],
    [0.33871249316694996, 0.03650979827800432, -0.387202324502514]
  ],
  "78": [],
  "79": [
    [-0.16560700876259282, -0.030582093590588288, -0.11841822115360556]
  ],
  "80": [],
  "81": [],
  "82": [],
  "83": [
    [0.9844516655697751, -0.21684320714009825, -0.6802704594425646]
  ],
  "84": [],
  "85": [
    [-0.09139190049297632, -0.4774048073074284, 0.44793481092414195],
    [0.3661560327000799, -0.24771828984863617, 0.1948297105646131],
    [0.375506944617292, 0.5394894455975958, -0.8371562364360171]
  ],
  "86": [
    [0.3780797878655921, -0.79029032224483, -0.19649874379222523]
  ],
  "87": [],
  "88": [],
  "89": [
    [0.32931085755363954, 0.8971033023009993, -0.26553882185756345]
  ],
  "90": [],
  "91": [
    [-0.08244748693291551, -0.49426520500628746, -0.161861593452009]
  ],
  "92": [],
  "93": [
    [0.04919681927993965, -0.1846332501361217, -0.05014559356343776],
    [0.049224890743882026, 0.24107658683547, -0.04571500936830988],
    [0.04925525574360714, 0.9237497254685823, -0.04093631171240402]
  ],
  "94": [],
  "95": [],
  "96": [],
  "97": [
    [0.6120228046941525, 0.4464497926618437, 0.3893875852597156]
  ],
  "98": [
    [-0.37822783769710616, 0.13332559767166785, -0.7831136401102315],
    [0.3830734896099381, 0.14515729638162578, 0.7538574892169736]
  ],
  "99": [
    [-0.37491835628291154, -0.4478486611818558, -0.8163539986321021],
    [-0.1706167584388857, 0.6029594893763273, -0.3120183593180495],
    [0.2682683031322145, -0.4288134233641132, 0.6225653590458036],
    [0.15193966607011586, 0.5328758021117557, 0.3476032369462142]
  ],
  "100": [
    [0.5164051479890251, -0.06463999572965765, 0.012860091142514707]
  ]
}
