{
  "1": [
    [-0.820509674559125, -0.8704745926219662, 0.8464917379670891]
  ],
  "2": [],
  "3": [],
  "4": [],
  "5": [],
  "6": [],
  "7": [],
  "8": [
    [0.7157657046172533, 0.920414659261558, -0.5847173933075515]
  ],
  "9": [],
  "10": [],
  "11": [
    [-0.6589081453149681, -0.71637859208053, -0.6018197836881201]
  ],
  "12": [],
  "13": [
    [-0.7362255182693219, -0.9214511811645593, 0.4544045597779009],
    [0.740143029921634, 0.935031009485378, 0.44184895748630515]
  ],
  "14": [],
  "15": [],
  "16": [
    [-0.7240447135009773, -0.6427229537004746, 0.7611047685586434],
    [0.8484990928794907, 0.5891677256246083, -0.6562857703995588]
  ],
  "17": [
    [-0.4825305805048069, 0.9351411658388216, 0.3272350562396464]
  ],
  "18": [],
  "19": [],
  "20": [],
  "21": [],
  "22": [
    [-0.7074045594769169, -0.639467962921576, 0.7643554947334921]
  ],
  "23": [],
  "24": [],
  "25": [
    [-0.07404228504070436, -0.04588207281148961, -0.6803330938179567]
  ],
  "26": [],
  "27": [],
  "28": [],
  "29": [
    [-0.9264659474031238, 0.533045247316773, 0.9676096702507602]
  ],
  "30": [],
  "31": [],
  "32": [],
  "33": [],
  "34": [
    [0.5760366605986386, -0.6056338603581805, 0.9729206919753074]
  ],
  "35": [],
  "36": [],
  "37": [],
  "38": [],
  "39": [],
  "40": [],
  "41": [],
  "42": [],
  "43": [],
  "44": [],
  "45": [],
  "46": [],
  "47": [],
  "48": [],
  "49": [],
  "50": [],
  "51": [],
  "52": [
    [-0.9747503985023024, -0.9749373049273586, 0.8671586900546445],
    [-0.4629202229701858, -0.7684430376069424, 0.8053023821700127]
  ],
  "53": [],
  "54": [],
  "55": [],
  "56": [],
  "57": [
    [0.5611642737656646, -0.8093883550125511, -0.84258618723327]
  ],
  "58": [],
  "59": [],
  "60": [],
  "61": [],
  "62": [
    [-0.12641189005505415, 0.28585235852320856, -0.40775226916760016],
    [-0.1264118891378856, 0.28585237262359364, 0.4077679027510205]
  ],
  "63": [],
  "64": [],
  "65": [],
  "66": [
    [0.07627238457656593, 0.9026880900049884, 0.0023123815583429653]
  ],
  "67": [
    [-0.9307613220080765, 0.9496335914804741, -0.161126176651197],
    [0.9974079725172249, 0.8267321387462554, -0.2097822089273071]
  ],
  "68": [
    [-0.8762667706712861, 0.4289633505547599, -0.6788961677564873],
    [0.804815153869217, -0.6289428141114614, -0.5837120130758144]
  ],
  "69": [],
  "70": [],
  "71": [],
  "72": [],
  "73": [],
  "74": [],
  "75": [],
  "76": [],
  "77": [
    [0.5326574222315876, -0.7984742867854614, -0.1465393917533722],
    [0.5326617796229804, 0.7984740850967477, 0.14662988617026773],
    [0.7890117822963595, 0.7722001437415517, 0.9057101107698091]
  ],
  "78": [],
  "79": [],
  "80": [],
  "81": [],
  "82": [
    [0.9761889477161956, 0.11981163781023851, -0.8909217980345238]
  ],
  "83": [
    [0.057009657722748464, 0.8351471908587819, 0.3773917980480097]
  ],
  "84": [
    [-0.6381293371643961, -0.6631949200166589, -0.3730356380228877],
    [-0.6676009398370686, 0.6310592059343962, -0.3512944128233696]
  ],
  "85": [],
  "86": [],
  "87": [],
  "88": [],
  "89": [],
  "90": [],
  "91": [],
  "92": [
    [-0.617611788150819, -0.6422102269019507, -0.6706286931542639],
    [0.5444795620867287, -0.5887428914467875, -0.8192224115908294]
  ],
  "93": [],
  "94": [],
  "95": [
    [-0.6853300077966707, 0.7676698819776222, -0.5545833353626516]
  ],
  "96": [],
  "97": [],
  "98": [],
  "99": [],
  "100": [
    [0.4531447828491266, -0.5996832354204561, -0.7071718895130985],
    [0.329535310196283, -0.6728776093092051, 0.823371871139599],
    [0.3315091163909479, 0.6328354878514216, -0.8998689475878049],
    [0.4456010502583752, 0.620341297317446, 0.7858023133975829]
  ]
}
