{
  "1": [],
  "2": [
    [0.6578945500486277, -0.906331015997317, 0.6031487069865005]
  ],
  "3": [],
  "4": [],
  "5": [],
  "6": [],
  "7": [],
  "8": [],
  "9": [
    [-0.8554172530768753, 0.9708324560834977, -0.9474597613273285],
    [0.9000901378659628, -0.9624282262286361, 0.9355126334575685]
  ],
  "10": [],
  "11": [],
  "12": [],
  "13": [],
  "14": [],
  "15": [],
  "16": [],
  "17": [],
  "18": [],
  "19": [],
  "20": [
    [0.6336499296635888, 0.9899721284827584, 0.8522904095908311]
  ],
  "21": [
    [0.9763796440809882, 0.967000615941643, -0.8403883533941865]
  ],
  "22": [],
  "23": [],
  "24": [],
  "25": [],
  "26": [],
  "27": [],
  "28": [],
  "29": [
    [0.6182249400259131, 0.9322022441032266, -0.09580643612291154]
  ],
  "30": [],
  "31": [
    [0.9349373472045363, -0.7569738909362836, -0.8637593987260266]
  ],
  "32": [],
  "33": [],
  "34": [],
  "35": [
    [-0.9119126341638928, -0.8159156790062118, 0.33436610594364274]
  ],
  "36": [],
  "37": [
    [-0.771705691526929, -0.8568792045069941, 0.9206539615562788]
  ],
  "38": [
    [-0.5605036201814487, 0.45116436985521163, 0.5267143331017065]
  ],
  "39": [],
  "40": [],
  "41": [],
  "42": [],
  "43": [],
  "44": [],
  "45": [],
  "46": [],
  "47": [],
  "48": [],
  "49": [
    [-0.7537236996652252, 0.888638660018024, -0.8800101153959524],
    [0.7466220755514678, 0.8939181420220979, -0.8831190117079342]
  ],
  "50": [],
  "51": [],
  "52": [],
  "53": [],
  "54": [],
  "55": [],
  "56": [],
  "57": [],
  "58": [],
  "59": [],
  "60": [],
  "61": [
    [0.9500355184533321, 0.463747500959602, 0.7998689363117392]
  ],
  "62": [],
  "63": [],
  "64": [],
  "65": [],
  "66": [],
  "67": [],
  "68": [],
  "69": [],
  "70": [],
  "71": [],
  "72": [],
  "73": [],
  "74": [
    [0.5742716148594439, -0.7512051769968728, -0.5008682769334641]
  ],
  "75": [],
  "76": [],
  "77": [],
  "78": [],
  "79": [],
  "80": [],
  "81": [],
  "82": [],
  "83": [],
  "84": [],
  "85": [],
  "86": [
    [0.5772752496761052, -0.8980328889706716, 0.7072326063848755],
    [0.5859669943414979, 0.8916230031984139, -0.7151407693622687]
  ],
  "87": [],
  "88": [
    [0.9398565279043478, 0.8671314090907091, -0.780066489370658]
  ],
  "89": [],
  "90": [],
  "91": [],
  "92": [],
  "93": [],
  "94": [],
  "95": [],
  "96": [],
  "97": [],
  "98": [],
  "99": [],
  "100": [
    [0.5917616481025654, -0.7321372598057878, 0.8865004946868313],
    [0.6276052027634568, 0.7524815012478173, -0.7893718450679025]
  ]
}
