{
  "1": [],
  "2": [],
  "3": [],
  "4": [
    [-0.232057082477183, -0.7001814612954387, -0.12549086647902022],
    [0.1871072636390734, -0.2792218564795089, -0.9911724371147741]
  ],
  "5": [],
  "6": [],
  "7": [],
  "8": [
    [0.7365231510944249, -0.2450531198299138, -0.9606629981040224]
  ],
  "9": [],
  "10": [
    [-0.7146132552462906, 0.6885042873872177, 0.3619455184701621]
  ],
  "11": [
    [-0.5458952615250515, -0.6155674911114732, -0.08250721884819037],
    [-0.738518510293625, 0.8691357699343621, -0.07678084105511362]
  ],
  "12": [],
  "13": [
    [-0.8841272246695049, 0.8465858762414302, 0.39122908298572456]
  ],
  "14": [],
  "15": [],
  "16": [],
  "17": [],
  "18": [],
  "19": [],
  "20": [],
  "21": [
    [-0.9228259996175664, 0.6675917547304431, -0.8719875847155745]
  ],
  "22": [],
  "23": [
    [-0.7126604512985067, -0.14248055860221032, 0.29695965235778593]
  ],
  "24": [
    [-0.45812613076753944, 0.0109908608138663, 0.9012184557909262],
    [0.45844866671789924, 0.010990860814912807, 0.9002719692313744]
  ],
  "25": [],
  "26": [
    [-0.94062890113063, -0.9009756096624318, -0.9200470504805132]
  ],
  "27": [],
  "28": [],
  "29": [],
  "30": [],
  "31": [
    [0.7479238004398553, 0.21091461509406928, -0.8635574810119288]
  ],
  "32": [
    [-0.4518234568372859, 0.03498340247419228, -0.0469384769746319],
    [0.45199901892372046, 0.03497502050223508, -0.040092245559073605]
  ],
  "33": [],
  "34": [],
  "35": [
    [-0.1274588707288731, 0.8099040803479198, -0.4218907209361094]
  ],
  "36": [
    [-0.05211129125345505, 0.5427786329574537, -0.7932462005823853]
  ],
  "37": [],
  "38": [
    [0.49004403346039654, 0.7966131767420896, -0.9835911306257688]
  ],
  "39": [],
  "40": [
    [-0.9577782327059344, 0.05072071783848404, 0.7373517125186779],
    [0.8979203963740042, -0.0537015185326475, 0.737199292090492]
  ],
  "41": [],
  "42": [],
  "43": [],
  "44": [],
  "45": [],
  "46": [],
  "47": [],
  "48": [],
  "49": [],
  "50": [],
  "51": [],
  "52": [
    [0.49219910210263895, -0.5197522217662817, -0.8631685294138853],
    [0.9976541881145706, -0.4604608737111896, -0.50183475177477]
  ],
  "53": [],
  "54": [],
  "55": [
    [0.9105114614681065, 0.9271557142215214, 0.21269031955719225]
  ],
  "56": [],
  "57": [],
  "58": [
    [-0.3906589854534079, 0.9968665838781233, 0.3042920848058363],
    [-0.38928549886731234, 0.9308783430594303, 0.4180813593038193]
  ],
  "59": [
    [-0.7784820438078104, -0.8145814947803003, 0.34070655475873085]
  ],
  "60": [
    [-0.9163668373665614, 0.6350854598336736, 0.8965028044119536]
  ],
  "61": [],
  "62": [],
  "63": [
    [-0.3842687970283818, 0.5496653086133401, -0.5188905916686316]
  ],
  "64": [
    [-0.5447537532660209, 0.9116643127751398, -0.9282411383231115],
    [0.5418355662982535, 0.9068446603351694, 0.941990014144809]
  ],
  "65": [
    [-0.6413334119662156, -0.7036176450548592, -0.777941408120215]
  ],
  "66": [
    [-0.8861738038188994, 0.3150681972269265, 0.6809478490490817]
  ],
  "67": [],
  "68": [],
  "69": [],
  "70": [],
  "71": [],
  "72": [],
  "73": [],
  "74": [
    [-0.5716940404319594, 0.9458119948463481, -0.3275221936893837],
    [0.9705279654676269, 0.39668375740770445, 0.7960605551493452]
  ],
  "75": [],
  "76": [],
  "77": [
    [0.6279731536051559, -0.7276044119693762, -0.42247061051146073]
  ],
  "78": [],
  "79": [],
  "80": [
    [0.3518868837664398, -0.7580773306611188, 0.6767238632200863]
  ],
  "81": [],
  "82": [],
  "83": [],
  "84": [],
  "85": [],
  "86": [],
  "87": [
    [0.772045664107371, -0.577109879462106, -0.5444634382649248]
  ],
  "88": [
    [-0.24664988316263323, -0.47198645469798317, 0.7304692726477703]
  ],
  "89": [],
  "90": [],
  "91": [],
  "92": [
    [-0.29895105001543476, 0.9173399520207454, -0.045958466722022716]
  ],
  "93": [],
  "94": [],
  "95": [],
  "96": [
    [0.5865085687340709, -0.9603685352267558, 0.9566194343007153]
  ],
  "97": [],
  "98": [],
  "99": [],
  "100": [
    [0.4321406794891244, -0.7636516729823057, -0.19499689978098264],
    [0.3910283943746785, -0.03814896016898127, -0.8852960676671688]
  ]
}
