{
  "1": [
    [0.2165485103244876, 0.951862834719782, -0.836325098003809, -0.3981314711296282]
  ],
  "2": [],
  "3": [],
  "4": [],
  "5": [],
  "6": [],
  "7": [],
  "8": [
    [0.7949909836970823, -0.0923227894742722, -0.7057575737959452, -0.02379192559695014]
  ],
  "9": [
    [-0.2419892321726635, -0.07638347437248358, -0.2413444619256688, 0.05923233142006916]
  ],
  "10": [
    [0.3104519224922051, -0.2302779383340015, -0.6426750071398041, 0.0005723571831455237],
    [0.3263400459959702, -0.2747762916951282, -0.6147679101254885, 0.1463447966723426],
    [0.3665988065401982, 0.4635678064847379, -0.07502875838643137, -0.3226222700144896],
    [0.4336608207934937, 0.4532327964944994, 0.3580768729435014, -0.3164402566353024],
    [0.6962850897173357, -0.3516883639834655, 0.3310288322055929, 0.2845980829144307]
  ],
  "11": [
    [-0.1966156686392878, 0.1547873867489395, -0.3186495027832026, 0.3509560177384759]
  ],
  "12": [],
  "13": [
    [-0.6470357085153128, 0.300251075625171, 0.1066540542551724, 0.5542929353077297]
  ],
  "14": [
    [-0.100120808910728, -0.7938563655660468, 0.00901351370120233, 0.3243768985604239],
    [-0.05325620034914191, -0.7433297110849201, 0.05861162911363145, -0.6525846338174667]
  ],
  "15": [],
  "16": [],
  "17": [],
  "18": [],
  "19": [],
  "20": [],
  "21": [],
  "22": [],
  "23": [],
  "24": [
    [-0.397247039070351, 0.5299110408339037, 0.1104319719740445, 0.05935086559218829]
  ],
  "25": [],
  "26": [],
  "27": [],
  "28": [
    [-0.5290483167074642, -0.6767500163345984, 0.3160175355358533, -0.04747764822267447],
    [0.6376072908646285, -0.7427916878040851, 0.2156974356854592, 0.0404425630328042]
  ],
  "29": [
    [-0.05328008802027288, 0.02365680355060849, -0.922485826370828, 0.1597885347395153]
  ],
  "30": [
    [-0.2088032559992453, -0.418056249957543, 0.6307329743277413, 0.6513790782286017]
  ],
  "31": [],
  "32": [],
  "33": [
    [-0.4809416711468775, 0.2520569599259496, 0.1031103946807676, 0.821499343637262]
  ],
  "34": [],
  "35": [
    [-0.0333892900446418, -0.4207704581463787, -0.7894853424096199, 0.2725168620957356]
  ],
  "36": [
    [0.4479452367146793, -0.3941845439286965, -0.080709545903181, -0.870153808384473]
  ],
  "37": [
    [-0.5027459354798498, 0.4291395753431054, 0.01026172564802261, -0.1661750724803867],
    [0.920782894194751, 0.03846473560225022, -0.7475690617694268, -0.1466611877100615]
  ],
  "38": [
    [0.2419295882930506, -0.3397064235649802, -0.5245634612155522, -0.1248603606352427]
  ],
  "39": [],
  "40": [],
  "41": [
    [-0.5631010099208424, 0.0966105563880086, 0.3787551306012241, -0.2923351497639848],
    [-0.1414056642118695, -0.03450111962140762, 0.4366110458224712, 0.3529099998386776]
  ],
  "42": [],
  "43": [],
  "44": [],
  "45": [],
  "46": [],
  "47": [
    [-0.3449087823376435, -0.1237118193500655, 0.4761437677691488, -0.809332709616744]
  ],
  "48": [
    [-0.6487771116167748, 0.920712335339311, -0.7589966376283329, -0.07103800832012475],
    [-0.05233934551442796, 0.1029663534224294, -0.290498008099687, -0.6287824319335011],
    [0.6043004540239201, -0.3392079576605278, 0.1822017940612503, 0.1979799699756677]
  ],
  "49": [
    [-0.2996779809474213, 0.5655036975228349, 0.1139812561156004, 0.323051898561901]
  ],
  "50": [],
  "51": [
    [0.7847259232842267, -0.4756959730700736, 0.4055509151593417, 0.3201296262156206]
  ],
  "52": [],
  "53": [
    [0.1047782815560707, 0.2266704333061149, -0.6326427340958565, -0.1343997135366169]
  ],
  "54": [],
  "55": [],
  "56": [],
  "57": [
    [-0.02449197463221349, 0.2703287377937198, -0.6931883442887353, -0.0970621214273078]
  ],
  "58": [],
  "59": [
    [-0.5126512586889072, -0.1382275452097521, 0.07108592468419968, 0.02244044948936964]
  ],
  "60": [
    [-0.767314849524876, 0.829964783968155, -0.6306447628674925, 0.7178652188336089]
  ],
  "61": [],
  "62": [
    [-0.1475027643792228, -0.3041447402431809, -0.4862124090865585, -0.00897251868862132]
  ],
  "63": [],
  "64": [],
  "65": [
    [-0.87336601620778, -0.245102033225469, -0.004639854553042314, 0.1989965322642209]
  ],
  "66": [],
  "67": [],
  "68": [],
  "69": [
    [-0.6360901596444996, 0.001565948753012128, -0.1583977505505889, 0.0714979378175014]
  ],
  "70": [
    [-0.280557758994147, 0.981812573547601, -0.7794354117162035, 0.4752859879234026],
    [0.0832684232406011, 0.2440193467014447, 0.03598076691501335, 0.0813130214641195]
  ],
  "71": [
    [0.5584160020722766, -0.5216496855117057, 0.1758332014623361, 0.1384089957700416]
  ],
  "72": [
    [-0.7930293845876707, 0.1978762373564575, 0.5731538075593299, 0.1552018493052157],
    [0.0900615010198898, -0.4935959523665217, 0.2471521615074677, -0.4669599225044052],
    [0.620081369630178, 0.5156254258971702, 0.5582881699043866, -0.3679549882841902]
  ],
  "73": [
    [-0.901004982089544, -0.4395532912954118, 0.4807841074873973, -0.2876072126499005],
    [-0.4115761812450185, 0.503596072184788, -0.5133349971615829, 0.6281137415914637]
  ],
  "74": [
    [-0.3805327667830485, 0.02485533765937639, 0.04231323918602234, 0.01618787996062004]
  ],
  "75": [],
  "76": [
    [-0.267422367237135, 0.5043478735366175, 0.1601102064835595, -0.1956298958925884]
  ],
  "77": [
    [-0.5501851877052967, 0.3361655895707627, 0.03414804967645643, 0.1719547948080034],
    [0.2153507719943277, 0.1940590689998125, 0.03628712082851406, 0.1886434675646586]
  ],
  "78": [],
  "79": [
    [0.7149477342438426, 0.0280369979851943, 0.1280842696720056, -0.5968406359873422]
  ],
  "80": [],
  "81": [
    [-0.2619078314999975, -0.2553504841820696, -0.6676335069954688, -0.340193662982744]
  ],
  "82": [],
  "83": [],
  "84": [],
  "85": [],
  "86": [],
  "87": [],
  "88": [],
  "89": [
    [-0.423125257650058, -0.6444181049654661, 0.126396457517955, -0.5739329091576527],
    [0.6950695841552111, -0.6599709235248942, -0.07143998170479816, -0.5992951838314164]
  ],
  "90": [],
  "91": [],
  "92": [],
  "93": [
    [-0.2772689410452851, -0.130664483862718, 0.0529772368629837, -0.81029138247417]
  ],
  "94": [],
  "95": [],
  "96": [
    [-0.6112086735191355, -0.5523816923974755, -0.2064427879296957, 0.3057810374573053],
    [0.6261711724696337, -0.5334953954769976, -0.4299022555389839, 0.3612661908483158]
  ],
  "97": [],
  "98": [],
  "99": [],
  "100": [
    [-0.04373216205507142, 0.4472702796098619, 0.0915175645041513, -0.082074548497278]
  ]
}
