{
  "1": [],
  "2": [
    [-0.107595028353475, -0.925239264036277, -0.0812672294596576, 0.6097344762344981],
    [-0.1074760090969483, 0.814333986440245, -0.0815872961823249, 0.6111920508027904]
  ],
  "3": [
    [0.866772875030748, 0.4370454763972039, 0.469787994581289, -0.961194729129699]
  ],
  "4": [
    [-0.4593270484702582, 0.5865999131427698, 0.4088141723002433, 0.6015665702398407],
    [-0.07393032218799168, 0.916476002081489, -0.07784141393209348, 0.3863632747331265],
    [-0.05404863465557877, 0.7979823715412379, -0.1109505492810799, 0.573476752423479]
  ],
  "5": [],
  "6": [],
  "7": [],
  "8": [
    [0.094889008046055, 0.503955539357513, -0.994403949968622, 0.2499546229448131]
  ],
  "9": [],
  "10": [
    [0.01273972599212688, 0.2758169996176972, 0.1246123307539071, -0.1033278158088202],
    [0.01274415214688819, -0.2615637602082011, 0.1245970854701523, 0.1089583665171884]
  ],
  "11": [],
  "12": [],
  "13": [],
  "14": [
    [-0.3668019930872664, -0.5729912079210568, -0.101711357403975, 0.1818399003898936],
    [0.2237472070090267, -0.7520043459590231, -0.1190160686822101, -0.2354365572626049]
  ],
  "15": [],
  "16": [
    [-0.2445550935778277, 0.1704295154348965, -0.083339400939169, 0.5162984413290062],
    [-0.1865361576037147, 0.1125041655006084, 0.3858484041774882, -0.6066227893264405]
  ],
  "17": [
    [-0.0883483466990532, 0.6558746382851448, 0.03827714662934101, -0.884425396423386],
    [-0.0803479970055709, -0.6514992350741204, 0.03580633788726493, -0.959787912310887]
  ],
  "18": [
    [-0.8544783507605, 0.0874045551860503, -0.0761889419408976, -0.965240771544889],
    [-0.1421642239774828, -0.2969199530097146, -0.6033174669832136, -0.871776875565039],
    [0.853326849794947, 0.0863590728092689, 0.077474708975264, -0.961797353250933]
  ],
  "19": [],
  "20": [
    [-0.969968159384355, 0.352284739612203, 0.2283188716789363, -0.1116027914061917],
    [-0.880483567606245, 0.4957630854624481, 0.2218251232902415, -0.3316785135696253],
    [0.865229676954922, -0.4885987823881292, -0.1122156262663244, -0.33282981919989],
    [0.965276938217851, -0.3510365162084105, -0.1954451349604902, -0.111576424247271]
  ],
  "21": [],
  "22": [],
  "23": [
    [0.2602487537229202, -0.301806712596335, 0.006867304315228059, -0.3119596252987453]
  ],
  "24": [
    [-0.5189914895190837, -0.5112166890685658, 0.01036696670119553, -0.4832436231735932],
    [-0.4617135588935134, 0.4478746979990734, -0.3660290786675523, 0.4961872424262365],
    [0.1207258006364551, -0.2828565275660308, 0.3365467311898, 0.6474999201466312],
    [0.5175052731608323, -0.5883783017710799, 0.02308480266386121, -0.4503470743822461]
  ],
  "25": [
    [-0.3278427244323914, -0.3861417188108897, -0.4031527743252466, -0.807393499716419],
    [-0.1659623614013314, -0.2536718967668135, -0.4901547323396732, 0.6730059623295974]
  ],
  "26": [
    [-0.886976595514742, -0.0880351764694665, 0.5283272664179732, -0.4566639902180877]
  ],
  "27": [],
  "28": [],
  "29": [],
  "30": [
    [0.4472237675280827, 0.01687270516656822, 0.6802679758977045, -0.811877660375914]
  ],
  "31": [
    [0.4780334071938136, 0.1591503936174002, 0.7407389839197761, 0.2612970274788712],
    [0.6240059384775186, 0.2315502698135148, -0.749444326218704, 0.6263978681576331]
  ],
  "32": [
    [0.4006787543666642, 0.2493344696917026, -0.2324178560594252, -0.3457063047695914],
    [0.4111589188838135, 0.2716512867171386, 0.1798130941852869, -0.351014133233293]
  ],
  "33": [
    [-0.844940023270895, 0.1877900078149858, 0.1292942380125212, 0.06416220722706449],
    [0.82733069481832, 0.1978029525895703, 0.1294866524902938, 0.06406811270095507]
  ],
  "34": [],
  "35": [],
  "36": [],
  "37": [],
  "38": [],
  "39": [],
  "40": [],
  "41": [],
  "42": [],
  "43": [
    [-0.5926069915667739, 0.6750659684898674, -0.2469682143128329, -0.3271314400317367],
    [0.962279226635483, 0.437085838455856, -0.5221996981237599, -0.0936897658861401]
  ],
  "44": [],
  "45": [],
  "46": [
    [-0.3245277230161768, -0.3627786547898783, 0.07229831254112797, -0.00863385539927789]
  ],
  "47": [
    [0.4311601694062947, -0.5249477722108464, 0.1359010772942952, 0.1389197924761546]
  ],
  "48": [],
  "49": [
    [-0.164087191004005, 0.792354339181485, -0.541385473271143, -0.79295934073417]
  ],
  "50": [],
  "51": [
    [0.00800444468036591, 0.4523941580757441, 0.01691599738605698, -0.890977493199086],
    [0.0106064871336712, -0.4643989072348338, 0.003782755034883092, 0.870657803395415]
  ],
  "52": [],
  "53": [],
  "54": [
    [-0.06285256116272658, 0.5893271562421488, -0.266777211596902, -0.2462486317587007],
    [-0.06268327055753865, 0.4090181598675779, 0.278202787355412, -0.04107828491345425]
  ],
  "55": [],
  "56": [
    [0.5821026384233912, 0.4379174437825525, 0.6538590995582597, 0.930641745886782]
  ],
  "57": [
    [0.0948907139330835, 0.0860579737623121, 0.7248266979462413, 0.6808034494263381],
    [0.177610435781455, -0.01740985481112638, -0.7097182440584869, 0.07244396296921235]
  ],
  "58": [],
  "59": [],
  "60": [],
  "61": [],
  "62": [
    [0.1344538167701332, -0.858695418167954, 0.03002584889717, 0.7626903304642109]
  ],
  "63": [],
  "64": [
    [-0.2066206562584289, -0.4940155309666591, -0.96569696634491, 0.00981845429864129],
    [-0.2013641331148904, -0.4247106140677491, -0.854922511468806, -0.3240641683837352],
    [-0.1811803946046473, 0.533187821489541, 0.859971629918452, -0.7119524620859768]
  ],
  "65": [
    [0.7761251031016599, 0.1020350230207166, 0.1626486955100776, 0.107426906801798]
  ],
  "66": [],
  "67": [],
  "68": [],
  "69": [
    [0.91232928594944, -0.2664825996839756, -0.5195727929468954, 0.5888763249565634]
  ],
  "70": [],
  "71": [],
  "72": [],
  "73": [],
  "74": [],
  "75": [],
  "76": [],
  "77": [],
  "78": [],
  "79": [
    [-0.4768846781626129, -0.04186093402400553, -0.6121049316123282, 0.06955139077835044]
  ],
  "80": [],
  "81": [
    [-0.1347845794857508, 0.1387222780483456, -0.0615875132350056, 0.003144170121158711],
    [0.5498876103385948, 0.4695448356409209, -0.2128478684214024, 0.5741207296292892]
  ],
  "82": [
    [0.04132676487314153, -0.3812354855183365, 0.5565373869775883, 0.7946749876756894]
  ],
  "83": [],
  "84": [],
  "85": [],
  "86": [],
  "87": [
    [0.3616543412261876, 0.5635639857057246, 0.338569353175311, -0.6623972562854449]
  ],
  "88": [],
  "89": [],
  "90": [
    [-0.3436282899148098, -0.1015956681418649, 0.0106297251575285, 0.738603707297186],
    [0.845974755462347, 0.929574634859324, -0.01007991542007937, -0.7358966533371905]
  ],
  "91": [
    [0.947081124464691, -0.833354918638717, 0.001788274078529175, -0.3505641652828717]
  ],
  "92": [],
  "93": [],
  "94": [],
  "95": [
    [0.5033170338647279, 0.2137785174817152, -0.305493075760019, -0.7939898118543576],
    [0.5788563350396898, 0.1993417576059572, -0.5205471457317326, -0.7130059777629759]
  ],
  "96": [],
  "97": [],
  "98": [],
  "99": [],
  "100": []
}
