{
  "1": [],
  "2": [
    [-0.827186798876834, 0.4530173182945526, 0.4001595162997487, 0.4190254589675659]
  ],
  "3": [
    [0.7902768052352989, -0.1180915456321038, -0.04583162156495, 0.2700591837828387]
  ],
  "4": [],
  "5": [],
  "6": [],
  "7": [],
  "8": [],
  "9": [],
  "10": [],
  "11": [],
  "12": [],
  "13": [
    [0.447485563339744, -0.1592786029645415, -0.07145969084811994, 0.6018060006366506],
    [0.4801274081171838, -0.1477370001616612, -0.7400395172993864, 0.3142156220626147],
    [0.4850473032729404, -0.1483212723640133, -0.3260839050199268, -0.863930891068984]
  ],
  "14": [],
  "15": [
    [-0.915117279586432, 0.5495222964457608, 0.626206133993148, -0.95489277075977],
    [0.807023699018869, 0.3083732866296182, 0.4102779969805529, 0.846576164359631]
  ],
  "16": [
    [-0.4453365252664263, 0.980340121182144, -0.6991454138888034, -0.462171808563729]
  ],
  "17": [],
  "18": [
    [-0.3680421218601202, 0.5537201369739639, -0.1587346496666001, 0.7839443469454404]
  ],
  "19": [],
  "20": [],
  "21": [],
  "22": [],
  "23": [],
  "24": [
    [0.3710406973217774, -0.362548934885927, 0.857697328953654, -0.6098402976454508]
  ],
  "25": [],
  "26": [],
  "27": [],
  "28": [
    [0.4867677856493579, -0.1329292940598227, -0.4256352470781397, -0.06693387698016243]
  ],
  "29": [],
  "30": [],
  "31": [
    [0.146428773416063, -0.005370870733441145, 0.609928340745283, 0.904333677874283]
  ],
  "32": [],
  "33": [
    [-0.5251706380448153, -0.3831591838844885, 0.5415605192097674, -0.6946603546005402],
    [0.6039454326022526, 0.5379963815848225, -0.623264370717093, -0.373743775285062],
    [0.6139372293521261, 0.7841227589526545, -0.2591867687639902, -0.1829361608245532]
  ],
  "34": [
    [0.015349974771979, 0.910820318898144, -0.05886102047003064, -0.5626285911258507],
    [0.01535062425545573, 0.90971041158502, -0.05883330484063979, 0.5625554938210376]
  ],
  "35": [],
  "36": [
    [-0.841857930944863, 0.84876701768337, 0.7140534257882029, -0.5672449756042401],
    [-0.6445816094449651, 0.818073608629628, 0.7222267728163684, -0.948361652509114],
    [-0.2823611899342946, -0.931460349464219, 0.4783893107771149, 0.638795283400518]
  ],
  "37": [
    [-0.7224614048915122, -0.0670033266792591, -0.3172383236247878, -0.805373851571257]
  ],
  "38": [],
  "39": [],
  "40": [],
  "41": [],
  "42": [],
  "43": [
    [0.2460671389773153, -0.7013639381842205, -0.908583263553469, 0.4023233777803188],
    [0.3499159043375493, 0.989289496768225, 0.69677940054278, -0.1863133687180176]
  ],
  "44": [],
  "45": [
    [0.4009527726036509, -0.186839770405889, -0.2994545936702325, -0.5402949593664056]
  ],
  "46": [
    [-0.3083590755256186, -0.294013721528216, 0.7594121999562788, -0.984785408953071],
    [-0.2931975235731633, -0.2911923975954856, 0.7570078301208094, 0.2649485127976349]
  ],
  "47": [
    [-0.1225127856423792, -0.244923908603338, 0.7006383645190031, -0.4062384691430386],
    [0.1195326076778958, -0.2429791478831514, -0.7176074102867872, -0.4069860225208338]
  ],
  "48": [],
  "49": [],
  "50": [],
  "51": [],
  "52": [
    [0.851458100453598, -0.04671433461611341, -0.1834557726545345, 0.1575160834275828]
  ],
  "53": [],
  "54": [],
  "55": [],
  "56": [],
  "57": [],
  "58": [],
  "59": [],
  "60": [],
  "61": [],
  "62": [
    [-0.0807929346253826, -0.07795054083901586, 0.6068404093461205, 0.07941896390442175]
  ],
  "63": [],
  "64": [],
  "65": [],
  "66": [
    [-0.2365117935507431, 0.1224407327171089, 0.7498315374961932, -0.6748888306274012]
  ],
  "67": [
    [-0.4493966416011824, -0.862482954458477, 0.3997590858359517, -0.7341009902774288]
  ],
  "68": [],
  "69": [],
  "70": [
    [-0.1785989002807666, 0.3225411734697157, -0.0886606859122238, -0.7604318965876782]
  ],
  "71": [],
  "72": [],
  "73": [],
  "74": [],
  "75": [],
  "76": [],
  "77": [],
  "78": [],
  "79": [],
  "80": [],
  "81": [
    [-0.817654302878507, 0.2686424703938135, 0.2200113357719173, -0.6907304110998146],
    [-0.5547642621459499, -0.3066156018617183, 0.3094287320299265, 0.3418903770220322]
  ],
  "82": [],
  "83": [],
  "84": [],
  "85": [
    [0.04259596699724334, -0.6360510377417279, -0.6185774905007007, -0.6941649902979085]
  ],
  "86": [
    [0.7798085165409715, -0.5492849706945443, -0.946647225847096, -0.3977619000970839]
  ],
  "87": [],
  "88": [],
  "89": [
    [-0.0981814861996931, -0.3644650595951282, -0.5241425608256192, 0.1604285619439776],
    [-0.06833722470046354, -0.532080159326741, -0.2980746539126097, 0.1604029357756279]
  ],
  "90": [],
  "91": [],
  "92": [],
  "93": [
    [-0.2854681313774278, 0.899248549609557, 0.07677627423923677, -0.4981025940315255],
    [-0.2509361714548742, -0.954822842839856, 0.06711826870470618, -0.4703009714773676],
    [0.2294626955885473, -0.873958801277918, 0.0816025255473155, 0.7152793964117],
    [0.2530253942407723, 0.874893894927988, 0.06609266043529026, 0.5730136294584124]
  ],
  "94": [
    [0.912663986926732, -0.873205045349334, -0.982314129808216, 0.1350959768505047]
  ],
  "95": [],
  "96": [],
  "97": [],
  "98": [],
  "99": [],
  "100": []
}
