{
  "1": [],
  "2": [
    [-0.5665497665445927, -0.15042051736161835, -0.08711202785820439, -0.24196215408009283, 0.18667316574618473]
  ],
  "3": [
    [0.19119517671188754, 0.42663815677460704, 0.3460354636224648, -0.4112603459501745, 0.29351890501247224],
    [0.3405834487744103, 0.6672800889345932, 0.5681907247142398, -0.884620904904829, 0.6403452655331078]
  ],
  "4": [],
  "5": [],
  "6": [
    [0.41865544039395847, -0.6260897362294189, 0.06946291815366022, 0.1321116318417908, 0.6848864073166326]
  ],
  "7": [],
  "8": [],
  "9": [],
  "10": [],
  "11": [
    [0.006646179595461404, -0.29189076197888386, -0.02629815363330902, -0.1524648284583109, -0.18205598036112666],
    [0.016138879275189994, 0.30023446976422846, -0.026108351924952, -0.1544126424557175, -0.18258642778444664]
  ],
  "12": [],
  "13": [
    [0.027731901296637225, 0.03362637170601247, -0.20859433938678856, 0.021545558339353073, -0.6651797342103133],
    [-0.03966636490149813, -0.07157629421560434, -0.1246635594218262, 0.282865003869373, -0.8869254308336167],
    [-0.25235861411911265, -0.7605328121739322, 0.17718552592465098, -0.10987167075572556, 0.1644719780093747],
    [-0.05129995651794166, -0.4564348168648592, 0.1278864942995473, 0.0015115685203687364, 0.8475560950560608],
    [0.057689874434842595, -0.5607465792488793, 0.21214197131264767, 0.3309641892192062, 0.7011843937468146]
  ],
  "14": [
    [-0.2651703194309117, 0.020972467904679867, -0.7147536754827533, -0.10128794272020959, 0.8766510382902825],
    [-0.29781045959163793, 0.027714963969003064, -0.2833790154701292, -0.11018618750204955, 0.1606567247365931]
  ],
  "15": [],
  "16": [
    [-0.4050916963071339, -0.8318989434585008, -0.04176796106933118, 0.3608106895669111, 0.8565613943424779]
  ],
  "17": [],
  "18": [],
  "19": [],
  "20": [],
  "21": [
    [0.11739912108921478, -0.5346341378985174, -0.15320698066460078, 0.07029610172396174, 0.11524123538636431]
  ],
  "22": [
    [-0.1508841146644312, -0.6474669096804709, -0.08433592450464979, -0.1986366311632971, -0.12270548932511419],
    [-0.6673463568079704, -0.6718154985330457, -0.8248109755866813, -0.5495552888582187, 0.41210155552320554],
    [-0.6006484221184062, -0.6505414824144531, -0.6896787210293235, -0.4973340500365942, 0.14010701636966744]
  ],
  "23": [],
  "24": [
    [-0.10509448981357966, -0.48898261394326686, 0.883321473053167, -0.41327675919110507, -0.29481409107129186],
    [-0.09627969463060229, -0.2672199953715579, 0.9253948391877063, -0.2433386731796935, 0.6605761849795261],
    [-0.06140781412593038, 0.3304952146574563, 0.8142024590637728, 0.27904152430195334, 0.025341628638179983]
  ],
  "25": [],
  "26": [],
  "27": [],
  "28": [],
  "29": [
    [-0.08948934640910193, -0.6062910784388821, 0.13995616419198792, -0.08126083173710624, 0.9067841797646358],
    [-0.017844534975569037, 0.0416545171732864, -0.3943714748553827, 0.10223832427306853, -0.019686267345119874]
  ],
  "30": [],
  "31": [],
  "32": [
    [0.03492982430336, 0.8672590188182978, 0.6764026723433352, -0.2218099330849563, 0.18801130405194436],
    [0.03490036599502739, 0.8313520496318554, 0.6836152192939089, 0.22656910470671562, 0.18579496393841183],
    [0.05089418278774261, -0.05514654147234551, 0.24151592926713952, -0.33300323143639443, 0.1437200944310207],
    [0.0497225187841355, -0.08913102449154929, 0.27677217828689554, 0.3364009040251395, 0.14001635158363307]
  ],
  "33": [
    [0.5511029365887249, 0.026596364092628152, -0.6692494930555116, 0.3505883726336288, -0.1767757210717889]
  ],
  "34": [],
  "35": [
    [0.380125542088621, 0.059713443884757106, -0.22653394002315216, 0.0890398981285311, 0.5927339302474789],
    [0.7339265339135383, 0.06514182431463748, -0.11451362464217996, 0.37217463657207656, 0.21193996246590832]
  ],
  "36": [],
  "37": [],
  "38": [],
  "39": [],
  "40": [
    [0.31677861815584313, -0.028559991178070527, -0.01961243270795007, -0.622011190937, 0.33136266916572543],
    [0.4252245200977115, -0.025898313371865753, -0.06726078847466145, 0.7858312207886153, 0.24072677518812624],
    [0.20823531297300613, 0.63996056526923, 0.2779997682167575, 0.574414796330101, -0.4572629578531448]
  ],
  "41": [
    [-0.69031610802454, -0.347925838823474, -0.12008484772263094, 0.8562336704889908, 0.1785185814438741],
    [-0.057102214216641245, -0.028266869236696527, -0.2896334760338717, 0.9039646034316037, 0.45972561464068556]
  ],
  "42": [],
  "43": [],
  "44": [],
  "45": [],
  "46": [],
  "47": [],
  "48": [
    [-0.509449750434595, 0.12381369599087197, -0.7005313748163179, -0.27418360161004784, 0.001094572389834724]
  ],
  "49": [],
  "50": [
    [0.03537274626554697, -0.3091042488114506, 0.0492825520876065, 0.05290436681977533, -0.2463622455789017]
  ],
  "51": [
    [-0.054158575095516234, -0.12485400745640197, -0.25188819078467123, 0.016983048912199504, -0.6102882346913594],
    [-0.1268851240548655, -0.1801528693581174, -0.12618256055944335, -0.06346602193726715, -0.2818058809696403]
  ],
  "52": [],
  "53": [
    [-0.160649736486481, -0.09659758231759137, -0.816429814396498, -0.563035988348113, 0.1438271094605731],
    [0.3949943013073276, 0.056812024702933034, -0.1907148851394766, 0.8504134832319303, 0.1587916251529479]
  ],
  "54": [],
  "55": [
    [-0.07629753222587407, 0.031109781094790658, 0.969793777847231, 0.1643525351087019, -0.07003841064549754]
  ],
  "56": [
    [-0.18841956466177404, 0.3859001979286292, -0.5085387781533668, -0.3067637137615359, 0.10969236662181435],
    [-0.48639610923243065, 0.7948444377518269, -0.4256702634665383, -0.7107349006397189, 0.27479036407031654]
  ],
  "57": [],
  "58": [],
  "59": [
    [0.16230070651155679, -0.07085914432787378, 0.0020790567396033344, -0.34029166736856514, -0.2931417875959433]
  ],
  "60": [
    [0.6059431580046892, -0.44361072463455326, -0.025362838936907744, 0.15889576588529974, 0.6754586186236585]
  ],
  "61": [],
  "62": [],
  "63": [
    [0.7235983912840708, 0.26637330349494226, 0.11530573428942271, -0.2698440276807602, -0.5605175162315638]
  ],
  "64": [],
  "65": [
    [-0.12257519846782627, -0.6872884121203579, 0.9543931975883811, 0.03278980277940619, -0.07467871910096528],
    [0.4993626181712829, 0.14728310301806713, -0.34005107979388505, 0.8718010615867043, -0.9140647155464479],
    [0.2542587220795224, -0.06771974447674282, 0.10500741724674988, -0.28894428033499336, -0.39577477371873077]
  ],
  "66": [],
  "67": [
    [-0.46718285023859385, 0.7835091010948354, -0.09648214705215202, 0.2736449316310002, 0.05381002159706387],
    [-0.40418618255992417, 0.4418784792633954, -0.15027658233199348, 0.14461921710316203, 0.17209130814171947],
    [0.44952251778665503, 0.4418784792633953, -0.1502765823319935, 0.14461921710316197, 0.17209130814171947],
    [0.5475701805282331, 0.7835091010948355, -0.09648214705215208, 0.27364493163100023, 0.053810021597063794]
  ],
  "68": [],
  "69": [],
  "70": [
    [0.00311200418323621, -0.04478184165840938, 0.6277632030705473, -0.37756410886074315, 0.33808354123643153],
    [-0.018784139349404212, -0.04773624455040705, 0.41033135064564163, -0.4120118610591903, 0.39403720302672135],
    [-0.2570739925719214, -0.08617777803199553, 0.4290904448755132, 0.6922371157189364, -0.7872516413930618]
  ],
  "71": [
    [-0.3798761464421263, -0.057969816086125316, -0.027642986031691498, 0.39875795832226446, 0.08163336381662424],
    [-0.20070350320140862, -0.02694208738121345, 0.4273816959050466, 0.17195788619976532, -0.291078613363998],
    [0.11162770785578567, -0.1792234325980775, -0.4243924156639206, -0.26991535880042994, 0.40682817638342167],
    [0.30737542939596335, 0.14797925902191447, -0.16195071342568296, -0.5679928463828521, -0.3121531768487183]
  ],
  "72": [
    [-0.28899189809908343, -0.40254486297340003, -0.03485330132768642, -0.8358564979043466, -0.0651896626211318],
    [-0.7084706309161354, -0.17994775092782977, -0.09388667942922187, -0.37095520569072477, 0.14569264546360366]
  ],
  "73": [],
  "74": [],
  "75": [],