{
  "1": [],
  "2": [],
  "3": [],
  "4": [],
  "5": [],
  "6": [],
  "7": [],
  "8": [],
  "9": [],
  "10": [],
  "11": [],
  "12": [],
  "13": [],
  "14": [],
  "15": [],
  "16": [],
  "17": [],
  "18": [],
  "19": [],
  "20": [],
  "21": [
    [-0.6237665931259416, -0.6820323028101348, 0.626227286965364, -0.4621589160966041, -0.9344409379936078]
  ],
  "22": [
    [0.5497720885293554, 0.9582074860492001, -0.9460841539420135, 0.6066199987289634, -0.6487088427213837]
  ],
  "23": [],
  "24": [],
  "25": [],
  "26": [],
  "27": [],
  "28": [],
  "29": [],
  "30": [],
  "31": [],
  "32": [],
  "33": [],
  "34": [],
  "35": [],
  "36": [],
  "37": [],
  "38": [],
  "39": [],
  "40": [],
  "41": [],
  "42": [],
  "43": [],
  "44": [],
  "45": [],
  "46": [],
  "47": [
    [0.7111599694285295, -0.9390280439125516, 0.35838158620902544, 0.6086910821835154, -0.8293935298121409]
  ],
  "48": [],
  "49": [],
  "50": [],
  "51": [],
  "52": [
    [-0.5412599469629356, 0.8204652454427668, -0.9539606859811443, -0.3218772363188832, 0.25066167269575274],
    [-0.46962872860140825, 0.8142553303310401, 0.3122774247741118, -0.33461799397304526, 0.30917516939321726]
  ],
  "53": [],
  "54": [],
  "55": [],
  "56": [],
  "57": [],
  "58": [],
  "59": [],
  "60": [],
  "61": [],
  "62": [],
  "63": [],
  "64": [],
  "65": [],
  "66": [],
  "67": [],
  "68": [],
  "69": [],
  "70": [],
  "71": [],
  "72": [
    [0.7969322749958306, 0.7432989606229213, -0.6742367932727947, 0.21512891085484248, -0.7412088857939779]
  ],
  "73": [],
  "74": [],
  "75": [],
  "76": [],
  "77": [],
  "78": [],
  "79": [],
  "80": [],
  "81": [],
  "82": [],
  "83": [],
  "84": [],
  "85": [],
  "86": [],
  "87": [
    [0.8880196130349816, -0.694782540729535, 0.8093481309044276, -0.40276581744695006, 0.9165888740743617]
  ],
  "88": [],
  "89": [],
  "90": [],
  "91": [
    [-0.9078287801573508, -0.9379761925802566, -0.42346522586369706, -0.3666120502474279, -0.6590426241669878],
    [-0.8792952744991178, 0.7656846617625999, -0.5858304541438145, 0.3661001510110928, 0.7438370112714211],
    [0.991787028728357, -0.7312647370423226, -0.7200296985621369, 0.5730587091614346, 0.6434403550867575]
  ],
  "92": [
    [-0.879758809091756, -0.6248520454750234, 0.861040468152265, -0.8315457653284102, -0.8141565724973768],
    [0.801983182091626, -0.6133077258873036, -0.8644523345378055, 0.8102091480115782, -0.8896184404794978]
  ],
  "93": [],
  "94": [],
  "95": [],
  "96": [],
  "97": [],
  "98": [],
  "99": [],
  "100": []
}
