{
  "1": [],
  "2": [],
  "3": [],
  "4": [],
  "5": [
    [0.8257030057499687, -0.513453864259203, 0.031523684151138535, -0.37604534164448883, -0.8835714725805285]
  ],
  "6": [],
  "7": [],
  "8": [],
  "9": [],
  "10": [],
  "11": [],
  "12": [],
  "13": [],
  "14": [
    [-0.23141341886074807, 0.5933483651638021, 0.6560766339074646, 0.40840279057191825, 0.40943996750019535],
    [0.24953699523835315, -0.5895884762766717, 0.6611403810795453, -0.40411587621692746, -0.3550455982939467]
  ],
  "15": [],
  "16": [],
  "17": [],
  "18": [],
  "19": [],
  "20": [],
  "21": [],
  "22": [],
  "23": [],
  "24": [],
  "25": [],
  "26": [],
  "27": [],
  "28": [],
  "29": [],
  "30": [],
  "31": [],
  "32": [],
  "33": [],
  "34": [],
  "35": [
    [-0.3142245493013012, 0.3975072939828478, -0.33680567880553136, -0.5949864263149184, 0.1396078827800102],
    [-0.6028605622538366, 0.6649845696923103, 0.7510729658622034, -0.5538141783500451, 0.17002098431344564],
    [-0.34708734814844416, 0.4134532501563491, 0.45964078303921324, -0.5733575935036285, 0.14251752068171541]
  ],
  "36": [
    [-0.9878261477888217, 0.5743880501304052, -0.5205690847728071, 0.16963558948105836, 0.9903181054556031]
  ],
  "37": [],
  "38": [],
  "39": [],
  "40": [],
  "41": [],
  "42": [],
  "43": [],
  "44": [],
  "45": [],
  "46": [],
  "47": [],
  "48": [],
  "49": [],
  "50": [],
  "51": [],
  "52": [],
  "53": [],
  "54": [],
  "55": [],
  "56": [],
  "57": [],
  "58": [],
  "59": [],
  "60": [
    [-0.8480014286956574, 0.22497122647567103, 0.19391153298947855, -0.7340401301046706, -0.8768470172997526]
  ],
  "61": [],
  "62": [],
  "63": [],
  "64": [],
  "65": [],
  "66": [],
  "67": [],
  "68": [
    [0.7901119051219697, -0.712999233493983, -0.8081510505362685, 0.8208117927339231, -0.884517465950806]
  ],
  "69": [],
  "70": [],
  "71": [],
  "72": [],
  "73": [
    [-0.32377836788969416, -0.5264861010710951, -0.6504851007944387, -0.45626957221367687, 0.6672084591834564]
  ],
  "74": [],
  "75": [
    [0.7148091372161876, -0.8490689264309361, 0.4480126992197558, 0.524646593278375, 0.4900305384988167]
  ],
  "76": [],
  "77": [],
  "78": [],
  "79": [],
  "80": [],
  "81": [],
  "82": [],
  "83": [],
  "84": [],
  "85": [],
  "86": [],
  "87": [],
  "88": [],
  "89": [],
  "90": [],
  "91": [],
  "92": [
    [-0.35805709047696554, 0.007193053196901108, 0.06666455200235782, 0.04912199915044714, 0.20234594911250056]
  ],
  "93": [],
  "94": [],
  "95": [],
  "96": [],
  "97": [],
  "98": [],
  "99": [],
  "100": []
}
