{
  "1": [],
  "2": [],
  "3": [],
  "4": [],
  "5": [],
  "6": [],
  "7": [],
  "8": [],
  "9": [],
  "10": [],
  "11": [
    [-0.19038976884523276, 0.17899314969342212, 0.07143019897463274, 0.57221850448242, -0.06250324516163014],
    [0.03341749877188419, 0.1925813463481597, 0.07713879449167749, -0.5540699519694084, -0.06262528117503006]
  ],
  "12": [],
  "13": [],
  "14": [],
  "15": [
    [-0.06700114692663264, -0.5189069526187814, 0.6056251470770705, 0.9625762459500673, -0.16015664343923455]
  ],
  "16": [],
  "17": [],
  "18": [],
  "19": [],
  "20": [
    [0.12350289075298847, 0.2911333305118912, -0.030261002044900523, 0.0930592497335983, 0.7142415438093552]
  ],
  "21": [],
  "22": [
    [-0.6384665194352446, 0.28275713641406297, 0.8924331429388545, -0.3611169551888431, -0.34573580415466304]
  ],
  "23": [],
  "24": [],
  "25": [
    [-0.5561781943870764, -0.2140675492942776, -0.13193733384792966, -0.19250019571041288, 0.7106666836427937]
  ],
  "26": [],
  "27": [],
  "28": [],
  "29": [],
  "30": [],
  "31": [],
  "32": [],
  "33": [
    [-0.25185323261649356, -0.4441467878599968, 0.5241627233340279, -0.009944322015922807, -0.7542933091534841],
    [0.2668511230734296, 0.4120818030208012, 0.5251231966693616, -0.009921888097351082, 0.7393114812535779]
  ],
  "34": [
    [0.3826152119746787, 0.9673445461848926, -0.8436158573591895, -0.8867650748551374, -0.4060338233228374]
  ],
  "35": [],
  "36": [],
  "37": [],
  "38": [],
  "39": [],
  "40": [],
  "41": [],
  "42": [],
  "43": [],
  "44": [],
  "45": [],
  "46": [],
  "47": [],
  "48": [],
  "49": [],
  "50": [
    [0.9237689494139623, 0.39195845040169464, -0.2587951254844865, -0.058192312429572624, 0.2702165715774033]
  ],
  "51": [],
  "52": [],
  "53": [],
  "54": [
    [-0.7114368502298998, 0.8403158963740114, 0.7655842836604954, 0.32003370064942066, 0.9844334224409411],
    [0.7153766094210535, -0.5556539794704735, -0.8380172785731206, 0.2360593215430064, 0.9131820887030749]
  ],
  "55": [
    [0.7132445106767735, 0.3703475401693748, -0.3484918399012933, -0.8927023559657777, -0.5367608495769479]
  ],
  "56": [],
  "57": [],
  "58": [],
  "59": [],
  "60": [
    [0.6832550294537209, 0.04595830272052329, 0.2251350252465407, 0.30701738085240216, 0.646892851055341]
  ],
  "61": [],
  "62": [],
  "63": [],
  "64": [],
  "65": [],
  "66": [],
  "67": [],
  "68": [
    [0.3620328724041521, -0.38156763106851466, 0.5918762931391119, 0.5090793116484248, 0.6442741318537869]
  ],
  "69": [],
  "70": [],
  "71": [],
  "72": [
    [-0.7252797821921685, 0.6072275175549251, -0.6921643865460498, 0.5972729731810824, -0.7188875731869441]
  ],
  "73": [],
  "74": [
    [-0.04828409212648295, -0.6924666367442518, -0.120358012903014, 0.09742487669949433, 0.9991276463979963],
    [-0.047179503748943336, -0.47959282840194606, -0.23184573970697137, 0.11025488021079938, 0.5093506063414293],
    [-0.03892749368523798, 0.6151695409454995, 0.5937850565029525, 0.2273173928462756, -0.1704597006395897]
  ],
  "75": [
    [0.8936351158328948, 0.5634263556095936, 0.059822981960437185, -0.8164970571776705, -0.42069011282600244],
    [0.9900112261274123, -0.562872626653538, 0.07269259390638355, -0.7809980380474095, 0.3706377757623454]
  ],
  "76": [
    [-0.003360645648621669, 0.5508601629169391, -0.764188132784372, -0.5705933253809053, 0.20759260030498652],
    [0.003163311090653452, 0.27028206157739043, -0.7685241004141833, 0.8113616460257643, 0.20632697385216062]
  ],
  "77": [],
  "78": [
    [-0.9797023536265118, -0.23275837390488716, 0.4673948345742195, -0.872874713159881, -0.888397004868952],
    [-0.23477913968977515, -0.8768553239321981, 0.7048208798799688, -0.8873900169908824, -0.48123777562313497]
  ],
  "79": [],
  "80": [
    [-0.7109440060531133, 0.24237036497252762, -0.7848199418662264, 0.037302393155928204, -0.055204011257997274],
    [0.44450733977272877, -0.6772428350601003, -0.9727128926696803, -0.6332696041111779, -0.38586717710998164],
    [0.39058567241133724, -0.789134614107846, 0.9765899630397125, 0.5414163586543379, 0.3490037449295854]
  ],
  "81": [],
  "82": [
    [-0.9103942406636637, 0.6282165158195622, -0.014111496583022253, -0.11122343510423957, -0.7602284006694454]
  ],
  "83": [],
  "84": [],
  "85": [],
  "86": [
    [-0.5748658136846225, 0.11672016909987148, 0.16184282154646215, 0.08523262557150968, -0.4350184164971311],
    [0.192982947352655, 0.22580582753839223, 0.17938221698870216, -0.13985413079098538, -0.4411580971275997]
  ],
  "87": [],
  "88": [],
  "89": [
    [-0.5271233509118336, -0.24793373164228455, -0.09959544366722635, -0.6781510547040702, 0.04768475596491333],
    [-0.3624684761169999, -0.1732980164880013, -0.08976265757442162, -0.6957913639704868, 0.09540384075877865],
    [-0.299412258675459, 0.051069636766099755, -0.08483881844819045, -0.6987750131680399, 0.13794359028006667],
    [0.6528597329562937, -0.6059669257951654, -0.18046298014384796, -0.2431681310067369, -0.8858687452299094],
    [0.9487219647281195, -0.2837581174081412, -0.1812585848784187, -0.6673512855518691, 0.01618257948134128],
    [0.3031194585823335, -0.06353330277521338, -0.08663923986511836, -0.7010499363368955, 0.13479692242985775],
    [0.3218091112259978, 0.1229947808233172, -0.0834896809121485, -0.6950762432755447, 0.11941682257214582]
  ],
  "90": [
    [0.5507622273391437, -0.2063500090771027, 0.5056049619845072, 0.9761535559606069, 0.33355097370881787]
  ],
  "91": [],
  "92": [
    [0.26765474885419455, -0.33090281715028463, -0.2889094230269771, -0.7279212382809741, 0.584728804983567]
  ],
  "93": [],
  "94": [],
  "95": [],
  "96": [],
  "97": [],
  "98": [
    [-0.754717153014035, -0.9964322332378861, -0.42042669671095273, -0.7810251344791094, -0.054166502882859374]
  ],
  "99": [],
  "100": [
    [0.4615609099247624, -0.17002635998480572, 0.4891425345384705, -0.0036384810022202043, -0.28233585961804825]
  ]
}
