{
  "1": [],
  "2": [],
  "3": [],
  "4": [],
  "5": [],
  "6": [],
  "7": [],
  "8": [],
  "9": [],
  "10": [],
  "11": [],
  "12": [],
  "13": [],
  "14": [],
  "15": [],
  "16": [
    [-0.4640058621188478, -0.10034419787318491, -0.06370454987240225, 0.3610439486539628, -0.340261633237645],
    [-0.19440366869713022, -0.11865611510710693, 0.8208943890308301, 0.28364650079903947, -0.7694983638328756]
  ],
  "17": [],
  "18": [],
  "19": [],
  "20": [],
  "21": [],
  "22": [],
  "23": [],
  "24": [],
  "25": [],
  "26": [],
  "27": [],
  "28": [],
  "29": [],
  "30": [
    [-0.59014717805693, -0.11785589466952369, -0.2007773271450956, -0.8666547941786054, 0.2556677517502565]
  ],
  "31": [],
  "32": [],
  "33": [
    [0.5992624112340407, -0.4878042197291185, -0.13500879485833908, -0.7582446099290328, -0.16284295705786697],
    [0.6253836559427515, -0.4857818036601297, -0.13508639361497915, -0.7183208170868831, 0.17044775893207167]
  ],
  "34": [],
  "35": [
    [0.6094166406683739, 0.3941613983741827, -0.6282450486411097, 0.9096531732942927, -0.265631071503417]
  ],
  "36": [],
  "37": [
    [0.02608277542193747, -0.7724577860748904, 0.20121023213721165, 0.8886449628853854, 0.4422086411904724]
  ],
  "38": [],
  "39": [],
  "40": [
    [-0.5594199388809866, -0.41954133552396117, 0.626933164552614, 0.06408799773364483, 0.6047406141892734],
    [0.7614771049442607, 0.35702357325275247, 0.6327063030630734, 0.06335041732916744, -0.6705353801329718]
  ],
  "41": [
    [0.3878276022165018, 0.21691074522735596, 0.4822421010645017, 0.7691653133738978, -0.9329468753469781]
  ],
  "42": [
    [-0.5325381639675782, -0.7114981871309294, -0.6019237480866643, -0.5160576324181304, 0.41378300888418706]
  ],
  "43": [],
  "44": [],
  "45": [],
  "46": [],
  "47": [],
  "48": [],
  "49": [],
  "50": [],
  "51": [
    [-0.717518231707396, 0.006176666431728739, -0.30496002239340125, 0.18012472583329944, 0.32048944552151004]
  ],
  "52": [],
  "53": [],
  "54": [],
  "55": [],
  "56": [],
  "57": [],
  "58": [],
  "59": [],
  "60": [],
  "61": [
    [-0.10567382227513855, 0.5086968966868664, 0.6113857606737094, -0.9254236766128252, -0.8643378903358645],
    [-0.3855427700413474, 0.42493856410193004, 0.5736309258199388, -0.4517658343630668, -0.49783658348007387],
    [0.5110833560547551, 0.317367020945763, 0.5861037756443808, 0.3392414138491843, -0.3175817110088899]
  ],
  "62": [
    [-0.04568279764777828, -0.6277352860929203, -0.8630312411279013, -0.37048760320843593, -0.7847134790543071]
  ],
  "63": [],
  "64": [],
  "65": [],
  "66": [
    [-0.400313909864215, 0.4067791150516337, 0.9160702313352846, 0.43590050162069355, 0.2310867185124328],
    [0.24746817762118173, 0.6571207006615899, -0.8499127153706449, -0.6119284818427703, -0.2049516450409296]
  ],
  "67": [],
  "68": [],
  "69": [],
  "70": [
    [-0.05900413266832161, 0.798079321370221, -0.5759628168291548, -0.4887115198643386, 0.6099805858035003]
  ],
  "71": [],
  "72": [],
  "73": [
    [-0.653286134411178, -0.5622377807373096, -0.5290558521294453, 0.048431819942897386, -0.8925991951366261]
  ],
  "74": [
    [-0.8701388736617774, -0.5384877982853534, -0.6370212426412418, 0.42927563277081177, -0.7880217786660674],
    [-0.6668038216151183, -0.6659011836866419, -0.5084432478943798, 0.40340333353452557, 0.8350969757967633],
    [0.5981073910239818, -0.885578904780222, -0.36620638106552916, -0.3012545745263222, 0.5564777477152739]
  ],
  "75": [],
  "76": [],
  "77": [],
  "78": [],
  "79": [],
  "80": [],
  "81": [],
  "82": [],
  "83": [
    [0.404381862349555, 0.29711420581645875, -0.7849209816820546, 0.3284982935135105, 0.6180262269691803]
  ],
  "84": [],
  "85": [],
  "86": [
    [0.19136392440178, -0.9325051123758454, 0.6049659047300743, -0.3351559647618431, -0.7232842863691111],
    [0.16223272709718237, 0.38283498146939954, 0.5448813322746807, -0.3296583881893948, -0.7182260374386841],
    [0.7521196350115098, -0.06509630119093472, 0.4944772902422331, -0.5304549727419126, -0.8458017990275545],
    [0.7320615006667143, -0.1215621399439475, 0.5048216837938636, -0.5201278624278536, -0.8408388888437636]
  ],
  "87": [],
  "88": [
    [-0.8575080253763457, -0.1396881427576508, -0.7051920791757547, -0.32665590450126614, -0.5333542289695784],
    [-0.4841769758162324, -0.14413503125471885, -0.8725620781318, -0.29837971557151594, 0.6050235571115319]
  ],
  "89": [],
  "90": [],
  "91": [],
  "92": [],
  "93": [],
  "94": [],
  "95": [],
  "96": [],
  "97": [
    [-0.4278735682334657, -0.14044887493645294, -0.16334096048142946, 0.9606625498617463, -0.3661911269395786]
  ],
  "98": [
    [0.9741475726937869, 0.9416032773265547, -0.9083366911132593, 0.22109548789713027, 0.3540621367088109]
  ],
  "99": [],
  "100": []
}
