{
  "1": [],
  "2": [],
  "3": [],
  "4": [],
  "5": [],
  "6": [],
  "7": [],
  "8": [],
  "9": [],
  "10": [],
  "11": [],
  "12": [],
  "13": [],
  "14": [],
  "15": [],
  "16": [],
  "17": [],
  "18": [],
  "19": [
    [0.8475733745215496, -0.6679906275645837, -0.24060822698408052, 0.13046685554971255, 0.8714460433536615],
    [0.22490545339834073, -0.8570496867196109, 0.18056489519596133, 0.17196354168201938, -0.6133319560443531]
  ],
  "20": [
    [0.9528501094768709, -0.4776042103628254, -0.47419214451745917, -0.9284708807736594, -0.6114146935087497]
  ],
  "21": [],
  "22": [],
  "23": [],
  "24": [],
  "25": [
    [-0.6419406613414779, 0.043362605588795795, 0.5025023310983345, 0.925614084764014, 0.740859438538861],
    [0.9929681734516518, -0.2128025358958795, 0.30824832330601243, 0.8700876858619156, 0.8907412852610932]
  ],
  "26": [],
  "27": [],
  "28": [],
  "29": [],
  "30": [],
  "31": [
    [-0.7581277116729956, -0.5326968061069042, 0.402655030389207, -0.664906716245953, -0.15216651725002517]
  ],
  "32": [],
  "33": [],
  "34": [],
  "35": [],
  "36": [],
  "37": [],
  "38": [
    [-0.8493559687837436, 0.7764322135141599, 0.26680185503986736, 0.7022438943760526, 0.35032482255020725],
    [0.5688544723884249, 0.794266100354161, 0.4051992655005347, 0.45747559685713013, 0.35894183944371466]
  ],
  "39": [],
  "40": [],
  "41": [],
  "42": [],
  "43": [],
  "44": [],
  "45": [],
  "46": [],
  "47": [],
  "48": [],
  "49": [],
  "50": [],
  "51": [],
  "52": [
    [0.2770755652894065, 0.13523349548797783, -0.6386846217078537, -0.8175697088334454, 0.8848578494403423]
  ],
  "53": [],
  "54": [],
  "55": [],
  "56": [],
  "57": [],
  "58": [],
  "59": [
    [0.6894117371186603, 0.38918032421405635, 0.6278546180468666, -0.03862092469131804, -0.2651946780828969]
  ],
  "60": [],
  "61": [
    [-0.5193020950297689, 0.2938664779984939, -0.23934904013309438, -0.3129754638252677, 0.9913484716888201],
    [-0.5841618306662587, 0.4465983132299139, -0.08135317472420875, -0.32568879767028613, 0.8061122457508855],
    [-0.7256261203393597, 0.6550541551818791, -0.07737304363798161, 0.33357677503162003, 0.6560926210994987]
  ],
  "62": [],
  "63": [],
  "64": [],
  "65": [],
  "66": [],
  "67": [],
  "68": [],
  "69": [
    [0.1316448736538124, 0.2952695840161607, -0.0590830006028812, -0.5348847534665903, -0.5471269355495217]
  ],
  "70": [],
  "71": [],
  "72": [
    [-0.43111114166911335, 0.04235250387845799, -0.4530427910591558, -0.5195549646490575, -0.6330658532462505],
    [-0.43244491335725954, 0.04099208833686054, -0.45187076836676654, -0.734109970083573, 0.6778200636764992],
    [0.36514215698426566, 0.04384948060099137, 0.5343177678608222, 0.43377782244602936, 0.5325164462722535]
  ],
  "73": [],
  "74": [],
  "75": [],
  "76": [],
  "77": [],
  "78": [],
  "79": [],
  "80": [],
  "81": [],
  "82": [],
  "83": [],
  "84": [],
  "85": [],
  "86": [
    [-0.21849273251712795, -0.0444763637419391, -0.10026144240001986, -0.7129862191139497, -0.1454151985619633],
    [-0.23027452748140592, 0.04559834926031721, -0.095170391025707, -0.6627047739577647, -0.1382396354031755],
    [-0.24034478551893831, 0.5491531800522821, -0.24834912452954544, -0.2020687840289649, -0.13266776968658078],
    [-0.21084313706776792, 0.7669209768576106, 0.2061493592533092, -0.17644295264180665, -0.15107710651130263],
    [0.21135060658520516, -0.7656865690667304, -0.20713762538919353, 0.17309978693200576, 0.15070398956292952],
    [0.23945497403897562, -0.5500315429951717, 0.24982179911631486, 0.195162099351136, 0.13314123449147366]
  ],
  "87": [
    [-0.4330266885252681, -0.33676756346416975, -0.9797920719011732, -0.13621992325172347, -0.7385626993198201],
    [-0.42822471217317104, -0.2897951670626267, 0.7013660510207947, -0.7496265918499097, -0.26354074762172824],
    [-0.43290927632465076, 0.7903446148951465, 0.8062153977278337, 0.07146217644001672, 0.8433525834738],
    [0.31596173766574087, -0.4551864236779179, 0.6343448401877446, -0.12826561618027849, 0.9444435479407767],
    [0.3159849465428438, 0.725978522607062, -0.944149892884591, 0.07551962833693171, -0.7473466125151159]
  ],
  "88": [],
  "89": [],
  "90": [],
  "91": [],
  "92": [],
  "93": [],
  "94": [],
  "95": [],
  "96": [],
  "97": [],
  "98": [
    [0.4749333094939998, -0.06411697385715717, 0.4516741530643211, -0.5118026111318233, 0.42094356581279113]
  ],
  "99": [
    [-0.8276811365474273, 0.8997051889667554, -0.5901123005994049, -0.06007152460400496, -0.8782838167043918],
    [-0.3789735798013668, 0.7884442527512846, 0.9900120091898131, 0.19084165060060376, 0.8506728388007917],
    [0.4430407777302378, -0.39431546799154094, 0.9370687412052625, -0.8531716505900312, -0.06595471593396514]
  ],
  "100": []
}
