{
  "1": [],
  "2": [
    [0.863666168889632, 0.1640782642088431, 0.2936902196384107, 0.2286466111628805, -0.5685957476992126, -0.132341778888389],
    [0.936803555233439, -0.972961659618031, 0.846086359089791, 0.5846882972745938, -0.05728863463429303, 0.4394109582442696],
    [0.6988815786784492, 0.2895745334509916, -0.2397563538146002, -0.0866112713321243, -0.5347071642309005, 0.1931955074424966],
    [0.5004938754594205, -0.03494537404565778, 0.548885679401203, -0.02887569091392842, 0.0556693168351056, 0.1423229742590673],
    [0.3807537725995903, 0.03909135492307805, 0.1812284681779589, -0.4328318722154116, -0.4203275628267192, -0.2604398733276101],
    [0.5096696084851258, 0.00959028577946093, -0.4253600918695785, 0.3258497638194809, -0.0880825930565892, -0.01197189246224874],
    [0.2876667270919696, -0.07481242193983241, 0.3144615815221946, 0.4468315272691637, 0.6297056817483138, -0.109182465688958],
    [0.5566297932284079, -0.02640321900251235, 0.4136019045045184, -0.3662275526397488, 0.06174225057108886, -0.00068095062428416],
    [0.4894855379871094, 0.00278247592104086, -0.5306393896151461, 0.0697289219700668, -0.06369842451909907, -0.1233529898764391],
    [0.1240228709121616, -0.1532503403538065, -0.1192004483145652, 0.4545167311183043, 0.4350268246548602, 0.333117257064965],
    [0.980827116952118, -0.1155517282886901, 0.1591876697525491, -0.5535490528419124, 0.4032799539994492, -0.2860965147727627],
    [0.283702212795768, 0.0916172021635162, -0.3168191257977664, -0.3917632400947651, -0.614071534315347, 0.1065634585977618]
  ],
  "3": [],
  "4": [],
  "5": [
    [0.1922753361327653, 0.2286588244885557, -0.4181024598369075, 0.5638894146436914, -0.4517553869470319, -0.1258827676765845]
  ],
  "6": [
    [0.1058691020035233, 0.1962910492550769, 0.06545444416965783, 0.3714006348413283, 0.829238297985958, 0.3078783150084668],
    [-0.02877763209821372, 0.1462853648494897, 0.07166059780624207, -0.3712830453837439, -0.806128610446178, -0.375929680932702]
  ],
  "7": [],
  "8": [
    [-0.4204151289435714, 0.01726770955514122, 0.06855214281596722, -0.05041198595200504, 0.858347873307234, -0.1211980349629308]
  ],
  "9": [],
  "10": [
    [-0.0875227849878119, 0.06754021832793895, 0.3895645878435044, -0.1791601207289829, -0.2430923362486764, 0.3335428261475235]
  ],
  "11": [
    [0.01316340347965913, -0.589912872752353, 0.02229221249711569, -0.6083087187735966, -0.5155791101412595, 0.2188266716916866],
    [0.01893561088149475, -0.2147856571754068, 0.04287728944265189, 0.2992212382738079, -0.5481216113901041, 0.2188978103608827]
  ],
  "12": [],
  "13": [],
  "14": [],
  "15": [
    [-0.04340326230297587, -0.1930596340959084, 0.06566347318749649, 0.1128118505209641, 0.1241116747995011, 0.6267700684304226],
    [0.2431572830895208, 0.5439364292747028, -0.12894971362113, -0.1399030147004606, -0.2175713698486345, -0.0910574627438675]
  ],
  "16": [
    [0.1866316389398509, 0.1288713516993711, -0.00622900280048803, 0.3546737364236561, -0.4689929024959062, 0.5344443386755002]
  ],
  "17": [
    [0.789745232970767, 0.1102827493977924, -0.6409438599189695, -0.4497924663259103, -0.1308427591990032, -0.5106591877854973],
    [-0.1302962637344895, -0.5735228669086045, 0.51371927806949, 0.5404944763367425, -0.3957366827446651, 0.1125366169573205]
  ],
  "18": [],
  "19": [],
  "20": [],
  "21": [
    [-0.4796279941622554, 0.4702817346464801, -0.05282088094006332, 0.2919582939221977, 0.7116387832993502, -0.1936538774567375]
  ],
  "22": [],
  "23": [],
  "24": [
    [0.4926008587382437, -0.5172115037213088, 0.278984150543345, 0.7701328180661134, -0.3339390247239672, 0.2487403650993716]
  ],
  "25": [],
  "26": [
    [0.0925798680453836, 0.1280289428353054, 0.05019339182394712, -0.1071050923670806, 0.05179069950653591, -0.03435063169034438],
    [-0.3428646140592416, -0.332548281565562, -0.0903268636885252, 0.06613580679219282, 0.193696461931922, 0.1067162030386009],
    [0.0012099065260352, 0.1816734885660824, 0.06596580653939556, -0.1388045840640889, 0.07080591300605404, 0.1906373803634091],
    [0.1987773732213028, 0.1101095234646521, 0.04862813995998127, -0.1042613146970424, -0.0885920063626258, -0.07380358229930958],
    [-0.2849818247876932, -0.2789285930966512, -0.07842766034988385, 0.05489953217095232, -0.098519324313239, -0.0187454625773683]
  ],
  "27": [],
  "28": [
    [0.4090209305890026, -0.1788901612431586, -0.2149153494441087, 0.6127557833663908, -0.4100951507931311, -0.03039114052793895]
  ],
  "29": [],
  "30": [],
  "31": [],
  "32": [
    [-0.4702642313865147, -0.985715439852105, 0.0813249880905423, 0.4938013569962399, 0.5887748202770138, 0.3215170294691291]
  ],
  "33": [],
  "34": [],
  "35": [],
  "36": [
    [-0.1503407632459226, -0.090912563199948, -0.3971324313844943, -0.2529577178180844, -0.1297346265106902, -0.5506023467737934]
  ],
  "37": [],
  "38": [],
  "39": [
    [0.04084340823141045, 0.1449366853564802, 0.7789020210113282, 0.1280756745373725, 0.2891041690312043, 0.3789885781386659],
    [0.1362698871684291, -0.3794904706559266, -0.3477243792959468, -0.294797350187272, 0.03789311048459178, -0.90042508568453]
  ],
  "40": [
    [-0.3633636197741682, -0.1383809358323883, 0.07021207478416337, -0.0648164887317814, -0.7427711471039851, -0.3419954577333517]
  ],
  "41": [
    [-0.4874517917875693, 0.3584059234136499, 0.4310414532699387, 0.5837731439196996, 0.1397669973479022, 0.2711734327507951]
  ],
  "42": [
    [0.2954333719513047, -0.0721488039919486, -0.05460730179209071, -0.1995627685825269, -0.00792698921900866, 0.2730987065915469],
    [-0.2963750700095313, -0.07110335980802301, -0.05047786680157956, -0.197281259977901, 0.02043197981345753, 0.2661348087014931]
  ],
  "43": [],
  "44": [
    [0.5124257026336412, -0.06642367672725986, -0.5378362948511625, 0.0967204704196335, 0.1192078864652243, -0.06670834629500028]
  ],
  "45": [
    [0.2275075161011547, -0.3939198118306653, -0.889527108099063, -0.4533029734550736, 0.1674591569863936, -0.1354966882629354]
  ],
  "46": [
    [-0.02780869354682334, 0.7385187520988953, 0.1604799656813294, -0.3744388229668643, 0.112592620632154, -0.5573851002137907],
    [-0.03183616110024998, 0.5983591458489488, -0.07424611482563317, 0.3361466894617616, -0.164706435353772, 0.7076434484605113]
  ],
  "47": [],
  "48": [
    [0.2453456617278933, -0.04929757089837786, -0.1817230142618038, 0.01568000668482086, 0.2171011016702681, 0.6200708118318643]
  ],
  "49": [],
  "50": [],
  "51": [],
  "52": [
    [0.5455157011327922, 0.3024331282360615, 0.858931704781706, -0.2420259128657534, 0.04909684195999039, 0.04644090825737447]
  ],
  "53": [],
  "54": [
    [-0.3097963819574987, 0.5551748194129943, -0.0819528525694559, 0.06617210253023632, 0.04485488218522465, -0.05222779875266971]
  ],
  "55": [
    [0.233203830939306, 0.04175437944698833, -0.111127179797698, 0.00306025646124579, 0.4990493063944702, -0.2124958933214319]
  ],
  "56": [],
  "57": [
    [-0.58770135577037, 0.04858227578292153, 0.403272968374136, -0.4729359266331084, -0.03361443064915788, -0.5552240786910686]
  ],
  "58": [],
  "59": [],
  "60": [],
  "61": [
    [0.4820739866194646, -0.7685215960120325, -0.5033361047580538, -0.2620543036514781, 0.0656825870162101, 0.0048553061905275]
  ],
  "62": [
    [-0.3289967535942758, 0.0959806679461605, -0.3856702632731353, -0.00371320809415104, 0.227352537960437, -0.2867716381105386]
  ],
  "63": [],
  "64": [],
  "65": [],
  "66": [],
  "67": [
    [-0.07668491107571807, 0.2732962989473973, -0.20242883223868, 0.1458926610978576, 0.0818293793499367, 0.03548520902688153]
  ],
  "68": [
    [0.2402753331100085, -0.1724931052352761, 0.4707421481035735, -0.04998604604588079, 0.6073159230275698, -0.5602148102357085]
  ],
  "69": [
    [-0.084523099389737, 0.05998186251999796, -0.268329556029439, 0.2772771794288268, 0.5289135271337081, 0.1746310768264998]
  ],