{
  "1": [],
  "2": [],
  "3": [],
  "4": [],
  "5": [],
  "6": [],
  "7": [],
  "8": [],
  "9": [],
  "10": [
    [-0.5314155106529753, 0.837237174503825, 0.912373618649445]
  ],
  "11": [],
  "12": [],
  "13": [],
  "14": [],
  "15": [],
  "16": [],
  "17": [],
  "18": [],
  "19": [],
  "20": [
    [-0.7657635578713544, 0.803940096613624, -0.1136633623156183]
  ],
  "21": [
    [-0.1875388681113401, 0.0915423994369625, -0.963593020434955],
    [0.1866509671520707, 0.0924375340284668, -0.963558903525224]
  ],
  "22": [
    [0.933702492622921, 0.942600787462442, 0.5515612719843787]
  ],
  "23": [],
  "24": [],
  "25": [],
  "26": [],
  "27": [
    [-0.3009929166477878, -0.7579615407279201, -0.921711379527413]
  ],
  "28": [
    [0.734518154695964, 0.801857990918438, 0.927954941793006]
  ],
  "29": [],
  "30": [],
  "31": [],
  "32": [],
  "33": [],
  "34": [
    [-0.6796766821579586, -0.923516077814207, -0.581402130691283]
  ],
  "35": [],
  "36": [],
  "37": [],
  "38": [],
  "39": [],
  "40": [],
  "41": [],
  "42": [],
  "43": [],
  "44": [],
  "45": [],
  "46": [],
  "47": [],
  "48": [],
  "49": [],
  "50": [],
  "51": [],
  "52": [],
  "53": [],
  "54": [],
  "55": [],
  "56": [
    [0.4636241754404661, 0.2142403614894457, -0.988913723788063]
  ],
  "57": [],
  "58": [],
  "59": [],
  "60": [],
  "61": [],
  "62": [
    [-0.806914231886559, 0.4908333794141932, 0.5915245377754847],
    [0.3370592007338026, -0.947624716583327, 0.867162452863434]
  ],
  "63": [
    [-0.3368375000119208, 0.854347468205834, 0.241901754410589],
    [-0.3326930849062677, -0.820392321523751, -0.169300720316232],
    [-0.3027253542173848, -0.3032883703367761, -0.5566332338840986],
    [0.2959549296058366, 0.2876169877389763, -0.6014068390750605]
  ],
  "64": [],
  "65": [
    [-0.6332769451153181, 0.5618927947604191, 0.1982832758651788],
    [-0.1313373706967164, -0.5186535780222464, 0.2021926903451139],
    [0.1243605748553548, 0.5637048386916392, 0.2021716307485355],
    [0.594561827307528, -0.5186091715868693, 0.1995043803228622]
  ],
  "66": [],
  "67": [
    [-0.5548805371559716, -0.7249057439951969, 0.827031365339067]
  ],
  "68": [],
  "69": [
    [0.987499153795441, -0.4643122871531868, -0.3353417599639122]
  ],
  "70": [],
  "71": [],
  "72": [
    [0.1485262299113747, 0.1024181899559489, -0.657509088143585]
  ],
  "73": [],
  "74": [
    [-0.6772877508163965, 0.48139126564088, -0.7393976677092206],
    [-0.5367829925053929, -0.511597020665911, -0.6845178668800735]
  ],
  "75": [],
  "76": [],
  "77": [
    [0.7364528678105638, 0.7505401859690788, 0.98229199357688]
  ],
  "78": [],
  "79": [],
  "80": [],
  "81": [],
  "82": [],
  "83": [],
  "84": [],
  "85": [
    [-0.5264706994566773, 0.1459309340468167, 0.6800088047225502]
  ],
  "86": [],
  "87": [
    [0.04149110356448897, 0.1129746886642111, -0.7149296841302243]
  ],
  "88": [],
  "89": [],
  "90": [
    [-0.702564573345499, -0.5002920848168863, -0.2780084536325875],
    [-0.5620940138036882, 0.5365562626508082, -0.2772718351558871]
  ],
  "91": [],
  "92": [],
  "93": [],
  "94": [
    [0.209158043144885, -0.970948584988316, 0.826966547961038]
  ],
  "95": [],
  "96": [],
  "97": [],
  "98": [
    [-0.003145622443796907, 0.3415305136652298, 0.881343091859361]
  ],
  "99": [],
  "100": [
    [0.945430344262479, 0.336839956715484, 0.5234583009365313]
  ]
}
