{
  "1": [
    [-0.552402854651638, 0.2443017961357055, 0.3239535364760143],
    [-0.3141189560224749, 0.3318882314143938, -0.3131487135300161],
    [0.3878832729475567, 0.3858211551768174, -0.3218836561821893],
    [0.5899195109195418, 0.5587526722719424, -0.3705760524370009],
    [0.6994154874226178, 0.836193010476953, 0.5431337396580443],
    [0.7979316675869063, 0.6757078371293925, -0.5551222487794726]
  ],
  "2": [],
  "3": [],
  "4": [],
  "5": [],
  "6": [],
  "7": [
    [0.4668642524199972, 0.998917628686417, -0.2898815172134457],
    [0.6398508547380535, 0.367357745463743, -0.2530396419755192]
  ],
  "8": [],
  "9": [
    [0.461616652159375, 0.2570449005539709, 0.931333596408937]
  ],
  "10": [],
  "11": [
    [0.6226052473974136, -0.5058104481864663, -0.3850503545872184],
    [0.6909455329125713, -0.02783416583292591, -0.2524827077588196],
    [0.7067663633702647, 0.2245016099648141, -0.2354332673160039]
  ],
  "12": [],
  "13": [],
  "14": [
    [-0.2373349847459529, 0.0838473241041551, -0.2847221573468395],
    [-0.01414041521025236, 0.0855607625744757, -0.7652125573853565],
    [0.01259593684938566, 0.0860552111490921, -0.826547807594005],
    [0.2386504778086987, 0.0836697398928545, 0.2832664824773703]
  ],
  "15": [
    [-0.4576814295592855, -0.842803393637635, 0.598498688163223],
    [-0.1722196239319892, -0.5754681048111295, -0.2407311958030203],
    [0.1675222689486181, 0.5498933102791232, -0.2699112099950441]
  ],
  "16": [],
  "17": [],
  "18": [],
  "19": [],
  "20": [],
  "21": [
    [0.4966810499442234, -0.1025250630674059, -0.1437103643866783]
  ],
  "22": [
    [0.0862125015285843, -0.914243626240961, 0.945910180557134],
    [0.3398315374115845, -0.0999950017096118, 0.920064301764812]
  ],
  "23": [],
  "24": [],
  "25": [
    [-0.7199782157392094, -0.5517380732483764, -0.944180864578527]
  ],
  "26": [],
  "27": [],
  "28": [],
  "29": [
    [0.0858153692656739, -0.0967644229155783, 0.4685489301996304]
  ],
  "30": [
    [-0.1674962350155486, -0.7298635900696993, 0.810015556089918],
    [0.3207744229508529, 0.3000040304200965, 0.7459840589872154]
  ],
  "31": [],
  "32": [],
  "33": [],
  "34": [
    [-0.29265392290588, 0.902928109153039, -0.02622764119653087]
  ],
  "35": [],
  "36": [],
  "37": [
    [-0.5202239724712575, -0.6013713962827557, 0.6589169872871976],
    [0.452408518364606, -0.5690320933165641, 0.7070038326281348]
  ],
  "38": [
    [0.0917919819673612, -0.997187419506195, 0.1562986377711786]
  ],
  "39": [],
  "40": [
    [-0.851884990670918, 0.5285157565498395, 0.0480342043342914],
    [0.794982944641378, 0.4246190154218145, 0.06495969350506817]
  ],
  "41": [],
  "42": [],
  "43": [
    [-0.7672430654925315, -0.7326394467297116, 0.5554357903279575],
    [-0.5364140397763012, 0.5089176880146717, -0.5119737731922228],
    [-0.3996183845927793, 0.4492928629684569, 0.771355614634434],
    [-0.3661967940322623, 0.2868107285244194, -0.7002269297164082]
  ],
  "44": [],
  "45": [],
  "46": [],
  "47": [
    [-0.6325223989265485, 0.6096292645336276, -0.1680910443798714],
    [0.6964454278824902, -0.6189908880805829, -0.2088519839828626]
  ],
  "48": [],
  "49": [],
  "50": [],
  "51": [
    [-0.7381850603286734, 0.4370305124869122, -0.207359170351201],
    [0.923246386305913, -0.4960467487291514, 0.7964939287029607]
  ],
  "52": [],
  "53": [
    [-0.3853531259223817, 0.877677113045512, 0.1114223921488905],
    [0.1389523184912604, -0.409822372769675, -0.814003043718744],
    [0.5579483464904563, -0.3601880955495046, -0.1743932806422738]
  ],
  "54": [
    [0.02228109183239861, -0.2386232888332092, 0.944981092507431]
  ],
  "55": [
    [0.5594149184076405, 0.95021281986967, -0.1546369339421189]
  ],
  "56": [],
  "57": [],
  "58": [],
  "59": [],
  "60": [
    [-0.5871805356865698, 0.827758972479859, 0.622362942872559]
  ],
  "61": [],
  "62": [
    [0.2159813451535535, 0.5647919754643361, -0.03753537318858408]
  ],
  "63": [],
  "64": [
    [-0.7050364587417886, -0.964695012535035, -0.923336701777956]
  ],
  "65": [
    [-0.4793795573631325, 0.1281402149754682, -0.2090050432094975],
    [0.5506498524807953, -0.3133576700913745, -0.2237425182507033]
  ],
  "66": [],
  "67": [
    [-0.1976064694769978, -0.7744750628569296, -0.3253167560811785],
    [0.954452777057982, -0.7047940406293282, -0.3070411707308925]
  ],
  "68": [],
  "69": [],
  "70": [
    [0.3382294885633888, 0.6917552395632635, -0.7560098746583557]
  ],
  "71": [],
  "72": [],
  "73": [],
  "74": [
    [0.831471306753227, -0.271139007007984, 0.848905387674575]
  ],
  "75": [
    [-0.839434174795993, -0.1600690124093946, -0.6829982578214643]
  ],
  "76": [
    [-0.2803651101657325, -0.4498894789368012, 0.4498908542926908],
    [-0.2803651101657325, 0.4498894789368012, 0.4498908542926908],
    [-0.081928505058534, -0.2299677541106445, -0.3383441144797483],
    [-0.081928505058534, 0.2299677541106445, -0.3383441144797483]
  ],
  "77": [
    [0.1568839905538524, 0.5068040700507866, 0.5246782661424066]
  ],
  "78": [],
  "79": [],
  "80": [
    [-0.5658664935204317, 0.5320807541931551, 0.7168471014414958]
  ],
  "81": [],
  "82": [
    [-0.879323239976193, 0.940057440967571, -0.4333814357979986]
  ],
  "83": [
    [-0.4043671817628509, 0.5602549962769752, -0.805878075324311]
  ],
  "84": [],
  "85": [],
  "86": [
    [-0.1654534762657968, -0.1190603933249845, -0.1299934561099272],
    [-0.1647630611631228, 0.1198019815895901, -0.1309606970020882]
  ],
  "87": [],
  "88": [],
  "89": [
    [-0.893069674560568, 0.2841636893013049, 0.3379145286191678]
  ],
  "90": [],
  "91": [],
  "92": [
    [-0.7523450705421382, -0.60637791462143, 0.5592299648912816],
    [-0.524499162303681, -0.6871321262727097, 0.6371203201859225]
  ],
  "93": [],
  "94": [],
  "95": [
    [-0.904000175980553, -0.5504737904529382, 0.6006265832402679],
    [0.6433707173477673, -0.7280288465777952, 0.4038132083180318]
  ],
  "96": [
    [0.4176337391625826, -0.6881586343414615, 0.131119938363362]
  ],
  "97": [],
  "98": [],
  "99": [],
  "100": []
}
