{
  "1": [],
  "2": [],
  "3": [],
  "4": [],
  "5": [
    [-0.7987935713224623, -0.850690767181266, -0.877022901596098],
    [-0.4071727699767314, -0.5879219985760288, 0.785857472000227]
  ],
  "6": [],
  "7": [],
  "8": [],
  "9": [],
  "10": [],
  "11": [],
  "12": [],
  "13": [],
  "14": [],
  "15": [],
  "16": [],
  "17": [],
  "18": [],
  "19": [],
  "20": [],
  "21": [],
  "22": [
    [-0.04017073089523898, -0.6671946556087263, 0.28578569030139]
  ],
  "23": [],
  "24": [
    [-0.3035834416690265, -0.937521702300828, 0.7741015036434818]
  ],
  "25": [],
  "26": [],
  "27": [
    [0.06956771614547946, 0.3101216375883817, -0.6003506493809775],
    [0.6059989944323076, -0.6976432111426086, -0.2440227796491213],
    [0.7685632109804909, -0.7762676647714416, -0.4577195198456816]
  ],
  "28": [
    [-0.7591114395281451, -0.5461415331236765, 0.221357082640422]
  ],
  "29": [
    [0.4337437182310328, -0.89956377482219, -0.1779879413864293]
  ],
  "30": [],
  "31": [],
  "32": [
    [-0.3070050268288532, 0.3008350063527009, -0.2992181605632526],
    [0.3070050268288532, 0.3008350063527009, -0.2992181605632526]
  ],
  "33": [
    [-0.3494422476214444, -0.523934362298349, -0.6956116255048257],
    [-0.3000282614839591, -0.4510382093602717, 0.6450003722736501]
  ],
  "34": [],
  "35": [],
  "36": [
    [0.5367388447472098, 0.06855861060682232, -0.1780856184385193]
  ],
  "37": [],
  "38": [],
  "39": [
    [0.873673395056732, -0.5404925285933069, -0.4207396074132728],
    [0.887294987118014, 0.4366461976243741, -0.4149889933890838],
    [0.916186066829503, 0.1003243348938414, -0.4029369663429971]
  ],
  "40": [],
  "41": [
    [-0.841610174890319, 0.3208240867067278, 0.6211702833225115],
    [-0.7395734856711124, 0.409445315342179, 0.5388438075862644]
  ],
  "42": [],
  "43": [],
  "44": [],
  "45": [],
  "46": [],
  "47": [
    [-0.6237269053658125, 0.6397190865438482, 0.2436533452168712],
    [-0.5259240257323131, -0.5485865511752314, 0.2879628771897989]
  ],
  "48": [],
  "49": [
    [0.1683822537785032, 0.1939432178548638, 0.2615870602397633]
  ],
  "50": [],
  "51": [
    [-0.2947018947906703, -0.3897061795104897, 0.3510036110882396]
  ],
  "52": [
    [0.96532253971456, 0.5821660109465526, 0.3002441764079284]
  ],
  "53": [],
  "54": [],
  "55": [],
  "56": [],
  "57": [
    [0.6800493839788896, 0.818400649321974, 0.3251528412906016]
  ],
  "58": [
    [0.945792530068833, 0.2060136203546832, 0.4783123798549182]
  ],
  "59": [],
  "60": [],
  "61": [],
  "62": [],
  "63": [
    [0.7590397184953707, 0.4520920475115575, 0.3253721195219539]
  ],
  "64": [],
  "65": [],
  "66": [],
  "67": [],
  "68": [
    [0.7105306446628133, -0.5748655280663088, -0.3575997300495307]
  ],
  "69": [
    [0.6876581008186643, -0.0669556197260044, 0.1743197588894858]
  ],
  "70": [],
  "71": [],
  "72": [],
  "73": [],
  "74": [
    [0.2663055529602831, 0.4752664343100986, 0.86670520702271]
  ],
  "75": [
    [0.4611008222180267, -0.914489202420952, -0.4167120627738635],
    [0.734717078281586, -0.915752742997282, -0.4075187953969399]
  ],
  "76": [],
  "77": [],
  "78": [
    [-0.6194378079161471, 0.6249598147253778, -0.941744734120369]
  ],
  "79": [],
  "80": [],
  "81": [],
  "82": [],
  "83": [],
  "84": [],
  "85": [],
  "86": [
    [0.7684790947871668, 0.07907919134503537, -0.7646124021309153]
  ],
  "87": [
    [0.3130521145539217, -0.3476154517406465, -0.7887432816957877]
  ],
  "88": [],
  "89": [],
  "90": [],
  "91": [],
  "92": [],
  "93": [
    [-0.92634427090872, 0.935519457655662, -0.978155491471092]
  ],
  "94": [],
  "95": [
    [-0.993265250979373, 0.5003396326852652, -0.3948223027855962],
    [0.0880580248488285, 0.142937161515624, 0.5145938211729755],
    [0.2509456038608814, 0.1505083941585013, -0.510120395182514]
  ],
  "96": [],
  "97": [],
  "98": [],
  "99": [
    [0.1160838518826792, 0.735774119332537, 0.4559659634306218],
    [0.1167633186690814, 0.736031892245502, -0.5070621103963391],
    [0.5295662903981444, 0.7393414954745438, -0.844879807272711]
  ],
  "100": []
}
