{
  "1": [],
  "2": [],
  "3": [],
  "4": [
    [-0.991172437114775, -0.2792218564795084, 0.1871072636390731],
    [-0.1254908664790201, -0.7001814612954388, -0.2320570824771827]
  ],
  "5": [],
  "6": [],
  "7": [],
  "8": [
    [-0.960662998104023, -0.2450531198299135, 0.7365231510944249]
  ],
  "9": [],
  "10": [
    [0.3619455184701624, 0.6885042873872179, -0.7146132552462905]
  ],
  "11": [
    [-0.0825072188481904, -0.6155674911114728, -0.545895261525051],
    [-0.07678084105511379, 0.869135769934362, -0.7385185102936255]
  ],
  "12": [],
  "13": [
    [0.3912290829857248, 0.84658587624143, -0.884127224669505]
  ],
  "14": [],
  "15": [],
  "16": [],
  "17": [],
  "18": [],
  "19": [],
  "20": [],
  "21": [
    [-0.871987584715575, 0.6675917547304431, -0.922825999617567]
  ],
  "22": [],
  "23": [
    [0.2969596523577869, -0.1424805586022095, -0.7126604512985071]
  ],
  "24": [
    [0.900271969231372, 0.01099086081491322, 0.4584486667179012],
    [0.901218455790927, 0.01099086081386671, -0.4581261307675388]
  ],
  "25": [],
  "26": [
    [-0.920047050480513, -0.900975609662432, -0.94062890113063]
  ],
  "27": [],
  "28": [],
  "29": [],
  "30": [],
  "31": [
    [-0.863557481011929, 0.2109146150940692, 0.7479238004398553]
  ],
  "32": [
    [-0.04693847697463188, 0.0349834024741924, -0.4518234568372859],
    [-0.04009224555907366, 0.03497502050223517, 0.4519990189237205]
  ],
  "33": [],
  "34": [],
  "35": [
    [-0.4218907209361098, 0.809904080347919, -0.1274588707288727]
  ],
  "36": [
    [-0.7932462005823852, 0.5427786329574541, -0.05211129125345487]
  ],
  "37": [],
  "38": [
    [-0.983591130625768, 0.7966131767420906, 0.4900440334603966]
  ],
  "39": [],
  "40": [
    [0.7371992920904916, -0.05370151853264757, 0.897920396374003],
    [0.7373517125186774, 0.05072071783848387, -0.957778232705936]
  ],
  "41": [],
  "42": [],
  "43": [],
  "44": [],
  "45": [],
  "46": [],
  "47": [],
  "48": [],
  "49": [],
  "50": [],
  "51": [],
  "52": [
    [-0.863168529413884, -0.5197522217662813, 0.4921991021026399],
    [-0.5018347517747692, -0.460460873711189, 0.997654188114572]
  ],
  "53": [],
  "54": [],
  "55": [
    [0.2126903195571922, 0.927155714221521, 0.910511461468107]
  ],
  "56": [],
  "57": [],
  "58": [
    [0.3042920848058351, 0.996866583878123, -0.3906589854534079],
    [0.4180813593038205, 0.930878343059429, -0.3892854988673124]
  ],
  "59": [
    [0.3407065547587311, -0.814581494780301, -0.77848204380781]
  ],
  "60": [
    [0.896502804411954, 0.6350854598336737, -0.916366837366562]
  ],
  "61": [],
  "62": [],
  "63": [
    [-0.5188905916686314, 0.54966530861334, -0.3842687970283814]
  ],
  "64": [
    [-0.928241138323112, 0.91166431277514, -0.5447537532660206],
    [0.941990014144809, 0.906844660335169, 0.5418355662982536]
  ],
  "65": [
    [-0.777941408120215, -0.7036176450548596, -0.6413334119662153]
  ],
  "66": [
    [0.6809478490490807, 0.3150681972269266, -0.886173803818901]
  ],
  "67": [],
  "68": [],
  "69": [],
  "70": [],
  "71": [],
  "72": [],
  "73": [],
  "74": [
    [-0.3275221936893838, 0.945811994846348, -0.5716940404319598],
    [0.7960605551493454, 0.3966837574077045, 0.970527965467627]
  ],
  "75": [],
  "76": [],
  "77": [
    [-0.4224706105114605, -0.7276044119693758, 0.6279731536051562]
  ],
  "78": [],
  "79": [],
  "80": [
    [0.6767238632200866, -0.7580773306611183, 0.3518868837664402]
  ],
  "81": [],
  "82": [],
  "83": [],
  "84": [],
  "85": [],
  "86": [],
  "87": [
    [-0.5444634382649246, -0.577109879462106, 0.772045664107371]
  ],
  "88": [
    [0.73046927264777, -0.4719864546979835, -0.246649883162633]
  ],
  "89": [],
  "90": [],
  "91": [],
  "92": [
    [-0.04595846672202244, 0.917339952020744, -0.2989510500154346]
  ],
  "93": [],
  "94": [],
  "95": [],
  "96": [
    [0.956619434300715, -0.960368535226756, 0.5865085687340706]
  ],
  "97": [],
  "98": [],
  "99": [],
  "100": [
    [-0.885296067667169, -0.03814896016898109, 0.3910283943746786],
    [-0.1949968997809821, -0.7636516729823065, 0.4321406794891248]
  ]
}
