{
  "1": [],
  "2": [],
  "3": [],
  "4": [],
  "5": [
    [0.02636480117296505, -0.1308801677011854, -0.3990067881988988]
  ],
  "6": [
    [-0.7389927898309328, -0.1922658922807336, -0.7237745801695049]
  ],
  "7": [
    [-0.4003577967970599, -0.968784928990162, -0.2667110621184998],
    [-0.1031970383305684, -0.1147973989736666, -0.7726229919583789],
    [-0.06518290834503623, -0.1423501657569456, 0.6929963932189324]
  ],
  "8": [],
  "9": [],
  "10": [
    [-0.5892568772858383, 0.1113949779702567, 0.6920316324424174]
  ],
  "11": [],
  "12": [],
  "13": [],
  "14": [
    [-0.2248967643680434, -0.7637634228784336, 0.5176996714482262]
  ],
  "15": [],
  "16": [],
  "17": [],
  "18": [
    [-0.00755482779700367, 0.6234736057951848, 0.1460737311933805]
  ],
  "19": [],
  "20": [],
  "21": [],
  "22": [
    [0.1134618364681832, 0.1653696754433679, 0.5219462076302641]
  ],
  "23": [
    [-0.6480614707995348, 0.03494915071130769, -0.4743495888313129],
    [0.7679028003369569, 0.04698254606783369, 0.4912295636229175]
  ],
  "24": [
    [-0.093654767087252, -0.1703580396769092, -0.4804363409640494]
  ],
  "25": [
    [-0.2475397005267838, 0.857781433607655, 0.3062563926575949],
    [0.239222745666041, 0.818220361031409, -0.3402562053177233],
    [0.7615540598022815, 0.1271887505731815, -0.938249110233422]
  ],
  "26": [
    [0.7217497321810766, 0.1095753558165645, -0.1629740927202024]
  ],
  "27": [],
  "28": [
    [-0.6963435537720294, 0.2886695849734977, -0.3507950959162293],
    [0.6907868409707582, 0.3487106632463555, 0.3404432447011177]
  ],
  "29": [],
  "30": [],
  "31": [
    [-0.892386521655943, 0.5125550150821706, -0.3297182797265675]
  ],
  "32": [
    [-0.850522274756132, 0.1550116936943296, 0.4361952889433449]
  ],
  "33": [],
  "34": [
    [-0.4278145874942379, -0.6447582114228868, 0.522417418740374]
  ],
  "35": [],
  "36": [],
  "37": [
    [0.2069668583193891, -0.7484543368293505, 0.3014375496565823],
    [0.2090073773084156, 0.6901636199844072, 0.3174875941828776]
  ],
  "38": [],
  "39": [],
  "40": [
    [-0.6012862794454975, -0.2884826914364645, -0.7948177808115808]
  ],
  "41": [],
  "42": [
    [-0.3415659989654166, 0.666272958820556, 0.5248787514500931],
    [0.4984329498084512, -0.87237501302718, -0.3158967670048815],
    [0.5657343543254388, 0.814230602595373, -0.1803013012896623]
  ],
  "43": [
    [-0.4813249326065528, -0.3385006289816645, -0.3712341226023295],
    [-0.2001266176581394, 0.92502529224646, -0.7402441969780919],
    [0.1947579102712508, 0.5005138263004573, 0.6352615447315257]
  ],
  "44": [
    [-0.1838828682867584, -0.2325391610406573, 0.0619253145721154],
    [-0.14321292530812, 0.2207719157824475, -0.05786954560637598],
    [0.1415807945373489, -0.2424506828606339, 0.05790538572233843],
    [0.180949178896175, 0.2044370564960661, -0.06090856208157446]
  ],
  "45": [
    [0.6761116196826467, 0.5542352093725387, -0.997285731608697]
  ],
  "46": [],
  "47": [
    [-0.6683704590999522, 0.2702893801534833, -0.3568317834469816]
  ],
  "48": [
    [-0.91311486499699, 0.917707402957785, -0.858460506660363]
  ],
  "49": [],
  "50": [
    [-0.466559772336971, -0.848430512087542, 0.161574556307956]
  ],
  "51": [],
  "52": [],
  "53": [
    [0.457480969530644, 0.2147456953412857, -0.3988533910451747]
  ],
  "54": [
    [-0.6451232818615676, -0.02165507958637378, 0.2861592308096936],
    [0.5558221671425811, -0.02259027253249817, -0.1751149774300285]
  ],
  "55": [],
  "56": [],
  "57": [],
  "58": [],
  "59": [],
  "60": [
    [0.0929045289397284, 0.6564629049253266, 0.2820690989811887]
  ],
  "61": [
    [0.375257540056198, 0.938241903067466, 0.06880757316193153]
  ],
  "62": [
    [0.4844198823448282, -0.1018837914240547, -0.1200977222502415]
  ],
  "63": [
    [-0.1746537957749821, 0.04037119416150617, -0.823590546754063]
  ],
  "64": [],
  "65": [
    [0.7191720141874146, 0.5402324635828406, -0.3660745361477887],
    [0.854480366559058, 0.839941363193228, -0.07330905534079948]
  ],
  "66": [],
  "67": [],
  "68": [
    [-0.02844285119753633, -0.06509150173395614, 0.851360646891057]
  ],
  "69": [
    [-0.6496760704507826, -0.0903276221478459, -0.07173243902273443],
    [0.6520846273948118, -0.0903406606661132, -0.07160947400839852]
  ],
  "70": [],
  "71": [
    [-0.826708450085126, -0.3461529420769644, -0.3098623926560804]
  ],
  "72": [],
  "73": [],
  "74": [
    [-0.729620605812694, 0.07996113451073315, -0.1388057694163064],
    [0.7885018327774993, 0.0918885780373855, -0.06635849913258028],
    [0.7885018327774993, 0.768884781359924, -0.06635849913258028]
  ],
  "75": [],
  "76": [],
  "77": [
    [-0.387202324502514, 0.03650979827800421, 0.3387124931669497],
    [-0.3527008778364979, 0.01450309236333139, -0.32113565534067]
  ],
  "78": [],
  "79": [
    [-0.1184182211536055, -0.0305820935905879, -0.1656070087625927]
  ],
  "80": [],
  "81": [],
  "82": [],
  "83": [
    [-0.6802704594425647, -0.2168432071400983, 0.984451665569775]
  ],
  "84": [],
  "85": [
    [-0.837156236436017, 0.5394894455975957, 0.3755069446172921],
    [0.194829710564613, -0.247718289848636, 0.3661560327000801],
    [0.447934810924142, -0.4774048073074285, -0.0913919004929763]
  ],
  "86": [
    [-0.1964987437922254, -0.79029032224483, 0.3780797878655926]
  ],
  "87": [],
  "88": [],
  "89": [
    [-0.2655388218575634, 0.897103302300999, 0.3293108575536396]
  ],
  "90": [],
  "91": [
    [-0.161861593452009, -0.4942652050062863, -0.0824474869329166]
  ],
  "92": [],
  "93": [
    [-0.05014559356343745, -0.1846332501361171, 0.04919681927993971],
    [-0.04571500936830996, 0.241076586835469, 0.04922489074388208],
    [-0.04093631171240398, 0.923749725468586, 0.04925525574360719]
  ],
  "94": [],
  "95": [],
  "96": [],
  "97": [
    [0.389387585259716, 0.4464497926618437, 0.6120228046941526]
  ],
  "98": [
    [-0.7831136401102322, 0.1333255976716679, -0.3782278376971065],
    [0.7538574892169743, 0.1451572963816258, 0.3830734896099387]
  ],
  "99": [
    [-0.816353998632102, -0.4478486611818557, -0.3749183562829117],
    [-0.3120183593180495, 0.6029594893763274, -0.1706167584388858],
    [0.3476032369462142, 0.5328758021117559, 0.1519396660701159],
    [0.6225653590458037, -0.4288134233641133, 0.2682683031322145]
  ],
  "100": [
    [0.01286009114251475, -0.06463999572965747, 0.5164051479890253]
  ]
}
