{
  "1": [],
  "2": [
    [0.1696936266245916, -0.07089071547862497, 0.890543872812335],
    [0.5867565213947532, -0.06579583082283624, -0.852608584550443]
  ],
  "3": [
    [-0.1283716052263506, 0.347607765421944, -0.697090410090251],
    [0.06664364633865569, 0.3380539888997505, 0.6667613660750206]
  ],
  "4": [
    [0.1695847802243262, -0.05518928762233834, -0.922439307057278]
  ],
  "5": [
    [-0.2479841808740616, 0.04347671563804245, -0.2241994858736813],
    [0.06228190681146887, 0.00395360736889323, -0.2332218948895022]
  ],
  "6": [],
  "7": [
    [0.03301762224601617, 0.0101807262469347, -0.7893597543679195]
  ],
  "8": [
    [-0.2337085605145027, 0.6247356478975084, -0.1261224430402524]
  ],
  "9": [
    [-0.3279571545244214, 0.3169161684081971, -0.2984857601879229]
  ],
  "10": [],
  "11": [],
  "12": [
    [0.2191814263384354, -0.3188963557410721, -0.957776109984162]
  ],
  "13": [],
  "14": [],
  "15": [
    [-0.957235869317487, -0.6330504829901519, -0.973291887516336],
    [-0.01241109797497286, 0.2768653583617592, 0.5266785334735085],
    [-0.01061449381064174, -0.5315630442373926, 0.1246634134401727]
  ],
  "16": [
    [-0.7200558802890131, -0.1208764794042185, 0.1759724965216726]
  ],
  "17": [
    [-0.3685650295192394, -0.4264230953809304, 0.5579301744208193]
  ],
  "18": [],
  "19": [],
  "20": [
    [-0.3357508924053, -0.0986005863159859, -0.0958817974695529],
    [0.7181626519685992, 0.4656121215572329, -0.06693972066516524]
  ],
  "21": [
    [-0.893894880942435, 0.2517850398228005, 0.04411430765871261],
    [-0.1650842137948946, -0.1341241908920575, -0.6689602928089355]
  ],
  "22": [
    [0.2563514689867264, -0.0220197983904936, 0.06717853280303741]
  ],
  "23": [],
  "24": [
    [-0.1724334943508924, -0.01955472655414976, 0.00825937703647869]
  ],
  "25": [],
  "26": [
    [0.0990054363814151, 0.4743450289862698, -0.7422123885433494]
  ],
  "27": [
    [0.7712800462471558, -0.7831341875177147, -0.0734708245865299]
  ],
  "28": [],
  "29": [],
  "30": [],
  "31": [],
  "32": [
    [-0.2651032382461139, -0.05976109693140752, -0.231551936899866],
    [0.132153058656426, -0.03107285920067969, -0.26336766271523]
  ],
  "33": [
    [0.3573045976036849, -0.4568231778456788, -0.4040253225994473]
  ],
  "34": [
    [0.4413111138555895, 0.808890372095281, -0.3286069754957991]
  ],
  "35": [],
  "36": [
    [-0.1803148111931488, 0.5407280882460167, -0.983920045274719],
    [0.1333817357150693, 0.6454007329475665, 0.4426634625565637],
    [0.2113978154767687, -0.7548755590272228, -0.6161569436914508]
  ],
  "37": [],
  "38": [
    [0.2084286223926673, -0.01760915084823477, -0.5963191942598342]
  ],
  "39": [],
  "40": [],
  "41": [],
  "42": [
    [0.0971210963928334, 0.6121463718547537, -0.481934655064641]
  ],
  "43": [],
  "44": [
    [0.00437119322776722, -0.2287383387858371, 0.1029246758710056]
  ],
  "45": [
    [-0.119381876946879, 0.089817616868955, 0.878979260782228],
    [0.1437941400671618, -0.07176808193649181, 0.7011253419426077]
  ],
  "46": [
    [-0.0004578659446620631, 0.6286031904011501, -0.06865774526137548]
  ],
  "47": [
    [-0.815093372013061, -0.3461417106677052, -0.163056482360128],
    [-0.02639729546917665, 0.4880573086264087, -0.00174167941880654]
  ],
  "48": [
    [-0.494294627384854, -0.0928007720450041, -0.06672559837957279]
  ],
  "49": [
    [-0.6881489923104467, 0.4375105335169174, -0.2700737608367962],
    [-0.6425462286261067, 0.2039076610870257, -0.1629602384230359],
    [0.7428264231114394, -0.04614910940492431, -0.1154990344030185]
  ],
  "50": [],
  "51": [],
  "52": [
    [0.2050352094745556, -0.02850843891979332, -0.1484424701121116]
  ],
  "53": [
    [0.2642107898237376, 0.332636759615086, 0.5516114490443932],
    [0.398083023235565, -0.2653534832064828, 0.6190584398547861],
    [0.7618781346425941, -0.2779940622963182, 0.5138391477122425]
  ],
  "54": [],
  "55": [
    [-0.222345393330018, -0.654333861306433, 0.0837032668761837]
  ],
  "56": [],
  "57": [],
  "58": [],
  "59": [
    [0.04918323975361561, -0.1010373275313498, 0.3417628711338114]
  ],
  "60": [],
  "61": [
    [-0.0888448647615905, 0.0816859976285109, -0.4269730818971692],
    [0.0877504233799201, 0.0917480551528452, 0.4284390943741122]
  ],
  "62": [],
  "63": [
    [-0.5730109999075518, -0.605285709142437, -0.6897306133754033]
  ],
  "64": [],
  "65": [
    [-0.884893061070508, -0.2205436140403028, -0.575371827516213],
    [0.3397342153854815, 0.07976862186067397, -0.3757783473025231]
  ],
  "66": [],
  "67": [],
  "68": [
    [-0.01045871460714646, -0.3541704582656096, 0.6060040406746796],
    [-0.01039257568359834, 0.3540933721899738, 0.5927654797080334]
  ],
  "69": [],
  "70": [],
  "71": [],
  "72": [],
  "73": [
    [-0.2504743007348156, 0.06975851684614891, -0.2058232210051384]
  ],
  "74": [
    [-0.2414003604072124, -0.922457768799398, -0.109180652217493],
    [-0.2250662923860263, 0.6238410006999915, -0.2233709663479139],
    [-0.1301873439462463, 0.5671413538329168, -0.1646871631874925],
    [-0.1000987300680849, -0.4735426839633943, -0.1357811057996489]
  ],
  "75": [
    [-0.4409299979436017, 0.7594663425042759, -0.817258937166547]
  ],
  "76": [],
  "77": [],
  "78": [
    [0.7146335325694472, 0.1560565895480931, 0.3935277913901048],
    [0.857367722201925, 0.1352368508777845, -0.00862535795660329]
  ],
  "79": [
    [0.5779356729557218, 0.5576670052769503, 0.4920626253245893],
    [0.7576468307550163, -0.7661485092641213, -0.3692691005423068]
  ],
  "80": [
    [-0.2178440388793984, 0.01162055563845775, -0.0314185498508635]
  ],
  "81": [
    [-0.4432138598746171, 0.07666403412116392, 0.1777164170139972]
  ],
  "82": [
    [-0.7926281574444948, -0.01832395537426093, 0.4835272139102098]
  ],
  "83": [],
  "84": [
    [-0.4633126880503303, 0.3152199886310822, -0.1850653446113121],
    [-0.3556848411110065, 0.5877948750875582, -0.02018955311628299],
    [-0.3366038517926204, -0.5652415209257631, 0.05761675420986997],
    [-0.3261779287496972, 0.2865687020017292, 0.1880077428491829]
  ],
  "85": [
    [0.988455516100282, -0.1345838394360428, -0.303651050949605]
  ],
  "86": [],
  "87": [
    [-0.4732436662933556, 0.87710042875916, 0.3111102674100393]
  ],
  "88": [],
  "89": [],
  "90": [],
  "91": [
    [-0.5447152803763032, -0.2635051878706207, 0.1199953716637573]
  ],
  "92": [
    [0.3779006776945103, -3.151201352518345e-05, 0.11135518628544]
  ],
  "93": [],
  "94": [],
  "95": [],
  "96": [
    [0.05543781209411093, -0.5863984561233179, -0.4548523700484549]
  ],
  "97": [],
  "98": [],
  "99": [
    [-0.4190224776971837, 0.913583587257919, -0.121527002878143],
    [0.4438368069158916, -0.910096657642505, -0.1231547348737533],
    [0.6566057283310918, -0.978401179748495, -0.2594053265618741]
  ],
  "100": []
}
