{
  "1": [],
  "2": [],
  "3": [],
  "4": [],
  "5": [],
  "6": [],
  "7": [],
  "8": [],
  "9": [],
  "10": [],
  "11": [],
  "12": [],
  "13": [],
  "14": [],
  "15": [
    [0.3390619851243503,0.21463544763704145,0.777748054259925,0.7297060102023826,-0.6619843373292205,0.09031660898856299]
  ],
  "16": [],
  "17": [],
  "18": [],
  "19": [],
  "20": [
    [-0.7436251306483851,0.2445137135871782,0.051463871699687073,0.9358260321743395,0.7310212316219602,0.10894722649991483]
  ],
  "21": [],
  "22": [],
  "23": [],
  "24": [],
  "25": [],
  "26": [],
  "27": [],
  "28": [],
  "29": [],
  "30": [],
  "31": [],
  "32": [],
  "33": [
    [0.053716968256191204,-0.19878686485960645,0.024292443593588637,-0.9919889310392759,0.3640200906789952,0.8659015453313473],
    [0.05371881093892641,0.22439855200826406,0.02429078223971828,-0.9929156994521916,0.3539625792428885,0.8672832649539944]
  ],
  "34": [],
  "35": [],
  "36": [],
  "37": [],
  "38": [],
  "39": [],
  "40": [
    [-0.30957368177920547,0.007845783699688608,0.4415031623657646,0.9117345808829924,0.504254923930004,-0.4199541644624659]
  ],
  "41": [],
  "42": [],
  "43": [],
  "44": [],
  "45": [],
  "46": [],
  "47": [
    [0.7413330735478175,-0.5588892628455411,-0.057212234266245124,-0.38199459061376184,-0.5299529594413918,-0.006138773671247935]
  ],
  "48": [
    [0.03452461072849525,-0.32957665530043023,0.3833712778803688,-0.44903950744824234,0.9562139842712735,-0.051410883864161795]
  ],
  "49": [],
  "50": [
    [0.9717235167884767,-0.4477745180811787,-0.01629009690824413,0.06462006831955969,0.2741270277694419,-0.8979954265829783]
  ],
  "51": [],
  "52": [],
  "53": [],
  "54": [],
  "55": [],
  "56": [
    [-0.6000764697849039,0.08190757249127666,-0.11996345916205907,-0.34840468044752276,0.16756447859967336,0.6101305009282149]
  ],
  "57": [],
  "58": [],
  "59": [],
  "60": [],
  "61": [],
  "62": [],
  "63": [],
  "64": [],
  "65": [
    [0.46770745202711617,0.29511468443745154,-0.4321150223021194,0.9789628359356634,0.02865201872970048,-0.13696909443104158]
  ],
  "66": [
    [0.11222979944417266,0.041472130916191244,0.5768962166934161,0.4488245289415253,0.192683512255324,0.4392488659614125]
  ],
  "67": [
    [0.7451208773473008,-0.2199702188227912,0.43867119097786345,0.08483381797890219,0.2700335586179883,0.3970290525113879]
  ],
  "68": [],
  "69": [],
  "70": [],
  "71": [],
  "72": [],
  "73": [],
  "74": [
    [0.7156354149159126,-0.10101955377622475,0.3348890072565588,-0.2980481834727676,-0.661353949576629,-0.22335546283138732],
    [0.33370626197681985,0.05933038006887793,-0.3696202554935356,0.3685553688075059,-0.13151608842106033,0.5656928865332168]
  ],
  "75": [
    [-0.02667303747513413,0.5711500903320218,0.08214519529820702,-0.7843852066567011,0.19774876536824884,-0.686704087671212]
  ],
  "76": [],
  "77": [],
  "78": [],
  "79": [],
  "80": [],
  "81": [
    [-0.13951696444649814,-0.04465318827224982,-0.8642479220103654,-0.1524385859055072,-0.1186388003178145,-0.23949735133811842]
  ],
  "82": [],
  "83": [],
  "84": [],
  "85": [],
  "86": [],
  "87": [],
  "88": [
    [-0.7714590835351974,-0.943807662850108,0.9380994393355229,-0.5184455412580862,0.022951049533165825,0.09058334096878319]
  ],
  "89": [],
  "90": [],
  "91": [
    [0.30545931436335594,-0.8967434591398625,0.5729009397601385,-0.5190800946033578,-0.9217102872904928,0.4102988557412544]
  ],
  "92": [],
  "93": [],
  "94": [
    [-0.32440155343899413,0.07196000776354586,0.7759253220283479,-0.9159958053959447,0.6706694780452813,-0.11277006752316585],
    [0.8751563463132128,-0.04133070412026471,0.10108102849760287,-0.8431096736778001,0.3843541831762339,-0.12755046668349485]
  ],
  "95": [],
  "96": [
    [0.2678140568182457,-0.15845790820245417,-0.8346352840697066,-0.02274004674884188,0.9658040747645826,0.25786141704935867]
  ],
  "97": [
    [-0.22322176217745274,-0.4851769519554399,-0.1014943258039111,-0.4980358485604519,0.4742594549561848,0.45188573851379893],
    [-0.95612897389303,-0.4749384572344583,0.06010583265075899,-0.1954275986123486,0.5129670097307016,0.45260566911665717],
    [-0.9882232036413066,-0.46358025461550406,0.05367450404124823,0.21419929685656164,0.4900235607898078,0.4541844872431267],
    [0.025820427819138292,0.48588330414983416,-0.1900998209356435,-0.6476395982886989,0.4607005071895864,0.3426384305120429],
    [0.8507215150734493,0.4698007967078089,0.03840010483703923,0.23361198430578595,0.47506915015206985,0.34065791022724823]
  ],
  "98": [],
  "99": [],
  "100": []
}
