{
  "1": [],
  "2": [
    [0.7117476126926219,-0.8642108488347185,-0.7199793369527326,0.4377730992499681,0.46788002756050073,-0.2901023581084584],
    [0.7813674361628911,-0.7842413805609028,-0.7016124197199964,0.678711165727974,0.6113066461830823,0.2819608726811829]
  ],
  "3": [
    [-0.8806631093121263,0.3207924516232488,-0.39543507258418764,-0.2910091470117802,0.19740548983492512,-0.6926350604909538],
    [0.21075349119939069,0.5425388170386858,-0.7469371188475641,0.5200237686066337,0.09250315914466004,0.42233948143224886]
  ],
  "4": [
    [0.18675119363239168,0.44692499392095,0.2456083910945227,-0.5635350529286951,-0.8291941757051308,0.7148537567714068]
  ],
  "5": [],
  "6": [],
  "7": [],
  "8": [
    [-0.2302108204811213,-0.15459043445148782,-0.039983678704690884,0.42304317205068326,0.6804841638034136,0.39155072119030504]
  ],
  "9": [],
  "10": [],
  "11": [
    [0.8483694616365391,0.7794235160899562,0.13410281293570797,-0.85783539769144,-0.18002230325266338,-0.26093245050169284]
  ],
  "12": [],
  "13": [],
  "14": [],
  "15": [
    [-0.8680632884735624,-0.1356606807148427,-0.03447538766954527,0.554941631111539,-0.431487914431646,0.5606812317476875]
  ],
  "16": [],
  "17": [],
  "18": [],
  "19": [],
  "20": [],
  "21": [
    [-0.47692774244465513,-0.09020828388827193,-0.42004226243531917,0.7964978003992812,0.9868148121935278,-0.6209658338067248],
    [-0.36621049331237,0.9653496376908419,-0.5571190080288471,-0.1642938401637841,0.5544049610814671,0.7450585364065205]
  ],
  "22": [],
  "23": [
    [0.8879415414750146,0.9884528167759513,0.21955712954395923,-0.2868813306514561,0.3987769866295805,0.573591625656445]
  ],
  "24": [],
  "25": [],
  "26": [],
  "27": [],
  "28": [],
  "29": [],
  "30": [],
  "31": [],
  "32": [],
  "33": [],
  "34": [
    [0.149314827764375,0.9340378011989265,0.994933351762821,-0.7736329739530684,-0.1618671924681306,-0.9992847861073133]
  ],
  "35": [],
  "36": [],
  "37": [],
  "38": [
    [-0.1586016151979382,0.7968512331093291,-0.5136069139083742,0.15526028673905812,-0.7689164009820222,0.6418743717977023]
  ],
  "39": [],
  "40": [],
  "41": [],
  "42": [],
  "43": [],
  "44": [],
  "45": [],
  "46": [],
  "47": [],
  "48": [],
  "49": [],
  "50": [
    [0.11393038342972363,0.6204476911031238,-0.7493665503051365,-0.8266480127656999,-0.5069890308467384,0.8211644358354734]
  ],
  "51": [],
  "52": [
    [0.16628960966506112,-0.40824494684612,-0.09396038591518427,-0.08360040400279888,0.09511455748080447,0.7734042536643019],
    [0.5787808252527373,0.12217756970911746,-0.09716464068929115,-0.20535346295282172,0.09589093592800818,0.28018350095199956]
  ],
  "53": [],
  "54": [],
  "55": [],
  "56": [],
  "57": [],
  "58": [
    [0.9712324646605358,-0.24072879562096472,-0.3170529839375233,0.2792020389010172,0.030456631349571394,0.1955147093764963],
    [0.4140907428240268,0.10611012620070251,-0.8643707533709718,0.08914740615229401,0.28565530142176715,-0.8371837837135737]
  ],
  "59": [],
  "60": [
    [0.9662800868737119,0.32980102442009235,-0.5944257330395545,-0.19740325124810565,0.13584552683622486,0.9764053443725783]
  ],
  "61": [],
  "62": [],
  "63": [],
  "64": [
    [-0.4537945343140291,0.030883677316495235,-0.3017258088351781,0.08593233416778119,-0.3980458491893847,0.711570953114861],
    [-0.5111304788908504,0.031154912707671914,-0.18723822942521381,0.08512522834097754,0.35963474913291005,0.6639925067910437],
    [0.9207213523184146,0.03153668216035679,-0.250515684062375,0.15052122231146087,-0.3811953652467128,0.3519976158723979],
    [0.9250534134133955,0.030966607192717373,-0.04601928151309665,0.1533971601942403,0.30522003899120387,0.3633458144611328]
  ],
  "65": [],
  "66": [
    [0.26533017597906644,-0.06187102001751673,-0.08421591852869759,-0.2986588168912413,0.8847596810358372,-0.4899119756416647]
  ],
  "67": [],
  "68": [
    [-0.9259984359824092,-0.7481131003195163,0.8635883386503777,0.9841326666531541,0.5645020773786817,-0.4109299880724694]
  ],
  "69": [],
  "70": [],
  "71": [],
  "72": [],
  "73": [],
  "74": [],
  "75": [],
  "76": [],
  "77": [],
  "78": [],
  "79": [],
  "80": [],
  "81": [
    [0.11574774406663794,0.33508889232269196,0.9466114649316392,-0.42669450149569543,-0.19566144255805576,-0.928533289671801]
  ],
  "82": [],
  "83": [],
  "84": [],
  "85": [
    [-0.23259329571267384,-0.7335900503072761,-0.6010339821291932,-0.14693777301140193,0.3444370095699299,0.024285839853007002],
    [-0.23273068146649553,0.7337147627603015,0.611731618930096,0.14771020234146265,0.3440887629214025,0.028859321356460806],
    [0.23705981981437824,-0.7280174889037304,-0.5993592652025517,-0.1482121985482742,0.34458700850337326,0.025802316106176244],
    [0.23822285712769875,0.7268726993730614,0.6100377243853825,0.14934037660230806,0.34426248001642556,0.03104842776937242]
  ],
  "86": [],
  "87": [],
  "88": [],
  "89": [
    [-0.6591191569213621,0.3861128697823718,-0.8781238728823266,0.7109054393068706,0.6179742037765212,-0.4512485346477897]
  ],
  "90": [
    [-0.5134154690104206,0.9523739008057504,-0.5339139828870778,0.7583400190918802,0.599602268789093,-0.1536872426400048]
  ],
  "91": [],
  "92": [],
  "93": [],
  "94": [],
  "95": [],
  "96": [],
  "97": [],
  "98": [],
  "99": [],
  "100": []
}
