{
  "1": [
    [-0.5443496472937946,0.34608753254049035,0.06409828890089585,-0.4036808944352445,0.03498362944741205,-0.12737536583825776]
  ],
  "2": [],
  "3": [],
  "4": [
    [0.1432004472643998,-0.5432995541547326,0.02073840639264774,-0.6366798722650737,0.12239081068219097,0.850910621581645],
    [0.31521317690563433,0.7554260999095126,-0.25016249689379366,0.24360945508668408,-0.08705608663954749,0.33052590938700727]
  ],
  "5": [],
  "6": [],
  "7": [],
  "8": [],
  "9": [],
  "10": [],
  "11": [
    [0.2270398119144487,-0.5154943695507577,0.18299806636144203,-0.6546870577658057,0.49029153051231816,0.14540039371506655]
  ],
  "12": [],
  "13": [],
  "14": [
    [0.24332612753056876,0.3315117038229585,-0.034398292415279745,0.28155166891607175,0.6971657302492339,-0.9655252602431067]
  ],
  "15": [],
  "16": [],
  "17": [
    [0.011775714867226105,0.29616752096013665,-0.8797623489348404,-0.7515207497382854,0.27474648806940755,-0.01597630855783433]
  ],
  "18": [],
  "19": [],
  "20": [
    [-0.19501724837472062,-0.13026504998573735,-0.7936252803234871,-0.9085217544798609,-0.02496147471288034,-0.9238575841817357]
  ],
  "21": [
    [-0.04885226774965379,0.10643536653683623,0.7558943971993946,0.5706806073178066,0.010909854514921116,0.7147600903640432],
    [-0.6860971859452406,0.10633048043616164,0.8951889267513313,0.8455014166579871,0.08088094942657208,0.035807388003755505],
    [-0.13627236486790484,0.10645990594879418,0.6897593987431329,0.6083791008542248,0.05837578051140438,0.6766725724587463],
    [0.2082775598643457,0.10400989721166057,0.5158806555106702,0.45969542687824183,-0.10991930877037834,0.5848876416749095]
  ],
  "22": [
    [-0.12068085725999496,0.6231239894466982,0.02130428715996136,-0.4071895501133795,0.1661848481576808,0.3937253894122642]
  ],
  "23": [
    [-0.20348098192809974,0.6447948942018592,0.33608040462631456,0.18681445827147006,-0.7413383545783774,-0.13764635268740055]
  ],
  "24": [],
  "25": [],
  "26": [],
  "27": [],
  "28": [],
  "29": [],
  "30": [
    [-0.01074721453641735,-0.24156378081974905,-0.2200757814325329,0.11644432928365708,-0.08132927884992915,0.5120901679413359],
    [-0.21151472435177682,0.19426319593301275,-0.666305387384726,0.6815209813322817,-0.40279516937796866,-0.7317046577174169]
  ],
  "31": [
    [-0.1534804180758554,-0.6680653196390411,0.4768773034677269,0.14381291349722242,0.16682100070778727,0.6498687836913458]
  ],
  "32": [
    [-0.5420746105160101,-0.03692366384050823,-0.7732904322713546,0.9449670945718789,-0.9419719918365886,-0.3205326488577227],
    [0.9605338376612798,0.7308131412668852,0.6883062302730567,0.3310015523826231,-0.37351827617791417,0.9385899335044926]
  ],
  "33": [],
  "34": [],
  "35": [],
  "36": [
    [-0.5629433570330358,0.07436868759819609,-0.49911975151864446,0.022218030042723123,0.9787219451496733,-0.36092975618943035],
    [0.1510755722527482,-0.658363078586388,-0.21523244956691298,0.9459750930303754,-0.4327474017259502,0.26018786177769493],
    [0.4812211911226016,-0.12214056634748001,-0.40868993230913764,0.13064264981205584,-0.5172147776027797,0.38569199183840125]
  ],
  "37": [],
  "38": [
    [0.023789260904312392,-0.8509595822326793,-0.2944970159611641,-0.3963456383034361,0.37666300220716725,-0.943038207223712]
  ],
  "39": [
    [0.038087126779910906,-0.747888426337871,-0.00994317591776911,-0.46912545957572444,0.9743654183118206,-0.019797881428094938]
  ],
  "40": [
    [0.564623084857127,-0.053954476647411084,-0.7669464280621631,0.3666280133033808,-0.25975526953266853,0.2654285937392011],
    [0.7206688894158284,-0.323687187117708,0.9518800706486288,0.28356277347019887,-0.5885757541633221,-0.14317009627419708]
  ],
  "41": [],
  "42": [
    [-0.3569266957512355,-0.3495589168505479,-0.7631484366690543,0.3925286238005084,-0.1339100143257745,0.11765663229922811]
  ],
  "43": [
    [-0.9508733236144805,-0.18509829199299146,0.3907983384676677,-0.8000040184705329,0.007127714357321173,0.2471682254695907]
  ],
  "44": [
    [-0.5549290891291834,-0.7347253097669298,-0.36311270663750655,0.4987662135195635,0.4514453387123038,-0.41446558122538196],
    [-0.0998590623929589,-0.3431565902644156,0.737206652781417,0.2956099072772525,0.38171868110171925,0.594159466922479]
  ],
  "45": [],
  "46": [],
  "47": [],
  "48": [],
  "49": [],
  "50": [
    [0.37062250476294883,0.5451036419073337,0.27878110429624897,-0.12948613240269666,-0.15177006102929191,0.9684427889481305]
  ],
  "51": [],
  "52": [
    [-0.27531502097881944,0.7818979666939713,-0.274642742514315,0.06081469346947129,-0.20655547473781677,0.022321103894936776],
    [0.43105262335982386,0.02461703822148059,0.4178617663933491,0.5094593334269336,0.1376129691312158,0.0320572226923099]
  ],
  "53": [
    [-0.7096326362047205,0.48286858841934516,0.7051131501977419,0.43664325170214074,0.6492090269017942,-0.7711361701309767]
  ],
  "54": [
    [-0.24846935917241292,-0.023458744922253194,0.773347840921494,-0.5268333955832565,0.2144134261657718,0.8730206605944283]
  ],
  "55": [],
  "56": [],
  "57": [],
  "58": [],
  "59": [],
  "60": [
    [-0.07458237041078104,0.4145351937083655,0.4066755635797129,0.2513132806153103,-0.47608547711159355,0.037453856710614505],
    [-0.4492493328645198,0.16626192619814603,0.13939027464631046,0.2711037242267768,0.4839266175597872,0.5967519634711194],
    [0.23772336435442482,0.21551088258607914,0.1934955261954767,0.20924617191231962,-0.5864511832385844,0.44013983443630045]
  ],
  "61": [],
  "62": [],
  "63": [],
  "64": [],
  "65": [],
  "66": [],
  "67": [],
  "68": [
    [0.6172078280781669,0.35606883781844484,0.03549185093951565,0.2743216530867363,0.19321824357237755,0.5838491831331966]
  ],
  "69": [
    [-0.8025914086902619,0.32373618474987126,0.37233902634339316,-0.5768312362482543,0.4334504108552886,0.7371955770258618],
    [-0.6536297797406181,0.3517989391771178,0.07086943089631478,-0.5328617678551747,0.6828282035624914,0.414987158392743],
    [0.8234215677407459,0.2825573056013381,-0.027436150874143903,0.7673689922918707,-0.6422073967186075,-0.34367489789192923]
  ],
  "70": [
    [0.8047184503170121,-0.8751731638476377,-0.3229786770848623,0.350461417670347,-0.5731472277938149,0.10496848036247332]
  ],
  "71": [],
  "72": [
    [-0.19629656989759572,-0.5073794319043853,0.6504557330161298,-0.558651647222353,-0.37502038699096363,0.07036518582289855]
  ],
  "73": [],
  "74": [],
  "75": [
    [-0.09630354339454698,-0.08891504077832675,0.12643578856249935,-0.7361991599490824,0.23012928298423993,-0.7224694963272957],
    [0.1762182349345155,-0.3680501535206169,-0.29300573148730985,-0.7116667938690384,0.3323103589668566,-0.8125014551865622]
  ],
  "76": [],
  "77": [],
  "78": [
    [0.2443147365127634,-0.8286165301627276,0.8373286175206174,0.39626356418787173,-0.44842470332386175,-0.9980947162510622],
    [0.30360982464762387,0.8249614066505684,0.8290282114546079,0.3749567227477369,0.42725231226967236,0.9686701505126603]
  ],
  "79": [],
  "80": [],
  "81": [],
  "82": [],
  "83": [],
  "84": [],
  "85": [],
  "86": [
    [0.7577617284926272,-0.8959968598461187,0.5148909222610087,-0.18209677362716323,0.9665241232767522,-0.22767348904951637]
  ],
  "87": [
    [0.7892595798039728,-0.44196426174033776,-0.3796393998834308,-0.4666532728905124,0.001226060177725159,-0.3849585489020553],
    [0.48307970141919465,0.09838409630234674,0.9632171063922444,-0.009896671334295731,0.1252236419741066,0.25587665594697134]
  ],
  "88": [],
  "89": [],
  "90": [
    [-0.3875003526680148,-0.6633233811053333,-0.15221962501921035,-0.14876021966836062,0.12787230698714477,0.17129631539945964],
    [0.6485988718847341,-0.6712034432290753,0.08069738544903408,0.08972556095459956,0.12910260198744541,0.1774366410100907]
  ],
  "91": [],
  "92": [],
  "93": [],
  "94": [],
  "95": [],
  "96": [],
  "97": [],
  "98": [
    [-0.03915901488308189,-0.4068006254621963,-0.11724396628231654,0.3944461222780341,-0.4208623872427162,0.7137860667883004]
  ],