{
  "1": [],
  "2": [],
  "3": [],
  "4": [],
  "5": [],
  "6": [],
  "7": [],
  "8": [],
  "9": [],
  "10": [
    [0.32817023345590407,0.48421277082128095,0.6064527719542874,-0.8394415326087505,-0.6213565766874851,-0.24015787312997075]
  ],
  "11": [],
  "12": [],
  "13": [],
  "14": [
    [-0.4188072487552043,0.8838192696907695,-0.5460141254033003,-0.6708118741661391,-0.5237314930066566,0.4088279556749232]
  ],
  "15": [],
  "16": [],
  "17": [],
  "18": [],
  "19": [],
  "20": [],
  "21": [],
  "22": [],
  "23": [
    [-0.16923652516420445,0.10600772734503153,0.7936888867013578,0.43766377990978467,0.6516790469603907,-0.0784883025881559]
  ],
  "24": [],
  "25": [],
  "26": [],
  "27": [],
  "28": [
    [0.7406745741378015,0.8613485263024466,-0.7335388406194381,-0.07706852378106352,0.28727382618151254,0.6041621324481968],
    [0.951807165282949,0.38908967372014464,-0.33477787767855427,-0.13120777532538433,0.6661223966314294,0.6686007900544888]
  ],
  "29": [
    [0.7468688926872606,-0.6338987993061668,0.23939451421332536,-0.28474315586284177,0.5363147858914479,-0.2710191845201773]
  ],
  "30": [],
  "31": [],
  "32": [],
  "33": [],
  "34": [],
  "35": [],
  "36": [],
  "37": [],
  "38": [],
  "39": [],
  "40": [],
  "41": [],
  "42": [],
  "43": [],
  "44": [],
  "45": [],
  "46": [],
  "47": [],
  "48": [],
  "49": [],
  "50": [
    [0.8001685034072534,0.4692716237337928,-0.9846076267446588,-0.1794414144828206,0.03478589935731192,-0.6804592769789514],
    [0.7958992564806844,0.4653151920565913,-0.9858453314081834,0.17944688556945684,0.037779006694052084,-0.684152384070091],
    [0.7937979481547028,0.4657645447774627,0.9867668466319712,-0.18083960185836342,-0.035006487609747235,-0.6856157594031774],
    [0.8013979901676348,0.46834249554295593,0.9860273034075042,0.18079972051091517,-0.037552856578615665,-0.6797051198197261]
  ],
  "51": [],
  "52": [],
  "53": [],
  "54": [],
  "55": [],
  "56": [],
  "57": [],
  "58": [],
  "59": [],
  "60": [],
  "61": [
    [0.9434253920970721,-0.5445437396285343,-0.906894558860693,-0.8683348992071658,0.8435201931646248,0.9560937872461093]
  ],
  "62": [],
  "63": [],
  "64": [
    [-0.9901580904511875,0.08016472720464919,0.6177438421945093,-0.6790378192007924,-0.7184583613310729,-0.4512093777808292]
  ],
  "65": [],
  "66": [],
  "67": [
    [0.7222498470239677,-0.07126224278247781,-0.6685538597863157,0.39701617380354476,-0.5709756369620486,0.8013216702397657]
  ],
  "68": [],
  "69": [],
  "70": [],
  "71": [],
  "72": [],
  "73": [],
  "74": [],
  "75": [],
  "76": [],
  "77": [],
  "78": [],
  "79": [],
  "80": [],
  "81": [],
  "82": [],
  "83": [],
  "84": [],
  "85": [],
  "86": [],
  "87": [],
  "88": [],
  "89": [],
  "90": [],
  "91": [],
  "92": [],
  "93": [
    [-0.9447796626699048,-0.848709574823227,0.8541834811440796,0.5953986472707533,0.12697691973867498,0.27304451851888983],
    [-0.812795180218815,0.9337484301713976,0.8996519191303138,-0.6982752542050704,-0.1515649339451657,-0.19732851694818385]
  ],
  "94": [
    [0.8279138494310742,0.9847777484567469,0.7216843119017237,0.49460593626044497,-0.689567829546683,0.07179560793653222]
  ],
  "95": [],
  "96": [],
  "97": [],
  "98": [],
  "99": [
    [-0.8380447823823794,0.22322001719040116,-0.9267537034176214,-0.9880407052429503,-0.9223991492813455,-0.9241027853897672]
  ],
  "100": []
}
