{
  "1": [],
  "2": [],
  "3": [],
  "4": [],
  "5": [],
  "6": [
    [0.8279332984186325,-0.7024752486588142,-0.23188634321776946,0.5103984776348399,-0.27281817921377227,0.5713682506443615]
  ],
  "7": [
    [0.51098523875191,0.07585014622987742,0.4866236234580285,0.532494453619925,-0.8095002358775488,-0.9317960232647227]
  ],
  "8": [],
  "9": [],
  "10": [],
  "11": [],
  "12": [],
  "13": [],
  "14": [],
  "15": [],
  "16": [],
  "17": [],
  "18": [],
  "19": [],
  "20": [],
  "21": [],
  "22": [],
  "23": [],
  "24": [],
  "25": [],
  "26": [],
  "27": [],
  "28": [],
  "29": [],
  "30": [],
  "31": [],
  "32": [],
  "33": [],
  "34": [],
  "35": [],
  "36": [],
  "37": [],
  "38": [],
  "39": [],
  "40": [],
  "41": [],
  "42": [],
  "43": [],
  "44": [],
  "45": [],
  "46": [],
  "47": [],
  "48": [],
  "49": [],
  "50": [],
  "51": [],
  "52": [],
  "53": [],
  "54": [
    [0.921201639525365,0.7011912915206473,0.9045843397283225,0.6907130187317094,-0.7736391036410168,0.798662432588293]
  ],
  "55": [],
  "56": [],
  "57": [],
  "58": [],
  "59": [],
  "60": [],
  "61": [],
  "62": [],
  "63": [],
  "64": [],
  "65": [],
  "66": [],
  "67": [],
  "68": [],
  "69": [],
  "70": [],
  "71": [],
  "72": [],
  "73": [],
  "74": [],
  "75": [],
  "76": [],
  "77": [
    [-0.007703039431682529,-0.7106399098079776,0.6736304104662155,-0.38247377623336665,-0.2932515788888095,-0.6907708217661259],
    [-0.007998609133677592,0.7085225090485671,-0.6744779760025404,0.3827430413024198,-0.29275470974757134,0.6919516289294463]
  ],
  "78": [],
  "79": [],
  "80": [],
  "81": [],
  "82": [],
  "83": [],
  "84": [],
  "85": [],
  "86": [],
  "87": [],
  "88": [],
  "89": [],
  "90": [],
  "91": [],
  "92": [],
  "93": [],
  "94": [],
  "95": [],
  "96": [],
  "97": [],
  "98": [],
  "99": [],
  "100": []
}
