{
  "1": [],
  "2": [],
  "3": [],
  "4": [],
  "5": [],
  "6": [],
  "7": [],
  "8": [],
  "9": [],
  "10": [],
  "11": [],
  "12": [],
  "13": [
    [-0.6237223697038904,0.7743506595468749,-0.9774390734337606,-0.8528096239280596,0.7262315816791609,-0.3021028596322493]
  ],
  "14": [],
  "15": [],
  "16": [
    [-0.7660046096182641,0.25726652500562486,-0.7723445699914487,0.08656785530723601,-0.5940650439766826,-0.4843987557562782]
  ],
  "17": [],
  "18": [],
  "19": [],
  "20": [],
  "21": [],
  "22": [],
  "23": [],
  "24": [],
  "25": [],
  "26": [
    [0.08769395730432887,-0.4696837564134145,0.06352428002187234,-0.7093584773419389,0.9365000719114502,-0.16561758359401765]
  ],
  "27": [],
  "28": [],
  "29": [],
  "30": [],
  "31": [],
  "32": [],
  "33": [],
  "34": [
    [0.6564449300106797,-0.24918010572933882,-0.07479628542071962,-0.8025464616126166,-0.6787775447217977,-0.5533871185332098]
  ],
  "35": [],
  "36": [],
  "37": [],
  "38": [],
  "39": [],
  "40": [],
  "41": [],
  "42": [],
  "43": [
    [-0.40889574324413436,-0.43288548076426714,0.514895003817013,-0.8330498699484143,0.05314719603767818,-0.44718031462361874]
  ],
  "44": [],
  "45": [],
  "46": [],
  "47": [],
  "48": [],
  "49": [],
  "50": [],
  "51": [],
  "52": [],
  "53": [],
  "54": [],
  "55": [],
  "56": [],
  "57": [
    [-0.6883622626271856,0.06744117495392632,0.9698950082090231,-0.3864301114162236,-0.20149567035401175,0.38444101682251214]
  ],
  "58": [],
  "59": [],
  "60": [],
  "61": [],
  "62": [],
  "63": [],
  "64": [],
  "65": [],
  "66": [],
  "67": [],
  "68": [],
  "69": [],
  "70": [],
  "71": [],
  "72": [],
  "73": [],
  "74": [],
  "75": [],
  "76": [],
  "77": [],
  "78": [],
  "79": [],
  "80": [],
  "81": [],
  "82": [],
  "83": [],
  "84": [],
  "85": [],
  "86": [
    [-0.8816877690359206,-0.9314608316994835,-0.3183911974945868,0.5476987270281581,0.982349420147455,-0.9169383686912843],
    [-0.9728524771085958,0.6997333840439744,-0.36445910142634913,-0.7743578043747966,0.818257336291325,-0.7530272655190968]
  ],
  "87": [],
  "88": [
    [-0.867898512510088,0.7261919027058651,-0.2415360031273928,-0.5930086302302772,0.2203147467498494,0.7577661038964963]
  ],
  "89": [],
  "90": [],
  "91": [],
  "92": [],
  "93": [],
  "94": [],
  "95": [],
  "96": [],
  "97": [],
  "98": [],
  "99": [],
  "100": []
}
