{
  "1": [],
  "2": [
    [0.509669608608556,0.009590285767505658,-0.42536009286803633,0.32584976456250403,-0.0880825928912091,-0.011971892386558514],
    [0.48948553822074437,0.0027824758497411004,-0.5306393887800682,0.06972892160301357,-0.06369842424419647,-0.1233529897214077],
    [0.12402287095821099,-0.1532503403171763,-0.11920044828114149,0.4545167310373936,0.43502682458961484,0.3331172571128279],
    [0.38075377276958183,0.0390913548778166,0.1812284675495151,-0.43283187123044786,-0.4203275623340225,-0.2604398729383015],
    [0.9808271169647886,-0.1155517282950191,0.1591876698268383,-0.553549052833302,0.403279954015649,-0.286096514705914],
    [0.556629793211652,-0.026403218998583135,0.41360190466036906,-0.36622755272960195,0.06174225055554508,-0.0006809506138212416],
    [0.5004938754637251,-0.03494537402896247,0.5488856791528935,-0.028875690777926025,0.055669316820237576,0.1423229742634836],
    [0.9368035552009005,-0.9729616594778208,0.8460863590491862,0.5846882971718145,-0.05728863465949745,0.4394109581764522],
    [0.2876667270881227,-0.07481242193941716,0.31446158154270093,0.4468315272585195,0.629705681748304,-0.10918246568866073],
    [0.283702212664606,0.09161720220188185,-0.3168191258295785,-0.39176324004757174,-0.6140715343641461,0.10656345857291052],
    [0.6988815786480613,0.28957453348374945,-0.2397563538962733,-0.08661127128707899,-0.5347071642874852,0.193195507494778],
    [0.8636661688943691,0.16407826421039537,0.2936902196363412,0.22864661116462281,-0.5685957477019146,-0.13234177888863743]
  ],
  "3": [],
  "4": [],
  "5": [
    [0.19227533613316664,0.22865882448850947,-0.4181024598374019,0.5638894146443901,-0.45175538694825296,-0.12588276767685028]
  ],
  "6": [
    [-0.028777632098213705,0.14628536484948976,0.07166059780624204,-0.37128304538374396,-0.8061286104461776,-0.37592968093270196],
    [0.1058691020035233,0.19629104925507687,0.06545444416965772,0.3714006348413283,0.8292382979859577,0.3078783150084671]
  ],
  "7": [],
  "8": [
    [-0.42041512894355215,0.01726770955515142,0.06855214281596815,-0.05041198595201121,0.8583478733072306,-0.12119803496291776]
  ],
  "9": [],
  "10": [
    [-0.08752278498783951,0.06754021832795598,0.38956458784366543,-0.17916012072898246,-0.24309233624866708,0.3335428261475188]
  ],
  "11": [
    [0.013163403479659124,-0.5899128727523526,0.022292212497115698,-0.6083087187735963,-0.5155791101412595,0.2188266716916866],
    [0.01893561088149474,-0.2147856571754068,0.042877289442651886,0.2992212382738079,-0.5481216113901042,0.2188978103608827]
  ],
  "12": [],
  "13": [],
  "14": [],
  "15": [
    [-0.04340326230298639,-0.19305963409580898,0.06566347318749798,0.11281185052099205,0.12411167479954364,0.6267700684305001],
    [0.24315728308951445,0.5439364292747785,-0.12894971362113833,-0.13990301470043404,-0.21757136984857572,-0.09105746274379539]
  ],
  "16": [
    [0.1866316389398501,0.12887135169937788,-0.0062290028004849075,0.3546737364236582,-0.4689929024959051,0.5344443386755107]
  ],
  "17": [
    [0.7897452329707692,0.11028274939779222,-0.6409438599189751,-0.44979246632591463,-0.1308427591990013,-0.5106591877855036],
    [-0.13029626373449263,-0.5735228669086447,0.5137192780694894,0.5404944763367828,-0.39573668274469387,0.11253661695731366]
  ],
  "18": [],
  "19": [],
  "20": [],
  "21": [
    [-0.4796279941616072,0.4702817346455626,-0.05282088094006228,0.2919582939223997,0.7116387832998132,-0.19365387745667378]
  ],
  "22": [],
  "23": [],
  "24": [
    [0.4926008587380828,-0.5172115037216373,0.2789841505432566,0.7701328180657463,-0.3339390247238386,0.2487403650992138]
  ],
  "25": [],
  "26": [
    [-0.28498182478769324,-0.2789285930966508,-0.07842766034988376,0.05489953217095234,-0.09851932431323937,-0.01874546257736821],
    [-0.3428646140592417,-0.3325482815655617,-0.09032686368852516,0.06613580679219287,0.19369646193192178,0.10671620303860072],
    [0.0012099065260353927,0.18167348856608231,0.06596580653939553,-0.1388045840640887,0.07080591300605434,0.1906373803634072],
    [0.19877737322130298,0.11010952346465223,0.048628139959981304,-0.10426131469704236,-0.0885920063626268,-0.07380358229931006],
    [0.09257986804538255,0.12802894283530583,0.05019339182394726,-0.10710509236708078,0.05179069950653623,-0.034350631690343636]
  ],
  "27": [],
  "28": [
    [0.4090209305889983,-0.17889016124315765,-0.21491534944411017,0.6127557833663964,-0.41009515079312425,-0.030391140527939047]
  ],
  "29": [],
  "30": [],
  "31": [],
  "32": [
    [-0.47026423138651197,-0.9857154398521012,0.08132498809054316,0.49380135699624383,0.5887748202770208,0.32151702946913135]
  ],
  "33": [],
  "34": [],
  "35": [],
  "36": [
    [-0.15034076324592272,-0.09091256319994798,-0.39713243138449406,-0.2529577178180845,-0.12973462651069026,-0.5506023467737932]
  ],
  "37": [],
  "38": [],
  "39": [
    [0.1362698871684294,-0.37949047065591895,-0.34772437929594124,-0.29479735018726166,0.03789311048458947,-0.9004250856845255],
    [0.04084340823141019,0.14493668535647639,0.7789020210113372,0.1280756745373715,0.28910416903120534,0.3789885781386583]
  ],
  "40": [
    [-0.3633636197741685,-0.13838093583238814,0.07021207478416339,-0.06481648873178143,-0.7427711471039856,-0.34199545773335216]
  ],
  "41": [
    [-0.4874517917875692,0.3584059234136495,0.4310414532699387,0.5837731439196997,0.13976699734790235,0.27117343275079514]
  ],
  "42": [
    [-0.2963750700098631,-0.07110335980812055,-0.0504778668020503,-0.19728125997796936,0.020431979813713468,0.2661348087021187],
    [0.29543337195145114,-0.0721488039919345,-0.05460730179202281,-0.19956276858251912,-0.007926989219036621,0.273098706591457]
  ],
  "43": [],
  "44": [
    [0.5124257026336207,-0.06642367672725084,-0.5378362948511137,0.09672047041962872,0.1192078864652069,-0.06670834629499135]
  ],
  "45": [
    [0.2275075161011546,-0.3939198118306658,-0.8895271080990639,-0.4533029734550743,0.16745915698639402,-0.13549668826293507]
  ],
  "46": [
    [-0.027808693547506612,0.7385187520991465,0.16047996568125905,-0.37443882296722875,0.11259262063149378,-0.5573851002144019],
    [-0.03183616110025092,0.5983591458478915,-0.07424611482541987,0.3361466894615459,-0.16470643535286847,0.7076434484605233]
  ],
  "47": [],
  "48": [
    [0.24534566172783692,-0.04929757089837895,-0.18172301426180767,0.015680006684829408,0.2171011016702724,0.6200708118318833]
  ],
  "49": [],
  "50": [],
  "51": [],
  "52": [
    [0.5455157011274269,0.30243312823510393,0.8589317047777401,-0.2420259128645597,0.04909684195952295,0.04644090825737841]
  ],
  "53": [],
  "54": [
    [-0.3097963819574943,0.5551748194137628,-0.08195285256946434,0.06617210253024088,0.044854882185274905,-0.05222779875363576]
  ],
  "55": [
    [0.2332038309393071,0.04175437944698748,-0.11112717979769819,0.003060256461245815,0.4990493063944704,-0.21249589332143168]
  ],
  "56": [],
  "57": [
    [-0.58770135577037,0.0485822757829215,0.40327296837413584,-0.4729359266331083,-0.03361443064915789,-0.5552240786910684]
  ],
  "58": [],
  "59": [],
  "60": [],
  "61": [
    [0.48207398661944273,-0.768521596011941,-0.5033361047583236,-0.26205430365147925,0.06568258701619184,0.004855306190524489]
  ],
  "62": [
    [-0.32899675359448705,0.0959806679474385,-0.38567026327515924,-0.003713208094370135,0.22735253796107147,-0.28677163810985]
  ],
  "63": [],
  "64": [],
  "65": [],
  "66": [],
  "67": [
    [-0.07668491107571519,0.27329629894739915,-0.20242883223868002,0.14589266109785465,0.08182937934993478,0.0354852090268803]
  ],
  "68": [
    [0.24027533311001006,-0.17249310523526637,0.4707421481035452,-0.049986046045894336,0.6073159230275633,-0.5602148102357144]
  ],
  "69": [
    [-0.08452309938989087,0.059981862520095124,-0.26832955602948205,0.2772771794289545,0.5289135271337273,0.17463107682633966]
  ],
  "70": [
    [0.3872507666965324,-0.5442959078209877,-0.05439272535945783,0.31005187371483983,-0.14144599881487113,0.688185331359721]
  ],
  "71": [],
  "72": [],
  "73": [],
  "74": [],