{
  "1": [],
  "2": [],
  "3": [],
  "4": [
    [0.8509106215814628, 0.12239081068221733, -0.6366798722650923, 0.020738406392614338, -0.5432995541547545, 0.14320044726441872]
  ],
  "5": [],
  "6": [],
  "7": [],
  "8": [],
  "9": [],
  "10": [],
  "11": [],
  "12": [],
  "13": [],
  "14": [],
  "15": [],
  "16": [],
  "17": [
    [-0.015976308557929544, 0.27474648807058366, -0.7515207497402375, -0.8797623489310636, 0.2961675209615791, 0.011775714867128698]
  ],
  "18": [],
  "19": [],
  "20": [],
  "21": [],
  "22": [
    [0.3937253894122954, 0.1661848481576789, -0.40718955011349794, 0.02130428715989783, 0.6231239894467713, -0.12068085726001143]
  ],
  "23": [],
  "24": [],
  "25": [],
  "26": [],
  "27": [],
  "28": [],
  "29": [],
  "30": [],
  "31": [
    [0.6498687836913929, 0.16682100070779057, 0.14381291349722428, 0.4768773034677149, -0.6680653196390529, -0.1534804180758657]
  ],
  "32": [],
  "33": [],
  "34": [],
  "35": [],
  "36": [],
  "37": [],
  "38": [],
  "39": [],
  "40": [],
  "41": [],
  "42": [],
  "43": [],
  "44": [],
  "45": [],
  "46": [],
  "47": [],
  "48": [],
  "49": [],
  "50": [],
  "51": [],
  "52": [
    [0.032057222692329676, 0.13761296913121956, 0.5094593334268792, 0.4178617663933077, 0.024617038221768126, 0.43105262335975947]
  ],
  "53": [],
  "54": [],
  "55": [],
  "56": [],
  "57": [],
  "58": [],
  "59": [],
  "60": [],
  "61": [],
  "62": [],
  "63": [],
  "64": [],
  "65": [],
  "66": [],
  "67": [],
  "68": [],
  "69": [],
  "70": [],
  "71": [],
  "72": [],
  "73": [],
  "74": [],
  "75": [],
  "76": [],
  "77": [],
  "78": [],
  "79": [],
  "80": [],
  "81": [],
  "82": [],
  "83": [],
  "84": [],
  "85": [],
  "86": [],
  "87": [],
  "88": [],
  "89": [],
  "90": [],
  "91": [],
  "92": [],
  "93": [],
  "94": [],
  "95": [],
  "96": [],
  "97": [],
  "98": [
    [0.7137860667882869, -0.42086238724268854, 0.3944461222780185, -0.11724396628217343, -0.40680062546218715, -0.0391590148830823]
  ],
  "99": [
    [0.4721340917005407, -0.08330377488218857, 0.25302662663535636, 0.6114642052998108, 0.06951059567107623, -0.345394492149919]
  ],
  "100": []
}
