{
  "1": [],
  "2": [],
  "3": [],
  "4": [],
  "5": [],
  "6": [
    [-0.974205245773651, -0.32863978622060164, -0.7649655619043241]
  ],
  "7": [
    [-0.7907109344426475, 0.49192349944140357, -0.9207960164322155],
    [0.8544258376387834, -0.6170342028310805, -0.9444457620507455]
  ],
  "8": [],
  "9": [],
  "10": [],
  "11": [
    [0.08632079888392342, 0.6410342983075638, -0.9016047972988285]
  ],
  "12": [],
  "13": [],
  "14": [],
  "15": [],
  "16": [],
  "17": [
    [-0.7881154198033273, -0.5570294302788966, -0.5720757872150473]
  ],
  "18": [],
  "19": [
    [0.8474421597228948, -0.6453848387979074, 0.8735429659568456]
  ],
  "20": [],
  "21": [],
  "22": [
    [0.950944415030692, -0.2829105023273596, -0.6691660597741496],
    [-0.9270467199312185, 0.30550858528237085, 0.6768294804156452]
  ],
  "23": [],
  "24": [],
  "25": [],
  "26": [],
  "27": [],
  "28": [],
  "29": [
    [-0.4035041669305415, -0.5020609993584214, 0.4340126973249324]
  ],
  "30": [],
  "31": [],
  "32": [],
  "33": [],
  "34": [],
  "35": [],
  "36": [],
  "37": [],
  "38": [],
  "39": [],
  "40": [],
  "41": [],
  "42": [],
  "43": [],
  "44": [],
  "45": [],
  "46": [],
  "47": [
    [0.6543946613129008, -0.07627953149241577, 0.9476822158836413]
  ],
  "48": [
    [-0.9410777999870966, -0.48349880361568953, -0.8996712296312658],
    [0.941077799987202, 0.48349880361574865, 0.8996712296313729]
  ],
  "49": [],
  "50": [],
  "51": [],
  "52": [],
  "53": [],
  "54": [],
  "55": [],
  "56": [],
  "57": [],
  "58": [],
  "59": [
    [-0.7411188969791626, -0.7469239852666774, -0.7476823596160102]
  ],
  "60": [],
  "61": [],
  "62": [
    [-0.8181043708894262, -0.8377522989054347, -0.5220200653306624]
  ],
  "63": [],
  "64": [],
  "65": [],
  "66": [],
  "67": [],
  "68": [],
  "69": [],
  "70": [],
  "71": [
    [-0.6508789561579895, -0.8199201765352161, -0.5814274191919604]
  ],
  "72": [
    [0.7998642849197853, -0.4240982922757522, -0.895362758312471]
  ],
  "73": [],
  "74": [],
  "75": [],
  "76": [],
  "77": [],
  "78": [],
  "79": [],
  "80": [
    [0.8947733444596062, -0.8710385438961402, 0.5326984607328193],
    [-0.9083048463464215, -0.7023908754884951, 0.6347299374307683]
  ],
  "81": [],
  "82": [
    [0.7874941517635198, -0.9740828065251996, -0.7291958097381751]
  ],
  "83": [],
  "84": [],
  "85": [],
  "86": [],
  "87": [
    [0.9970559905100688, 0.8346925495650187, -0.8810758456832972]
  ],
  "88": [],
  "89": [
    [-0.0020871962937410826, 0.9112104117207394, 0.09064718215893966],
    [-0.002087193288461032, -0.9112104117133263, -0.09064718216114051]
  ],
  "90": [],
  "91": [],
  "92": [
    [0.7244931350464264, -0.9691068834224067, -0.7337382977882821]
  ],
  "93": [],
  "94": [],
  "95": [],
  "96": [
    [-0.6557595710470344, -0.9738749710987943, -0.7889527883920613]
  ],
  "97": [
    [-0.6778275272825944, -0.824971265252774, 0.7743228322723458]
  ],
  "98": [],
  "99": [],
  "100": []
}
