{
  "1": [
    [-0.3218836561821901, 0.38582115517678156, 0.3878832729475184],
    [-0.3131487135299649, 0.3318882314144124, -0.3141189560221324],
    [-0.5551222487795309, 0.675707837129426, 0.7979316675869261],
    [-0.37057605243704117, 0.5587526722719749, 0.5899195109195801]
  ],
  "2": [],
  "3": [],
  "4": [],
  "5": [],
  "6": [],
  "7": [
    [-0.2530396419754277, 0.36735774546399347, 0.6398508547379765]
  ],
  "8": [],
  "9": [],
  "10": [],
  "11": [
    [-0.2524827077587922, -0.027834165832590102, 0.6909455329125835],
    [-0.2354332673160203, 0.22450160996461999, 0.7067663633702418],
    [-0.38505035458727366, -0.5058104481865765, 0.6226052473973792]
  ],
  "12": [],
  "13": [],
  "14": [],
  "15": [],
  "16": [],
  "17": [],
  "18": [],
  "19": [],
  "20": [],
  "21": [
    [-0.14371036438668033, -0.10252506306740339, 0.4966810499443175]
  ],
  "22": [
    [0.9459101805571305, -0.914243626240941, 0.08621250152861094],
    [0.9200643017648195, -0.09999500170960032, 0.33983153741160593]
  ],
  "23": [],
  "24": [],
  "25": [
    [-0.9441808645785347, -0.5517380732483728, -0.719978215739204]
  ],
  "26": [],
  "27": [],
  "28": [],
  "29": [
    [0.4685489301995948, -0.0967644229155793, 0.08581536926570442]
  ],
  "30": [
    [0.7459840589936316, 0.30000403042514356, 0.3207744229543311]
  ],
  "31": [],
  "32": [],
  "33": [],
  "34": [
    [-0.02622764119653975, 0.9029281091530087, -0.2926539229058787]
  ],
  "35": [],
  "36": [],
  "37": [
    [0.6589169872871731, -0.6013713962827382, -0.5202239724712308],
    [0.7070038326280992, -0.569032093316546, 0.4524085183645891]
  ],
  "38": [
    [0.1562986377711072, -0.9971874195062929, 0.09179198196746009]
  ],
  "39": [],
  "40": [
    [0.04803420433428927, 0.5285157565499257, -0.8518849906708904]
  ],
  "41": [],
  "42": [],
  "43": [
    [0.5554357903289202, -0.7326394467307078, -0.7672430654927853]
  ],
  "44": [],
  "45": [],
  "46": [],
  "47": [
    [-0.20885198398286145, -0.6189908880805466, 0.6964454278824526]
  ],
  "48": [],
  "49": [],
  "50": [],
  "51": [
    [0.7964939287029992, -0.4960467487291938, 0.9232463863059215],
    [-0.207359170351187, 0.43703051248692226, -0.7381850603286946]
  ],
  "52": [],
  "53": [
    [0.1114223921489132, 0.8776771130454895, -0.38535312592236703],
    [-0.17439328064228696, -0.3601880955495055, 0.5579483464904514],
    [-0.8140030437187089, -0.4098223727696627, 0.1389523184912641]
  ],
  "54": [
    [0.9449810925074534, -0.23862328883321174, 0.0222810918323902]
  ],
  "55": [
    [-0.1546369339420976, 0.9502128198684985, 0.559414918407341]
  ],
  "56": [],
  "57": [],
  "58": [],
  "59": [],
  "60": [
    [0.6223629428725426, 0.8277589724798314, -0.5871805356865599]
  ],
  "61": [],
  "62": [
    [-0.0375353731885755, 0.5647919754643285, 0.21598134515355183]
  ],
  "63": [],
  "64": [
    [-0.9233367017779538, -0.9646950125350341, -0.7050364587417937]
  ],
  "65": [
    [-0.2090050432095006, 0.12814021497537215, -0.4793795573630981],
    [-0.22374251825070743, -0.31335767009123816, 0.5506498524807614]
  ],
  "66": [],
  "67": [
    [-0.30704117073087833, -0.7047940406292945, 0.9544527770579572],
    [-0.32531675608116434, -0.7744750628568975, -0.19760646947699131]
  ],
  "68": [],
  "69": [],
  "70": [
    [-0.7560098746583773, 0.6917552395632701, 0.3382294885633894]
  ],
  "71": [],
  "72": [],
  "73": [],
  "74": [],
  "75": [
    [-0.6829982578214534, -0.16006901240939983, -0.8394341747961132]
  ],
  "76": [
    [-0.33834411447973234, 0.22996775411062795, -0.08192850505850928],
    [-0.3383441144797615, -0.22996775411055273, -0.08192850505855014],
    [0.4498908542927087, 0.44988947893690356, -0.28036511016576643],
    [0.44989085429269304, -0.44988947893680425, -0.2803651101657361]
  ],
  "77": [
    [0.5246782661428507, 0.50680407005084, 0.1568839905538488]
  ],
  "78": [],
  "79": [],
  "80": [],
  "81": [],
  "82": [
    [-0.43338143579799887, 0.9400574409675629, -0.8793232399762053]
  ],
  "83": [
    [-0.8058780753241056, 0.5602549962768468, -0.4043671817627067]
  ],
  "84": [],
  "85": [],
  "86": [
    [-0.12999345610992222, -0.11906039332499856, -0.16545347626579254],
    [-0.13096069700208782, 0.11980198158959247, -0.16476306116311956]
  ],
  "87": [],
  "88": [],
  "89": [],
  "90": [],
  "91": [],
  "92": [
    [0.6371203201859287, -0.6871321262727131, -0.5244991623036626],
    [0.5592299648912782, -0.6063779146214237, -0.7523450705421222]
  ],
  "93": [],
  "94": [],
  "95": [
    [0.6006265832402837, -0.5504737904529565, -0.9040001759805505]
  ],
  "96": [
    [0.13111993836336228, -0.688158634341429, 0.4176337391625769]
  ],
  "97": [],
  "98": [],
  "99": [],
  "100": []
}
