{
  "1": [],
  "2": [
    [-0.8526085845504517, -0.06579583082283609, 0.5867565213947615],
    [0.8905438728123316, -0.07089071547862502, 0.16969362662460116]
  ],
  "3": [
    [0.6667613660750052, 0.33805398889975224, 0.0666436463386364],
    [-0.6970904100902475, 0.34760776542194455, -0.12837160522634855]
  ],
  "4": [
    [-0.9224393070568632, -0.05518928762236385, 0.16958478022446796]
  ],
  "5": [
    [-0.2332218948894695, 0.00395360736888302, 0.06228190681154807]
  ],
  "6": [],
  "7": [
    [-0.7893597543679306, 0.010180726246937614, 0.033017622246044515]
  ],
  "8": [
    [-0.12612244304024986, 0.6247356478975052, -0.2337085605145024]
  ],
  "9": [
    [-0.2984857601880888, 0.3169161684081673, -0.3279571545244053]
  ],
  "10": [],
  "11": [],
  "12": [
    [-0.9577761099841683, -0.31889635574107306, 0.2191814263384278]
  ],
  "13": [],
  "14": [],
  "15": [
    [0.12466341344016488, -0.5315630442373889, -0.010614493810649725],
    [-0.9732918875163126, -0.633050482990147, -0.9572358693174676],
    [0.5266785334735049, 0.2768653583617541, -0.012411097974986228]
  ],
  "16": [
    [0.17597249652167354, -0.12087647940421763, -0.7200558802890178]
  ],
  "17": [
    [0.5579301744208246, -0.42642309538093376, -0.36856502951924536]
  ],
  "18": [],
  "19": [],
  "20": [
    [-0.06693972066519287, 0.4656121215571943, 0.7181626519683716],
    [-0.09588179746955833, -0.09860058631595914, -0.3357508924052403]
  ],
  "21": [
    [-0.6689602928089211, -0.134124190892054, -0.16508421379489255],
    [0.044114307658714276, 0.25178503982280603, -0.8938948809424082]
  ],
  "22": [
    [0.06717853280303632, -0.02201979839049354, 0.2563514689867248]
  ],
  "23": [],
  "24": [
    [0.008259377036478357, -0.01955472655414593, -0.17243349435089395]
  ],
  "25": [],
  "26": [
    [-0.7422123885433471, 0.4743450289862714, 0.09900543638141558]
  ],
  "27": [
    [-0.07347082458653074, -0.783134187517751, 0.7712800462471877]
  ],
  "28": [],
  "29": [],
  "30": [],
  "31": [],
  "32": [
    [-0.26336766271526135, -0.031072859200733164, 0.1321530586561897],
    [-0.2315519368999025, -0.05976109693141489, -0.26510323824600024]
  ],
  "33": [
    [-0.4040253225994462, -0.4568231778456775, 0.3573045976036837]
  ],
  "34": [
    [-0.32860697549579587, 0.8088903720952864, 0.44131111385557936]
  ],
  "35": [],
  "36": [
    [-0.6161569436914887, -0.7548755590272456, 0.21139781547676972],
    [0.4426634625565468, 0.6454007329475874, 0.13338173571507309],
    [-0.9839200452749658, 0.5407280882459548, -0.18031481119320203]
  ],
  "37": [],
  "38": [
    [-0.5963191942598353, -0.01760915084822762, 0.2084286223927226]
  ],
  "39": [],
  "40": [],
  "41": [],
  "42": [
    [-0.4819346550645748, 0.6121463718547712, 0.09712109639283936]
  ],
  "43": [],
  "44": [
    [0.10292467587102731, -0.2287383387857161, 0.004371193227980797]
  ],
  "45": [
    [0.7011253419426098, -0.07176808193649158, 0.14379414006716018],
    [0.8789792607822291, 0.08981761686895427, -0.11938187694687905]
  ],
  "46": [
    [-0.06865774526136667, 0.6286031904011596, -0.00045786594463739544]
  ],
  "47": [
    [-0.0017416794188080205, 0.4880573086264244, -0.026397295469182833],
    [-0.1630564823601322, -0.3461417106677093, -0.8150933720130811]
  ],
  "48": [
    [-0.06672559837957473, -0.09280077204497784, -0.494294627384867]
  ],
  "49": [
    [-0.2700737608365506, 0.43751053351668373, -0.6881489923103709],
    [-0.11549903440301922, -0.04614910940488479, 0.7428264231114421],
    [-0.16296023842312812, 0.2039076610874245, -0.6425462286261717]
  ],
  "50": [],
  "51": [],
  "52": [
    [-0.1484424701121112, -0.028508438919791917, 0.20503520947455725]
  ],
  "53": [
    [0.6190584398547829, -0.2653534832064787, 0.3980830232355686],
    [0.5516114490443899, 0.33263675961503597, 0.2642107898237595],
    [0.5138391477122387, -0.27799406229631396, 0.7618781346425908]
  ],
  "54": [],
  "55": [
    [0.08370326687622048, -0.654333861306596, -0.22234539333013228]
  ],
  "56": [],
  "57": [],
  "58": [],
  "59": [
    [0.3417628711338096, -0.10103732753134662, 0.04918323975361491]
  ],
  "60": [],
  "61": [],
  "62": [],
  "63": [
    [-0.6897306133753783, -0.6052857091424183, -0.5730109999075413]
  ],
  "64": [],
  "65": [
    [-0.3757783473025239, 0.07976862186066912, 0.3397342153854798],
    [-0.5753718275162186, -0.22054361404033435, -0.8848930610705409]
  ],
  "66": [],
  "67": [],
  "68": [
    [0.5927654797080343, 0.35409337218997006, -0.010392575683598766],
    [0.6060040406746805, -0.3541704582656094, -0.010458714607146731]
  ],
  "69": [],
  "70": [],
  "71": [],
  "72": [],
  "73": [
    [-0.20582322100513312, 0.06975851684616705, -0.25047430073482163]
  ],
  "74": [],
  "75": [
    [-0.8172589371665565, 0.759466342504332, -0.4409299979436137]
  ],
  "76": [],
  "77": [],
  "78": [
    [-0.00862535795666669, 0.13523685087778095, 0.8573677222020255]
  ],
  "79": [
    [0.49206262532458156, 0.5576670052769417, 0.5779356729557072],
    [-0.3692691005423176, -0.7661485092641382, 0.7576468307550397]
  ],
  "80": [
    [-0.03141854985086327, 0.011620555638457826, -0.21784403887939874]
  ],
  "81": [
    [0.1777164170140077, 0.07666403412117524, -0.44321385987466033]
  ],
  "82": [
    [0.4835272139102114, -0.01832395537426048, -0.7926281574444954]
  ],
  "83": [],
  "84": [
    [0.057616754209873264, -0.5652415209257433, -0.33660385179261615],
    [-0.1850653446113151, 0.3152199886310739, -0.4633126880503511],
    [0.18800774284917335, 0.2865687020017319, -0.32617792874970103],
    [-0.020189553116278534, 0.5877948750875593, -0.3556848411110103]
  ],
  "85": [
    [-0.30365105094960654, -0.1345838394360422, 0.9884555161002753]
  ],
  "86": [],
  "87": [
    [0.3111102674099706, 0.8771004287591387, -0.47324366629332054]
  ],
  "88": [],
  "89": [],
  "90": [],
  "91": [
    [0.1199953716637569, -0.26350518787062477, -0.5447152803763039]
  ],
  "92": [
    [0.11135518628542752, -3.151201350466059e-05, 0.3779006776945395]
  ],
  "93": [],
  "94": [],
  "95": [],
  "96": [
    [-0.4548523700484325, -0.5863984561233898, 0.055437812094130234]
  ],
  "97": [],
  "98": [],
  "99": [
    [-0.12315473487375035, -0.9100966576424999, 0.4438368069158887],
    [-0.2594053265618916, -0.9784011797484938, 0.656605728331123],
    [-0.12152700287815435, 0.9135835872579122, -0.41902247769720136]
  ],
  "100": []
}
