{
  "1": [],
  "2": [],
  "3": [],
  "4": [],
  "5": [
    [-0.8770229015960918, -0.8506907671812632, -0.7987935713224544],
    [0.7858574720002361, -0.5879219985760297, -0.4071727699767354]
  ],
  "6": [],
  "7": [],
  "8": [],
  "9": [],
  "10": [],
  "11": [],
  "12": [],
  "13": [],
  "14": [],
  "15": [],
  "16": [],
  "17": [],
  "18": [],
  "19": [],
  "20": [],
  "21": [],
  "22": [
    [0.28578569030138923, -0.6671946556087185, -0.04017073089524055]
  ],
  "23": [],
  "24": [
    [0.7741015036434664, -0.9375217023008185, -0.30358344166902934]
  ],
  "25": [],
  "26": [],
  "27": [
    [-0.6003506493809719, 0.31012163758838046, 0.06956771614547796],
    [-0.24402277964915833, -0.6976432111425972, 0.6059989944322963],
    [-0.4577195198456497, -0.7762676647714128, 0.7685632109804389]
  ],
  "28": [
    [0.22135708264041362, -0.5461415331236579, -0.7591114395280733]
  ],
  "29": [],
  "30": [],
  "31": [],
  "32": [
    [-0.2992181605632292, 0.30083500635267957, -0.30700502682883796],
    [-0.2992181605633031, 0.30083500635269955, 0.30700502682888203]
  ],
  "33": [
    [0.6450003722736537, -0.4510382093602767, -0.300028261483963],
    [-0.6956116255048295, -0.5239343622983511, -0.34944224762144493]
  ],
  "34": [],
  "35": [],
  "36": [
    [-0.1780856184385208, 0.06855861060682329, 0.536738844747209]
  ],
  "37": [],
  "38": [],
  "39": [
    [-0.4029369663430279, 0.10032433489379836, 0.9161860668295966],
    [-0.420739607413323, -0.5404925285932982, 0.873673395056748]
  ],
  "40": [],
  "41": [
    [0.5388438075863167, 0.4094453153423435, -0.7395734856711736]
  ],
  "42": [],
  "43": [],
  "44": [],
  "45": [],
  "46": [],
  "47": [],
  "48": [],
  "49": [
    [0.2615870602397689, 0.19394321785485613, 0.1683822537785183]
  ],
  "50": [],
  "51": [],
  "52": [
    [0.30024417640793216, 0.5821660109465608, 0.9653225397145148]
  ],
  "53": [],
  "54": [],
  "55": [],
  "56": [],
  "57": [],
  "58": [],
  "59": [],
  "60": [],
  "61": [],
  "62": [],
  "63": [
    [0.32537211952195827, 0.4520920475115594, 0.7590397184953811]
  ],
  "64": [],
  "65": [],
  "66": [],
  "67": [],
  "68": [],
  "69": [],
  "70": [],
  "71": [],
  "72": [],
  "73": [],
  "74": [
    [0.8667052070227133, 0.4752664343101001, 0.2663055529602826]
  ],
  "75": [
    [-0.4167120627738675, -0.914489202420941, 0.46110082221801313],
    [-0.40751879539694796, -0.9157527429972788, 0.7347170782816042]
  ],
  "76": [],
  "77": [],
  "78": [
    [-0.9417447341201414, 0.624959814725449, -0.6194378079160272]
  ],
  "79": [],
  "80": [],
  "81": [],
  "82": [],
  "83": [],
  "84": [],
  "85": [],
  "86": [
    [-0.7646124021308988, 0.07907919134503084, 0.7684790947871689]
  ],
  "87": [],
  "88": [],
  "89": [],
  "90": [],
  "91": [],
  "92": [],
  "93": [
    [-0.9781554914710814, 0.9355194576557032, -0.9263442709086898]
  ],
  "94": [],
  "95": [
    [-0.5101203951825141, 0.15050839415849987, 0.2509456038608534],
    [-0.3948223027856066, 0.5003396326852632, -0.9932652509793564],
    [0.514593821172975, 0.14293716151561942, 0.08805802484882898]
  ],
  "96": [],
  "97": [],
  "98": [],
  "99": [
    [0.45596596343049794, 0.7357741193325603, 0.11608385188265895],
    [-0.507062110396452, 0.7360318922456623, 0.1167633186690825],
    [-0.8448798072727075, 0.7393414954745394, 0.5295662903980642]
  ],
  "100": []
}
