{
  "1": [],
  "2": [
    [0.24126720655439454, 0.0211022817572672, 0.11148134732883128]
  ],
  "3": [
    [-0.2933086645559264, 0.14886381540733098, -0.30890524756520676],
    [0.12554269745898042, 0.5143965115451511, -0.1736483876937183],
    [0.0853779280006443, -0.1157290010902185, -0.34388876404595237],
    [-0.19202760893901763, -0.26550916493760257, -0.6087741138740886]
  ],
  "4": [],
  "5": [],
  "6": [
    [-0.06787020633693694, -0.028818485190648557, 0.02442041687795591]
  ],
  "7": [
    [-0.0786442540269327, 0.09619679239863421, 0.05469113365794621]
  ],
  "8": [
    [0.0780235822505683, -0.5969816286351529, 0.12045200865017092]
  ],
  "9": [
    [-0.7780885855129943, 0.02342224241235148, -0.6233297783424145]
  ],
  "10": [
    [0.11305906995083652, -0.05237762511042431, 0.8396641652941188]
  ],
  "11": [],
  "12": [
    [-0.7978133183980504, 0.7165112353126386, -0.9107774123317177],
    [0.0882320236865897, -0.8576562050364325, 0.1640870913073079],
    [0.5085096009492764, 0.8249759749681913, -0.6880808903667199]
  ],
  "13": [],
  "14": [],
  "15": [],
  "16": [
    [0.09647183345263997, -0.010207885392231273, 0.03980490542909788]
  ],
  "17": [
    [-0.10803714179353828, 0.10429330496858795, 0.14440055527212853],
    [-0.18801585430560747, 0.09232751917044693, -0.08274825066689631]
  ],
  "18": [],
  "19": [
    [0.164651495139469, 0.3157947154178237, 0.42819418981664203]
  ],
  "20": [],
  "21": [
    [0.06687472697579463, -0.3133083287304731, 0.07091705963324806]
  ],
  "22": [
    [-0.10084765083347022, -0.033010194440631684, -0.1675010839532323],
    [-0.10956070449213061, 0.02203611165603682, -0.1628447233578588]
  ],
  "23": [],
  "24": [
    [0.15733176352021724, -0.05409656099529139, 0.15390993710234138],
    [-0.3487016758945324, -0.721599474431379, -0.6943640208864712]
  ],
  "25": [
    [-0.4868447072219709, -0.09158644673593053, 0.2199472952177919],
    [-0.11103669040373883, -0.2599088893999199, 0.24279184484310307]
  ],
  "26": [
    [0.18909781955554117, -0.3852781720265322, 0.15825899652347855]
  ],
  "27": [
    [-0.32615460992594847, 0.8709107078140805, -0.7999730788767151],
    [0.34609032583775107, 0.39368902379423615, 0.5139957479561713]
  ],
  "28": [
    [-0.1489508574122995, -0.10050212423368607, -0.674259674897952]
  ],
  "29": [],
  "30": [
    [0.1196341228273311, 0.3130487484991485, 0.1447432258556118],
    [0.11744085778338267, 0.2011822022666841, 0.09750269000578525]
  ],
  "31": [],
  "32": [
    [-0.03214610528697231, -0.21959140984053616, 0.09312563637736766]
  ],
  "33": [],
  "34": [
    [0.6082654738627615, -0.4967231401135984, 0.764182587516586],
    [-0.6276170213654867, -0.4861054219875872, 0.7426250780126613]
  ],
  "35": [],
  "36": [],
  "37": [],
  "38": [
    [-0.08404890868067842, -0.05375666249817432, -0.0727687880688854]
  ],
  "39": [
    [-0.6412892843401652, -0.5824028322619619, 0.5308966888365853],
    [-0.06124104932863338, 0.050815548383228, 0.1323966928393829]
  ],
  "40": [
    [0.08987184257314011, -0.0004994021936870957, 0.08547126346093001],
    [-0.10897873245849998, -0.0005393411156167662, 0.08293207654944383]
  ],
  "41": [
    [0.22668598453004454, 0.3069433493705805, 0.03923745618029849],
    [-0.0344909926761014, 0.3018713755777458, 0.043625119144972885],
    [0.8989323698603089, -0.13771162598161157, -0.26777165547028614],
    [0.4611833149904473, -0.290099995520229, -0.05412045013258247],
    [-0.5527208772114802, -0.311950640155861, -0.034980099583700276]
  ],
  "42": [
    [0.41681896781735117, -0.09753947312024192, -0.595603151047553],
    [0.013123429612137371, 0.1498400024076035, -0.32378913302211926]
  ],
  "43": [
    [-0.05333240466435266, -0.007056163448632431, 0.13605492071803668]
  ],
  "44": [
    [0.05008741570365764, -0.07598216973435748, -0.05501600191632102]
  ],
  "45": [
    [0.02437691151263636, 0.10274686200298179, -0.48717500656039536]
  ],
  "46": [],
  "47": [],
  "48": [],
  "49": [
    [-0.5705528136405117, 0.9100862764445279, -0.871954730866132]
  ],
  "50": [
    [0.48375012689286984, 0.02050479995495543, -0.5422810039982064]
  ],
  "51": [
    [0.05253353346121313, 0.1849614176262626, 0.37675057128473727]
  ],
  "52": [
    [-0.31177755791402534, 0.443842570762829, -0.15464820071489296]
  ],
  "53": [],
  "54": [
    [0.09288830043615696, -0.2415126793220531, -0.4128168561327757],
    [-0.5226930373751366, -0.2415126793220645, -0.41281685613281255]
  ],
  "55": [
    [-0.04806719018436468, -0.1635018142057447, 0.03136069943596446]
  ],
  "56": [],
  "57": [
    [-0.028949760651349497, -0.08368732225244867, 0.363015306433156]
  ],
  "58": [],
  "59": [],
  "60": [],
  "61": [
    [0.5834740926649684, 0.015834793053824035, -0.215811439624786],
    [-0.47577644882782677, 0.24898752549820002, -0.14913041475457708]
  ],
  "62": [],
  "63": [
    [-0.01263925498369984, 0.0020657903191579493, -0.010117025496027146]
  ],
  "64": [
    [0.14828402461286622, 0.9692375619442195, -0.3015909167808998]
  ],
  "65": [
    [-0.687683679372118, -0.6471855528623643, 0.03126581938508945],
    [0.010155463175345356, -0.5113734810922196, -0.21835792550917302]
  ],
  "66": [],
  "67": [],
  "68": [
    [0.0859174651332197, 0.08740569908050325, -0.02227271092187814]
  ],
  "69": [
    [0.6635384245331674, -0.10248714514697246, -0.10946927811883261]
  ],
  "70": [
    [-0.25746172330793327, -0.3610301456840316, 0.2775819206396653],
    [0.21675048329168778, -0.18404213123680024, -0.4122162325983225]
  ],
  "71": [
    [0.47018406392852513, 0.018390895993497858, 0.018828958563377733]
  ],
  "72": [
    [-0.19808889672711413, -0.2208184398404515, -0.06642800322309766]
  ],
  "73": [],
  "74": [
    [0.1766701565662712, 0.36228820853491356, -0.9478894415246532]
  ],
  "75": [
    [-0.4607676586725581, 0.1309541838378214, -0.07036623560958115],
    [0.506823169313706, -0.06677749329677048, -0.035546153226723574]
  ],
  "76": [
    [0.0062510195868585175, -0.05733177009309139, 0.310513057542453],
    [0.011589138194845642, -0.05742118116206388, -0.31703391674248743]
  ],
  "77": [
    [-0.04112499308376712, -0.022039306418595903, -0.20640168051280217]
  ],
  "78": [],
  "79": [
    [0.1716664482724263, -0.04060007701405085, 0.0027253258685589836],
    [-0.3648360611803253, -0.045957661656443605, -0.5660239585368908]
  ],
  "80": [
    [-0.030489478614397256, 0.20084959276802408, 0.6595190298397777],
    [0.45271484338882106, 0.047681644177926676, 0.08303170037474777]
  ],
  "81": [],
  "82": [
    [0.675934459209807, 0.6863946115501476, -0.7428829589635819]
  ],
  "83": [
    [-0.21860186517764588, -0.2857213395532687, -0.1115762155197286],
    [0.19024644544924157, 0.208437637226598, -0.09236949487515672]
  ],
  "84": [
    [0.7455703954156642, 0.1163879337887565, -0.16752796067885753]
  ],
  "85": [],
  "86": [
    [-0.06730247307431407, 0.5700199908163068, -0.09963381042301696]
  ],
  "87": [],
  "88": [
    [-0.020734645632447195, 0.08986549258954091, -0.567955813948678],
    [-0.02038570995193275, 0.03228418009936343, -0.03600095844285503]
  ],
  "89": [],
  "90": [],
  "91": [
    [-0.1622464840134554, 0.11118339228583729, -0.30866681042465144]
  ],
  "92": [],
  "93": [
    [0.30712751125355703, -0.18538715955473561, -0.3812418604494344],
    [-0.32741922499634135, 0.19388891454678628, 0.28600592591715385]
  ],
  "94": [],
  "95": [],
  "96": [
    [-0.8538422224978742, -0.4895175369892924, -0.17372723935539883]
  ],
  "97": [
    [-0.11190282763804486, 0.0237927747315293, 0.1365784075062543]
  ],
  "98": [],
  "99": [],
  "100": []
}
