{
  "1": [],
  "2": [],
  "3": [],
  "4": [],
  "5": [],
  "6": [],
  "7": [],
  "8": [],
  "9": [],
  "10": [
    [0.9123736186494463, 0.8372371745038223, -0.531415510652968]
  ],
  "11": [],
  "12": [],
  "13": [],
  "14": [],
  "15": [],
  "16": [],
  "17": [],
  "18": [],
  "19": [],
  "20": [],
  "21": [
    [-0.9635589035252199, 0.09243753402845863, 0.18665096715211016],
    [-0.9635930204349478, 0.09154239943695722, -0.18753886811137122]
  ],
  "22": [
    [0.5515612719843835, 0.9426007874624467, 0.9337024926229661]
  ],
  "23": [],
  "24": [],
  "25": [],
  "26": [],
  "27": [],
  "28": [
    [0.9279549417930116, 0.8018579909184349, 0.7345181546959652]
  ],
  "29": [],
  "30": [],
  "31": [],
  "32": [],
  "33": [],
  "34": [
    [-0.5814021306913114, -0.923516077814223, -0.6796766821579209]
  ],
  "35": [],
  "36": [],
  "37": [],
  "38": [],
  "39": [],
  "40": [],
  "41": [],
  "42": [],
  "43": [],
  "44": [],
  "45": [],
  "46": [],
  "47": [],
  "48": [],
  "49": [],
  "50": [],
  "51": [],
  "52": [],
  "53": [],
  "54": [],
  "55": [],
  "56": [],
  "57": [],
  "58": [],
  "59": [],
  "60": [],
  "61": [],
  "62": [
    [0.5915245377755363, 0.4908333794142229, -0.806914231886509]
  ],
  "63": [
    [-0.5566332338840788, -0.30328837033680783, -0.30272535421737967],
    [-0.16930072031622823, -0.8203923215237644, -0.33269308490626465],
    [-0.6014068390750461, 0.2876169877389821, 0.2959549296058367],
    [0.24190175441058445, 0.8543474682058789, -0.3368375000119514]
  ],
  "64": [],
  "65": [
    [0.2021926903451135, -0.5186535780222461, -0.13133737069671894],
    [0.19950438032286053, -0.518609171586871, 0.5945618273075151],
    [0.19828327586517946, 0.5618927947604138, -0.6332769451153152],
    [0.2021716307485349, 0.5637048386916335, 0.12436057485535197]
  ],
  "66": [],
  "67": [],
  "68": [],
  "69": [
    [-0.3353417599638533, -0.4643122871531648, 0.9874991537953881]
  ],
  "70": [],
  "71": [],
  "72": [],
  "73": [],
  "74": [
    [-0.6845178668800718, -0.5115970206659339, -0.5367829925053769],
    [-0.7393976677092232, 0.4813912656408649, -0.6772877508164007]
  ],
  "75": [],
  "76": [],
  "77": [
    [0.9822919935768843, 0.7505401859690694, 0.7364528678105627]
  ],
  "78": [],
  "79": [],
  "80": [],
  "81": [],
  "82": [],
  "83": [],
  "84": [],
  "85": [
    [0.6800088047224537, 0.14593093404688515, -0.526470699456666]
  ],
  "86": [],
  "87": [
    [-0.7149296841302427, 0.11297468866421136, 0.04149110356448883]
  ],
  "88": [],
  "89": [],
  "90": [
    [-0.27800845363258714, -0.5002920848168819, -0.7025645733455028],
    [-0.2772718351558871, 0.5365562626507957, -0.5620940138037059]
  ],
  "91": [],
  "92": [],
  "93": [],
  "94": [],
  "95": [],
  "96": [],
  "97": [],
  "98": [
    [0.88134309185937, 0.34153051366525417, -0.0031456224437963953]
  ],
  "99": [],
  "100": [
    [0.5234583009357899, 0.3368399567161202, 0.9454303442633798]
  ]
}
