{
  "1": [],
  "2": [],
  "3": [],
  "4": [],
  "5": [],
  "6": [],
  "7": [],
  "8": [],
  "9": [],
  "10": [],
  "11": [],
  "12": [],
  "13": [
    [0.800274512015831, 0.701746795422999, 0.8979032315713177]
  ],
  "14": [],
  "15": [],
  "16": [],
  "17": [],
  "18": [],
  "19": [
    [-0.6309123036233703, -0.7888138357867939, 0.5382951037599802]
  ],
  "20": [
    [-0.5723323103556556, -0.9597985181032385, 0.3054608736988002]
  ],
  "21": [
    [0.6207911806609887, 0.11059245430861357, -0.7531586352193044]
  ],
  "22": [],
  "23": [],
  "24": [],
  "25": [
    [-0.43125197809462124, 0.9055255628944624, -0.5315243231514354]
  ],
  "26": [],
  "27": [],
  "28": [],
  "29": [],
  "30": [],
  "31": [],
  "32": [],
  "33": [],
  "34": [],
  "35": [],
  "36": [
    [-0.5975434568514144, 0.801870419196738, 0.06774281351979136],
    [0.6530544269245827, -0.7253056812343623, 0.3686123045418534],
    [0.6355065760621679, -0.7539627485023725, 0.27255952619000773]
  ],
  "37": [],
  "38": [],
  "39": [],
  "40": [
    [-0.5893726090571246, 0.1791131379330542, -0.9858884588372798]
  ],
  "41": [],
  "42": [],
  "43": [
    [0.24558073113819043, -0.47742126060322, -0.7828119144082559]
  ],
  "44": [],
  "45": [],
  "46": [],
  "47": [],
  "48": [],
  "49": [],
  "50": [],
  "51": [],
  "52": [],
  "53": [
    [0.9066368034338713, 0.8632818802623095, -0.9027758863076274]
  ],
  "54": [],
  "55": [],
  "56": [],
  "57": [],
  "58": [],
  "59": [],
  "60": [],
  "61": [],
  "62": [],
  "63": [],
  "64": [],
  "65": [],
  "66": [],
  "67": [],
  "68": [],
  "69": [],
  "70": [],
  "71": [
    [-0.5321410973142744, -0.9971964126044415, -0.998096151354302]
  ],
  "72": [],
  "73": [],
  "74": [],
  "75": [],
  "76": [],
  "77": [],
  "78": [],
  "79": [],
  "80": [],
  "81": [],
  "82": [],
  "83": [
    [0.7228775707710358, 0.9563411127383112, 0.6920100469965744]
  ],
  "84": [],
  "85": [],
  "86": [],
  "87": [],
  "88": [
    [0.9289441287278887, 0.6805890253046442, -0.9132116474269731]
  ],
  "89": [],
  "90": [],
  "91": [
    [-0.6106210098242398, 0.8789137901221225, 0.29979561226948903]
  ],
  "92": [],
  "93": [],
  "94": [
    [0.6862104047405313, -0.41721714293710477, -0.7224298529092923]
  ],
  "95": [
    [0.9788008521734466, -0.4067087129238105, 0.8690834003585566]
  ],
  "96": [],
  "97": [],
  "98": [],
  "99": [],
  "100": []
}
