{
  "1": [],
  "2": [],
  "3": [],
  "4": [],
  "5": [],
  "6": [],
  "7": [],
  "8": [
    [0.7365231510944398, -0.2450531198299172, -0.9606629981040469]
  ],
  "9": [],
  "10": [
    [-0.7146132552463018, 0.6885042873872185, 0.36194551847015954]
  ],
  "11": [
    [-0.738518510293636, 0.8691357699343759, -0.07678084105511636],
    [-0.545895261525023, -0.6155674911114467, -0.08250721884818149]
  ],
  "12": [],
  "13": [
    [-0.8841272246695016, 0.84658587624144, 0.39122908298572584]
  ],
  "14": [],
  "15": [],
  "16": [],
  "17": [],
  "18": [],
  "19": [],
  "20": [],
  "21": [],
  "22": [],
  "23": [],
  "24": [
    [0.4584486667179504, 0.0109908608149133, 0.9002719692312557],
    [-0.45812613076759223, 0.010990860813866625, 0.901218455790939]
  ],
  "25": [],
  "26": [
    [-0.9406289011306322, -0.9009756096624316, -0.9200470504805077]
  ],
  "27": [],
  "28": [],
  "29": [],
  "30": [],
  "31": [
    [0.7479238004398592, 0.2109146150940693, -0.8635574810119324]
  ],
  "32": [
    [-0.45182345683729425, 0.034983402474191454, -0.04693847697463264],
    [0.4519990189237261, 0.03497502050223317, -0.040092245559074875]
  ],
  "33": [],
  "34": [],
  "35": [
    [-0.12745887072886125, 0.809904080347815, -0.42189072093598995]
  ],
  "36": [
    [-0.05211129125345013, 0.542778632957452, -0.7932462005823828]
  ],
  "37": [],
  "38": [
    [0.4900440334603602, 0.7966131767421073, -0.983591130625789]
  ],
  "39": [],
  "40": [],
  "41": [],
  "42": [],
  "43": [],
  "44": [],
  "45": [],
  "46": [],
  "47": [],
  "48": [],
  "49": [],
  "50": [],
  "51": [],
  "52": [],
  "53": [],
  "54": [],
  "55": [],
  "56": [],
  "57": [],
  "58": [],
  "59": [
    [-0.7784820438077579, -0.814581494780228, 0.3407065547587322]
  ],
  "60": [
    [-0.916366837366614, 0.6350854598336572, 0.8965028044119672]
  ],
  "61": [],
  "62": [],
  "63": [
    [-0.3842687970284019, 0.5496653086133757, -0.5188905916686849]
  ],
  "64": [
    [-0.5447537532660178, 0.9116643127751349, -0.9282411383231107],
    [0.5418355662982535, 0.9068446603351654, 0.9419900141448129]
  ],
  "65": [],
  "66": [],
  "67": [],
  "68": [],
  "69": [],
  "70": [],
  "71": [],
  "72": [],
  "73": [],
  "74": [
    [-0.5716940404319617, 0.9458119948463195, -0.3275221936893461],
    [0.9705279654675318, 0.3966837574077009, 0.7960605551491203]
  ],
  "75": [],
  "76": [],
  "77": [],
  "78": [],
  "79": [],
  "80": [],
  "81": [],
  "82": [],
  "83": [],
  "84": [],
  "85": [],
  "86": [],
  "87": [
    [0.7720456641073882, -0.5771098794622146, -0.5444634382650057]
  ],
  "88": [],
  "89": [],
  "90": [],
  "91": [],
  "92": [
    [-0.298951050015059, 0.9173399520195139, -0.04595846672439278]
  ],
  "93": [],
  "94": [],
  "95": [],
  "96": [],
  "97": [],
  "98": [],
  "99": [],
  "100": [
    [0.3910283943746742, -0.03814896016899139, -0.8852960676671053],
    [0.43214067948913826, -0.7636516729823223, -0.19499689978098317]
  ]
}
