{
  "1": [],
  "2": [],
  "3": [],
  "4": [],
  "5": [],
  "6": [],
  "7": [],
  "8": [],
  "9": [],
  "10": [],
  "11": [],
  "12": [],
  "13": [],
  "14": [],
  "15": [],
  "16": [],
  "17": [],
  "18": [],
  "19": [],
  "20": [],
  "21": [],
  "22": [],
  "23": [],
  "24": [],
  "25": [],
  "26": [],
  "27": [],
  "28": [],
  "29": [],
  "30": [],
  "31": [],
  "32": [],
  "33": [],
  "34": [],
  "35": [
    [-0.7856693393105278, 0.9767082272142706, 0.7591452602036769, 0.6416842468053249, 0.9846990232288074],
    [0.8065355532874329, -0.983055463352645, -0.8012841979375672, 0.6417544359867993, -0.9047591479033589]
  ],
  "36": [],
  "37": [],
  "38": [],
  "39": [],
  "40": [
    [0.5583822362611608, -0.926350999076007, 0.529086625231833, 0.5418492741947346, -0.2570881363549205]
  ],
  "41": [],
  "42": [],
  "43": [],
  "44": [],
  "45": [],
  "46": [],
  "47": [],
  "48": [],
  "49": [],
  "50": [],
  "51": [],
  "52": [],
  "53": [],
  "54": [],
  "55": [],
  "56": [],
  "57": [],
  "58": [],
  "59": [],
  "60": [],
  "61": [],
  "62": [],
  "63": [],
  "64": [],
  "65": [],
  "66": [],
  "67": [
    [0.3321785325276696, -0.0015897443016071949, -0.3609671690366789, 0.9745819345848411, -0.12982510040107537],
    [0.3321786001815433, -0.0015895497996015323, 0.3607327644196408, -0.9745876737734651, -0.12982507701539897]
  ],
  "68": [],
  "69": [],
  "70": [],
  "71": [],
  "72": [],
  "73": [],
  "74": [],
  "75": [],
  "76": [],
  "77": [],
  "78": [],
  "79": [],
  "80": [],
  "81": [],
  "82": [
    [0.8760179668459632, -0.13758750639372216, -0.64378784676593, 0.4244377457698176, 0.9024152296695646]
  ],
  "83": [],
  "84": [],
  "85": [],
  "86": [],
  "87": [],
  "88": [],
  "89": [],
  "90": [],
  "91": [],
  "92": [],
  "93": [],
  "94": [],
  "95": [],
  "96": [],
  "97": [],
  "98": [],
  "99": [],
  "100": []
}
