{
  "1": [],
  "2": [],
  "3": [],
  "4": [],
  "5": [
    [0.8257030057499689, -0.5134538642592033, 0.031523684151138376, -0.3760453416444886, -0.8835714725805286]
  ],
  "6": [],
  "7": [],
  "8": [],
  "9": [],
  "10": [],
  "11": [],
  "12": [],
  "13": [],
  "14": [
    [-0.23141341886074818, 0.5933483651638021, 0.6560766339074647, 0.4084027905719182, 0.4094399675001957],
    [0.24953699523835318, -0.5895884762766718, 0.6611403810795452, -0.40411587621692735, -0.35504559829394683]
  ],
  "15": [],
  "16": [],
  "17": [],
  "18": [],
  "19": [],
  "20": [],
  "21": [],
  "22": [],
  "23": [],
  "24": [],
  "25": [],
  "26": [],
  "27": [],
  "28": [],
  "29": [],
  "30": [],
  "31": [],
  "32": [],
  "33": [],
  "34": [],
  "35": [
    [-0.31422454930130106, 0.3975072939828478, -0.3368056788055312, -0.5949864263149185, 0.13960788278001018],
    [-0.6028605622538366, 0.6649845696923101, 0.751072965862203, -0.553814178350045, 0.17002098431344564],
    [-0.34708734814844466, 0.4134532501563492, 0.4596407830392133, -0.5733575935036284, 0.14251752068171544]
  ],
  "36": [
    [-0.9878261477888219, 0.5743880501304056, -0.520569084772807, 0.1696355894810581, 0.9903181054556024]
  ],
  "37": [],
  "38": [],
  "39": [],
  "40": [],
  "41": [],
  "42": [],
  "43": [],
  "44": [],
  "45": [],
  "46": [],
  "47": [],
  "48": [],
  "49": [],
  "50": [],
  "51": [],
  "52": [],
  "53": [],
  "54": [],
  "55": [],
  "56": [],
  "57": [],
  "58": [],
  "59": [],
  "60": [
    [-0.8480014286956571, 0.22497122647567067, 0.1939115329894776, -0.7340401301046706, -0.876847017299754]
  ],
  "61": [],
  "62": [],
  "63": [],
  "64": [],
  "65": [],
  "66": [],
  "67": [],
  "68": [
    [0.7901119051219702, -0.7129992334939831, -0.8081510505362681, 0.8208117927339231, -0.884517465950806]
  ],
  "69": [],
  "70": [],
  "71": [],
  "72": [],
  "73": [
    [-0.32377836788969416, -0.526486101071095, -0.6504851007944388, -0.45626957221367687, 0.6672084591834568]
  ],
  "74": [],
  "75": [
    [0.7148091372161874, -0.8490689264309361, 0.44801269921975573, 0.5246465932783749, 0.4900305384988168]
  ],
  "76": [],
  "77": [],
  "78": [],
  "79": [],
  "80": [],
  "81": [],
  "82": [],
  "83": [],
  "84": [],
  "85": [],
  "86": [],
  "87": [],
  "88": [],
  "89": [],
  "90": [],
  "91": [],
  "92": [
    [-0.35805709047696566, 0.007193053196901109, 0.06666455200235782, 0.04912199915044714, 0.2023459491125005]
  ],
  "93": [],
  "94": [],
  "95": [],
  "96": [],
  "97": [],
  "98": [],
  "99": [],
  "100": []
}
