{
  "1": [],
  "2": [],
  "3": [],
  "4": [],
  "5": [],
  "6": [],
  "7": [],
  "8": [],
  "9": [],
  "10": [],
  "11": [],
  "12": [],
  "13": [],
  "14": [],
  "15": [],
  "16": [],
  "17": [],
  "18": [],
  "19": [],
  "20": [],
  "21": [],
  "22": [],
  "23": [],
  "24": [],
  "25": [],
  "26": [],
  "27": [],
  "28": [
    [-0.8232514058580275, -0.9732909972490081, 0.3463678177787529, 0.9500220006991557, -0.9507743485243348]
  ],
  "29": [],
  "30": [],
  "31": [],
  "32": [],
  "33": [],
  "34": [],
  "35": [],
  "36": [],
  "37": [
    [0.8506408840141473, -0.27886768747778806, 0.10614849308906116, -0.7250226380881558, -0.0876363992006734],
    [0.8543030635243044, 0.27826901326442843, -0.10637023238606119, 0.7246967373439274, 0.0877396583483959]
  ],
  "38": [],
  "39": [],
  "40": [],
  "41": [],
  "42": [],
  "43": [],
  "44": [],
  "45": [],
  "46": [],
  "47": [],
  "48": [],
  "49": [],
  "50": [],
  "51": [],
  "52": [],
  "53": [],
  "54": [],
  "55": [],
  "56": [],
  "57": [],
  "58": [],
  "59": [
    [-0.6428971346645574, 0.5904285355231905, 0.43040698209235173, -0.5748392887612037, 0.814284513406018],
    [-0.6087701061207782, 0.6120768286520496, 0.7865335457705411, -0.6000975444719637, 0.49900728614382134],
    [-0.3495995764445122, 0.6002739013915449, 0.9161965392519035, 0.7250240264591921, -0.3598096625295957]
  ],
  "60": [],
  "61": [],
  "62": [],
  "63": [
    [-0.010324993821972488, 0.4202257713553538, -0.0870644916185199, -0.9919780496119956, 0.09537939777092747],
    [-0.010271906269767634, 0.4202258009680332, -0.08707490909596963, 0.9919778629581345, -0.09537940829219275]
  ],
  "64": [],
  "65": [],
  "66": [
    [0.9791425857106055, -0.23731656066755152, 0.8939320988818636, 0.5616947083657015, 0.7566241969769769],
    [0.8532197582361831, 0.8124837798190573, -0.7714381449449025, -0.9854072623085456, -0.7622466300072276]
  ],
  "67": [],
  "68": [],
  "69": [],
  "70": [],
  "71": [],
  "72": [],
  "73": [],
  "74": [],
  "75": [],
  "76": [],
  "77": [],
  "78": [],
  "79": [],
  "80": [],
  "81": [],
  "82": [],
  "83": [],
  "84": [],
  "85": [],
  "86": [],
  "87": [],
  "88": [],
  "89": [],
  "90": [],
  "91": [],
  "92": [],
  "93": [],
  "94": [],
  "95": [],
  "96": [],
  "97": [],
  "98": [],
  "99": [],
  "100": []
}
