{
  "1": [],
  "2": [],
  "3": [],
  "4": [],
  "5": [],
  "6": [],
  "7": [],
  "8": [],
  "9": [],
  "10": [],
  "11": [
    [-0.19038976884523265, 0.17899314969342334, 0.07143019897463336, 0.5722185044824198, -0.06250324516163018],
    [0.03341749877188437, 0.19258134634815938, 0.07713879449167736, -0.5540699519694084, -0.0626252811750301]
  ],
  "12": [],
  "13": [],
  "14": [],
  "15": [
    [-0.06700114692663262, -0.5189069526187814, 0.6056251470770704, 0.9625762459500681, -0.16015664343923453]
  ],
  "16": [],
  "17": [],
  "18": [],
  "19": [],
  "20": [
    [0.12350289075298829, 0.29113333051189105, -0.030261002044900464, 0.09305924973359814, 0.7142415438093566]
  ],
  "21": [],
  "22": [
    [-0.6384665194352449, 0.28275713641406297, 0.8924331429388561, -0.3611169551888434, -0.34573580415466243]
  ],
  "23": [],
  "24": [],
  "25": [
    [-0.5561781943870763, -0.21406754929427751, -0.13193733384792955, -0.19250019571041274, 0.7106666836427938]
  ],
  "26": [],
  "27": [],
  "28": [],
  "29": [],
  "30": [],
  "31": [],
  "32": [],
  "33": [
    [-0.2518532326164936, -0.44414678785999684, 0.524162723334028, -0.009944322015922805, -0.7542933091534842],
    [0.2668511230734296, 0.4120818030208013, 0.5251231966693617, -0.00992188809735108, 0.7393114812535778]
  ],
  "34": [
    [0.38261521197467874, 0.9673445461848925, -0.8436158573591895, -0.8867650748551373, -0.4060338233228374]
  ],
  "35": [],
  "36": [],
  "37": [],
  "38": [],
  "39": [],
  "40": [],
  "41": [],
  "42": [],
  "43": [],
  "44": [],
  "45": [],
  "46": [],
  "47": [],
  "48": [],
  "49": [],
  "50": [
    [0.9237689494139623, 0.39195845040169486, -0.2587951254844866, -0.05819231242957252, 0.2702165715774034]
  ],
  "51": [],
  "52": [],
  "53": [],
  "54": [
    [-0.7114368502298998, 0.8403158963740113, 0.7655842836604952, 0.32003370064942066, 0.984433422440941],
    [0.7153766094210537, -0.5556539794704732, -0.8380172785731206, 0.2360593215430063, 0.9131820887030753]
  ],
  "55": [
    [0.7132445106767736, 0.3703475401693747, -0.3484918399012934, -0.8927023559657777, -0.5367608495769478]
  ],
  "56": [],
  "57": [],
  "58": [],
  "59": [],
  "60": [
    [0.6832550294537213, 0.04595830272052328, 0.2251350252465408, 0.30701738085240216, 0.6468928510553408]
  ],
  "61": [],
  "62": [],
  "63": [],
  "64": [],
  "65": [],
  "66": [],
  "67": [],
  "68": [
    [0.3620328724041522, -0.38156763106851455, 0.5918762931391118, 0.5090793116484249, 0.644274131853787]
  ],
  "69": [],
  "70": [],
  "71": [],
  "72": [
    [-0.7252797821921686, 0.6072275175549251, -0.6921643865460497, 0.5972729731810824, -0.7188875731869441]
  ],
  "73": [],
  "74": [
    [-0.04828409212648294, -0.69246663674425, -0.12035801290301434, 0.09742487669949429, 0.9991276463979929],
    [-0.04717950374894333, -0.4795928284019463, -0.23184573970697103, 0.11025488021079935, 0.50935060634143],
    [-0.03892749368523816, 0.6151695409454996, 0.5937850565029525, 0.2273173928462756, -0.17045970063958965]
  ],
  "75": [
    [0.8936351158328947, 0.5634263556095936, 0.059822981960437185, -0.8164970571776704, -0.42069011282600244],
    [0.9900112261274122, -0.562872626653538, 0.07269259390638354, -0.7809980380474094, 0.3706377757623454]
  ],
  "76": [
    [-0.003360645648621716, 0.5508601629169392, -0.764188132784372, -0.5705933253809051, 0.2075926003049865],
    [0.0031633110906531606, 0.27028206157739065, -0.7685241004141833, 0.8113616460257639, 0.20632697385216062]
  ],
  "77": [],
  "78": [
    [-0.9797023536265114, -0.23275837390488716, 0.4673948345742196, -0.8728747131598809, -0.888397004868952],
    [-0.23477913968977532, -0.8768553239321978, 0.7048208798799687, -0.8873900169908824, -0.48123777562313513]
  ],
  "79": [],
  "80": [
    [-0.7109440060531134, 0.2423703649725276, -0.7848199418662262, 0.037302393155928225, -0.055204011257997294],
    [0.4445073397727289, -0.6772428350601002, -0.9727128926696806, -0.6332696041111778, -0.3858671771099817],
    [0.39058567241133746, -0.7891346141078458, 0.9765899630397128, 0.5414163586543381, 0.3490037449295856]
  ],
  "81": [],
  "82": [
    [-0.910394240663664, 0.628216515819561, -0.014111496583022251, -0.11122343510423972, -0.7602284006694451]
  ],
  "83": [],
  "84": [],
  "85": [],
  "86": [
    [-0.574865813684623, 0.1167201690998714, 0.16184282154646226, 0.08523262557150993, -0.435018416497131],
    [0.192982947352655, 0.2258058275383922, 0.17938221698870216, -0.1398541307909854, -0.4411580971275997]
  ],
  "87": [],
  "88": [],
  "89": [
    [-0.5271233509118327, -0.2479337316422842, -0.09959544366722627, -0.6781510547040708, 0.047684755964913554],
    [-0.3624684761170014, -0.1732980164880019, -0.08976265757442167, -0.6957913639704871, 0.0954038407587782],
    [-0.2994122586754591, 0.05106963676609956, -0.08483881844819043, -0.6987750131680402, 0.13794359028006628],
    [0.6528597329562937, -0.6059669257951651, -0.18046298014384785, -0.24316813100673684, -0.8858687452299091],
    [0.9487219647281195, -0.2837581174081413, -0.1812585848784188, -0.6673512855518693, 0.016182579481341372],
    [0.30311945858233447, -0.06353330277521312, -0.08663923986511833, -0.7010499363368958, 0.1347969224298574],
    [0.3218091112259984, 0.1229947808233173, -0.08348968091214849, -0.6950762432755452, 0.11941682257214567]
  ],
  "90": [
    [0.5507622273391438, -0.20635000907710266, 0.5056049619845073, 0.9761535559606063, 0.33355097370881814]
  ],
  "91": [],
  "92": [
    [0.26765474885419455, -0.33090281715028463, -0.28890942302697714, -0.7279212382809741, 0.584728804983567]
  ],
  "93": [],
  "94": [],
  "95": [],
  "96": [],
  "97": [],
  "98": [
    [-0.7547171530140349, -0.9964322332378861, -0.4204266967109527, -0.7810251344791094, -0.05416650288285939]
  ],
  "99": [],
  "100": [
    [0.4615609099247616, -0.17002635998480572, 0.489142534538471, -0.003638481002220305, -0.2823358596180483]
  ]
}
