{
  "1": [],
  "2": [],
  "3": [],
  "4": [],
  "5": [],
  "6": [],
  "7": [],
  "8": [],
  "9": [],
  "10": [],
  "11": [],
  "12": [],
  "13": [],
  "14": [],
  "15": [],
  "16": [],
  "17": [],
  "18": [],
  "19": [
    [0.8475733745215489, -0.6679906275645833, -0.24060822698408055, 0.13046685554971246, 0.8714460433536622],
    [0.22490545339834084, -0.8570496867196107, 0.18056489519596144, 0.17196354168201936, -0.6133319560443532]
  ],
  "20": [
    [0.9528501094768709, -0.47760421036282535, -0.47419214451745917, -0.9284708807736594, -0.6114146935087497]
  ],
  "21": [],
  "22": [],
  "23": [],
  "24": [],
  "25": [
    [-0.6419406613414784, 0.043362605588796004, 0.5025023310983342, 0.9256140847640146, 0.7408594385388604],
    [0.9929681734516518, -0.21280253589587952, 0.30824832330601243, 0.8700876858619159, 0.8907412852610931]
  ],
  "26": [],
  "27": [],
  "28": [],
  "29": [],
  "30": [],
  "31": [
    [-0.7581277116729964, -0.5326968061069042, 0.40265503038920647, -0.6649067162459523, -0.15216651725002525]
  ],
  "32": [],
  "33": [],
  "34": [],
  "35": [],
  "36": [],
  "37": [],
  "38": [
    [-0.8493559687837435, 0.7764322135141599, 0.2668018550398674, 0.7022438943760526, 0.3503248225502072],
    [0.5688544723884248, 0.7942661003541609, 0.4051992655005347, 0.4574755968571302, 0.35894183944371466]
  ],
  "39": [],
  "40": [],
  "41": [],
  "42": [],
  "43": [],
  "44": [],
  "45": [],
  "46": [],
  "47": [],
  "48": [],
  "49": [],
  "50": [],
  "51": [],
  "52": [
    [0.27707556528940647, 0.13523349548797775, -0.6386846217078538, -0.8175697088334452, 0.8848578494403423]
  ],
  "53": [],
  "54": [],
  "55": [],
  "56": [],
  "57": [],
  "58": [],
  "59": [
    [0.6894117371186603, 0.3891803242140564, 0.6278546180468665, -0.03862092469131806, -0.26519467808289693]
  ],
  "60": [],
  "61": [
    [-0.5193020950297692, 0.2938664779984946, -0.23934904013309383, -0.3129754638252681, 0.991348471688819],
    [-0.5841618306662588, 0.44659831322991417, -0.0813531747242089, -0.32568879767028647, 0.8061122457508851],
    [-0.7256261203393599, 0.6550541551818796, -0.0773730436379818, 0.33357677503162014, 0.6560926210994985]
  ],
  "62": [],
  "63": [],
  "64": [],
  "65": [],
  "66": [],
  "67": [],
  "68": [],
  "69": [
    [0.13164487365381264, 0.29526958401616127, -0.05908300060288137, -0.5348847534665894, -0.5471269355495215]
  ],
  "70": [],
  "71": [],
  "72": [
    [-0.43111114166911346, 0.042352503878457876, -0.45304279105915585, -0.5195549646490557, -0.6330658532462505],
    [-0.43244491335725965, 0.040992088336860494, -0.4518707683667667, -0.7341099700835727, 0.677820063676499],
    [0.365142156984266, 0.04384948060099134, 0.5343177678608219, 0.4337778224460287, 0.5325164462722539]
  ],
  "73": [],
  "74": [],
  "75": [],
  "76": [],
  "77": [],
  "78": [],
  "79": [],
  "80": [],
  "81": [],
  "82": [],
  "83": [],
  "84": [],
  "85": [],
  "86": [
    [-0.21849273251712809, -0.044476363741938876, -0.10026144240001647, -0.7129862191139564, -0.14541519856196322],
    [-0.23027452748140578, 0.04559834926031582, -0.09517039102570458, -0.6627047739577749, -0.13823963540317544],
    [-0.24034478551893854, 0.5491531800522857, -0.24834912452954755, -0.2020687840289648, -0.13266776968658064],
    [-0.21084313706776783, 0.7669209768576104, 0.20614935925331024, -0.1764429526418067, -0.15107710651130274],
    [0.21135060658520508, -0.7656865690667289, -0.2071376253891954, 0.17309978693200567, 0.15070398956292938],
    [0.23945497403897564, -0.55003154299517, 0.2498217991163158, 0.19516209935113613, 0.1331412344914735]
  ],
  "87": [
    [-0.43302668852526804, -0.3367675634641689, -0.9797920719011731, -0.13621992325172375, -0.7385626993198185],
    [-0.4282247121731709, -0.28979516706262665, 0.701366051020795, -0.7496265918499097, -0.26354074762172813],
    [-0.4329092763246506, 0.7903446148951464, 0.8062153977278337, 0.07146217644001678, 0.8433525834737997],
    [0.31596173766574076, -0.4551864236779162, 0.6343448401877412, -0.128265616180279, 0.9444435479407778],
    [0.3159849465428436, 0.725978522607062, -0.9441498928845901, 0.07551962833693181, -0.7473466125151126]
  ],
  "88": [],
  "89": [],
  "90": [],
  "91": [],
  "92": [],
  "93": [],
  "94": [],
  "95": [],
  "96": [],
  "97": [],
  "98": [
    [0.47493330949401347, -0.06411697385715719, 0.4516741530643208, -0.5118026111318236, 0.4209435658127919]
  ],
  "99": [
    [-0.8276811365474274, 0.8997051889667557, -0.5901123005994048, -0.06007152460400494, -0.8782838167043922],
    [-0.37897357980136687, 0.7884442527512847, 0.990012009189813, 0.19084165060060404, 0.8506728388007917],
    [0.4430407777302379, -0.3943154679915409, 0.9370687412052624, -0.8531716505900314, -0.06595471593396504]
  ],
  "100": []
}
