{
  "1": [],
  "2": [],
  "3": [],
  "4": [],
  "5": [],
  "6": [],
  "7": [],
  "8": [],
  "9": [],
  "10": [],
  "11": [],
  "12": [],
  "13": [],
  "14": [],
  "15": [],
  "16": [],
  "17": [],
  "18": [],
  "19": [],
  "20": [],
  "21": [],
  "22": [],
  "23": [
    [-0.8275214056982866, -0.6446476081435899, -0.5715760121268035, -0.7143395150005476, 0.5757114416339987],
    [0.28038152609924943, 0.5017778371926989, -0.8815698093485927, 0.8831117186227296, -0.17094305308658214],
    [0.7532195228013092, 0.8369320788285725, 0.4421601790214357, 0.3579831326845555, 0.8721870279247981]
  ],
  "24": [],
  "25": [],
  "26": [],
  "27": [],
  "28": [],
  "29": [],
  "30": [],
  "31": [],
  "32": [
    [-0.835688515329396, -0.049105009275598965, -0.002983435232730175, 0.5155716530997385, 0.045402578286595184],
    [-0.9018877765222164, 0.04339791078881817, -0.005719481340350942, -0.49717904300051075, 0.04421792039580784]
  ],
  "33": [],
  "34": [
    [-0.5230953009690225, -0.7160672101434155, -0.3995508718142064, 0.29356696174166613, -0.6410785280708919],
    [-0.6177340380481295, -0.7128917760031369, 0.6225712341334018, 0.2908774427677294, 0.5955588561261688],
    [-0.6227158805925282, -0.733454101330787, 0.8368217437751012, 0.29178781892490185, 0.5822927085277202]
  ],
  "35": [],
  "36": [],
  "37": [],
  "38": [],
  "39": [],
  "40": [],
  "41": [],
  "42": [],
  "43": [],
  "44": [],
  "45": [
    [0.6871571987404802, -0.2746379838588473, -0.8720130051725288, -0.6713656899055792, 0.6763335073893469],
    [0.6707918981496764, 0.9540888725768005, 0.866127792397955, -0.8467691886209041, -0.7443160276315789]
  ],
  "46": [],
  "47": [],
  "48": [],
  "49": [],
  "50": [],
  "51": [],
  "52": [],
  "53": [],
  "54": [],
  "55": [],
  "56": [],
  "57": [],
  "58": [],
  "59": [],
  "60": [],
  "61": [
    [-0.35693793258424084, -0.49041693416749366, 0.22089301568538564, 0.6719289151688826, -0.8248233280330067],
    [0.5800186022806915, -0.14270598265654766, -0.44379411613873704, -0.9599661023563235, -0.5417442077603979]
  ],
  "62": [],
  "63": [],
  "64": [],
  "65": [],
  "66": [],
  "67": [],
  "68": [],
  "69": [],
  "70": [],
  "71": [
    [-0.8987615207669892, 0.14944778384742557, -0.21865919165135284, -0.2706217622079746, 0.3517170186870366]
  ],
  "72": [],
  "73": [],
  "74": [],
  "75": [],
  "76": [],
  "77": [],
  "78": [],
  "79": [],
  "80": [],
  "81": [],
  "82": [],
  "83": [],
  "84": [],
  "85": [],
  "86": [],
  "87": [],
  "88": [],
  "89": [],
  "90": [],
  "91": [],
  "92": [],
  "93": [],
  "94": [],
  "95": [
    [-0.15549407701831855, -0.38333739752493934, -0.4120285187418383, 0.30521917419416333, 0.6458898453261891]
  ],
  "96": [],
  "97": [],
  "98": [],
  "99": [],
  "100": [
    [0.36962052489333036, -0.695464650754896, 0.8736162739399939, -0.9094338127220937, -0.35387817100491215]
  ]
}
