{
  "1": [],
  "2": [
    [-0.5665497665445929, -0.15042051736161793, -0.08711202785820467, -0.24196215408009292, 0.1866731657461849]
  ],
  "3": [
    [0.19119517671188757, 0.4266381567746074, 0.3460354636224646, -0.4112603459501746, 0.2935189050124717],
    [0.3405834487744103, 0.6672800889345933, 0.5681907247142398, -0.8846209049048291, 0.6403452655331077]
  ],
  "4": [],
  "5": [],
  "6": [
    [0.4186554403939592, -0.6260897362294183, 0.06946291815366008, 0.13211163184179067, 0.6848864073166336]
  ],
  "7": [],
  "8": [],
  "9": [],
  "10": [],
  "11": [
    [0.00664617959546137, -0.2918907619788838, -0.026298153633309014, -0.15246482845831005, -0.1820559803611267],
    [0.016138879275189977, 0.3002344697642284, -0.026108351924952033, -0.15441264245571648, -0.1825864277844466]
  ],
  "12": [],
  "13": [
    [0.02773190129663732, 0.03362637170601251, -0.2085943393867886, 0.02154555833935286, -0.6651797342103134],
    [-0.03966636490149823, -0.071576294215605, -0.12466355942182572, 0.2828650038693746, -0.8869254308336194],
    [-0.25235861411911265, -0.7605328121739326, 0.17718552592465095, -0.10987167075572542, 0.16447197800937444],
    [-0.051299956517941406, -0.4564348168648591, 0.12788649429954727, 0.0015115685203693475, 0.8475560950560617],
    [0.057689874434842234, -0.5607465792488787, 0.2121419713126472, 0.33096418921920534, 0.7011843937468154]
  ],
  "14": [
    [-0.2651703194309117, 0.020972467904679867, -0.7147536754827533, -0.1012879427202096, 0.8766510382902825],
    [-0.2978104595916379, 0.027714963969003057, -0.2833790154701294, -0.11018618750204955, 0.16065672473659326]
  ],
  "15": [],
  "16": [
    [-0.4050916963071337, -0.8318989434585004, -0.04176796106933122, 0.36081068956691054, 0.8565613943424778]
  ],
  "17": [],
  "18": [],
  "19": [],
  "20": [],
  "21": [
    [0.11739912108921513, -0.5346341378985161, -0.15320698066460067, 0.07029610172396161, 0.11524123538636441]
  ],
  "22": [
    [-0.1508841146644312, -0.6474669096804709, -0.08433592450464979, -0.1986366311632971, -0.12270548932511419],
    [-0.6673463568079704, -0.6718154985330457, -0.8248109755866813, -0.5495552888582187, 0.41210155552320554],
    [-0.6006484221184062, -0.6505414824144531, -0.6896787210293235, -0.4973340500365942, 0.14010701636966744]
  ],
  "23": [],
  "24": [
    [-0.10509448981357947, -0.48898261394326636, 0.883321473053167, -0.4132767591911048, -0.29481409107129164],
    [-0.0962796946306021, -0.2672199953715579, 0.9253948391877059, -0.24333867317969343, 0.6605761849795232],
    [-0.061407814125930237, 0.3304952146574559, 0.8142024590637726, 0.279041524301953, 0.025341628638179958]
  ],
  "25": [],
  "26": [],
  "27": [],
  "28": [],
  "29": [
    [-0.08948934640910193, -0.6062910784388821, 0.13995616419198792, -0.08126083173710624, 0.9067841797646358],
    [-0.017844534975569037, 0.0416545171732864, -0.3943714748553827, 0.10223832427306853, -0.019686267345119874]
  ],
  "30": [],
  "31": [],
  "32": [
    [0.03492982430336, 0.8672590188182988, 0.6764026723433351, -0.22180993308495642, 0.18801130405194436],
    [0.03490036599502739, 0.8313520496318565, 0.6836152192939089, 0.2265691047067157, 0.18579496393841183],
    [0.05089418278774269, -0.05514654147234535, 0.24151592926713875, -0.3330032314363947, 0.14372009443102068],
    [0.049722518784135514, -0.08913102449154921, 0.27677217828689493, 0.3364009040251397, 0.140016351583633]
  ],
  "33": [
    [0.551102936588725, 0.026596364092628146, -0.6692494930555118, 0.35058837263362885, -0.17677572107178893]
  ],
  "34": [],
  "35": [
    [0.38012554208862065, 0.05971344388475711, -0.22653394002315227, 0.08903989812853108, 0.5927339302474796],
    [0.7339265339135383, 0.06514182431463751, -0.11451362464217983, 0.3721746365720768, 0.21193996246590815]
  ],
  "36": [],
  "37": [],
  "38": [],
  "39": [],
  "40": [
    [0.3167786181558434, -0.028559991178070464, -0.019612432707950597, -0.6220111909369997, 0.33136266916572543],
    [0.4252245200977119, -0.025898313371865714, -0.06726078847466209, 0.7858312207886158, 0.24072677518812627],
    [0.20823531297300635, 0.6399605652692302, 0.2779997682167577, 0.5744147963301011, -0.45726295785314525]
  ],
  "41": [
    [-0.6903161080245399, -0.3479258388234739, -0.1200848477226309, 0.8562336704889906, 0.178518581443874],
    [-0.05710221421664113, -0.028266869236696458, -0.28963347603387163, 0.9039646034316036, 0.4597256146406855]
  ],
  "42": [],
  "43": [],
  "44": [],
  "45": [],
  "46": [],
  "47": [],
  "48": [
    [-0.509449750434595, 0.12381369599087194, -0.7005313748163178, -0.27418360161004773, 0.001094572389834764]
  ],
  "49": [],
  "50": [
    [0.03537274626554705, -0.30910424881145104, 0.04928255208760659, 0.05290436681977533, -0.2463622455789017]
  ],
  "51": [
    [-0.05415857509551682, -0.12485400745640227, -0.25188819078467095, 0.016983048912199296, -0.6102882346913581],
    [-0.12688512405486574, -0.18015286935811736, -0.12618256055944393, -0.06346602193726687, -0.2818058809696414]
  ],
  "52": [],
  "53": [
    [-0.16064973648648057, -0.09659758231759143, -0.8164298143964993, -0.5630359883481121, 0.14382710946057337],
    [0.39499430130732777, 0.05681202470293294, -0.1907148851394767, 0.8504134832319304, 0.15879162515294828]
  ],
  "54": [],
  "55": [
    [-0.07629753222587417, 0.03110978109479063, 0.9697937778472303, 0.1643525351087027, -0.07003841064549757]
  ],
  "56": [
    [-0.18841956466177417, 0.38590019792862934, -0.5085387781533667, -0.306763713761536, 0.1096923666218144],
    [-0.4863961092324303, 0.7948444377518266, -0.42567026346653825, -0.7107349006397184, 0.2747903640703164]
  ],
  "57": [],
  "58": [],
  "59": [
    [0.16230070651155679, -0.07085914432787363, 0.002079056739603362, -0.3402916673685657, -0.29314178759594267]
  ],
  "60": [
    [0.6059431580046887, -0.44361072463455287, -0.02536283893690772, 0.15889576588529988, 0.6754586186236585]
  ],
  "61": [],
  "62": [],
  "63": [
    [0.7235983912840709, 0.2663733034949424, 0.11530573428942271, -0.2698440276807602, -0.560517516231564]
  ],
  "64": [],
  "65": [
    [-0.12257519846782607, -0.687288412120356, 0.9543931975883825, 0.03278980277940618, -0.07467871910096517],
    [0.49936261817128286, 0.1472831030180674, -0.3400510797938851, 0.8718010615867043, -0.914064715546448],
    [0.25425872207952244, -0.0677197444767422, 0.1050074172467499, -0.2889442803349934, -0.3957747737187308]
  ],
  "66": [],
  "67": [
    [-0.467182850238594, 0.7835091010948361, -0.09648214705215241, 0.2736449316310005, 0.053810021597063544],
    [-0.4041861825599242, 0.44187847926339513, -0.15027658233199384, 0.14461921710316192, 0.1720913081417195],
    [0.4495225177866551, 0.44187847926339524, -0.1502765823319938, 0.14461921710316197, 0.17209130814171944],
    [0.5475701805282333, 0.783509101094836, -0.09648214705215238, 0.2736449316310004, 0.05381002159706352]
  ],
  "68": [],
  "69": [],
  "70": [
    [0.0031120041832372342, -0.044781841658409025, 0.6277632030705603, -0.3775641088607416, 0.33808354123642886],
    [-0.018784139349405364, -0.04773624455040702, 0.4103313506456326, -0.41201186105919213, 0.3940372030267243],
    [-0.25707399257192143, -0.08617777803199579, 0.4290904448755131, 0.6922371157189368, -0.7872516413930621]
  ],
  "71": [
    [-0.37987614644212625, -0.05796981608612545, -0.027642986031691616, 0.39875795832226435, 0.08163336381662384],
    [-0.2007035032014092, -0.026942087381213117, 0.4273816959050449, 0.1719578861997662, -0.2910786133639983],
    [0.11162770785578566, -0.17922343259807752, -0.42439241566392066, -0.26991535880042994, 0.40682817638342167],
    [0.3073754293959633, 0.14797925902191453, -0.161950713425683, -0.5679928463828521, -0.31215317684871835]
  ],
  "72": [
    [-0.28899189809908427, -0.40254486297339864, -0.034853301327686645, -0.8358564979043452, -0.06518966262113139],
    [-0.708470630916135, -0.17994775092782986, -0.09388667942922181, -0.370955205690725, 0.14569264546360386]
  ],
  "73": [],
  "74": [],
  "75": [],