{
  "1": [],
  "2": [],
  "3": [],
  "4": [],
  "5": [],
  "6": [],
  "7": [],
  "8": [],
  "9": [],
  "10": [],
  "11": [],
  "12": [],
  "13": [],
  "14": [],
  "15": [],
  "16": [],
  "17": [],
  "18": [],
  "19": [],
  "20": [],
  "21": [
    [-0.9344409379936081, -0.46215891609660403, 0.6262272869653644, -0.6820323028101346, -0.6237665931259417]
  ],
  "22": [
    [-0.6487088427213835, 0.6066199987289635, -0.9460841539420134, 0.9582074860492001, 0.5497720885293553]
  ],
  "23": [],
  "24": [],
  "25": [],
  "26": [],
  "27": [],
  "28": [],
  "29": [],
  "30": [],
  "31": [],
  "32": [],
  "33": [],
  "34": [],
  "35": [],
  "36": [],
  "37": [],
  "38": [],
  "39": [],
  "40": [],
  "41": [],
  "42": [],
  "43": [],
  "44": [],
  "45": [],
  "46": [],
  "47": [
    [-0.8293935298121409, 0.6086910821835155, 0.35838158620902544, -0.9390280439125513, 0.7111599694285297]
  ],
  "48": [],
  "49": [],
  "50": [],
  "51": [],
  "52": [
    [0.25066167269575307, -0.32187723631888315, -0.9539606859811443, 0.8204652454427668, -0.541259946962935],
    [0.30917516939321754, -0.3346179939730451, 0.31227742477411236, 0.8142553303310403, -0.4696287286014078]
  ],
  "53": [],
  "54": [],
  "55": [],
  "56": [],
  "57": [],
  "58": [],
  "59": [],
  "60": [],
  "61": [],
  "62": [],
  "63": [],
  "64": [],
  "65": [],
  "66": [],
  "67": [],
  "68": [],
  "69": [],
  "70": [],
  "71": [],
  "72": [
    [-0.7412088857939777, 0.21512891085484237, -0.6742367932727947, 0.7432989606229213, 0.7969322749958305]
  ],
  "73": [],
  "74": [],
  "75": [],
  "76": [],
  "77": [],
  "78": [],
  "79": [],
  "80": [],
  "81": [],
  "82": [],
  "83": [],
  "84": [],
  "85": [],
  "86": [],
  "87": [
    [0.9165888740743622, -0.4027658174469508, 0.8093481309044271, -0.6947825407295349, 0.8880196130349811]
  ],
  "88": [],
  "89": [],
  "90": [],
  "91": [
    [-0.659042624166987, -0.36661205024742677, -0.4234652258636961, -0.9379761925802574, -0.9078287801573512],
    [0.6434403550867575, 0.5730587091614343, -0.7200296985621365, -0.7312647370423224, 0.9917870287283573],
    [0.7438370112714212, 0.3661001510110928, -0.5858304541438142, 0.7656846617625997, -0.8792952744991179]
  ],
  "92": [
    [-0.8141565724973767, -0.8315457653284096, 0.8610404681522648, -0.6248520454750234, -0.8797588090917559],
    [-0.8896184404794978, 0.8102091480115781, -0.8644523345378055, -0.6133077258873035, 0.8019831820916259]
  ],
  "93": [],
  "94": [],
  "95": [],
  "96": [],
  "97": [],
  "98": [],
  "99": [],
  "100": []
}
