{
  "1": [],
  "2": [],
  "3": [],
  "4": [],
  "5": [],
  "6": [],
  "7": [],
  "8": [],
  "9": [],
  "10": [],
  "11": [],
  "12": [],
  "13": [],
  "14": [],
  "15": [],
  "16": [],
  "17": [],
  "18": [],
  "19": [],
  "20": [],
  "21": [],
  "22": [],
  "23": [],
  "24": [],
  "25": [],
  "26": [],
  "27": [],
  "28": [],
  "29": [],
  "30": [],
  "31": [],
  "32": [],
  "33": [],
  "34": [],
  "35": [
    [-0.9047591479033589, 0.6417544359867994, -0.8012841979375672, -0.983055463352645, 0.806535553287433],
    [0.9846990232288073, 0.6416842468053249, 0.7591452602036776, 0.9767082272142706, -0.7856693393105276]
  ],
  "36": [],
  "37": [],
  "38": [],
  "39": [],
  "40": [
    [-0.2570881363549208, 0.5418492741947329, 0.5290866252318334, -0.926350999076006, 0.5583822362611619]
  ],
  "41": [],
  "42": [],
  "43": [],
  "44": [],
  "45": [],
  "46": [],
  "47": [],
  "48": [],
  "49": [],
  "50": [],
  "51": [],
  "52": [],
  "53": [],
  "54": [],
  "55": [],
  "56": [],
  "57": [],
  "58": [],
  "59": [],
  "60": [],
  "61": [],
  "62": [],
  "63": [],
  "64": [],
  "65": [],
  "66": [],
  "67": [
    [-0.12982507701539903, -0.9745876737734651, 0.3607327644196418, -0.0015895497996013222, 0.3321786001815434],
    [-0.1298251004010754, 0.9745819345848411, -0.3609671690366787, -0.0015897443016072114, 0.33217853252766966]
  ],
  "68": [],
  "69": [],
  "70": [],
  "71": [],
  "72": [],
  "73": [],
  "74": [],
  "75": [],
  "76": [],
  "77": [],
  "78": [],
  "79": [],
  "80": [],
  "81": [],
  "82": [
    [0.902415229669564, 0.4244377457698178, -0.6437878467659301, -0.1375875063937222, 0.8760179668459628]
  ],
  "83": [],
  "84": [],
  "85": [],
  "86": [],
  "87": [],
  "88": [],
  "89": [],
  "90": [],
  "91": [],
  "92": [],
  "93": [],
  "94": [],
  "95": [],
  "96": [],
  "97": [],
  "98": [],
  "99": [],
  "100": []
}
