{
  "1": [],
  "2": [
    [0.18667316574618478, -0.24196215408009264, -0.08711202785820443, -0.1504205173616182, -0.5665497665445925]
  ],
  "3": [
    [0.29351890501247196, -0.4112603459501749, 0.3460354636224648, 0.42663815677460754, 0.19119517671188752],
    [0.6403452655331072, -0.8846209049048286, 0.5681907247142395, 0.6672800889345932, 0.3405834487744101]
  ],
  "4": [],
  "5": [],
  "6": [
    [0.6848864073166339, 0.13211163184179053, 0.06946291815366018, -0.6260897362294175, 0.4186554403939594]
  ],
  "7": [],
  "8": [],
  "9": [],
  "10": [],
  "11": [
    [-0.18205598036112652, -0.1524648284583096, -0.026298153633309, -0.2918907619788839, 0.006646179595461418],
    [-0.18258642778444645, -0.1544126424557161, -0.026108351924951995, 0.3002344697642285, 0.016138879275190043]
  ],
  "12": [],
  "13": [
    [-0.6651797342103131, 0.021545558339353763, -0.20859433938678842, 0.033626371706012376, 0.02773190129663687],
    [-0.8869254308336134, 0.2828650038693717, -0.12466355942182669, -0.07157629421560367, -0.03966636490149808],
    [0.16447197800937513, -0.1098716707557255, 0.17718552592465078, -0.7605328121739319, -0.2523586141191122],
    [0.8475560950560608, 0.0015115685203685478, 0.1278864942995472, -0.4564348168648592, -0.05129995651794167],
    [0.7011843937468148, 0.33096418921920595, 0.2121419713126476, -0.5607465792488792, 0.05768987443484261]
  ],
  "14": [
    [0.8766510382902886, -0.10128794272020937, -0.7147536754827557, 0.020972467904679916, -0.2651703194309128],
    [0.1606567247365909, -0.11018618750204943, -0.283379015470127, 0.027714963969003168, -0.2978104595916396]
  ],
  "15": [],
  "16": [
    [0.856561394342478, 0.36081068956691037, -0.041767961069331255, -0.8318989434585001, -0.4050916963071336]
  ],
  "17": [],
  "18": [],
  "19": [],
  "20": [],
  "21": [
    [0.11524123538636441, 0.07029610172396168, -0.15320698066460076, -0.5346341378985158, 0.1173991210892151]
  ],
  "22": [
    [-0.12270548932511424, -0.19863663116329724, -0.08433592450464955, -0.6474669096804704, -0.1508841146644314],
    [0.14010701636966563, -0.4973340500365936, -0.6896787210293223, -0.6505414824144526, -0.6006484221184055],
    [0.4121015555232079, -0.5495552888582189, -0.8248109755866821, -0.6718154985330456, -0.6673463568079708]
  ],
  "23": [],
  "24": [
    [-0.29481409107129214, -0.4132767591911049, 0.8833214730531668, -0.4889826139432665, -0.10509448981357952],
    [0.6605761849795236, -0.24333867317969335, 0.9253948391877056, -0.26721999537155783, -0.09627969463060214],
    [0.025341628638180184, 0.279041524301953, 0.8142024590637731, 0.33049521465745585, -0.06140781412593025]
  ],
  "25": [],
  "26": [],
  "27": [],
  "28": [],
  "29": [
    [0.906784179764636, -0.08126083173710617, 0.13995616419198786, -0.6062910784388821, -0.08948934640910189],
    [-0.019686267345119128, 0.10223832427306853, -0.39437147485538193, 0.04165451717328652, -0.01784453497556895]
  ],
  "30": [],
  "31": [],
  "32": [
    [0.14372009443102063, -0.33300323143639443, 0.2415159292671393, -0.055146541472345455, 0.05089418278774264],
    [0.18801130405194433, -0.2218099330849561, 0.6764026723433352, 0.8672590188182981, 0.03492982430336001],
    [0.14001635158363301, 0.33640090402513934, 0.27677217828689527, -0.08913102449154912, 0.04972251878413546],
    [0.18579496393841183, 0.2265691047067153, 0.6836152192939089, 0.8313520496318559, 0.034900365995027396]
  ],
  "33": [
    [-0.17677572107178885, 0.35058837263362874, -0.6692494930555116, 0.02659636409262804, 0.5511029365887248]
  ],
  "34": [],
  "35": [
    [0.5927339302474789, 0.08903989812853122, -0.22653394002315233, 0.05971344388475713, 0.3801255420886209],
    [0.2119399624659085, 0.3721746365720765, -0.11451362464217998, 0.06514182431463748, 0.7339265339135382]
  ],
  "36": [],
  "37": [],
  "38": [],
  "39": [],
  "40": [
    [-0.45726295785314536, 0.5744147963301012, 0.27799976821675804, 0.6399605652692301, 0.20823531297300651],
    [0.3313626691657255, -0.6220111909370001, -0.019612432707950055, -0.028559991178070485, 0.316778618155843],
    [0.240726775188126, 0.7858312207886158, -0.06726078847466165, -0.025898313371865697, 0.425224520097712]
  ],
  "41": [
    [0.17851858144387397, 0.856233670488991, -0.12008484772263082, -0.3479258388234739, -0.6903161080245397],
    [0.45972561464068545, 0.9039646034316036, -0.28963347603387163, -0.028266869236696475, -0.0571022142166411]
  ],
  "42": [],
  "43": [],
  "44": [],
  "45": [],
  "46": [],
  "47": [],
  "48": [
    [0.0010945723898345948, -0.2741836016100476, -0.7005313748163174, 0.12381369599087196, -0.5094497504345948]
  ],
  "49": [],
  "50": [
    [-0.24636224557890174, 0.05290436681977545, 0.04928255208760651, -0.3091042488114496, 0.035372746265547164]
  ],
  "51": [
    [-0.6102882346913575, 0.016983048912199133, -0.25188819078467073, -0.12485400745640234, -0.054158575095516845],
    [-0.2818058809696417, -0.06346602193726682, -0.12618256055944402, -0.18015286935811722, -0.1268851240548655]
  ],
  "52": [],
  "53": [
    [0.14382710946057314, -0.5630359883481125, -0.8164298143964993, -0.09659758231759166, -0.1606497364864805],
    [0.1587916251529482, 0.8504134832319304, -0.1907148851394765, 0.056812024702932964, 0.3949943013073277]
  ],
  "54": [],
  "55": [
    [-0.07003841064549758, 0.16435253510870126, 0.9697937778472305, 0.031109781094790654, -0.076297532225874]
  ],
  "56": [
    [0.10969236662181453, -0.3067637137615365, -0.5085387781533666, 0.3859001979286301, -0.18841956466177456],
    [0.27479036407031615, -0.7107349006397181, -0.4256702634665382, 0.7948444377518261, -0.48639610923243004]
  ],
  "57": [],
  "58": [],
  "59": [
    [-0.2931417875959445, -0.3402916673685657, 0.002079056739603304, -0.07085914432787369, 0.1623007065115569]
  ],
  "60": [
    [0.6754586186236586, 0.15889576588530052, -0.025362838936907828, -0.44361072463455203, 0.6059431580046878]
  ],
  "61": [],
  "62": [],
  "63": [
    [-0.560517516231564, -0.2698440276807603, 0.11530573428942277, 0.26637330349494237, 0.7235983912840709]
  ],
  "64": [],
  "65": [
    [-0.07467871910096512, 0.03278980277940619, 0.9543931975883824, -0.6872884121203569, -0.12257519846782616],
    [-0.39577477371873104, -0.2889442803349933, 0.10500741724674995, -0.06771974447674231, 0.2542587220795225],
    [-0.914064715546448, 0.8718010615867042, -0.34005107979388505, 0.14728310301806724, 0.49936261817128286]
  ],
  "66": [],
  "67": [
    [0.053810021597063544, 0.27364493163100057, -0.09648214705215273, 0.7835091010948362, -0.46718285023859385],
    [0.17209130814171966, 0.14461921710316197, -0.150276582331994, 0.44187847926339524, -0.4041861825599238],
    [0.053810021597063794, 0.2736449316310003, -0.09648214705215234, 0.7835091010948355, 0.547570180528233],
    [0.17209130814171952, 0.144619217103162, -0.1502765823319937, 0.44187847926339546, 0.4495225177866549]
  ],
  "68": [],
  "69": [],
  "70": [
    [0.3940372030267177, -0.41201186105918786, 0.4103313506456544, -0.04773624455040671, -0.018784139349402873],
    [0.33808354123643547, -0.3775641088607455, 0.6277632030705302, -0.044781841658409406, 0.0031120041832345636],
    [-0.787251641393062, 0.6922371157189366, 0.42909044487551284, -0.08617777803199572, -0.25707399257192143]
  ],
  "71": [
    [-0.3121531768487188, -0.5679928463828521, -0.1619507134256834, 0.147979259021915, 0.30737542939596335],
    [-0.2910786133639984, 0.17195788619976649, 0.4273816959050441, -0.02694208738121318, -0.20070350320140928],
    [0.4068281763834217, -0.2699153588004293, -0.4243924156639211, -0.17922343259807838, 0.11162770785578521],
    [0.0816333638166245, 0.39875795832226446, -0.027642986031691366, -0.05796981608612562, -0.37987614644212614]
  ],
  "72": [
    [-0.0651896626211316, -0.8358564979043474, -0.034853301327686395, -0.4025448629734006, -0.2889918980990831],
    [0.14569264546360416, -0.3709552056907247, -0.09388667942922191, -0.17994775092782972, -0.7084706309161357]
  ],
  "73": [],
  "74": [],
  "75": [],