{
  "1": [],
  "2": [],
  "3": [],
  "4": [],
  "5": [
    [-0.8835714725805285, -0.37604534164448894, 0.03152368415113851, -0.5134538642592028, 0.8257030057499686]
  ],
  "6": [],
  "7": [],
  "8": [],
  "9": [],
  "10": [],
  "11": [],
  "12": [],
  "13": [],
  "14": [
    [-0.35504559829394655, -0.40411587621692724, 0.6611403810795459, -0.5895884762766714, 0.24953699523835343],
    [0.40943996750019584, 0.40840279057191836, 0.6560766339074647, 0.5933483651638021, -0.23141341886074818]
  ],
  "15": [],
  "16": [],
  "17": [],
  "18": [],
  "19": [],
  "20": [],
  "21": [],
  "22": [],
  "23": [],
  "24": [],
  "25": [],
  "26": [],
  "27": [],
  "28": [],
  "29": [],
  "30": [],
  "31": [],
  "32": [],
  "33": [],
  "34": [],
  "35": [
    [0.13960788278001024, -0.5949864263149183, -0.3368056788055313, 0.3975072939828481, -0.31422454930130106],
    [0.17002098431344553, -0.5538141783500444, 0.7510729658622028, 0.6649845696923096, -0.6028605622538364],
    [0.14251752068171547, -0.5733575935036279, 0.45964078303921363, 0.4134532501563491, -0.3470873481484442]
  ],
  "36": [
    [0.990318105455605, 0.16963558948105864, -0.5205690847728068, 0.5743880501304053, -0.9878261477888212]
  ],
  "37": [],
  "38": [],
  "39": [],
  "40": [],
  "41": [],
  "42": [],
  "43": [],
  "44": [],
  "45": [],
  "46": [],
  "47": [],
  "48": [],
  "49": [],
  "50": [],
  "51": [],
  "52": [],
  "53": [],
  "54": [],
  "55": [],
  "56": [],
  "57": [],
  "58": [],
  "59": [],
  "60": [
    [-0.8768470172997515, -0.7340401301046706, 0.19391153298947883, 0.22497122647567064, -0.8480014286956585]
  ],
  "61": [],
  "62": [],
  "63": [],
  "64": [],
  "65": [],
  "66": [],
  "67": [],
  "68": [
    [-0.884517465950806, 0.820811792733923, -0.8081510505362683, -0.7129992334939829, 0.7901119051219697]
  ],
  "69": [],
  "70": [],
  "71": [],
  "72": [],
  "73": [
    [0.6672084591834567, -0.4562695722136768, -0.6504851007944387, -0.5264861010710948, -0.3237783678896939]
  ],
  "74": [],
  "75": [
    [0.49003053849881667, 0.5246465932783754, 0.448012699219756, -0.849068926430936, 0.7148091372161874]
  ],
  "76": [],
  "77": [],
  "78": [],
  "79": [],
  "80": [],
  "81": [],
  "82": [],
  "83": [],
  "84": [],
  "85": [],
  "86": [],
  "87": [],
  "88": [],
  "89": [],
  "90": [],
  "91": [],
  "92": [
    [0.2023459491125004, 0.04912199915044744, 0.06666455200235787, 0.007193053196901169, -0.3580570904769656]
  ],
  "93": [],
  "94": [],
  "95": [],
  "96": [],
  "97": [],
  "98": [],
  "99": [],
  "100": []
}
