{
  "1": [],
  "2": [],
  "3": [],
  "4": [],
  "5": [],
  "6": [],
  "7": [],
  "8": [],
  "9": [],
  "10": [],
  "11": [],
  "12": [],
  "13": [],
  "14": [],
  "15": [],
  "16": [],
  "17": [],
  "18": [],
  "19": [],
  "20": [],
  "21": [],
  "22": [],
  "23": [
    [-0.170943053086582, 0.88311171862273, -0.8815698093485922, 0.5017778371926989, 0.2803815260992494],
    [0.5757114416339992, -0.7143395150005475, -0.5715760121268038, -0.6446476081435905, -0.8275214056982864],
    [0.8721870279247983, 0.35798313268455606, 0.44216017902143606, 0.8369320788285729, 0.7532195228013087]
  ],
  "24": [],
  "25": [],
  "26": [],
  "27": [],
  "28": [],
  "29": [],
  "30": [],
  "31": [],
  "32": [
    [0.04421792039580783, -0.49717904300051086, -0.005719481340350873, 0.043397910788818245, -0.9018877765222169],
    [0.04540257828659518, 0.5155716530997386, -0.0029834352327301195, -0.04910500927559943, -0.8356885153293961]
  ],
  "33": [],
  "34": [
    [-0.6410785280708924, 0.2935669617416666, -0.39955087181420457, -0.7160672101434152, -0.5230953009690218],
    [0.5955588561261695, 0.2908774427677297, 0.6225712341333961, -0.7128917760031362, -0.6177340380481291],
    [0.5822927085277201, 0.2917878189249023, 0.8368217437751098, -0.7334541013307876, -0.6227158805925281]
  ],
  "35": [],
  "36": [],
  "37": [],
  "38": [],
  "39": [],
  "40": [],
  "41": [],
  "42": [],
  "43": [],
  "44": [],
  "45": [
    [-0.7443160276315788, -0.8467691886209041, 0.866127792397955, 0.9540888725768006, 0.6707918981496762],
    [0.6763335073893467, -0.6713656899055791, -0.8720130051725287, -0.27463798385884686, 0.6871571987404802]
  ],
  "46": [],
  "47": [],
  "48": [],
  "49": [],
  "50": [],
  "51": [],
  "52": [],
  "53": [],
  "54": [],
  "55": [],
  "56": [],
  "57": [],
  "58": [],
  "59": [],
  "60": [],
  "61": [
    [-0.5417442077603979, -0.9599661023563228, -0.443794116138738, -0.1427059826565476, 0.5800186022806911],
    [-0.8248233280330066, 0.6719289151688825, 0.2208930156853858, -0.49041693416749343, -0.3569379325842408]
  ],
  "62": [],
  "63": [],
  "64": [],
  "65": [],
  "66": [],
  "67": [],
  "68": [],
  "69": [],
  "70": [],
  "71": [
    [0.3517170186870364, -0.27062176220797474, -0.21865919165135267, 0.14944778384742552, -0.8987615207669896]
  ],
  "72": [],
  "73": [],
  "74": [],
  "75": [],
  "76": [],
  "77": [],
  "78": [],
  "79": [],
  "80": [],
  "81": [],
  "82": [],
  "83": [],
  "84": [],
  "85": [],
  "86": [],
  "87": [],
  "88": [],
  "89": [],
  "90": [],
  "91": [],
  "92": [],
  "93": [],
  "94": [],
  "95": [
    [0.6458898453261891, 0.3052191741941633, -0.4120285187418382, -0.3833373975249387, -0.1554940770183185]
  ],
  "96": [],
  "97": [],
  "98": [],
  "99": [],
  "100": [
    [-0.3538781710049112, -0.9094338127220949, 0.8736162739399919, -0.6954646507548955, 0.3696205248933302]
  ]
}
