{
  "1": [
    [-0.010126882287413609, 0.6819743525034985, 0.48104339182903155, 0.5969498537271776, -0.5844381609093948]
  ],
  "2": [],
  "3": [
    [-0.044001678944490114, -0.7878399888085892, -0.004663514386967053, 0.3766393759648687, -0.35174075352590245],
    [-0.04093660977565015, -0.885063980246528, 0.11527925022720849, 0.5706240491546448, -0.2849037614954158],
    [-0.12653414553686354, 0.986254775646544, 0.6425855590488669, 0.5343858684532478, 0.28693264832032783]
  ],
  "4": [],
  "5": [
    [-0.626480752439347, 0.5791675523437733, 0.48917978125983974, 0.6173209147239104, 0.22380027070434544],
    [0.8066186967282643, -0.71803975511512, 0.4634537371828344, 0.23683020201840543, 0.18599723800561177]
  ],
  "6": [],
  "7": [
    [0.6026225364962028, -0.456083577399738, 0.11227689185814405, -0.7785803892160904, -0.2536258886115601]
  ],
  "8": [],
  "9": [
    [-0.5695262498621643, -0.40705484614320503, 0.27678144779458025, -0.2822158719343603, 0.06472875073515025]
  ],
  "10": [
    [-0.250955677678885, -0.48493264851740137, 0.022690101638348722, 0.39023279321342336, -0.9768095433680306]
  ],
  "11": [
    [-0.6184486092553023, 0.24205109594428, -0.5389510903371825, -0.5133187096509247, -0.7617186646967353]
  ],
  "12": [],
  "13": [
    [-0.03105257037441613, 0.09473086016237524, -0.10752603667804783, -0.5648651551176551, 0.2302131296208362]
  ],
  "14": [],
  "15": [],
  "16": [
    [0.7307107252736409, -0.42002320119461184, 0.006521692272181936, 0.35995128304921437, -0.5754869046830394],
    [0.731085305626194, -0.4205044325715108, 0.002276994455845863, 0.35956567961967045, 0.785511217341766]
  ],
  "17": [],
  "18": [
    [-0.36982659896267234, -0.595272172358445, 0.7251830649626154, 0.5501248176331557, 0.6728261547779572]
  ],
  "19": [
    [-0.059436957798746116, -0.5895746914940346, 0.876336548289318, 0.04513257215233226, 0.04871558182257903]
  ],
  "20": [],
  "21": [
    [-0.14194276362943478, -0.5876722219718953, -0.773880247491269, 0.45830492666775885, -0.27688024564245267],
    [-0.2561712318088205, -0.5174146355393829, -0.8218782669951816, 0.3661264408352077, -0.26391320679372327],
    [-0.24000102734089648, 0.3149045285805498, 0.3581705057959819, -0.726814841512393, -0.3809235418567834]
  ],
  "22": [],
  "23": [],
  "24": [],
  "25": [],
  "26": [],
  "27": [],
  "28": [],
  "29": [
    [-0.3790847287466509, -0.12065484654243866, 0.1108426192711751, 0.01088475684255723, -0.870298407034209],
    [0.12006917092969546, -0.11479941834519412, -0.5047532532619736, -0.9438225207944557, 0.17090557042376384]
  ],
  "30": [],
  "31": [],
  "32": [
    [0.9830924171244827, 0.7361476695892581, 0.7398053565490154, -0.06657407101512275, 0.10066162951286892]
  ],
  "33": [],
  "34": [],
  "35": [],
  "36": [],
  "37": [],
  "38": [
    [-0.26659229589810474, -0.33043415899945366, -0.07652444800274417, 0.19052242478835898, 0.033905720143093315],
    [0.6388833079871318, -0.05188626131095646, 0.054494418280594245, 0.09590892830940334, 0.1602235905274442]
  ],
  "39": [
    [-0.4135662183588062, -0.43503792999257096, -0.17571189420483785, 0.29665490446692183, -0.3592897030221701],
    [-0.47225093155831266, -0.5293486088011848, 0.49164086738047186, -0.2853103057097902, 0.6256294724104943]
  ],
  "40": [],
  "41": [],
  "42": [],
  "43": [],
  "44": [],
  "45": [
    [-0.24190230741074734, -0.07638510211338309, 0.2510789748620512, -0.9095312439446566, 0.009729486377192995],
    [-0.4627374023534366, -0.03510619280589495, 0.43211695279272927, -0.6875196124570029, 0.02617601847862715],
    [0.4698839692931884, 0.5221597973433629, 0.3574265833082729, -0.4282703776120783, -0.5493070647270407]
  ],
  "46": [],
  "47": [],
  "48": [],
  "49": [],
  "50": [
    [-0.7083570918958292, -0.15030822368274419, 0.3084209783368201, 0.4985448663837518, 0.4705428643045186],
    [0.6397876933196812, 0.5418003897726226, 0.08091707947369876, -0.5828195747819221, -0.9829586113298935]
  ],
  "51": [],
  "52": [],
  "53": [],
  "54": [],
  "55": [],
  "56": [
    [-0.3411817624293954, -0.5368865496014064, 0.5984526321377404, -0.4207113796482738, -0.2566190505996735]
  ],
  "57": [],
  "58": [],
  "59": [
    [-0.33377164446941343, 0.7322293844732319, -0.06991022128984582, 0.0023209194695845694, -0.03515986602950966],
    [-0.358372428609797, 0.22212700919614142, -0.4681212663071887, 0.078600025016113, -0.367603417675679],
    [0.35600093419430406, -0.22268500869892743, -0.4480027699506228, 0.08315247815105112, 0.3816612151894887]
  ],
  "60": [],
  "61": [],
  "62": [],
  "63": [
    [0.3230887668519135, 0.08376119580452783, 0.5754022940786949, -0.5422666368245548, -0.9046474412771965],
    [0.2856279115376919, 0.05079923895110192, 0.5429073806886134, -0.5064400018808412, -0.044901587753732757]
  ],
  "64": [
    [0.010822794908451665, -0.01855374656356287, -0.9743049297182451, 0.9677778241047911, 0.19002966398392201],
    [0.010391258006226296, -0.011295540962964479, -0.23809713519056233, 0.967919797270711, 0.18568836097036276]
  ],
  "65": [],
  "66": [
    [-0.09617574072243606, -0.04988726056107993, 0.6864349254483952, -0.09101141124187971, -0.60408303227137]
  ],
  "67": [
    [-0.17613449001355252, -0.31909812988328384, 0.4000171212021307, 0.12730116554726525, 0.33163490804267554],
    [-0.2816059229292828, 0.32570610134333955, 0.17829148182162724, 0.574062224489955, 0.7850118600377748],
    [0.5995438668965607, -0.37947582771496424, -0.7978223648669346, -0.8631268389847903, 0.536240331318856],
    [0.3824661594821658, 0.10184442956471151, -0.3323025544954886, 0.7460447511172266, -0.7013008373104318]
  ],
  "68": [],
  "69": [
    [-0.19425696483160104, 0.6953754718632821, -0.4268504670903178, -0.1570608953964937, 0.06824665882293497]
  ],
  "70": [],
  "71": [
    [-0.24104679971121337, 0.6908743760461021, 0.967063179439651, -0.05122832768004797, 0.3790028301015426],
    [0.20019685446746444, 0.6841270019461947, -0.9909008077982058, 0.5393631036379014, -0.19809076660400637]
  ],
  "72": [],
  "73": [],
  "74": [],
  "75": [
    [0.8699620942775658, -0.1378947061188903, -0.7539870016216935, 0.31654106241600166, -0.17459706864580388]
  ],
  "76": [],
  "77": [],
  "78": [],
  "79": [],
  "80": [],
  "81": [
    [0.06656802559108124, -0.8750056779958151, 0.03078739549096142, -0.2114524391638074, 0.34106660840553743],
    [0.18509749368977158, -0.44022536098789455, 0.17904833149125296, -0.38264638464670603, -0.7714921001415481]
  ],
  "82": [],
  "83": [],
  "84": [],
  "85": [],
  "86": [],
  "87": [],
  "88": [],
  "89": [
    [-0.09735972577125629, 0.47659935943938236, -0.12115046249412433, 0.2185684276167114, 0.03552866768859666]
  ],
  "90": [],
  "91": [
    [-0.9056219393478695, -0.5785095659662464, -0.4672506058990227, -0.48219044520139376, 0.18358857626975114],
    [-0.3985810285802275, 0.19460981273324937, -0.48042662743393233, 0.4082855875704693, 0.2921214184159425],
    [0.5242707375577184, -0.53783720722772, -0.636953085707817, 0.5868301547287291, -0.16640640401139156]
  ],
  "92": [],
  "93": [],
  "94": [
    [0.2908492224952207, -0.8435180933468176, 0.17586883585357452, -0.09425835855604962, 0.22115685227765863],
    [0.18749588558498761, -0.8587199294597821, 0.1421089383844695, 0.07823479726266389, -0.10249829274408657],
    [0.178017689371077, 0.8592108741945187, 0.13997815805913097, -0.030326272882300616, -0.19568349779929126],
    [0.1807101710300548, 0.8853117833436024, 0.13263581145510103, 0.07655583554656109, 0.19671870552131177]
  ],
  "95": [
    [-0.601416155654079, 0.7086365624002625, 0.5973857963973854, -0.1233169538675689, -0.5668601117433676],
    [0.6167491343719599, -0.4443087578681131, 0.49077864285710304, -0.49440085884209595, 0.8170913460661913],
    [0.7816554826169558, 0.8592497396348927, -0.5230123214102185, 0.020729318837937324, -0.6320906647775435]
  ],
  "96": [],
  "97": [
    [0.16200585478702728, -0.8587930900083379, 0.1660632176253351, 0.3143375156318977, -0.40245822111622326]
  ],
  "98": [],
  "99": [],