{
  "1": [],
  "2": [],
  "3": [],
  "4": [],
  "5": [],
  "6": [],
  "7": [],
  "8": [],
  "9": [],
  "10": [],
  "11": [
    [-0.06262528117503004, -0.5540699519694084, 0.07713879449167743, 0.1925813463481597, 0.03341749877188422],
    [-0.06250324516163012, 0.57221850448242, 0.07143019897463265, 0.17899314969342206, -0.1903897688452327]
  ],
  "12": [],
  "13": [],
  "14": [],
  "15": [
    [-0.16015664343923444, 0.9625762459500682, 0.6056251470770704, -0.518906952618782, -0.06700114692663252]
  ],
  "16": [],
  "17": [],
  "18": [],
  "19": [],
  "20": [
    [0.7142415438093546, 0.09305924973359835, -0.030261002044900523, 0.29113333051189155, 0.12350289075298847]
  ],
  "21": [],
  "22": [
    [-0.3457358041546651, -0.361116955188842, 0.8924331429388478, 0.28275713641406297, -0.6384665194352428]
  ],
  "23": [],
  "24": [],
  "25": [
    [0.710666683642794, -0.19250019571041246, -0.13193733384792955, -0.21406754929427768, -0.5561781943870763]
  ],
  "26": [],
  "27": [],
  "28": [],
  "29": [],
  "30": [],
  "31": [],
  "32": [],
  "33": [
    [-0.7542933091534846, -0.009944322015922744, 0.524162723334028, -0.4441467878599964, -0.25185323261649334],
    [0.7393114812535774, -0.00992188809735102, 0.5251231966693617, 0.4120818030208016, 0.2668511230734296]
  ],
  "34": [
    [-0.4060338233228375, -0.886765074855137, -0.8436158573591895, 0.9673445461848922, 0.3826152119746791]
  ],
  "35": [],
  "36": [],
  "37": [],
  "38": [],
  "39": [],
  "40": [],
  "41": [],
  "42": [],
  "43": [],
  "44": [],
  "45": [],
  "46": [],
  "47": [],
  "48": [],
  "49": [],
  "50": [
    [0.27021657157740375, -0.05819231242957266, -0.25879512548448597, 0.39195845040169536, 0.923768949413962]
  ],
  "51": [],
  "52": [],
  "53": [],
  "54": [
    [0.9131820887030746, 0.23605932154300655, -0.8380172785731208, -0.5556539794704737, 0.715376609421053],
    [0.984433422440941, 0.32003370064942077, 0.7655842836604955, 0.8403158963740116, -0.7114368502298997]
  ],
  "55": [
    [-0.5367608495769476, -0.892702355965778, -0.34849183990129334, 0.37034754016937466, 0.7132445106767736]
  ],
  "56": [],
  "57": [],
  "58": [],
  "59": [],
  "60": [
    [0.6468928510553411, 0.30701738085240193, 0.22513502524654128, 0.045958302720523106, 0.6832550294537221]
  ],
  "61": [],
  "62": [],
  "63": [],
  "64": [],
  "65": [],
  "66": [],
  "67": [],
  "68": [
    [0.6442741318537869, 0.5090793116484249, 0.591876293139112, -0.3815676310685145, 0.362032872404152]
  ],
  "69": [],
  "70": [],
  "71": [],
  "72": [
    [-0.7188875731869443, 0.5972729731810824, -0.6921643865460496, 0.607227517554925, -0.7252797821921687]
  ],
  "73": [],
  "74": [
    [-0.1704597006395896, 0.22731739284627572, 0.5937850565029525, 0.6151695409454997, -0.03892749368523819],
    [0.5093506063414288, 0.11025488021079947, -0.2318457397069713, -0.47959282840194584, -0.0471795037489435],
    [0.9991276463979989, 0.09742487669949436, -0.12035801290301341, -0.6924666367442529, -0.04828409212648306]
  ],
  "75": [
    [-0.42069011282600277, -0.8164970571776705, 0.059822981960437394, 0.5634263556095936, 0.8936351158328943],
    [0.3706377757623455, -0.7809980380474095, 0.07269259390638365, -0.5628726266535379, 0.9900112261274125]
  ],
  "76": [
    [0.20759260030498639, -0.5705933253809052, -0.7641881327843719, 0.5508601629169391, -0.0033606456486215846],
    [0.2063269738521606, 0.8113616460257626, -0.7685241004141832, 0.2702820615773913, 0.003163311090653322]
  ],
  "77": [],
  "78": [
    [-0.8883970048689517, -0.8728747131598809, 0.46739483457421954, -0.23275837390488713, -0.979702353626512],
    [-0.4812377756231342, -0.8873900169908825, 0.7048208798799694, -0.8768553239321991, -0.23477913968977474]
  ],
  "79": [],
  "80": [
    [-0.38586717710998153, -0.6332696041111778, -0.9727128926696803, -0.6772428350601003, 0.4445073397727286],
    [-0.0552040112579973, 0.037302393155928246, -0.7848199418662284, 0.24237036497252507, -0.7109440060531129],
    [0.34900374492958564, 0.5414163586543381, 0.9765899630397128, -0.7891346141078458, 0.39058567241133757]
  ],
  "81": [],
  "82": [
    [-0.760228400669444, -0.1112234351042397, -0.014111496583022212, 0.6282165158195616, -0.9103942406636654]
  ],
  "83": [],
  "84": [],
  "85": [],
  "86": [
    [-0.4411580971275997, -0.13985413079098521, 0.17938221698870221, 0.22580582753839193, 0.19298294735265503],
    [-0.43501841649713113, 0.08523262557150948, 0.16184282154646226, 0.11672016909987126, -0.574865813684622]
  ],
  "87": [],
  "88": [],
  "89": [
    [-0.8858687452299098, -0.24316813100673682, -0.18046298014384785, -0.6059669257951654, 0.6528597329562937],
    [0.016182579481341292, -0.6673512855518683, -0.18125858487841842, -0.2837581174081413, 0.948721964728119],
    [0.047684755964912826, -0.6781510547040702, -0.09959544366722635, -0.24793373164228497, -0.5271233509118363],
    [0.09540384075877871, -0.695791363970487, -0.0897626575744215, -0.1732980164880006, -0.3624684761169991],
    [0.13479692242985764, -0.7010499363368956, -0.08663923986511826, -0.06353330277521255, 0.30311945858233397],
    [0.13794359028006659, -0.6987750131680398, -0.08483881844819016, 0.0510696367660983, -0.2994122586754593],
    [0.11941682257214581, -0.695076243275545, -0.08348968091214841, 0.12299478082331651, 0.32180911122599765]
  ],
  "90": [
    [0.3335509737088178, 0.9761535559606069, 0.5056049619845074, -0.2063500090771024, 0.5507622273391438]
  ],
  "91": [],
  "92": [
    [0.5847288049835664, -0.7279212382809734, -0.28890942302697753, -0.33090281715028513, 0.26765474885419427]
  ],
  "93": [],
  "94": [],
  "95": [],
  "96": [],
  "97": [],
  "98": [
    [-0.054166502882859326, -0.7810251344791095, -0.4204266967109527, -0.9964322332378863, -0.7547171530140349]
  ],
  "99": [],
  "100": [
    [-0.28233585961804886, -0.0036384810022201874, 0.48914253453847, -0.1700263599848057, 0.46156090992476306]
  ]
}
