{
  "1": [],
  "2": [],
  "3": [],
  "4": [],
  "5": [],
  "6": [],
  "7": [],
  "8": [],
  "9": [],
  "10": [],
  "11": [],
  "12": [],
  "13": [],
  "14": [],
  "15": [],
  "16": [
    [-0.34026163323764474, 0.361043948653963, -0.0637045498724024, -0.10034419787318473, -0.4640058621188483],
    [-0.7694983638328744, 0.2836465007990389, 0.8208943890308329, -0.1186561151071069, -0.19440366869713055]
  ],
  "17": [],
  "18": [],
  "19": [],
  "20": [],
  "21": [],
  "22": [],
  "23": [],
  "24": [],
  "25": [],
  "26": [],
  "27": [],
  "28": [],
  "29": [],
  "30": [
    [0.25566775175025663, -0.8666547941786055, -0.2007773271450955, -0.11785589466952356, -0.5901471780569298]
  ],
  "31": [],
  "32": [],
  "33": [
    [-0.16284295705786683, -0.7582446099290329, -0.13500879485833894, -0.48780421972911847, 0.5992624112340406],
    [0.17044775893207156, -0.7183208170868834, -0.1350863936149791, -0.4857818036601297, 0.6253836559427511]
  ],
  "34": [],
  "35": [
    [-0.26563107150341686, 0.9096531732942928, -0.62824504864111, 0.3941613983741825, 0.6094166406683738]
  ],
  "36": [],
  "37": [
    [0.44220864119047276, 0.888644962885385, 0.20121023213721176, -0.7724577860748895, 0.026082775421937602]
  ],
  "38": [],
  "39": [],
  "40": [
    [-0.6705353801329719, 0.0633504173291676, 0.6327063030630735, 0.3570235732527524, 0.7614771049442608],
    [0.604740614189273, 0.06408799773364518, 0.6269331645526144, -0.4195413355239617, -0.5594199388809863]
  ],
  "41": [
    [-0.9329468753469781, 0.7691653133738984, 0.4822421010645016, 0.21691074522735582, 0.38782760221650175]
  ],
  "42": [
    [0.41378300888418706, -0.5160576324181303, -0.601923748086664, -0.7114981871309293, -0.5325381639675781]
  ],
  "43": [],
  "44": [],
  "45": [],
  "46": [],
  "47": [],
  "48": [],
  "49": [],
  "50": [],
  "51": [
    [0.32048944552150965, 0.18012472583329922, -0.3049600223934011, 0.006176666431728735, -0.7175182317073964]
  ],
  "52": [],
  "53": [],
  "54": [],
  "55": [],
  "56": [],
  "57": [],
  "58": [],
  "59": [],
  "60": [],
  "61": [
    [-0.8643378903358637, -0.9254236766128247, 0.6113857606737094, 0.5086968966868659, -0.10567382227513876],
    [-0.49783658348007354, -0.4517658343630669, 0.5736309258199389, 0.42493856410192987, -0.3855427700413475],
    [-0.31758171100888993, 0.339241413849185, 0.5861037756443808, 0.3173670209457633, 0.511083356054755]
  ],
  "62": [
    [-0.7847134790543079, -0.37048760320843604, -0.863031241127901, -0.6277352860929207, -0.0456827976477781]
  ],
  "63": [],
  "64": [],
  "65": [],
  "66": [
    [-0.20495164504092936, -0.6119284818427699, -0.8499127153706452, 0.6571207006615899, 0.2474681776211814],
    [0.23108671851243287, 0.4359005016206935, 0.916070231335285, 0.40677911505163344, -0.40031390986421495]
  ],
  "67": [],
  "68": [],
  "69": [],
  "70": [
    [0.6099805858035016, -0.4887115198643386, -0.5759628168291532, 0.7980793213702191, -0.059004132668321656]
  ],
  "71": [],
  "72": [],
  "73": [
    [-0.8925991951366256, 0.048431819942897546, -0.5290558521294446, -0.5622377807373098, -0.6532861344111791]
  ],
  "74": [
    [-0.7880217786660674, 0.4292756327708119, -0.6370212426412416, -0.5384877982853535, -0.8701388736617773],
    [0.5564777477152743, -0.30125457452632237, -0.3662063810655292, -0.8855789047802222, 0.5981073910239819],
    [0.8350969757967635, 0.40340333353452557, -0.5084432478943796, -0.6659011836866419, -0.6668038216151182]
  ],
  "75": [],
  "76": [],
  "77": [],
  "78": [],
  "79": [],
  "80": [],
  "81": [],
  "82": [],
  "83": [
    [0.6180262269691802, 0.3284982935135105, -0.7849209816820546, 0.29711420581645875, 0.4043818623495551]
  ],
  "84": [],
  "85": [],
  "86": [
    [-0.8408388888437626, -0.5201278624278516, 0.5048216837938656, -0.12156213994395833, 0.7320615006667107],
    [-0.8458017990275554, -0.5304549727419146, 0.4944772902422311, -0.06509630119092369, 0.752119635011514],
    [-0.723284286369111, -0.3351559647618429, 0.604965904730075, -0.9325051123758502, 0.19136392440178016],
    [-0.7182260374386839, -0.3296583881893945, 0.5448813322746808, 0.38283498146940487, 0.16223272709718226]
  ],
  "87": [],
  "88": [
    [-0.5333542289695781, -0.32665590450126614, -0.7051920791757545, -0.13968814275765068, -0.8575080253763457],
    [0.6050235571115317, -0.2983797155715159, -0.8725620781318, -0.14413503125471883, -0.4841769758162323]
  ],
  "89": [],
  "90": [],
  "91": [],
  "92": [],
  "93": [],
  "94": [],
  "95": [],
  "96": [],
  "97": [
    [-0.36619112693957867, 0.9606625498617463, -0.16334096048142935, -0.1404488749364529, -0.4278735682334655]
  ],
  "98": [
    [0.3540621367088113, 0.22109548789713054, -0.9083366911132587, 0.9416032773265554, 0.9741475726937872]
  ],
  "99": [],
  "100": []
}
