{
  "1": [],
  "2": [],
  "3": [],
  "4": [],
  "5": [],
  "6": [],
  "7": [],
  "8": [],
  "9": [],
  "10": [],
  "11": [],
  "12": [],
  "13": [],
  "14": [],
  "15": [
    [0.09031660898856288, -0.6619843373292201, 0.7297060102023809, 0.7777480542599249, 0.21463544763704176, 0.3390619851243504]
  ],
  "16": [],
  "17": [],
  "18": [],
  "19": [],
  "20": [
    [0.10894722649991487, 0.7310212316219602, 0.9358260321743394, 0.05146387169968697, 0.2445137135871782, -0.7436251306483853]
  ],
  "21": [],
  "22": [],
  "23": [],
  "24": [],
  "25": [],
  "26": [],
  "27": [],
  "28": [],
  "29": [],
  "30": [],
  "31": [],
  "32": [],
  "33": [
    [0.8659015453313458, 0.3640200906789953, -0.9919889310392763, 0.024292443593588703, -0.1987868648596065, 0.05371696825619112],
    [0.8672832649539929, 0.3539625792428886, -0.992915699452192, 0.024290782239718343, 0.22439855200826406, 0.05371881093892633]
  ],
  "34": [],
  "35": [],
  "36": [],
  "37": [],
  "38": [],
  "39": [],
  "40": [
    [-0.41995416446246675, 0.5042549239300039, 0.9117345808829918, 0.44150316236576415, 0.00784578369968856, -0.3095736817792045]
  ],
  "41": [],
  "42": [],
  "43": [],
  "44": [],
  "45": [],
  "46": [],
  "47": [
    [-0.006138773671248011, -0.529952959441392, -0.3819945906137623, -0.05721223426624502, -0.5588892628455396, 0.7413330735478184]
  ],
  "48": [
    [-0.05141088386416176, 0.9562139842712722, -0.4490395074482428, 0.383371277880369, -0.32957665530043057, 0.03452461072849524]
  ],
  "49": [],
  "50": [
    [-0.897995426582981, 0.27412702776944237, 0.06462006831955988, -0.016290096908244102, -0.4477745180811792, 0.971723516788471]
  ],
  "51": [],
  "52": [],
  "53": [],
  "54": [],
  "55": [],
  "56": [
    [0.610130500928215, 0.16756447859967358, -0.34840468044752304, -0.11996345916205922, 0.08190757249127661, -0.6000764697849036]
  ],
  "57": [],
  "58": [],
  "59": [],
  "60": [],
  "61": [],
  "62": [],
  "63": [],
  "64": [],
  "65": [
    [-0.13696909443104122, 0.028652018729700437, 0.9789628359356648, -0.43211502230212034, 0.2951146844374514, 0.46770745202711617]
  ],
  "66": [
    [0.4392488659614121, 0.19268351225532396, 0.4488245289415238, 0.5768962166934161, 0.04147213091619127, 0.1122297994441729]
  ],
  "67": [
    [0.3970290525113885, 0.2700335586179885, 0.08483381797890191, 0.4386711909778643, -0.21997021882279053, 0.7451208773473019]
  ],
  "68": [],
  "69": [],
  "70": [],
  "71": [],
  "72": [],
  "73": [],
  "74": [
    [-0.22335546283138644, -0.6613539495766285, -0.2980481834727674, 0.3348890072565598, -0.10101955377622425, 0.7156354149159136],
    [0.565692886533217, -0.13151608842106033, 0.36855536880750595, -0.36962025549353544, 0.05933038006887793, 0.33370626197681974]
  ],
  "75": [
    [-0.6867040876712122, 0.1977487653682489, -0.7843852066567018, 0.08214519529820698, 0.571150090332021, -0.026673037475134113]
  ],
  "76": [],
  "77": [],
  "78": [],
  "79": [],
  "80": [],
  "81": [
    [-0.23949735133811845, -0.11863880031781454, -0.15243858590550696, -0.8642479220103646, -0.04465318827224995, -0.13951696444649786]
  ],
  "82": [],
  "83": [],
  "84": [],
  "85": [],
  "86": [],
  "87": [],
  "88": [
    [0.09058334096878325, 0.022951049533165967, -0.5184455412580858, 0.9380994393355231, -0.9438076628501078, -0.7714590835351974]
  ],
  "89": [],
  "90": [],
  "91": [
    [0.4102988557412544, -0.921710287290493, -0.5190800946033576, 0.5729009397601385, -0.8967434591398625, 0.30545931436335594]
  ],
  "92": [],
  "93": [],
  "94": [
    [-0.12755046668349468, 0.38435418317623377, -0.8431096736778012, 0.10108102849760282, -0.041330704120264294, 0.8751563463132133],
    [-0.11277006752316585, 0.6706694780452814, -0.9159958053959453, 0.7759253220283474, 0.07196000776354565, -0.3244015534389942]
  ],
  "95": [],
  "96": [
    [0.2578614170493591, 0.965804074764582, -0.02274004674884206, -0.8346352840697053, -0.1584579082024548, 0.2678140568182459]
  ],
  "97": [
    [0.451885738513799, 0.4742594549561847, -0.4980358485604521, -0.101494325803911, -0.48517695195543986, -0.22322176217745365],
    [0.34263843051204274, 0.4607005071895863, -0.6476395982886989, -0.1900998209356434, 0.48588330414983416, 0.025820427819137574],
    [0.4526056691166572, 0.5129670097307014, -0.19542759861234926, 0.06010583265075901, -0.47493845723445827, -0.95612897389303],
    [0.3406579102272481, 0.47506915015206985, 0.2336119843057852, 0.038400104837039636, 0.46980079670780883, 0.8507215150734492],
    [0.4541844872431268, 0.4900235607898075, 0.21419929685656242, 0.05367450404124819, -0.4635802546155039, -0.9882232036413067]
  ],
  "98": [],
  "99": [],
  "100": []
}
