{
  "1": [],
  "2": [],
  "3": [],
  "4": [],
  "5": [],
  "6": [],
  "7": [],
  "8": [],
  "9": [],
  "10": [
    [-0.24015787312997083, -0.6213565766874851, -0.8394415326087502, 0.6064527719542873, 0.48421277082128117, 0.32817023345590407]
  ],
  "11": [],
  "12": [],
  "13": [],
  "14": [
    [0.40882795567492314, -0.5237314930066567, -0.6708118741661385, -0.5460141254033005, 0.8838192696907702, -0.41880724875520425]
  ],
  "15": [],
  "16": [],
  "17": [],
  "18": [],
  "19": [],
  "20": [],
  "21": [],
  "22": [],
  "23": [
    [-0.07848830258815571, 0.6516790469603907, 0.43766377990978494, 0.7936888867013578, 0.1060077273450314, -0.16923652516420437]
  ],
  "24": [],
  "25": [],
  "26": [],
  "27": [],
  "28": [
    [0.6041621324481962, 0.28727382618151204, -0.07706852378106337, -0.7335388406194386, 0.8613485263024476, 0.7406745741378012],
    [0.6686007900544896, 0.6661223966314278, -0.1312077753253842, -0.33477787767855466, 0.3890896737201447, 0.9518071652829486]
  ],
  "29": [
    [-0.2710191845201774, 0.5363147858914478, -0.2847431558628416, 0.23939451421332544, -0.6338987993061679, 0.7468688926872604]
  ],
  "30": [],
  "31": [],
  "32": [],
  "33": [],
  "34": [],
  "35": [],
  "36": [],
  "37": [],
  "38": [],
  "39": [],
  "40": [],
  "41": [],
  "42": [],
  "43": [],
  "44": [],
  "45": [],
  "46": [],
  "47": [],
  "48": [],
  "49": [],
  "50": [
    [-0.6804592769789518, 0.03478589935731189, -0.17944141448282103, -0.9846076267446587, 0.4692716237337926, 0.800168503407253],
    [-0.685615759403177, -0.03500648760974717, -0.1808396018583638, 0.9867668466319711, 0.46576454477746293, 0.7937979481547031],
    [-0.684152384070091, 0.037779006694052056, 0.1794468855694571, -0.9858453314081835, 0.4653151920565913, 0.7958992564806842],
    [-0.6797051198197261, -0.03755285657861561, 0.1807997205109155, 0.9860273034075043, 0.46834249554295593, 0.8013979901676347]
  ],
  "51": [],
  "52": [],
  "53": [],
  "54": [],
  "55": [],
  "56": [],
  "57": [],
  "58": [],
  "59": [],
  "60": [],
  "61": [
    [0.9560937872461094, 0.8435201931646248, -0.868334899207166, -0.9068945588606929, -0.5445437396285341, 0.943425392097072]
  ],
  "62": [],
  "63": [],
  "64": [
    [-0.4512093777808293, -0.7184583613310723, -0.6790378192007934, 0.6177438421945086, 0.08016472720464925, -0.9901580904511876]
  ],
  "65": [],
  "66": [],
  "67": [
    [0.8013216702397655, -0.5709756369620483, 0.3970161738035449, -0.6685538597863154, -0.07126224278247789, 0.7222498470239685]
  ],
  "68": [],
  "69": [],
  "70": [],
  "71": [],
  "72": [],
  "73": [],
  "74": [],
  "75": [],
  "76": [],
  "77": [],
  "78": [],
  "79": [],
  "80": [],
  "81": [],
  "82": [],
  "83": [],
  "84": [],
  "85": [],
  "86": [],
  "87": [],
  "88": [],
  "89": [],
  "90": [],
  "91": [],
  "92": [],
  "93": [
    [-0.19732851694818374, -0.1515649339451657, -0.6982752542050703, 0.899651919130314, 0.933748430171398, -0.8127951802188148],
    [0.27304451851888967, 0.12697691973867498, 0.5953986472707535, 0.8541834811440795, -0.8487095748232275, -0.9447796626699044]
  ],
  "94": [
    [0.07179560793653236, -0.689567829546683, 0.4946059362604448, 0.7216843119017246, 0.9847777484567465, 0.8279138494310743]
  ],
  "95": [],
  "96": [],
  "97": [],
  "98": [],
  "99": [
    [-0.9241027853897672, -0.9223991492813455, -0.9880407052429507, -0.9267537034176214, 0.22322001719040113, -0.8380447823823793]
  ],
  "100": []
}
