{
  "1": [],
  "2": [
    [-0.2901023581084586, 0.46788002756050046, 0.43777309924996766, -0.719979336952733, -0.8642108488347185, 0.7117476126926219],
    [0.28196087268118303, 0.6113066461830822, 0.678711165727974, -0.7016124197199963, -0.7842413805609031, 0.7813674361628912]
  ],
  "3": [
    [-0.692635060490953, 0.19740548983492506, -0.2910091470117805, -0.39543507258418714, 0.32079245162324915, -0.8806631093121262],
    [0.4223394814322487, 0.09250315914466004, 0.5200237686066336, -0.7469371188475635, 0.5425388170386859, 0.21075349119939063]
  ],
  "4": [
    [0.7148537567714075, -0.8291941757051309, -0.5635350529286941, 0.2456083910945229, 0.44692499392094964, 0.1867511936323916]
  ],
  "5": [],
  "6": [],
  "7": [],
  "8": [
    [0.391550721190305, 0.6804841638034138, 0.423043172050683, -0.03998367870469115, -0.15459043445148768, -0.23021082048112348]
  ],
  "9": [],
  "10": [],
  "11": [
    [-0.2609324505016933, -0.18002230325266338, -0.8578353976914399, 0.1341028129357077, 0.7794235160899562, 0.8483694616365399]
  ],
  "12": [],
  "13": [],
  "14": [],
  "15": [
    [0.5606812317476876, -0.43148791443164614, 0.5549416311115389, -0.03447538766954528, -0.13566068071484264, -0.8680632884735622]
  ],
  "16": [],
  "17": [],
  "18": [],
  "19": [],
  "20": [],
  "21": [
    [-0.6209658338067244, 0.9868148121935283, 0.7964978003992822, -0.42004226243531867, -0.09020828388827178, -0.47692774244465486],
    [0.7450585364065205, 0.554404961081466, -0.16429384016378382, -0.557119008028847, 0.9653496376908429, -0.36621049331236977]
  ],
  "22": [],
  "23": [
    [0.5735916256564444, 0.3987769866295804, -0.28688133065145605, 0.21955712954395942, 0.988452816775952, 0.8879415414750144]
  ],
  "24": [],
  "25": [],
  "26": [],
  "27": [],
  "28": [],
  "29": [],
  "30": [],
  "31": [],
  "32": [],
  "33": [],
  "34": [
    [-0.9992847861073139, -0.16186719246813042, -0.7736329739530675, 0.9949333517628212, 0.9340378011989263, 0.14931482776437516]
  ],
  "35": [],
  "36": [],
  "37": [],
  "38": [
    [0.6418743717977036, -0.7689164009820216, 0.15526028673905856, -0.5136069139083734, 0.796851233109328, -0.1586016151979379]
  ],
  "39": [],
  "40": [],
  "41": [],
  "42": [],
  "43": [],
  "44": [],
  "45": [],
  "46": [],
  "47": [],
  "48": [],
  "49": [],
  "50": [
    [0.8211644358354734, -0.5069890308467385, -0.8266480127657001, -0.7493665503051363, 0.6204476911031235, 0.11393038342972373]
  ],
  "51": [],
  "52": [
    [0.7734042536643019, 0.09511455748080448, -0.08360040400279906, -0.09396038591518437, -0.4082449468461194, 0.16628960966506107],
    [0.28018350095199956, 0.09589093592800824, -0.20535346295282159, -0.0971646406892911, 0.12217756970911742, 0.5787808252527371]
  ],
  "53": [],
  "54": [],
  "55": [],
  "56": [],
  "57": [],
  "58": [
    [-0.8371837837135738, 0.2856553014217669, 0.08914740615229295, -0.8643707533709725, 0.1061101262007023, 0.4140907428240271],
    [0.19551470937649618, 0.030456631349571373, 0.2792020389010169, -0.3170529839375216, -0.2407287956209651, 0.9712324646605361]
  ],
  "59": [],
  "60": [
    [0.9764053443725781, 0.13584552683622483, -0.1974032512481056, -0.5944257330395541, 0.3298010244200924, 0.9662800868737134]
  ],
  "61": [],
  "62": [],
  "63": [],
  "64": [
    [0.7115709531148608, -0.3980458491893846, 0.08593233416778115, -0.30172580883517786, 0.030883677316495207, -0.45379453431403044],
    [0.3519976158723981, -0.3811953652467126, 0.15052122231146084, -0.2505156840623741, 0.03153668216035675, 0.9207213523184139],
    [0.6639925067910446, 0.3596347491329102, 0.08512522834097752, -0.18723822942521423, 0.03115491270767187, -0.5111304788908504],
    [0.36334581446113273, 0.30522003899120326, 0.15339716019424018, -0.046019281513095124, 0.030966607192717353, 0.9250534134133956]
  ],
  "65": [],
  "66": [
    [-0.489911975641666, 0.8847596810358386, -0.29865881689124024, -0.08421591852869752, -0.06187102001751673, 0.2653301759790668]
  ],
  "67": [],
  "68": [
    [-0.4109299880724695, 0.564502077378682, 0.984132666653154, 0.8635883386503777, -0.7481131003195164, -0.9259984359824092]
  ],
  "69": [],
  "70": [],
  "71": [],
  "72": [],
  "73": [],
  "74": [],
  "75": [],
  "76": [],
  "77": [],
  "78": [],
  "79": [],
  "80": [],
  "81": [
    [-0.9285332896718004, -0.19566144255805576, -0.42669450149569554, 0.9466114649316388, 0.33508889232269223, 0.11574774406663789]
  ],
  "82": [],
  "83": [],
  "84": [],
  "85": [
    [0.02428583985300663, 0.34443700956993, -0.14693777301140193, -0.6010339821291935, -0.7335900503072766, -0.23259329571267337],
    [0.02580231610617609, 0.34458700850337337, -0.14821219854827436, -0.5993592652025519, -0.7280174889037304, 0.23705981981437813],
    [0.028859321356460743, 0.3440887629214027, 0.14771020234146198, 0.6117316189300961, 0.7337147627603021, -0.2327306814664948],
    [0.031048427769372163, 0.3442624800164259, 0.1493403766023073, 0.6100377243853828, 0.7268726993730622, 0.23822285712769764]
  ],
  "86": [],
  "87": [],
  "88": [],
  "89": [
    [-0.45124853464778975, 0.6179742037765237, 0.7109054393068701, -0.8781238728823292, 0.38611286978236936, -0.6591191569213634]
  ],
  "90": [
    [-0.15368724264000483, 0.599602268789093, 0.7583400190918802, -0.5339139828870778, 0.9523739008057501, -0.5134154690104203]
  ],
  "91": [],
  "92": [],
  "93": [],
  "94": [],
  "95": [],
  "96": [],
  "97": [],
  "98": [],
  "99": [],
  "100": []
}
