{
  "1": [],
  "2": [],
  "3": [],
  "4": [],
  "5": [],
  "6": [],
  "7": [],
  "8": [],
  "9": [],
  "10": [],
  "11": [],
  "12": [],
  "13": [
    [-0.302102859632249, 0.7262315816791607, -0.8528096239280597, -0.9774390734337607, 0.7743506595468747, -0.6237223697038903]
  ],
  "14": [],
  "15": [],
  "16": [
    [-0.4843987557562785, -0.5940650439766827, 0.08656785530723564, -0.7723445699914477, 0.2572665250056248, -0.7660046096182641]
  ],
  "17": [],
  "18": [],
  "19": [],
  "20": [],
  "21": [],
  "22": [],
  "23": [],
  "24": [],
  "25": [],
  "26": [
    [-0.16561758359401746, 0.9365000719114507, -0.7093584773419401, 0.06352428002187221, -0.4696837564134138, 0.08769395730432922]
  ],
  "27": [],
  "28": [],
  "29": [],
  "30": [],
  "31": [],
  "32": [],
  "33": [],
  "34": [
    [-0.5533871185332098, -0.6787775447217975, -0.8025464616126163, -0.07479628542071962, -0.2491801057293387, 0.656444930010679]
  ],
  "35": [],
  "36": [],
  "37": [],
  "38": [],
  "39": [],
  "40": [],
  "41": [],
  "42": [],
  "43": [
    [-0.4471803146236189, 0.05314719603767838, -0.8330498699484141, 0.5148950038170128, -0.4328854807642672, -0.4088957432441347]
  ],
  "44": [],
  "45": [],
  "46": [],
  "47": [],
  "48": [],
  "49": [],
  "50": [],
  "51": [],
  "52": [],
  "53": [],
  "54": [],
  "55": [],
  "56": [],
  "57": [
    [0.3844410168225126, -0.20149567035401178, -0.38643011141622374, 0.9698950082090223, 0.0674411749539264, -0.6883622626271862]
  ],
  "58": [],
  "59": [],
  "60": [],
  "61": [],
  "62": [],
  "63": [],
  "64": [],
  "65": [],
  "66": [],
  "67": [],
  "68": [],
  "69": [],
  "70": [],
  "71": [],
  "72": [],
  "73": [],
  "74": [],
  "75": [],
  "76": [],
  "77": [],
  "78": [],
  "79": [],
  "80": [],
  "81": [],
  "82": [],
  "83": [],
  "84": [],
  "85": [],
  "86": [
    [-0.9169383686912845, 0.9823494201474549, 0.547698727028158, -0.318391197494587, -0.9314608316994833, -0.8816877690359203],
    [-0.7530272655190967, 0.8182573362913252, -0.7743578043747965, -0.36445910142634913, 0.6997333840439744, -0.9728524771085956]
  ],
  "87": [],
  "88": [
    [0.7577661038964961, 0.2203147467498495, -0.5930086302302773, -0.24153600312739282, 0.7261919027058649, -0.8678985125100884]
  ],
  "89": [],
  "90": [],
  "91": [],
  "92": [],
  "93": [],
  "94": [],
  "95": [],
  "96": [],
  "97": [],
  "98": [],
  "99": [],
  "100": []
}
