{
  "1": [],
  "2": [
    [-0.26043987293830134, -0.4203275623340226, -0.4328318712304476, 0.18122846754951522, 0.0390913548778167, 0.3807537727695823],
    [-0.011971892386558656, -0.08808259289120875, 0.3258497645625046, -0.42536009286803644, 0.009590285767505683, 0.5096696086085565],
    [-0.12335298972140822, -0.06369842424419624, 0.06972892160301314, -0.5306393887800688, 0.0027824758497411147, 0.48948553822074464],
    [-0.13234177888863743, -0.5685957477019148, 0.22864661116462287, 0.29369021963634123, 0.16407826421039529, 0.8636661688943691],
    [-0.28609651470591374, 0.40327995401564903, -0.5535490528333018, 0.1591876698268384, -0.11555172829501913, 0.9808271169647884],
    [-0.0006809506138210363, 0.06174225055554478, -0.3662275527296016, 0.41360190466036933, -0.02640321899858329, 0.5566297932116523],
    [-0.10918246568866068, 0.629705681748304, 0.4468315272585192, 0.31446158154270093, -0.07481242193941726, 0.2876667270881231],
    [0.1065634585729107, -0.6140715343641466, -0.39176324004757196, -0.3168191258295787, 0.09161720220188187, 0.28370221266460527],
    [0.19319550749477807, -0.5347071642874857, -0.08661127128707935, -0.23975635389627367, 0.28957453348374973, 0.6988815786480608],
    [0.43941095817645226, -0.05728863465949743, 0.5846882971718146, 0.8460863590491863, -0.9729616594778208, 0.9368035552009006],
    [0.14232297426348334, 0.05566931682023738, -0.028875690777926913, 0.5488856791528934, -0.034945374028962264, 0.5004938754637259],
    [0.33311725711282797, 0.4350268245896151, 0.4545167310373939, -0.11920044828114183, -0.15325034031717624, 0.1240228709582111]
  ],
  "3": [],
  "4": [],
  "5": [
    [-0.12588276767685028, -0.4517553869482523, 0.5638894146443905, -0.41810245983740163, 0.22865882448850974, 0.19227533613316697]
  ],
  "6": [
    [-0.37592968093270207, -0.8061286104461778, -0.37128304538374396, 0.07166059780624187, 0.1462853648494896, -0.028777632098213598],
    [0.3078783150084674, 0.8292382979859583, 0.3714006348413285, 0.06545444416965761, 0.19629104925507662, 0.10586910200352316]
  ],
  "7": [],
  "8": [
    [-0.12119803496291782, 0.8583478733072314, -0.05041198595201121, 0.06855214281596822, 0.01726770955515131, -0.4204151289435521]
  ],
  "9": [],
  "10": [
    [0.3335428261475187, -0.24309233624866677, -0.17916012072898255, 0.3895645878436653, 0.06754021832795597, -0.08752278498783946]
  ],
  "11": [
    [0.21882667169168665, -0.5155791101412598, -0.6083087187735924, 0.02229221249711584, -0.5899128727523463, 0.013163403479659153],
    [0.21889781036088277, -0.5481216113901044, 0.299221238273806, 0.04287728944265197, -0.21478565717540524, 0.018935610881494754]
  ],
  "12": [],
  "13": [],
  "14": [],
  "15": [
    [-0.09105746274379563, -0.21757136984857514, -0.13990301470043415, -0.12894971362113905, 0.5439364292747765, 0.24315728308951484],
    [0.6267700684304995, 0.12411167479953991, 0.11281185052099142, 0.06566347318749799, -0.1930596340958125, -0.04340326230298566]
  ],
  "16": [
    [0.5344443386755117, -0.46899290249590503, 0.3546737364236581, -0.006229002800485067, 0.12887135169937858, 0.18663163893985038]
  ],
  "17": [
    [-0.5106591877855036, -0.13084275919900143, -0.4497924663259146, -0.6409438599189756, 0.11028274939779195, 0.7897452329707693],
    [0.11253661695731362, -0.395736682744694, 0.540494476336783, 0.5137192780694899, -0.5735228669086448, -0.13029626373449268]
  ],
  "18": [],
  "19": [],
  "20": [],
  "21": [
    [-0.19365387745667373, 0.7116387832998132, 0.29195829392239964, -0.05282088094006228, 0.47028173464556267, -0.4796279941616073]
  ],
  "22": [],
  "23": [],
  "24": [
    [0.24874036509921374, -0.3339390247238386, 0.7701328180657461, 0.27898415054325654, -0.5172115037216374, 0.4926008587380831]
  ],
  "25": [],
  "26": [
    [-0.01874546257736805, -0.09851932431323854, 0.05489953217095237, -0.0784276603498839, -0.2789285930966511, -0.2849818247876926],
    [0.1067162030386006, 0.1936964619319214, 0.06613580679219284, -0.09032686368852526, -0.3325482815655616, -0.3428646140592412],
    [-0.0738035822993101, -0.08859200636262458, -0.10426131469704225, 0.048628139959981186, 0.11010952346465226, 0.19877737322129962],
    [-0.034350631690346925, 0.051790699506534546, -0.10710509236708023, 0.050193391823946915, 0.12802894283530486, 0.09257986804538333],
    [0.19063738036340838, 0.07080591300605307, -0.13880458406408885, 0.06596580653939554, 0.1816734885660824, 0.0012099065260344716]
  ],
  "27": [],
  "28": [
    [-0.030391140527938905, -0.4100951507931245, 0.6127557833663966, -0.2149153494441103, -0.17889016124315768, 0.40902093058899835]
  ],
  "29": [],
  "30": [],
  "31": [],
  "32": [
    [0.3215170294691313, 0.5887748202770199, 0.4938013569962434, 0.08132498809054292, -0.9857154398521011, -0.4702642313865129]
  ],
  "33": [],
  "34": [],
  "35": [],
  "36": [
    [-0.5506023467737933, -0.12973462651069023, -0.2529577178180843, -0.39713243138449433, -0.09091256319994787, -0.1503407632459227]
  ],
  "37": [],
  "38": [],
  "39": [
    [-0.9004250856845243, 0.03789311048458947, -0.2947973501872617, -0.3477243792959417, -0.3794904706559187, 0.13626988716842925],
    [0.37898857813865855, 0.28910416903120545, 0.12807567453737112, 0.778902021011336, 0.14493668535647627, 0.04084340823141017]
  ],
  "40": [
    [-0.34199545773335155, -0.7427711471039851, -0.06481648873178135, 0.07021207478416346, -0.1383809358323882, -0.3633636197741681]
  ],
  "41": [
    [0.2711734327507961, 0.13976699734790246, 0.5837731439196995, 0.4310414532699382, 0.3584059234136508, -0.4874517917875704]
  ],
  "42": [
    [0.26613480870211853, 0.02043197981371366, -0.1972812599779693, -0.0504778668020503, -0.07110335980812055, -0.2963750700098631],
    [0.2730987065914572, -0.007926989219036564, -0.19956276858251912, -0.05460730179202296, -0.07214880399193456, 0.295433371951451]
  ],
  "43": [],
  "44": [
    [-0.06670834629499138, 0.1192078864652068, 0.09672047041962883, -0.5378362948511137, -0.06642367672725089, 0.5124257026336207]
  ],
  "45": [
    [-0.13549668826293512, 0.16745915698639421, -0.45330297345507425, -0.8895271080990642, -0.39391981183066593, 0.22750751610115483]
  ],
  "46": [
    [-0.5573851002144017, 0.11259262063149368, -0.3744388229672286, 0.16047996568125908, 0.7385187520991461, -0.027808693547506615],
    [0.7076434484605222, -0.1647064353528682, 0.33614668946154586, -0.07424611482542014, 0.5983591458478912, -0.03183616110025088]
  ],
  "47": [],
  "48": [
    [0.6200708118318834, 0.21710110167027233, 0.01568000668482942, -0.18172301426180765, -0.049297570898379, 0.24534566172783648]
  ],
  "49": [],
  "50": [],
  "51": [],
  "52": [
    [0.046440908257378496, 0.04909684195952309, -0.24202591286455977, 0.8589317047777402, 0.3024331282351042, 0.5455157011274264]
  ],
  "53": [],
  "54": [
    [-0.052227798753635674, 0.044854882185275, 0.06617210253024076, -0.08195285256946418, 0.5551748194137631, -0.3097963819574942]
  ],
  "55": [
    [-0.21249589332143187, 0.4990493063944703, 0.003060256461245807, -0.11112717979769808, 0.04175437944698831, 0.23320383093930672]
  ],
  "56": [],
  "57": [
    [-0.5552240786910682, -0.0336144306491578, -0.47293592663310824, 0.40327296837413557, 0.04858227578292144, -0.5877013557703695]
  ],
  "58": [],
  "59": [],
  "60": [],
  "61": [
    [0.004855306190524462, 0.06568258701619174, -0.26205430365147936, -0.5033361047583238, -0.7685215960119411, 0.4820739866194429]
  ],
  "62": [
    [-0.2867716381098501, 0.22735253796107127, -0.003713208094370506, -0.38567026327516024, 0.0959806679474387, -0.32899675359448727]
  ],
  "63": [],
  "64": [],
  "65": [],
  "66": [],
  "67": [
    [0.03548520902688035, 0.08182937934993477, 0.14589266109785465, -0.20242883223868002, 0.2732962989473989, -0.07668491107571494]
  ],
  "68": [
    [-0.5602148102357147, 0.6073159230275635, -0.04998604604589461, 0.47074214810354553, -0.1724931052352665, 0.24027533311001004]
  ],