{
  "1": [
    [-0.12737536583825815, 0.034983629447412214, -0.40368089443524474, 0.06409828890089604, 0.34608753254049013, -0.5443496472937944]
  ],
  "2": [],
  "3": [],
  "4": [
    [0.3305259093870058, -0.0870560866395474, 0.2436094550866841, -0.25016249689379355, 0.7554260999095128, 0.3152131769056342],
    [0.8509106215816442, 0.12239081068219096, -0.6366798722650737, 0.020738406392647867, -0.543299554154733, 0.14320044726439973]
  ],
  "5": [],
  "6": [],
  "7": [],
  "8": [],
  "9": [],
  "10": [],
  "11": [
    [0.14540039371506774, 0.4902915305123169, -0.6546870577658072, 0.18299806636144256, -0.5154943695507576, 0.22703981191444875]
  ],
  "12": [],
  "13": [],
  "14": [
    [-0.9655252602431067, 0.6971657302492337, 0.2815516689160718, -0.03439829241527975, 0.3315117038229587, 0.24332612753056854]
  ],
  "15": [],
  "16": [],
  "17": [
    [-0.01597630855783396, 0.2747464880694028, -0.7515207497382812, -0.8797623489348462, 0.2961675209601339, 0.011775714867226263]
  ],
  "18": [],
  "19": [],
  "20": [
    [-0.9238575841817355, -0.024961474712880245, -0.90852175447986, -0.7936252803234869, -0.13026504998573699, -0.1950172483747208]
  ],
  "21": [
    [0.035807388003755436, 0.08088094942657226, 0.8455014166579871, 0.8951889267513307, 0.10633048043616167, -0.6860971859452405],
    [0.7147600903640441, 0.010909854514920422, 0.5706806073178059, 0.755894397199396, 0.10643536653683627, -0.04885226774965232],
    [0.58488764167491, -0.10991930877037852, 0.4596954268782418, 0.515880655510671, 0.10400989721166061, 0.208277559864346],
    [0.6766725724587457, 0.05837578051140558, 0.6083791008542259, 0.689759398743132, 0.1064599059487942, -0.13627236486790714]
  ],
  "22": [
    [0.3937253894122642, 0.1661848481576808, -0.40718955011337965, 0.021304287159961084, 0.6231239894466981, -0.12068085725999515]
  ],
  "23": [
    [-0.13764635268740075, -0.7413383545783774, 0.18681445827146997, 0.33608040462631456, 0.6447948942018584, -0.20348098192809957]
  ],
  "24": [],
  "25": [],
  "26": [],
  "27": [],
  "28": [],
  "29": [],
  "30": [
    [-0.7317046577174157, -0.4027951693779699, 0.6815209813322849, -0.6663053873847257, 0.19426319593301186, -0.21151472435177673],
    [0.512090167941336, -0.08132927884992926, 0.11644432928365717, -0.22007578143253329, -0.2415637808197487, -0.01074721453641734]
  ],
  "31": [
    [0.6498687836913459, 0.1668210007077873, 0.14381291349722228, 0.47687730346772644, -0.6680653196390395, -0.15348041807585538]
  ],
  "32": [
    [-0.3205326488577228, -0.9419719918365875, 0.944967094571878, -0.7732904322713544, -0.03692366384050845, -0.5420746105160104],
    [0.9385899335044928, -0.37351827617791417, 0.3310015523826231, 0.6883062302730569, 0.7308131412668852, 0.9605338376612799]
  ],
  "33": [],
  "34": [],
  "35": [],
  "36": [
    [-0.36092975618943035, 0.9787219451496728, 0.022218030042723165, -0.49911975151864446, 0.07436868759819631, -0.5629433570330358],
    [0.3856919918384009, -0.5172147776027806, 0.13064264981205526, -0.40868993230913775, -0.12214056634748019, 0.48122119112260175],
    [0.2601878617776949, -0.43274740172595016, 0.945975093030377, -0.2152324495669133, -0.6583630785863871, 0.15107557225274842]
  ],
  "37": [],
  "38": [
    [-0.9430382072237109, 0.37666300220716864, -0.3963456383034376, -0.2944970159611646, -0.8509595822326805, 0.02378926090431196]
  ],
  "39": [
    [-0.01979788142809535, 0.9743654183118204, -0.46912545957572227, -0.009943175917769108, -0.747888426337871, 0.038087126779910996]
  ],
  "40": [
    [-0.14317009627419708, -0.5885757541633222, 0.28356277347019904, 0.9518800706486285, -0.32368718711770805, 0.720668889415829],
    [0.2654285937392011, -0.25975526953266886, 0.366628013303381, -0.7669464280621627, -0.05395447664741111, 0.564623084857128]
  ],
  "41": [],
  "42": [
    [0.11765663229922849, -0.13391001432577365, 0.39252862380050607, -0.7631484366690583, -0.34955891685054763, -0.35692669575123087]
  ],
  "43": [
    [0.2471682254695906, 0.00712771435732118, -0.8000040184705319, 0.39079833846766787, -0.18509829199299155, -0.9508733236144811]
  ],
  "44": [
    [-0.4144655812253819, 0.4514453387123036, 0.4987662135195635, -0.36311270663750683, -0.73472530976693, -0.5549290891291832],
    [0.5941594669224792, 0.3817186811017193, 0.2956099072772525, 0.7372066527814171, -0.3431565902644153, -0.09985906239295889]
  ],
  "45": [],
  "46": [],
  "47": [],
  "48": [],
  "49": [],
  "50": [
    [0.9684427889481304, -0.1517700610292918, -0.1294861324026966, 0.2787811042962494, 0.5451036419073337, 0.3706225047629489]
  ],
  "51": [],
  "52": [
    [0.02232110389493699, -0.20655547473781696, 0.0608146934694716, -0.27464274251431514, 0.7818979666939712, -0.27531502097881977],
    [0.032057222692309977, 0.13761296913121585, 0.5094593334269334, 0.41786176639334954, 0.024617038221480956, 0.4310526233598243]
  ],
  "53": [
    [-0.7711361701309768, 0.6492090269017942, 0.43664325170214086, 0.7051131501977419, 0.4828685884193451, -0.7096326362047206]
  ],
  "54": [
    [0.8730206605944277, 0.2144134261657718, -0.5268333955832565, 0.7733478409214939, -0.023458744922253257, -0.24846935917241275]
  ],
  "55": [],
  "56": [],
  "57": [],
  "58": [],
  "59": [],
  "60": [
    [0.03745385671061501, -0.4760854771115936, 0.2513132806153102, 0.40667556357971296, 0.41453519370836556, -0.07458237041078086],
    [0.44013983443630067, -0.5864511832385841, 0.2092461719123196, 0.19349552619547686, 0.21551088258607923, 0.23772336435442498],
    [0.596751963471119, 0.4839266175597875, 0.27110372422677675, 0.13939027464631049, 0.16626192619814592, -0.44924933286452]
  ],
  "61": [],
  "62": [],
  "63": [],
  "64": [],
  "65": [],
  "66": [],
  "67": [],
  "68": [
    [0.5838491831331967, 0.19321824357237755, 0.2743216530867359, 0.03549185093951558, 0.35606883781844473, 0.6172078280781681]
  ],
  "69": [
    [-0.3436748978919293, -0.6422073967186075, 0.7673689922918705, -0.027436150874143684, 0.28255730560133807, 0.823421567740746],
    [0.41498715839274164, 0.6828282035624929, -0.5328617678551735, 0.07086943089631409, 0.3517989391771179, -0.6536297797406174],
    [0.7371955770258627, 0.433450410855288, -0.5768312362482536, 0.3723390263433945, 0.3237361847498711, -0.8025914086902622]
  ],
  "70": [
    [0.10496848036247326, -0.5731472277938142, 0.3504614176703469, -0.3229786770848623, -0.875173163847637, 0.8047184503170153]
  ],
  "71": [],
  "72": [
    [0.07036518582289727, -0.3750203869909631, -0.5586516472223525, 0.6504557330161302, -0.507379431904383, -0.19629656989759703]
  ],
  "73": [],
  "74": [],
  "75": [
    [-0.8125014551865624, 0.3323103589668567, -0.7116667938690385, -0.2930057314873097, -0.3680501535206167, 0.17621823493451527],
    [-0.7224694963272957, 0.23012928298423996, -0.7361991599490825, 0.1264357885624991, -0.08891504077832689, -0.09630354339454693]
  ],
  "76": [],
  "77": [],
  "78": [
    [-0.9980947162510619, -0.44842470332386225, 0.3962635641878719, 0.8373286175206172, -0.8286165301627277, 0.2443147365127636],
    [0.96867015051266, 0.4272523122696722, 0.37495672274773695, 0.8290282114546076, 0.8249614066505683, 0.3036098246476241]
  ],
  "79": [],
  "80": [],
  "81": [],
  "82": [],
  "83": [],
  "84": [],
  "85": [],
  "86": [
    [-0.22767348904951676, 0.9665241232767524, -0.18209677362716323, 0.5148909222610089, -0.8959968598461184, 0.7577617284926277]
  ],
  "87": [
    [-0.384958548902056, 0.001226060177725242, -0.4666532728905118, -0.3796393998834312, -0.44196426174033676, 0.7892595798039714],
    [0.2558766559469715, 0.12522364197410638, -0.009896671334295563, 0.9632171063922452, 0.09838409630234662, 0.4830797014191941]
  ],
  "88": [],
  "89": [],
  "90": [
    [0.1712963153994594, 0.12787230698714477, -0.14876021966836148, -0.15221962501920955, -0.6633233811053347, -0.38750035266801297],
    [0.1774366410100904, 0.12910260198744547, 0.08972556095459963, 0.08069738544903415, -0.6712034432290761, 0.6485988718847342]
  ],
  "91": [],
  "92": [],
  "93": [],
  "94": [],
  "95": [],