{
  "1": [],
  "2": [],
  "3": [],
  "4": [],
  "5": [],
  "6": [
    [0.5713682506443614, -0.27281817921377244, 0.5103984776348398, -0.23188634321776955, -0.7024752486588142, 0.8279332984186325]
  ],
  "7": [
    [-0.931796023264722, -0.8095002358775489, 0.5324944536199258, 0.48662362345802834, 0.07585014622987739, 0.5109852387519099]
  ],
  "8": [],
  "9": [],
  "10": [],
  "11": [],
  "12": [],
  "13": [],
  "14": [],
  "15": [],
  "16": [],
  "17": [],
  "18": [],
  "19": [],
  "20": [],
  "21": [],
  "22": [],
  "23": [],
  "24": [],
  "25": [],
  "26": [],
  "27": [],
  "28": [],
  "29": [],
  "30": [],
  "31": [],
  "32": [],
  "33": [],
  "34": [],
  "35": [],
  "36": [],
  "37": [],
  "38": [],
  "39": [],
  "40": [],
  "41": [],
  "42": [],
  "43": [],
  "44": [],
  "45": [],
  "46": [],
  "47": [],
  "48": [],
  "49": [],
  "50": [],
  "51": [],
  "52": [],
  "53": [],
  "54": [
    [0.7986624325882931, -0.773639103641017, 0.6907130187317093, 0.9045843397283223, 0.7011912915206474, 0.9212016395253649]
  ],
  "55": [],
  "56": [],
  "57": [],
  "58": [],
  "59": [],
  "60": [],
  "61": [],
  "62": [],
  "63": [],
  "64": [],
  "65": [],
  "66": [],
  "67": [],
  "68": [],
  "69": [],
  "70": [],
  "71": [],
  "72": [],
  "73": [],
  "74": [],
  "75": [],
  "76": [],
  "77": [
    [-0.6907708217661248, -0.29325157888880965, -0.38247377623336665, 0.6736304104662159, -0.7106399098079785, -0.007703039431682333],
    [0.6919516289294463, -0.29275470974757134, 0.3827430413024198, -0.6744779760025403, 0.7085225090485671, -0.007998609133677666]
  ],
  "78": [],
  "79": [],
  "80": [],
  "81": [],
  "82": [],
  "83": [],
  "84": [],
  "85": [],
  "86": [],
  "87": [],
  "88": [],
  "89": [],
  "90": [],
  "91": [],
  "92": [],
  "93": [],
  "94": [],
  "95": [],
  "96": [],
  "97": [],
  "98": [],
  "99": [],
  "100": []
}
