{
  "1": [],
  "2": [
    [0.8650313055110161, 0.07220569766989719, 0.11694190005762137, 0.4842110212480154, 0.13093662428930686, -0.21139219311673868, 0.9913924260175707, -0.40257916623223156]
  ],
  "3": [],
  "4": [],
  "5": [],
  "6": [
    [0.07782017192277693, -0.4549521373211815, 0.5830001382604968, -0.2205225856531853, -0.07906907675216089, -0.04917939573199606, 0.4368956696098528, 0.864167061765281]
  ],
  "7": [],
  "8": [],
  "9": [],
  "10": [],
  "11": [],
  "12": [],
  "13": [],
  "14": [],
  "15": [],
  "16": [],
  "17": [],
  "18": [],
  "19": [
    [-0.1855421943909215, -0.3799539003889482, 0.5836607026136896, 0.7557444987198771, 0.5070654215625273, -0.44544254117248494, -0.032241939303741717, -0.7178630198846436]
  ],
  "20": [],
  "21": [],
  "22": [
    [-0.5991772072377481, 0.8662817632732694, 0.9604516797386868, 0.5951590848057658, -0.7791869310808772, 0.10262718240099664, 0.2344270066838948, -0.17047256924480358],
    [0.7337596660417383, 0.640350442970973, -0.7444001592689695, -0.38142628909754184, 0.5559027511304968, -0.47660198434125817, -0.15482878633329974, 0.6656693189848114]
  ],
  "23": [],
  "24": [],
  "25": [],
  "26": [],
  "27": [],
  "28": [
    [0.2699761491452557, -0.23298318136035379, 0.22504684515484885, 0.40180299314932977, -0.2862219388571649, -0.6320474800844682, 0.7424733314355837, 0.11119399030915125]
  ],
  "29": [],
  "30": [],
  "31": [],
  "32": [],
  "33": [],
  "34": [],
  "35": [],
  "36": [],
  "37": [],
  "38": [],
  "39": [],
  "40": [],
  "41": [],
  "42": [],
  "43": [
    [-0.2864108863348971, -0.3813319568829119, -0.5896516068254275, 0.7634765932542217, -0.6714413215595234, -0.12782475181866987, -0.2240361991918516, 0.037106850684573596]
  ],
  "44": [],
  "45": [],
  "46": [],
  "47": [],
  "48": [],
  "49": [],
  "50": [],
  "51": [],
  "52": [],
  "53": [],
  "54": [
    [-0.7244551740539795, -0.6495801966991305, -0.8090087849908154, -0.6148373668562951, -0.6690375508477227, -0.05372517089078659, 0.9559505522543377, 0.5039233150614201]
  ],
  "55": [
    [-0.12448982922550945, -0.26356007470372145, -0.2378158409324909, -0.1637423293911478, -0.3571920483877154, 0.05016336615538652, 0.028863763908510868, 0.8695973890766433],
    [-0.1874107969445687, -0.26428661498117456, 0.07989144450497174, -0.1926311531189068, -0.356212180588457, 0.04974388052929949, 0.15594036050595306, 0.9132347610781746]
  ],
  "56": [],
  "57": [],
  "58": [],
  "59": [
    [0.07877084917580711, -0.6808701858285044, 0.6169075557154158, -0.13799861687409473, 0.7169484052953905, 0.6772849497063986, -0.2563449840219999, 0.8268171162273245]
  ],
  "60": [],
  "61": [],
  "62": [
    [0.880184384892019, 0.8200471580194376, -0.1428952192742597, -0.10095858342482301, -0.7606302308858521, -0.534599069059301, -0.3654221605952887, -0.1290958684752929],
    [0.7873277463714307, 0.8845714522444698, -0.1875962098111759, -0.08368006874274803, -0.7659091455643927, 0.5582924929893651, -0.3413861742971039, -0.15317113996179302]
  ],
  "63": [],
  "64": [],
  "65": [],
  "66": [
    [-0.1662122502533463, -0.014653742817267421, -0.9772294597169939, 0.13354181751714225, 0.8314868118448946, -0.7655162903238316, 0.6807661617140027, -0.45472292938068826],
    [-0.17314164430634, 0.06264426694549594, 0.7520159829880312, -0.12108793642856759, -0.19947183740172564, 0.9191206763071528, 0.6348443792733074, -0.5905255091154301]
  ],
  "67": [],
  "68": [],
  "69": [],
  "70": [
    [-0.5791076867879815, 0.06804440171890035, -0.8389492309279692, 0.187495854353763, -0.13181155476457207, -0.9162618265465523, -0.0825294888395514, -0.34817087884881986],
    [-0.46746285137148713, 0.036150415123793384, -0.6623415219578442, 0.30144832086517637, -0.11740794652966084, -0.7786815635054426, -0.18566657345759022, -0.367082481160746],
    [0.45192891626105325, 0.02729426601200183, 0.819721960864438, 0.4784300294756936, 0.09893757015423071, 0.3843954366321962, -0.9145230157918148, 0.405953433090781]
  ],
  "71": [],
  "72": [],
  "73": [],
  "74": [],
  "75": [],
  "76": [],
  "77": [],
  "78": [],
  "79": [],
  "80": [],
  "81": [],
  "82": [],
  "83": [],
  "84": [],
  "85": [],
  "86": [],
  "87": [
    [0.06874380878155421, -0.02355964352752464, -0.3651027550605972, -0.6998118910768031, 0.27629948020713413, -0.9167106075818484, 0.3686856187917068, 0.8871544722675132]
  ],
  "88": [],
  "89": [],
  "90": [],
  "91": [],
  "92": [],
  "93": [],
  "94": [],
  "95": [],
  "96": [],
  "97": [],
  "98": [],
  "99": [],
  "100": []
}
