{
  "1": [],
  "2": [
    [0.36825317746380193, -0.7830150294670772, -0.08559506330310963, 0.2538146029353772, 0.47818393337848025, 0.9557699588419618, 0.8143918583510112, -0.08032116610832682],
    [0.739339857723128, 0.7889934739943466, -0.07591155471900844, -0.12412097124607674, -0.9596754381824278, 0.7466441463385906, 0.663062693812564, -0.216340710729093]
  ],
  "3": [],
  "4": [],
  "5": [],
  "6": [],
  "7": [],
  "8": [],
  "9": [],
  "10": [],
  "11": [],
  "12": [],
  "13": [],
  "14": [],
  "15": [],
  "16": [],
  "17": [],
  "18": [],
  "19": [],
  "20": [],
  "21": [],
  "22": [],
  "23": [],
  "24": [],
  "25": [],
  "26": [
    [-0.7575075264402298, 0.3198020664620288, 0.27979299860690915, 0.6934594371260714, 0.8974723556437177, 0.9352991303268234, -0.06588601151210192, 0.03983499887724978]
  ],
  "27": [],
  "28": [],
  "29": [],
  "30": [],
  "31": [],
  "32": [],
  "33": [],
  "34": [],
  "35": [],
  "36": [],
  "37": [
    [-0.9543088744607129, 0.07446586096115809, -0.3425216973975376, -0.008631757495375742, 0.1863870324510903, -0.7873413228781929, 0.34241567580170906, -0.5082187028198238],
    [-0.03513694096799109, 0.23676809873900953, -0.6589772041083027, -0.9515325962021732, 0.19920715176370102, 0.4849147894102871, -0.8030251270158631, -0.8480701140052084]
  ],
  "38": [
    [0.2701774506016318, -0.5998166823054505, 0.9629099232099, -0.5387674394487055, -0.6089777916078924, 0.8668706025699442, -0.6776576579011051, 0.1704618060495422]
  ],
  "39": [
    [-0.7189100184309543, 0.8950157414459884, -0.8574221388047913, 0.969167747977537, -0.13474473158762648, 0.7367981999944909, 0.4061556009272316, 0.7677026436431482]
  ],
  "40": [],
  "41": [],
  "42": [],
  "43": [],
  "44": [],
  "45": [],
  "46": [],
  "47": [],
  "48": [],
  "49": [],
  "50": [],
  "51": [],
  "52": [],
  "53": [],
  "54": [],
  "55": [],
  "56": [],
  "57": [],
  "58": [],
  "59": [
    [0.3069765569300335, -0.6908298182827823, -0.6553520757984532, 0.3019938892610439, -0.886192639109505, -0.9977095281504184, 0.5349918711019863, 0.006101192349543448]
  ],
  "60": [
    [0.21163859318285708, 0.21101988805175828, -0.5905586885764577, -0.06131993056479234, 0.4893801180702092, 0.7200036618100337, 0.7735328373474202, -0.11644922406287651],
    [0.25746316778928396, 0.14743365657117113, -0.7167386887335438, 0.06385406125435789, 0.4952713178319644, 0.7961426525847134, 0.8105632203281737, -0.09892482187647214],
    [0.3201222588280551, 0.19319694515036495, 0.16807643694522473, -0.06307923323999957, 0.5090059344904041, 0.6927291097841669, 0.8672684603263677, -0.0700425322535266],
    [0.29081081895393796, 0.1374568095696224, 0.18338535661395375, 0.06451443557360781, 0.5075033863405028, 0.776723786510711, 0.8098322461261538, -0.07691321498063114],
    [0.7930780975005992, 0.9437966411282489, 0.9709510256067323, 0.0814937317294131, 0.55453355786744, 0.34925158179143806, 0.32858307983857415, -0.002228200221353493]
  ],
  "61": [],
  "62": [],
  "63": [],
  "64": [],
  "65": [],
  "66": [],
  "67": [],
  "68": [],
  "69": [],
  "70": [],
  "71": [],
  "72": [],
  "73": [],
  "74": [],
  "75": [],
  "76": [],
  "77": [],
  "78": [],
  "79": [],
  "80": [],
  "81": [
    [0.48262571963476886, -0.32387559852141057, -0.7270540698250152, 0.9585441762299812, 0.37384803249493653, 0.8876242214818987, -0.200966137392769, 0.9377255773621553],
    [0.4884041486218041, -0.416703159576057, -0.7682340561487941, 0.8687492224257108, 0.8443517505165306, 0.5790556267676348, -0.09506784834524726, 0.5668188338662898]
  ],
  "82": [],
  "83": [],
  "84": [
    [0.028317396021639248, -0.18034769327362568, 0.5300742803846336, -0.18031749794365765, 0.9521103536610168, 0.644227530969974, -0.8131260248864404, 0.09261961359531147],
    [0.06663438192316527, 0.2109609270162455, 0.4637752593689991, -0.2163317086390511, -0.8452099654961609, -0.7558690471269508, -0.822972913738665, 0.10425021157138417]
  ],
  "85": [],
  "86": [],
  "87": [
    [0.5618194114499294, -0.5694422608718053, -0.06519772272539041, 0.5804100490971902, 0.6849470709018128, 0.673859671290853, -0.12376954774310786, 0.6081202268939887]
  ],
  "88": [],
  "89": [],
  "90": [],
  "91": [],
  "92": [],
  "93": [],
  "94": [],
  "95": [],
  "96": [],
  "97": [],
  "98": [],
  "99": [],
  "100": []
}
