{
  "1": [
    [0.1866046038527855, -0.5083135366981263, 0.5239001424841918, 0.5093663487646058, -0.5978810412236252, 0.5631407652260296, 0.11957375337322396, 0.0852844428607813],
    [0.07836544212809045, 0.2944248038502752, -0.5423220312357556, 0.719154178615587, -0.6575520607953599, 0.47775622430738224, 0.061669494386479624, -0.08517181063023602]
  ],
  "2": [],
  "3": [],
  "4": [],
  "5": [],
  "6": [],
  "7": [],
  "8": [],
  "9": [],
  "10": [],
  "11": [
    [0.8960979920387379, 0.22420732828515583, 0.8021279464402759, 0.6676008083621073, 0.8175927103978956, 0.9841498951059156, -0.3828525060701391, -0.9801427457030492]
  ],
  "12": [],
  "13": [],
  "14": [
    [-0.39782929377393467, -0.6322798052606268, 0.8279814476110743, -0.07231958284306013, 0.3532719076611498, 0.4747300480801382, 0.31499463681837797, -0.9600772323585458]
  ],
  "15": [],
  "16": [
    [0.009293033835634325, -0.1715550953924729, 0.6901390369273585, -0.24644923973005312, -0.8437603816840507, -0.5072489892899901, 0.6503728841445651, -0.30773034595329696]
  ],
  "17": [],
  "18": [
    [-0.8826161034875684, 0.32348902713465627, -0.25659039580926996, -0.09736185926575273, 0.01781209367399441, 0.5798370755467976, -0.37058715502244, 0.005423972032443787],
    [-0.40883541670271223, 0.1414834000183378, -0.4301121984071795, -0.11853130222930643, 0.06015888884219731, 0.8328332171243054, -0.42185623049861887, -0.2813571383929685]
  ],
  "19": [],
  "20": [
    [-0.9872801495808492, 0.10151274490216255, 0.3269628168372914, 0.5379185905513357, -0.2376265779586566, 0.31328670227337213, 0.4396054036338385, 0.33014371266158005]
  ],
  "21": [],
  "22": [],
  "23": [],
  "24": [],
  "25": [],
  "26": [],
  "27": [],
  "28": [],
  "29": [
    [-0.8451998716560435, 0.5956803093718595, -0.4759616084133981, 0.1401476877061116, 0.7854615404125057, -0.28241687850973196, 3.916180965603304e-05, 0.4964178366786828]
  ],
  "30": [],
  "31": [],
  "32": [],
  "33": [],
  "34": [],
  "35": [],
  "36": [],
  "37": [],
  "38": [],
  "39": [],
  "40": [],
  "41": [],
  "42": [],
  "43": [
    [-0.3843357704215861, -0.4159517786432771, -0.08477297122513659, 0.5307480578981495, 0.40648784494788165, 0.2397388700158365, -0.3626284410586663, 0.7327478840805691],
    [-0.47236186861394297, 0.8633908716983211, -0.045545951845473186, 0.4128294864648489, 0.24566783538356107, -0.37952891609955886, -0.04218434652183437, -0.5766189521718891],
    [-0.4367148672992837, 0.9976421333681855, 0.2443999493193836, 0.3366987775360531, -0.7223826643099874, -0.6335998893050527, 0.013126448223165735, -0.4714284751168253],
    [0.16293731495584016, -0.17362720056947212, -0.13454864386292703, -0.8480494468364687, 0.580189023497213, 0.83021146799556, -0.20375948593569276, -0.09500032431838511],
    [0.26293323933264445, 0.24945069262807446, -0.06234344878248559, -0.6087886626994624, 0.2921370902666996, -0.2642290922384413, 0.171135378440643, 0.5186191075431127]
  ],
  "44": [],
  "45": [],
  "46": [],
  "47": [],
  "48": [],
  "49": [],
  "50": [
    [-0.7982586363052571, 0.05987378683922468, -0.11180889933418016, -0.154960305789476, -0.0004470181762349015, 0.14636042920321263, 0.5812067534619441, -0.41948831527700564]
  ],
  "51": [],
  "52": [
    [-0.5667199540379125, -0.5819033989747848, 0.42040813013224887, -0.39458794002023195, -0.5113355704894732, 0.2777220902357301, -0.12430601349388139, 0.9890566660329198]
  ],
  "53": [],
  "54": [],
  "55": [],
  "56": [],
  "57": [],
  "58": [
    [-0.15584586073523124, -0.9776985534948007, -0.6620172502406962, -0.12067330285183304, 0.2951156269787329, 0.07467954671793807, 0.001871308238413882, 0.08448201706546833]
  ],
  "59": [],
  "60": [],
  "61": [],
  "62": [],
  "63": [],
  "64": [],
  "65": [],
  "66": [],
  "67": [],
  "68": [
    [-0.12447118687024397, 0.15693592176192833, -0.7134273731046779, 0.5473407582972744, -0.0871654775111049, 0.7732689743537102, 0.9868153505451366, 0.9962378714904502]
  ],
  "69": [],
  "70": [],
  "71": [],
  "72": [],
  "73": [],
  "74": [],
  "75": [],
  "76": [],
  "77": [],
  "78": [],
  "79": [],
  "80": [
    [-0.7338368263860696, 0.9695485041248862, 0.0014380642248167975, -0.12430150200252407, -0.4931881868413512, 0.017104371339250055, 0.1480669734373194, -0.17538415153889295],
    [-0.6307301808037541, 0.6903209799880219, 0.05557985525493909, -0.16850512829280898, 0.728145235959626, 0.03703256921798819, 0.1435341091054898, -0.8993235552575509]
  ],
  "81": [],
  "82": [],
  "83": [],
  "84": [],
  "85": [],
  "86": [],
  "87": [],
  "88": [],
  "89": [],
  "90": [],
  "91": [],
  "92": [],
  "93": [
    [-0.07828388014140304, 0.2896613797334373, 0.9519698501474554, -0.12380481950748548, -0.7609355701070666, -0.2522357801974622, -0.263659990608507, -0.8316231503335488]
  ],
  "94": [],
  "95": [],
  "96": [],
  "97": [],
  "98": [],
  "99": [
    [0.5502909876280421, -0.11057950089546835, 0.07447758228190698, 0.293248446006368, 0.0800623524730799, -0.5290594898608943, 0.1564737159169316, 0.989030412290515]
  ],
  "100": []
}
