{
  "1": [
    [0.026351438561741696, 0.10110869626780647]
  ],
  "2": [
    [-0.028337555068903418, -0.9521460731851199],
    [0.026880521133221855, 0.9759551291703304]
  ],
  "3": [
    [0.1661407042032379, 0.1178127193088881]
  ],
  "4": [],
  "5": [
    [0.6056295370784209, 0.9768645440458706]
  ],
  "6": [],
  "7": [],
  "8": [],
  "9": [
    [0.5910705305410943, 0.9264908198120196],
    [0.2402051425008354, 0.7937916264041798],
    [0.8259471442658667, -0.8644023780178407]
  ],
  "10": [
    [-0.31203389835540557, 0.5003085297256894],
    [0.9057250220971371, 0.20975123670357568]
  ],
  "11": [],
  "12": [],
  "13": [
    [-0.5801801794768611, 0.17606630106082835],
    [0.11914102743117236, -0.6442303286936903]
  ],
  "14": [],
  "15": [
    [0.776671457607852, 0.9963065593620618],
    [-0.3253325746712222, -0.05991604119169415]
  ],
  "16": [],
  "17": [],
  "18": [],
  "19": [
    [-0.5125287719990296, 0.5464252062969179],
    [-0.2527137316488515, 0.4751057225996076],
    [0.5817633260045723, -0.9053252701000711],
    [-0.15958598582997818, -0.37454877699122796]
  ],
  "20": [
    [0.062213137343821945, -0.14989384567924788]
  ],
  "21": [
    [0.18318976109637772, 0.02941543603827959]
  ],
  "22": [
    [-0.24533301920148617, -0.33130918037668755],
    [0.2546974158310325, 0.30811592965907636]
  ],
  "23": [
    [-0.8671672898134708, -0.5466310736698498]
  ],
  "24": [
    [0.2095882980362204, -0.1274869033190984]
  ],
  "25": [],
  "26": [
    [-0.1171998331211328, -0.6724125373374733],
    [-0.10734144259947041, 0.7895578390383247]
  ],
  "27": [],
  "28": [
    [-0.9669129213878865, -0.006816094367061994]
  ],
  "29": [],
  "30": [
    [-0.007584946403279998, 0.21020107395520324]
  ],
  "31": [],
  "32": [
    [0.49265043488694404, -0.5734659633158179]
  ],
  "33": [],
  "34": [
    [-0.706099565753564, 0.8380622172380398],
    [0.24289576527518744, 0.06362601857900206]
  ],
  "35": [],
  "36": [
    [-0.25563517652799517, 0.26603983522323466]
  ],
  "37": [
    [-0.23459509089905226, 0.7910360346263549],
    [0.31755225748830374, -0.7360368895090803]
  ],
  "38": [],
  "39": [
    [-0.2612221785906517, -0.18688630942693224],
    [0.7891245051125351, -0.2315168587714966]
  ],
  "40": [
    [0.20067920954598994, 0.9095950921403546],
    [-0.050047756797664336, 0.16111062328472783]
  ],
  "41": [],
  "42": [],
  "43": [],
  "44": [
    [-0.43739542887088206, -0.6392139132494455],
    [-0.4321637286728386, 0.7340210071415081]
  ],
  "45": [
    [-0.39092781047004016, 0.42078650071380413]
  ],
  "46": [
    [0.024012250373845998, -0.03825777004526944]
  ],
  "47": [
    [-0.9382442989381685, -0.7887484586976561],
    [-0.02827271892886334, -0.5289408471815872]
  ],
  "48": [
    [0.010521764505136736, 0.45124078858954714]
  ],
  "49": [
    [0.5509060801404271, -0.1619178013283687]
  ],
  "50": [],
  "51": [
    [-0.40270749919919163, -0.0704916762748916],
    [0.39469607305856486, -0.07040245384402168]
  ],
  "52": [
    [-0.3600439958985471, -0.034422145197716615]
  ],
  "53": [
    [-0.1403483426125679, -0.12051334885973562],
    [-0.27632000005729945, 0.7849052320705916],
    [0.6652976875314602, 0.896395880969541],
    [0.14032027282061826, -0.11870117372071318]
  ],
  "54": [
    [-0.10990339667691935, -0.16623358063135024],
    [-0.14614250264710626, 0.1770886464474877]
  ],
  "55": [
    [0.34959474959343195, 0.2001416674390696],
    [0.3182133687075266, 0.7583891941278692],
    [-0.3501342096230091, -0.17902229671071324],
    [-0.3502268887285924, 0.1751479883503453],
    [0.350500432058253, -0.16319595509690465]
  ],
  "56": [],
  "57": [],
  "58": [],
  "59": [
    [0.03182252211723159, -0.9152498878315446]
  ],
  "60": [],
  "61": [],
  "62": [],
  "63": [
    [-0.5270148962096207, -0.28072113353596817],
    [-0.5605589995575506, 0.2865337882545472],
    [0.4794861218362849, -0.16933810999567345],
    [0.4740859876351469, 0.1714688738776281]
  ],
  "64": [
    [0.4066079690062496, -0.4117117239405106],
    [0.33948614069176974, 0.24374498379455656]
  ],
  "65": [],
  "66": [
    [-0.25175190544916043, -0.38851802863951024]
  ],
  "67": [
    [0.41900009340359223, -0.17716848820156372],
    [-0.24343449842427026, 0.01700606640297209],
    [0.21412499912816055, 0.05842244678197889]
  ],
  "68": [],
  "69": [],
  "70": [
    [0.24757336116235443, 0.6460754090692356]
  ],
  "71": [
    [-0.6610188966431164, -0.19177045497067377]
  ],
  "72": [],
  "73": [
    [0.8127178631812565, 0.14451885931302005]
  ],
  "74": [],
  "75": [],
  "76": [
    [-0.3110889925254612, -0.5484650489938122],
    [-0.34794918801850944, 0.35766976075047213]
  ],
  "77": [],
  "78": [
    [-0.09401526078291335, 0.0007149426268859308]
  ],
  "79": [],
  "80": [
    [0.2290402605332118, 0.03818323254420634]
  ],
  "81": [],
  "82": [
    [0.1461832074627516, -0.2852407484417066]
  ],
  "83": [],
  "84": [
    [-0.7540894209280911, -0.4106865004030271],
    [0.009895969250265658, -0.4091619310039296],
    [0.7469378403470818, -0.4076954521243037]
  ],
  "85": [
    [-0.4912538570688258, -0.6629464405974288],
    [-0.49343618758928354, -0.02804175935059803],
    [-0.47640488629515737, 0.6897691295350362]
  ],
  "86": [],
  "87": [],
  "88": [],
  "89": [
    [-0.5162048884784788, 0.41835179642107095]
  ],
  "90": [],
  "91": [
    [0.20321767467653243, 0.5593514477093455],
    [0.19980728242426482, -0.28156029524754544]
  ],
  "92": [
    [0.3232116181482135, -0.8272620010676782]
  ],
  "93": [
    [-0.6646574899540771, -0.7302310510468222],
    [-0.21080836539064915, 0.6548777309078173],
    [0.23888993491907476, 0.7047043035687757],
    [0.609481653166024, -0.6385717123751511]
  ],
  "94": [],
  "95": [
    [0.479683414727366, 0.6089106887610357]
  ],
  "96": [
    [-0.4040883245758048, 0.6390672276328957],
    [-0.21187259560831584, 0.6598444461591987]
  ],
  "97": [
    [0.3261697284671914, -0.05932525898071823],
    [0.8126763090557642, -0.8727248037059864]
  ],
  "98": [
    [-0.5336448657606127, 0.041683682702131034]
  ],
  "99": [
    [0.024304147813451034, 0.5960193775531853]
  ],
  "100": [
    [0.3958402180029301, -0.7538167342316018],
    [0.42468137172910586, -0.6456941769449135]
  ]
}
