{
  "1": [],
  "2": [],
  "3": [
    [-0.8392131371982892, -0.8865886857827486],
    [0.8392131371982888, 0.8865886857827489]
  ],
  "4": [],
  "5": [],
  "6": [],
  "7": [],
  "8": [],
  "9": [],
  "10": [],
  "11": [],
  "12": [
    [-0.9113267555090863, -0.8110921095190329],
    [-0.9113267555090868, 0.8110921095190325]
  ],
  "13": [
    [0.8934443856792686, 0.9337230314030587]
  ],
  "14": [
    [0.736552044645423, 0.5454714551949525]
  ],
  "15": [],
  "16": [],
  "17": [],
  "18": [],
  "19": [],
  "20": [],
  "21": [
    [0.8308512589905719, -0.9106204467849542]
  ],
  "22": [],
  "23": [
    [-0.8884626280743024, -0.3560759472800227],
    [-0.8884410835259311, 0.35608890128038634],
    [0.8884614376251321, -0.3560562758125555],
    [0.8884829702066577, 0.35604333394845444]
  ],
  "24": [],
  "25": [],
  "26": [],
  "27": [],
  "28": [
    [0.9669570661557255, -0.8040538402632084]
  ],
  "29": [],
  "30": [],
  "31": [],
  "32": [],
  "33": [],
  "34": [],
  "35": [],
  "36": [],
  "37": [],
  "38": [],
  "39": [
    [-0.7684793273835663, -0.5677803301263802]
  ],
  "40": [],
  "41": [
    [0.8482909674048553, -0.9769493356943595]
  ],
  "42": [
    [-0.9591117070797894, 0.9991042840359659]
  ],
  "43": [],
  "44": [],
  "45": [
    [-0.9447288030117387, 0.8909644456381486],
    [0.8777154572271019, -0.8737396041770938]
  ],
  "46": [],
  "47": [
    [0.9463820909650494, -0.8218860548646355],
    [0.9948729995737284, 0.8219775336057233]
  ],
  "48": [],
  "49": [],
  "50": [
    [0.8608537970246993, -0.8809444509907705]
  ],
  "51": [
    [-0.9652627794741012, -0.9408615453852649]
  ],
  "52": [],
  "53": [
    [-0.8427897755803196, -0.7051628133670108],
    [0.8509728659846512, -0.6841395713005012]
  ],
  "54": [],
  "55": [],
  "56": [],
  "57": [
    [0.9925762378808185, 0.7861634564345744]
  ],
  "58": [],
  "59": [
    [0.3922518896846482, -0.4791561471867941]
  ],
  "60": [],
  "61": [],
  "62": [],
  "63": [
    [-0.8192867069823739, -0.9830526261442842],
    [0.8192867069823735, 0.9830526261442847]
  ],
  "64": [],
  "65": [
    [-0.9749219558756499, 0.8332790376073003]
  ],
  "66": [
    [-0.9731033325067242, 0.9537207764211705],
    [0.8299937370512215, 0.9247147585884852],
    [0.640434461760757, 0.7617821872612781]
  ],
  "67": [
    [0.9205405246260605, -0.8608375277789149]
  ],
  "68": [
    [-0.8706999620390846, 0.8763470027225129]
  ],
  "69": [],
  "70": [],
  "71": [],
  "72": [
    [-0.9256123048234732, 0.9799916486020406]
  ],
  "73": [],
  "74": [
    [0.8021137645507677, -0.6335152307254787]
  ],
  "75": [],
  "76": [],
  "77": [],
  "78": [
    [0.8597586667884293, 0.9935145832719515]
  ],
  "79": [],
  "80": [
    [-0.4779021767112756, -0.3067082085866575]
  ],
  "81": [],
  "82": [],
  "83": [],
  "84": [
    [0.7074791017819136, -0.5444112551696583]
  ],
  "85": [],
  "86": [],
  "87": [],
  "88": [
    [-0.8286667935739372, -0.8909319015888131]
  ],
  "89": [],
  "90": [],
  "91": [],
  "92": [
    [0.9466734672723455, -0.978049198103477]
  ],
  "93": [],
  "94": [],
  "95": [],
  "96": [],
  "97": [],
  "98": [],
  "99": [
    [0.968282924268621, -0.45058933771721543],
    [0.9687113182348756, 0.4504399750863561]
  ],
  "100": []
}
