{
  "1": [
    [0.7317528999468335, -0.7238809890747275],
    [0.6235140696327849, 0.771169672206693]
  ],
  "2": [],
  "3": [],
  "4": [],
  "5": [
    [-0.6198313113964452, 0.967191470146823]
  ],
  "6": [],
  "7": [],
  "8": [
    [0.757499386453696, 0.6217908342447784]
  ],
  "9": [],
  "10": [],
  "11": [
    [-0.8511766894652508, 0.37119640563046696],
    [-0.7804266635921567, 0.9377973430314164]
  ],
  "12": [
    [-0.8582391907055736, 0.8728737494973576],
    [0.856026578542719, 0.7440519745611287]
  ],
  "13": [
    [0.42554918497648764, 0.9748661940765888]
  ],
  "14": [
    [-0.4743226939459844, -0.4859086798619153],
    [-0.9354256480943355, 0.7509824478324558]
  ],
  "15": [],
  "16": [],
  "17": [],
  "18": [],
  "19": [
    [-0.682386325224278, -0.8720435770699724],
    [0.7939476702875441, 0.49912386790920366]
  ],
  "20": [
    [0.6022164160098489, -0.7070496432860923],
    [0.9355088242566884, -0.39559753188789487]
  ],
  "21": [],
  "22": [],
  "23": [],
  "24": [],
  "25": [],
  "26": [
    [-0.4954611380314427, -0.7632914891139966]
  ],
  "27": [
    [0.8141948018515969, 0.8183049639901943]
  ],
  "28": [],
  "29": [],
  "30": [
    [-0.8069646147166476, 0.22318724872794965],
    [0.8001696167003306, -0.22191799309732044]
  ],
  "31": [],
  "32": [
    [-0.9624517100948226, -0.6605213210302104]
  ],
  "33": [],
  "34": [
    [-0.5649613569078346, -0.6947566485856483],
    [-0.2903076530822892, -0.9665818238264321],
    [-0.5955065195823411, 0.6609640288111187]
  ],
  "35": [
    [-0.8976457627250249, -0.4027926580750419],
    [-0.3357469904264991, 0.9398136124067415],
    [0.7769439820731292, -0.7187814542048768],
    [0.8907216144062778, -0.41086253599256095]
  ],
  "36": [],
  "37": [],
  "38": [],
  "39": [],
  "40": [],
  "41": [
    [-0.9242246568393254, 0.49721414297086813],
    [-0.6908068390975811, 0.7044364378541212],
    [0.6732042893304769, -0.7540993365835998]
  ],
  "42": [],
  "43": [],
  "44": [
    [0.8966743730444942, 0.6287102998329643]
  ],
  "45": [
    [-0.7533466601240868, -0.6186386768042322],
    [0.5342405328165772, -0.6028721786087337]
  ],
  "46": [],
  "47": [],
  "48": [
    [-0.7622654742983782, -0.9860096462894298]
  ],
  "49": [],
  "50": [
    [-0.8844979638670373, -0.924709227049906],
    [0.5849763721996992, 0.7350933268321485]
  ],
  "51": [
    [-0.07482005198894774, -0.695078314619365],
    [-0.2025607503211954, 0.8871424128063368]
  ],
  "52": [],
  "53": [],
  "54": [
    [0.2709531273419647, -0.5933973183071306],
    [0.27826287527342236, 0.6303875211807193]
  ],
  "55": [
    [-0.3374763550299331, -0.7755470056924951],
    [-0.3841140279529331, -0.3950758008717443],
    [-0.51729129710928, 0.28881539122624245]
  ],
  "56": [],
  "57": [
    [0.9538992872909984, 0.38229356468887343],
    [0.9521281256051606, 0.8705118040738418]
  ],
  "58": [],
  "59": [],
  "60": [],
  "61": [
    [-0.9674899545412905, 0.38169518826710125]
  ],
  "62": [],
  "63": [
    [0.5023138578156099, -0.28433216619532004]
  ],
  "64": [],
  "65": [
    [0.3879502547239457, 0.9703098326439518],
    [0.6622587697243627, 0.6847592281429185]
  ],
  "66": [
    [-0.5267469025705361, 0.09698138617341936]
  ],
  "67": [
    [-0.34461322615155754, -0.1015336573111089]
  ],
  "68": [],
  "69": [],
  "70": [],
  "71": [],
  "72": [],
  "73": [],
  "74": [
    [0.8640624562026913, 0.63660601633513]
  ],
  "75": [],
  "76": [],
  "77": [],
  "78": [
    [0.9022949688652393, -0.3155794250954043]
  ],
  "79": [
    [0.26859127243977415, -0.04061020474845907]
  ],
  "80": [],
  "81": [
    [-0.6106794463247449, -0.773447842228344]
  ],
  "82": [
    [0.8763036902011525, -0.8381084362744352]
  ],
  "83": [
    [-0.6851365110672494, -0.3346912957958692],
    [-0.7151777528387856, 0.47854247375823317],
    [-0.8739933376619348, 0.7786185928089239]
  ],
  "84": [
    [-0.7883992319175499, -0.9391865715316609]
  ],
  "85": [],
  "86": [
    [-0.4133037691192159, -0.9248344012977768]
  ],
  "87": [
    [-0.5267023007100259, 0.5497540748678608],
    [0.43598397664678673, 0.5856266298258552]
  ],
  "88": [
    [-0.16334539567563017, -0.0743073764418383]
  ],
  "89": [],
  "90": [
    [-0.9445705510102461, -0.9870798391456823],
    [-0.08815000226631894, -0.08906266859444896]
  ],
  "91": [
    [0.5990057696508493, 0.8460547301031385],
    [0.5711836920034455, 0.08087214691481173]
  ],
  "92": [
    [0.6158708687691511, 0.869370501485161]
  ],
  "93": [],
  "94": [],
  "95": [
    [0.919914975795058, -0.5993478283090123]
  ],
  "96": [],
  "97": [],
  "98": [],
  "99": [
    [-0.3252492440875497, -0.5940548441123782]
  ],
  "100": [
    [-0.32533641457700374, 0.7897881877229359],
    [0.720572599923092, 0.5812615732998551]
  ]
}
