{
  "1": [],
  "2": [],
  "3": [
    [0.031430263127300254, -0.0788628290182369]
  ],
  "4": [
    [0.09824792678441897, 0.0637834791290673]
  ],
  "5": [
    [-0.6779747114868893, -0.7990597045568187],
    [0.39537768838064896, -0.03970052396104636]
  ],
  "6": [
    [-0.22325776694339927, -0.03774655917107072],
    [0.5093339029037712, 0.4605666880130474]
  ],
  "7": [
    [0.15867866809686296, -0.047876894514084264]
  ],
  "8": [
    [-0.9422244052674658, 0.05803407225684728],
    [0.9974304748280568, 0.04329487723290824]
  ],
  "9": [
    [0.0932304741176369, -0.1336831992570979]
  ],
  "10": [
    [0.09919431392158842, -0.1628530061495961]
  ],
  "11": [
    [0.3892757481224695, -0.025222971948156793]
  ],
  "12": [],
  "13": [
    [0.16195334924540114, 0.11481809380183051]
  ],
  "14": [],
  "15": [],
  "16": [
    [-0.0536546135506827, 0.1908782536860925],
    [0.10318782400934257, 0.0724768582817374]
  ],
  "17": [
    [0.010487622559346542, -0.1897286142531988],
    [0.009668466531187902, 0.19302999096500312]
  ],
  "18": [],
  "19": [],
  "20": [
    [0.004722596076037799, 0.02012829979943158],
    [0.7569436016531271, -0.35397826761818935]
  ],
  "21": [
    [-0.013466979507607005, -0.06887961888818489]
  ],
  "22": [
    [-0.09718412523087064, 0.08458783178705288]
  ],
  "23": [],
  "24": [
    [0.15104457504395824, -0.09075116571222736]
  ],
  "25": [
    [-0.29993462054841175, -0.1432844423481076],
    [-0.5715074084459864, -0.6108966669765]
  ],
  "26": [
    [0.07359080362379615, -0.2740925944618871]
  ],
  "27": [
    [0.03997312321188905, 0.006079375223438563]
  ],
  "28": [
    [0.19217836953264367, -0.04483158202143022]
  ],
  "29": [
    [-0.22092929554088664, -0.173589535366325],
    [-0.25360403301965084, 0.8819156217295042],
    [0.13078298560079754, 0.295001647953082]
  ],
  "30": [
    [-0.05516796497450724, 0.12439664175868831]
  ],
  "31": [],
  "32": [
    [-0.2876308257486404, -0.0012169108683662076],
    [0.8325898841726085, -0.3960682519763314],
    [0.6194250950912809, -0.34559409387369544]
  ],
  "33": [
    [0.2836442123339539, -0.19107066991892635],
    [0.25244053730184884, 0.134839687770642]
  ],
  "34": [
    [0.13594488853492334, -0.2723983726023011]
  ],
  "35": [
    [0.09925016921114614, 0.09358201474275574]
  ],
  "36": [],
  "37": [
    [-0.03295091889253718, 0.06787210845746726],
    [0.21921252554394177, -0.38530577414513506]
  ],
  "38": [],
  "39": [],
  "40": [],
  "41": [
    [0.002902491068082978, 0.08798878044876272]
  ],
  "42": [],
  "43": [
    [0.023291401766760814, 0.05725951676813289]
  ],
  "44": [
    [-0.1382651928762403, 0.24622472705715032],
    [-0.43449415952062503, -0.40350560940415275]
  ],
  "45": [],
  "46": [
    [0.1589514050563381, 0.06374280947743541],
    [0.6199557957998222, 0.6088657755010847]
  ],
  "47": [
    [-0.012957226241488111, -0.08464118059725773],
    [0.47578424353942167, 0.6960404297416324]
  ],
  "48": [],
  "49": [
    [0.5168915313241729, 0.2538737878271855],
    [-0.4054527476499294, -0.08608533280110123]
  ],
  "50": [],
  "51": [],
  "52": [
    [-0.05585301662906517, -0.0356512200288736]
  ],
  "53": [
    [-0.058081971688406925, -0.06023591601874269]
  ],
  "54": [
    [-0.33610377561072197, -0.8068860476729199],
    [-0.014833445275146642, -0.1207532754797067]
  ],
  "55": [
    [0.07618939445393841, -0.15796104265006997],
    [0.12757998469240625, -0.1709416329794915]
  ],
  "56": [
    [0.3178196032780122, 0.3043689038563314]
  ],
  "57": [
    [0.02170851005546191, -0.06843579069255357]
  ],
  "58": [
    [0.10768143557867683, -0.15058603725191522]
  ],
  "59": [
    [-0.15467483018457862, 0.03544904548967846]
  ],
  "60": [],
  "61": [
    [-0.3457691182079378, -0.10645846538720294],
    [0.24545154547976936, 0.10949389641049703]
  ],
  "62": [
    [0.0721509531939824, 0.2920231262598884]
  ],
  "63": [
    [-0.1339638421110079, -0.34116980090783494],
    [0.003338801949633188, 0.06380678739589245]
  ],
  "64": [
    [-0.1189205105686952, -0.011175631932876389]
  ],
  "65": [
    [-0.7113864258010711, 0.1722052911583622],
    [-0.017630118460800103, -0.13159130853265388],
    [0.5205231122582725, 0.030875888274544495]
  ],
  "66": [],
  "67": [],
  "68": [
    [0.18944948339267773, -0.08111258560944463]
  ],
  "69": [
    [-0.03924744085351438, -0.1428822186361231]
  ],
  "70": [
    [0.15578766757470072, -0.23149459457527874]
  ],
  "71": [
    [0.18431286932312754, 0.0726253227008998]
  ],
  "72": [],
  "73": [
    [-0.6588024429065754, -0.9673909544632479],
    [-0.017076095829180175, -0.10367565074261664]
  ],
  "74": [
    [0.5167288473998582, -0.42049653949193033],
    [0.15751708702519698, 0.38080502071970024]
  ],
  "75": [
    [0.04281030730422541, 0.2741311416166562]
  ],
  "76": [
    [0.05516872909724245, -0.049708455792910396],
    [0.052520187064046764, 0.06839463144005929],
    [0.32368725114837305, -0.13347861212310247],
    [0.3846590793558266, 0.29540969980322573]
  ],
  "77": [
    [-0.18642975610057586, -0.5412707921418708],
    [-0.02905165638433525, 0.42181138182643546]
  ],
  "78": [
    [0.4079357405006633, 0.31911390468183676]
  ],
  "79": [
    [-0.141011699980951, -0.14143560952335224]
  ],
  "80": [
    [0.2850476927557208, 0.108171364011753],
    [0.49683250868450923, 0.13444065990537907],
    [0.8674242785460957, 0.27329024844193284]
  ],
  "81": [
    [0.9869100117564018, -0.35458297974722475],
    [-0.21045123995813592, 0.006991965351468789]
  ],
  "82": [
    [0.3108214591699452, 0.07274029317427498]
  ],
  "83": [],
  "84": [
    [0.553326167489398, -0.9627898035879053]
  ],
  "85": [
    [-0.8271831225015069, -0.22141431187737426],
    [0.2923445700643389, 0.13722593731010005]
  ],
  "86": [
    [-0.23630855783354818, -0.8382129772755789],
    [0.002882649184914718, -0.025240795338747988]
  ],
  "87": [],
  "88": [
    [-0.5223089821470785, 0.755735120828445],
    [0.027960942289836182, 0.027026031119725274]
  ],
  "89": [],
  "90": [
    [-0.09404325187896147, -0.20989249741715926]
  ],
  "91": [
    [-0.03878235691904766, -0.024966767467142124]
  ],
  "92": [
    [-0.21052953105030106, -0.05860111093550317],
    [0.21052953105030092, 0.05860111093550322]
  ],
  "93": [
    [-0.021500258145537875, 0.08601548659671275]
  ],
  "94": [
    [-0.06559374825339857, 0.01854966333796076],
    [0.07497244780933689, 0.5624765658938554]
  ],
  "95": [
    [0.01514541081809279, -0.10929699829856042]
  ],
  "96": [],
  "97": [
    [0.08488108175538035, 0.14911625247413876]
  ],
  "98": [
    [-0.3030906511731186, -0.6003612121799916],
    [-0.26439454849940924, 0.20259261063359402],
    [0.3282597464232255, -0.40506858248459754],
    [0.23721641968601284, 0.2765867428341967]
  ],
  "99": [
    [0.049168611589043676, -0.01625924362327027]
  ],
  "100": [
    [0.05877979507304103, 0.08758213313972735]
  ]
}
