{
  "1": [],
  "2": [],
  "3": [
    [-0.7723220550283424, 0.727761548361642],
    [0.895467667560444, -0.6847437667526172]
  ],
  "4": [],
  "5": [
    [-0.5682043648117118, -0.7509267931387246]
  ],
  "6": [],
  "7": [],
  "8": [],
  "9": [],
  "10": [
    [-0.7527497137256652, -0.7184676900523919]
  ],
  "11": [],
  "12": [],
  "13": [
    [0.5671921783091681, -0.49188588967220703],
    [0.5667618581384085, 0.48869618023990735]
  ],
  "14": [
    [-0.35437708295866116, 0.49218849706394785],
    [0.3543770829586611, -0.49218849706394785]
  ],
  "15": [],
  "16": [
    [0.3116452589037924, 0.6517970745206927]
  ],
  "17": [
    [-0.5077873447520517, -0.0056464564618707545],
    [0.5077878045760208, -0.005646446236146542]
  ],
  "18": [
    [-0.23839730929848174, 0.09280483421696126],
    [0.23845117191530743, -0.09251784759410564]
  ],
  "19": [],
  "20": [
    [0.9050487959751454, 0.5219297627693849]
  ],
  "21": [
    [-0.8547974563276048, -0.8166473590606826],
    [-0.8510266168025641, -0.42973243824890967],
    [0.8510266168025642, 0.42973243824890933],
    [0.8547974563276048, 0.8166473590606826]
  ],
  "22": [],
  "23": [
    [-0.9634806683547278, -0.994569573682308],
    [-0.6561530252275535, -0.7142152344929044]
  ],
  "24": [
    [-0.5613111188149176, -0.7775810442710228],
    [0.47628041809433885, -0.7331455005638242]
  ],
  "25": [
    [0.8200679771422044, 0.6483238226652489]
  ],
  "26": [],
  "27": [],
  "28": [],
  "29": [
    [-0.8917575261078119, -0.5095031071481293],
    [-0.6714142958153698, 0.9591424545366043],
    [0.7279883290805919, -0.127563872947377],
    [0.9661263481377538, 0.38810729743965455],
    [0.8466712389088781, 0.7324614858979415]
  ],
  "30": [],
  "31": [],
  "32": [
    [0.7584557470348181, -0.3678887106588496]
  ],
  "33": [],
  "34": [],
  "35": [],
  "36": [],
  "37": [],
  "38": [],
  "39": [],
  "40": [],
  "41": [
    [-0.6881936160605763, 0.7321095190674676],
    [0.804299666498037, -0.7201424693359332]
  ],
  "42": [],
  "43": [
    [-0.4118296958496274, -0.0884889015721726],
    [0.9218534908515371, -0.7018610827718066],
    [0.41119664015999374, -0.08810114075332534],
    [-0.7583040259792645, -0.40087552900585816]
  ],
  "44": [],
  "45": [],
  "46": [],
  "47": [
    [-0.016877494254636746, -0.8425997558108203],
    [-0.01693194555321773, 0.8426027890990115],
    [0.22984536029682104, 0.918849398325091]
  ],
  "48": [],
  "49": [
    [-0.20593905103567606, -0.617308540877922],
    [0.19720714282002114, -0.6724421919718409]
  ],
  "50": [],
  "51": [],
  "52": [],
  "53": [
    [-0.9156489950354496, -0.7466261655393298]
  ],
  "54": [],
  "55": [
    [-0.7409703483957089, -0.770841632276478],
    [-0.8571190575811138, 0.8228972993106168]
  ],
  "56": [
    [-0.3781162245222113, 0.6777067176661316]
  ],
  "57": [
    [-0.9368974467952053, -0.08396012377664436],
    [0.3284353407157288, -0.7120314965902383]
  ],
  "58": [
    [0.8945322572820932, -0.8323531793072961],
    [0.016142994832694792, -0.7691910775848035],
    [-0.796584918634252, 0.017694070426109917]
  ],
  "59": [
    [-0.6455284669349629, -0.7088154185635748],
    [-0.7350990034591978, 0.9661846704636078]
  ],
  "60": [],
  "61": [
    [-0.6271777200617293, -0.3743423585748155],
    [-0.6271729260924508, 0.37390819635127637]
  ],
  "62": [
    [-0.9390316529105273, -0.9895620377373866],
    [0.9332239761543336, -0.48431114787497515]
  ],
  "63": [
    [-0.9565116770526648, 0.931715239516024],
    [-0.8852547424686811, 0.35462965967864624],
    [0.7874888209895171, -0.34829405436651273]
  ],
  "64": [],
  "65": [
    [-0.5618315552953339, -0.1025888147138593],
    [-0.5618251143460062, 0.10260189726474071]
  ],
  "66": [],
  "67": [],
  "68": [
    [0.8384221198347679, -0.6563617504102321]
  ],
  "69": [
    [-0.5126301389960864, -0.691412464785429],
    [-0.5298609447969299, 0.6964928649753747]
  ],
  "70": [],
  "71": [],
  "72": [],
  "73": [],
  "74": [
    [0.5456061182982269, 0.6248794074929475]
  ],
  "75": [
    [0.9359663799176615, -0.6104692729869428]
  ],
  "76": [
    [-0.1819313191174436, -0.3402694167052296]
  ],
  "77": [
    [0.7312532572111673, 0.5167153132448774]
  ],
  "78": [],
  "79": [
    [0.8114433166369205, 0.5656178662035104]
  ],
  "80": [
    [0.3377098755546102, -0.6064109653259071]
  ],
  "81": [
    [-0.6426884392996596, 0.34206771273910774],
    [0.6045186897545234, 0.37726082916309195]
  ],
  "82": [],
  "83": [
    [0.05474093182873385, -0.099755667963511]
  ],
  "84": [],
  "85": [],
  "86": [
    [-0.3429992136447625, -0.8797175073052221],
    [0.8679678854655061, 0.9305602135615849]
  ],
  "87": [],
  "88": [
    [-0.9174100311841609, 0.9644694981020974]
  ],
  "89": [
    [0.8671222084898874, -0.9896492567240471],
    [0.11251818781282186, -0.19941518531857735]
  ],
  "90": [],
  "91": [
    [-0.2616367970133105, 0.7098458391899205]
  ],
  "92": [
    [0.9728282279974187, -0.31022054339538613]
  ],
  "93": [
    [-0.48022809385970844, 0.1814778391233088],
    [0.47862930808672344, -0.18095575850386367]
  ],
  "94": [
    [-0.976320734627647, -0.3661817862594257]
  ],
  "95": [],
  "96": [],
  "97": [
    [-0.2005057649015474, -0.25089857388667364],
    [-0.20039820870348865, 0.33734570615401177]
  ],
  "98": [],
  "99": [],
  "100": [
    [-0.12459852417436826, -0.26760518354158813],
    [0.9217643871346038, 0.28956373000270214],
    [-0.09673628284465693, 0.26772343033509255]
  ]
}
