{
  "1": [],
  "2": [
    [-0.27318673816977457, -0.7622817774903349],
    [0.9347809813666842, 0.9310612133539319],
    [0.275833516525658, 0.7636174268118096]
  ],
  "3": [
    [-0.9141850899218412, -0.9771634391579109],
    [-0.9273821242573002, 0.9662227011862479],
    [0.6006961036734808, -0.7705230483604535],
    [0.790403114364586, -0.48453127901647325]
  ],
  "4": [],
  "5": [],
  "6": [],
  "7": [],
  "8": [
    [-0.8401812750097432, -0.8534365709628721]
  ],
  "9": [
    [-0.5323360209204288, -0.11567810752398765]
  ],
  "10": [],
  "11": [],
  "12": [],
  "13": [
    [0.2131239536594699, -0.9849243506375919]
  ],
  "14": [
    [-0.4283515206782213, 0.3627693558952809]
  ],
  "15": [],
  "16": [],
  "17": [
    [0.9094326447225296, -0.5652462351706118],
    [0.6753356730693387, 0.7465239895574571]
  ],
  "18": [
    [0.9024795935929502, 0.9694359115888137]
  ],
  "19": [
    [-0.3018043800403479, -0.5240734093416545],
    [0.30167059470028623, -0.5244940102134467]
  ],
  "20": [],
  "21": [],
  "22": [],
  "23": [],
  "24": [],
  "25": [],
  "26": [
    [0.7107400404424907, -0.6925492597691615]
  ],
  "27": [],
  "28": [],
  "29": [
    [0.6796245908109706, -0.06364499369816799]
  ],
  "30": [],
  "31": [
    [0.8291465109623775, 0.6183098971163956]
  ],
  "32": [],
  "33": [],
  "34": [
    [-0.6395898536318398, 0.6441469642216989],
    [-0.6077168851395162, 0.9565430255347376]
  ],
  "35": [],
  "36": [],
  "37": [
    [0.6513016889135602, 0.86432267308194]
  ],
  "38": [],
  "39": [],
  "40": [
    [0.9958522850760566, 0.46895232008742105]
  ],
  "41": [
    [0.753419020142992, -0.4656411371871879]
  ],
  "42": [],
  "43": [],
  "44": [],
  "45": [],
  "46": [],
  "47": [
    [-0.8663320130609934, 0.579190840992641]
  ],
  "48": [
    [-0.792561941789022, 0.8814758949415917],
    [0.8126938482675976, 0.8928851394206203]
  ],
  "49": [
    [0.9710246308556889, -0.8721252805859219]
  ],
  "50": [],
  "51": [],
  "52": [
    [-0.933011824716781, -0.9508452558948877]
  ],
  "53": [
    [-0.9604317485429048, -0.8952757360897984],
    [0.19263377562234946, -0.4166598178367955],
    [-0.13825569004023036, 0.6139231006580004]
  ],
  "54": [],
  "55": [
    [0.7307230597013915, -0.8621658373344361]
  ],
  "56": [],
  "57": [
    [-0.9571301309219786, 0.5801755757756129]
  ],
  "58": [],
  "59": [],
  "60": [
    [0.3748279994652631, -0.8900078597431971],
    [0.3514578112661522, 0.9622220104893159]
  ],
  "61": [
    [-0.7068191447476402, 0.7202996225097589],
    [-0.2729496639620305, 0.9502664121247765]
  ],
  "62": [],
  "63": [],
  "64": [
    [-0.9808223670190331, 0.5219784190421218],
    [0.7988976503716676, 0.5624412913526935]
  ],
  "65": [
    [0.9256728432795888, 0.799520267972212]
  ],
  "66": [
    [0.65792105413201, -0.3573401665376183]
  ],
  "67": [],
  "68": [
    [0.7957263557931344, -0.6732981139327507]
  ],
  "69": [
    [0.6672218811393995, -0.5534913389633586]
  ],
  "70": [],
  "71": [],
  "72": [
    [0.588670518444324, -0.7594011199947361],
    [0.4717536370171494, 0.8400205919193672]
  ],
  "73": [],
  "74": [],
  "75": [
    [0.9946940978998233, 0.9739969707620288]
  ],
  "76": [],
  "77": [],
  "78": [],
  "79": [],
  "80": [
    [-0.9188716988853189, -0.841514741761333]
  ],
  "81": [
    [-0.950409412352264, -0.7792583101140191],
    [-0.9293913601785352, 0.7981767108073877]
  ],
  "82": [
    [-0.5272642949685076, -0.7944754254635022],
    [-0.47907648372091616, -0.8445795158782996],
    [0.930487907806648, -0.8205685020754142]
  ],
  "83": [
    [-0.9544931582130657, 0.11826224962816946],
    [0.961989394200077, -0.9517908145769479]
  ],
  "84": [
    [-0.8715706551341141, 0.7942059053852788],
    [0.9100508959762317, 0.7600398350589912]
  ],
  "85": [
    [-0.6597375413654369, 0.8153544655091277]
  ],
  "86": [],
  "87": [
    [-0.45937004301418966, -0.908128193855045]
  ],
  "88": [],
  "89": [
    [-0.7431597822322967, -0.7788071364968232],
    [0.724582769366925, -0.8564572191447792]
  ],
  "90": [],
  "91": [],
  "92": [
    [0.899510073657853, 0.9433083652258047]
  ],
  "93": [],
  "94": [],
  "95": [],
  "96": [],
  "97": [
    [-0.780347822157525, 0.5689937322923254]
  ],
  "98": [],
  "99": [],
  "100": []
}
