{
  "1": [
    [-0.6365106006809971, 0.15229412044513885],
    [0.7531333815458991, 0.304932586730552]
  ],
  "2": [
    [-0.694771129856482, 0.13049064667617044]
  ],
  "3": [
    [0.24241532862069054, 0.6806759117160888]
  ],
  "4": [
    [-0.72823441593362, -0.3750887854612004]
  ],
  "5": [],
  "6": [
    [0.36860297547664966, -0.4638303094700906],
    [0.3616646438378785, 0.4641442728810918]
  ],
  "7": [],
  "8": [],
  "9": [],
  "10": [],
  "11": [],
  "12": [],
  "13": [],
  "14": [
    [0.35645977937774215, -0.7825427342892781],
    [0.8505493402286413, -0.7959417099003121],
    [0.3429071712275984, 0.7849203682783882]
  ],
  "15": [],
  "16": [
    [-0.7266624084572497, -0.9453887778739749]
  ],
  "17": [
    [0.3401732299640933, 0.054249479970524074]
  ],
  "18": [
    [0.7662637445513225, -0.5248071805712333],
    [0.8698750152918714, 0.6191469139044693],
    [0.3268199233658785, 0.6753777635334755]
  ],
  "19": [
    [0.1340336737313167, -0.39560773142559225]
  ],
  "20": [],
  "21": [],
  "22": [
    [-0.10231596353772, 0.6276718105398362]
  ],
  "23": [
    [-0.5048375682359961, 0.7072405800830066],
    [0.747925344854536, -0.0758469130480047]
  ],
  "24": [],
  "25": [],
  "26": [],
  "27": [],
  "28": [],
  "29": [],
  "30": [
    [0.05709737262410666, 0.2659658299630052]
  ],
  "31": [
    [0.03983251427865651, -0.6559851448287393],
    [0.039833122470812804, 0.655980138336218],
    [0.782323583677269, 0.572612501352361]
  ],
  "32": [
    [-0.05428831950650483, -0.7796702364830252],
    [-0.18280644424048267, -0.4661903800889236],
    [-0.13230912710133175, 0.5272338409510671],
    [-0.07479054366856686, 0.673413551421054]
  ],
  "33": [
    [-0.5471379693078587, 0.2688750651482077]
  ],
  "34": [
    [-0.9295907933693006, 0.821206846642372],
    [0.0849399470417247, 0.005834139314278392]
  ],
  "35": [],
  "36": [],
  "37": [
    [-0.0706971655734421, -0.017265564549784007]
  ],
  "38": [
    [0.892653878742506, -0.9937749903754618]
  ],
  "39": [
    [0.9432847324280667, 0.38801676236279803]
  ],
  "40": [
    [-0.47498722588649067, 0.6114092435365467],
    [0.40662397471606887, -0.5496020873930901]
  ],
  "41": [
    [-0.9810875989312822, -0.14196700929473247]
  ],
  "42": [
    [-0.8714732501457906, 0.7665568182968147],
    [0.6927354235308434, -0.8159756239238409]
  ],
  "43": [],
  "44": [],
  "45": [],
  "46": [
    [0.032099223377018836, -0.8345428056890886]
  ],
  "47": [
    [-0.7174489579706806, 0.9544426552952938]
  ],
  "48": [
    [-0.8130548565100848, -0.19241281830512916],
    [0.7580558771480254, -0.22828916977273825]
  ],
  "49": [
    [-0.47222926470788684, 0.9620192962284613]
  ],
  "50": [
    [-0.09417909952840976, 0.052492965019483674],
    [-0.09903667038569766, 0.9247718294665479]
  ],
  "51": [
    [0.2772898556557441, -0.7419543802856444],
    [0.9584315533054456, -0.32791301174634774]
  ],
  "52": [
    [-0.03729794186943904, -0.053840687090226484],
    [-0.03676671884862971, 0.05384090128955985]
  ],
  "53": [
    [-0.8342992225222419, 0.13525694775755742],
    [0.8342902782524558, 0.13579588381080765]
  ],
  "54": [],
  "55": [],
  "56": [
    [-0.6227046330314081, -0.8395978481704651],
    [-0.12211451214320965, -0.4697665775801792]
  ],
  "57": [],
  "58": [
    [-0.34577690857035587, -0.6307970250885084],
    [-0.6180935735593032, -0.8641514012121991],
    [0.7325620622229544, 0.9279309639143217]
  ],
  "59": [
    [-0.5273040444295172, -0.20242881033091203],
    [0.1563969727585584, -0.4304482961804378]
  ],
  "60": [
    [-0.616846138560976, -0.8982701202701817]
  ],
  "61": [
    [-0.271735174352426, -0.7170578548293621],
    [-0.3466346331935547, 0.7871272858377986]
  ],
  "62": [
    [0.27935996245295713, 0.7360271506930779]
  ],
  "63": [
    [0.31207580228631593, -0.05799599074723699]
  ],
  "64": [
    [-0.6051859536653539, -0.5064442355951371]
  ],
  "65": [],
  "66": [],
  "67": [
    [0.4311355517243651, 0.7165040951548106]
  ],
  "68": [
    [-0.7977393494345199, -0.8689009116117228],
    [0.8115987528260332, -0.8536228058293734]
  ],
  "69": [
    [-0.9902475743020783, 0.29003533866500025],
    [-0.40025843755817864, 0.8575257097705282]
  ],
  "70": [
    [-0.4561694072440308, -0.6616440756606136]
  ],
  "71": [],
  "72": [
    [0.558291794080263, -0.9837421032448013]
  ],
  "73": [
    [-0.4761179210135012, 0.4030505886470034],
    [-0.31552068820732443, 0.5773293343127586],
    [0.5309116454806003, -0.3762725720993293],
    [0.6107252825695682, 0.9873217374476865]
  ],
  "74": [
    [-0.3367026305793203, -0.44613211464799335]
  ],
  "75": [],
  "76": [
    [-0.3533709485077974, 0.6761074998539178],
    [0.4373897027312273, -0.26636836055612695]
  ],
  "77": [
    [0.44283403065434324, 0.7941754661115951]
  ],
  "78": [
    [-0.001641063421778943, -0.7321260143168372]
  ],
  "79": [],
  "80": [
    [0.5827646222411247, -0.6122454815903186],
    [0.8986670910231072, 0.4115050114541282]
  ],
  "81": [
    [-0.11261773541017332, -0.24510847419078757]
  ],
  "82": [
    [0.5359770154425202, -0.3619801382826289]
  ],
  "83": [
    [-0.010853926001782444, 0.7083596887849833]
  ],
  "84": [],
  "85": [],
  "86": [
    [-0.030374829493259994, -0.2435999261275977]
  ],
  "87": [
    [-0.7784715309645736, -0.06287645051991285],
    [0.8523951392421775, -0.06033139522812299]
  ],
  "88": [],
  "89": [],
  "90": [
    [0.8027874736003962, -0.45837608798474166]
  ],
  "91": [],
  "92": [
    [0.6059445143999133, 0.660821073646247],
    [0.6821694742096167, 0.6121468633215196]
  ],
  "93": [],
  "94": [
    [-0.8550233357613157, -0.5849093235298072]
  ],
  "95": [],
  "96": [
    [0.13091985065092437, 0.1728538923930326]
  ],
  "97": [],
  "98": [],
  "99": [],
  "100": [
    [-0.6806144238427217, -0.6454719731218435]
  ]
}
