{
  "1": [
    [0.7732193178159958, 0.8699960706033746]
  ],
  "2": [],
  "3": [],
  "4": [
    [-0.11049972339058996, 0.8849301661038985]
  ],
  "5": [],
  "6": [],
  "7": [
    [0.7531298196297275, 0.8820475354490767]
  ],
  "8": [],
  "9": [],
  "10": [],
  "11": [],
  "12": [],
  "13": [],
  "14": [
    [-0.8975134887713178, -0.45059450155772585]
  ],
  "15": [
    [0.9532422029129171, -0.9460109322978248]
  ],
  "16": [],
  "17": [],
  "18": [
    [-0.8408547987143413, 0.4247039093269814],
    [0.8422185407802676, 0.4228548455831684]
  ],
  "19": [
    [0.9158797620164784, -0.9406193634634468],
    [0.9158283109517875, 0.9404466915127224]
  ],
  "20": [],
  "21": [],
  "22": [
    [-0.8247180956491292, 0.985361427121169]
  ],
  "23": [],
  "24": [],
  "25": [],
  "26": [],
  "27": [
    [0.9144173911037163, -0.7812612500434027],
    [0.797411550039459, 0.8530719416605324]
  ],
  "28": [],
  "29": [
    [0.9205926760791572, -0.5988078184506858],
    [0.9731402279435956, 0.9225664085884295]
  ],
  "30": [
    [-0.3103929683431794, -0.89681770487527],
    [0.31039296834317964, 0.8968177048752699]
  ],
  "31": [],
  "32": [],
  "33": [
    [-0.9246867499405953, -0.9233963782193189]
  ],
  "34": [],
  "35": [
    [-0.28649524113121516, -0.45546533936251],
    [-0.28649524113759106, 0.45546533935992145]
  ],
  "36": [],
  "37": [],
  "38": [],
  "39": [
    [-0.8544644084003397, -0.9870231370900566]
  ],
  "40": [],
  "41": [
    [-0.9733040478455783, 0.8440260656538408],
    [0.9301302402591127, -0.7603140520904311]
  ],
  "42": [],
  "43": [],
  "44": [
    [-0.2681197486001272, 0.836792359614047]
  ],
  "45": [],
  "46": [],
  "47": [],
  "48": [
    [0.8470476743034032, -0.8533950912421343]
  ],
  "49": [
    [-0.04845691534192266, -0.8457722459852552],
    [-0.04845691534191444, 0.8457722459852897]
  ],
  "50": [],
  "51": [
    [-0.994388954540604, 0.9257689771919527]
  ],
  "52": [],
  "53": [
    [0.867851041886846, 0.8457964069202589]
  ],
  "54": [],
  "55": [],
  "56": [],
  "57": [],
  "58": [],
  "59": [
    [-0.8298135418355038, -0.9912580289524578]
  ],
  "60": [
    [-0.3129201454220802, 0.72813403662658],
    [0.312161501431847, 0.7281340364423613]
  ],
  "61": [],
  "62": [],
  "63": [
    [0.5472948569078605, -0.7504424540178196]
  ],
  "64": [],
  "65": [],
  "66": [
    [-0.7046250528675047, 0.9204619342287578]
  ],
  "67": [
    [0.7040384103013526, 0.5702687034180111]
  ],
  "68": [],
  "69": [
    [-0.45165730063258663, -0.6284698194601328],
    [-0.4516907702133976, 0.9040316771083424],
    [0.4516560766676863, -0.6284715883384173],
    [0.45175783233135003, 0.9040565904839912]
  ],
  "70": [],
  "71": [],
  "72": [],
  "73": [
    [0.9816464937832062, -0.758282243287473]
  ],
  "74": [
    [-0.40643550051252847, -0.8916391235905453],
    [0.40646679913613926, 0.8915978857509529]
  ],
  "75": [
    [-0.8248607988513837, -0.7309315391587153]
  ],
  "76": [],
  "77": [
    [-0.7354890913979707, 0.8858811149102026],
    [0.7316762156854851, 0.8824471754782417]
  ],
  "78": [
    [-0.32525313053126004, 0.47580665385755816],
    [0.3252531305312602, -0.47580665393308025]
  ],
  "79": [],
  "80": [],
  "81": [
    [0.972812308678745, -0.6882447642702092]
  ],
  "82": [],
  "83": [],
  "84": [],
  "85": [],
  "86": [
    [-0.1081038272102921, 0.6269306884354847],
    [0.10810382828261772, 0.626930688435481]
  ],
  "87": [],
  "88": [],
  "89": [],
  "90": [],
  "91": [],
  "92": [
    [0.8113215181644124, -0.905740028244575]
  ],
  "93": [
    [0.8133809104082991, 0.9488290474642097]
  ],
  "94": [
    [0.7119610356342013, 0.6893047728249811]
  ],
  "95": [],
  "96": [],
  "97": [],
  "98": [],
  "99": [],
  "100": [
    [0.1700108379749561, 0.23662668730901767]
  ]
}
