{
  "1": [],
  "2": [],
  "3": [],
  "4": [],
  "5": [],
  "6": [],
  "7": [],
  "8": [
    [0.3974369425214669, -0.29921964623495895],
    [0.821536081142455, -0.08651082314137319],
    [0.6370311270086371, 0.3418638589200735]
  ],
  "9": [],
  "10": [
    [-0.7385434768235983, -0.30892746640773944]
  ],
  "11": [
    [-0.8497713142798125, -0.9670429885586167]
  ],
  "12": [
    [-0.1651830546241714, -0.003668962025299814]
  ],
  "13": [
    [-0.7183927586838253, 0.878188984618343]
  ],
  "14": [
    [-0.9910717980043298, 0.9849423686543987]
  ],
  "15": [],
  "16": [],
  "17": [
    [-0.857903808207928, -0.7926046252793523]
  ],
  "18": [],
  "19": [
    [0.4811799379671286, -0.9967635200856698],
    [0.48888411616068816, 0.9864785391353651]
  ],
  "20": [
    [-0.7263200954156656, -0.9290703015426917],
    [0.7246906016343383, -0.9096039709318978],
    [0.9488644175153289, -0.5455862519619554]
  ],
  "21": [],
  "22": [
    [-0.6901555657022472, -0.5842190074035907],
    [0.6898183964686128, -0.5844081124330909]
  ],
  "23": [],
  "24": [],
  "25": [],
  "26": [],
  "27": [],
  "28": [],
  "29": [
    [0.9971274512810399, 0.5848286912129768],
    [0.8257213640052371, 0.9661011236689706]
  ],
  "30": [
    [-0.07579673330538568, 0.07359755976094413]
  ],
  "31": [],
  "32": [
    [-0.7536661451180269, 0.6422545123393174]
  ],
  "33": [],
  "34": [],
  "35": [
    [0.8310535489976729, 0.8302210973054689]
  ],
  "36": [],
  "37": [],
  "38": [],
  "39": [],
  "40": [
    [0.4247077451991375, -0.9447726330536558]
  ],
  "41": [
    [-0.2940717029230381, -0.9841134498495198]
  ],
  "42": [
    [-0.8729951629273919, -0.7909162993118999]
  ],
  "43": [
    [-0.9449371610184981, 0.9968002819409146]
  ],
  "44": [],
  "45": [],
  "46": [
    [0.9567305339471184, 0.9047118609028634]
  ],
  "47": [
    [-0.9497565769322828, -0.9993854981470507]
  ],
  "48": [
    [0.5523111518048649, -0.9229294631532383],
    [0.5521000582449161, 0.9231445543202462]
  ],
  "49": [],
  "50": [],
  "51": [
    [-0.1279100444435127, -0.8653804047463503],
    [-0.12789099484428235, 0.8653751888575336]
  ],
  "52": [],
  "53": [],
  "54": [
    [0.8421297086777515, -0.8990867344599567]
  ],
  "55": [
    [-0.8411319233942067, -0.8208245584635474]
  ],
  "56": [],
  "57": [],
  "58": [
    [-0.26764100757688974, 0.5213929109409347],
    [0.2676374947723907, 0.5213936926241759]
  ],
  "59": [],
  "60": [],
  "61": [
    [0.7127551969761851, -0.8825729216286835]
  ],
  "62": [
    [-0.9885492163477176, 0.951057207885953]
  ],
  "63": [],
  "64": [],
  "65": [],
  "66": [],
  "67": [],
  "68": [],
  "69": [],
  "70": [],
  "71": [],
  "72": [
    [0.21797388131750906, -0.6945778879405228]
  ],
  "73": [
    [-0.5579175408824694, -0.5775463686932837]
  ],
  "74": [
    [-0.8446113925752018, -0.9182033286326061],
    [0.8634951856249945, -0.9085436386128372]
  ],
  "75": [],
  "76": [],
  "77": [],
  "78": [],
  "79": [],
  "80": [],
  "81": [],
  "82": [],
  "83": [
    [0.7548190052853011, -0.9606221842911855]
  ],
  "84": [],
  "85": [
    [-0.7731143504994008, 0.7374787732035788],
    [-0.5157070734721635, 0.8143481230092836],
    [0.7245768083752192, -0.8217560044880092],
    [0.5092140834072321, -0.824145061793279]
  ],
  "86": [
    [0.8490229075743182, -0.6412881363564511]
  ],
  "87": [
    [-0.12192221495860676, -0.6208242200253616]
  ],
  "88": [],
  "89": [
    [-0.40955050110647717, -0.9617295847694547],
    [0.40446298888554405, -0.9666820785466569]
  ],
  "90": [],
  "91": [
    [0.8920097179913354, 0.7576570922331538]
  ],
  "92": [
    [0.3954287157406935, 0.39223696821168924]
  ],
  "93": [
    [-0.6012005481438197, 0.9854342327522135]
  ],
  "94": [],
  "95": [],
  "96": [],
  "97": [],
  "98": [
    [-0.8818081338209666, -0.3254983216685935],
    [0.8720182819167654, -0.3481076626551607]
  ],
  "99": [
    [-0.685503866605493, 0.6895114910460145],
    [0.6772291205620405, -0.7181641234422635]
  ],
  "100": []
}
