{
  "1": [
    [-0.9426548386885599, -0.967029711620424]
  ],
  "2": [],
  "3": [],
  "4": [
    [-0.8518031430993399, 0.9554783938266331]
  ],
  "5": [],
  "6": [],
  "7": [],
  "8": [
    [-0.8653326887742305, 0.5818148109856135]
  ],
  "9": [],
  "10": [],
  "11": [
    [-0.9736934076165666, 0.9384021340547612],
    [0.14535826182360587, -0.42332226055879346],
    [0.14535826184874295, 0.4233222605587936]
  ],
  "12": [
    [0.7781244466884747, 0.6887806223801677]
  ],
  "13": [],
  "14": [
    [-0.9634422434056422, 0.94639570552899]
  ],
  "15": [],
  "16": [],
  "17": [],
  "18": [],
  "19": [
    [-0.9846125709911575, -0.6857596408544299],
    [-0.6571070422188485, -0.8938584994572745],
    [0.9939630941910876, 0.9997072750924633]
  ],
  "20": [],
  "21": [],
  "22": [],
  "23": [
    [-0.9241350631746456, 0.7313962349808883],
    [0.9241350631746457, 0.7313962349808883]
  ],
  "24": [],
  "25": [],
  "26": [],
  "27": [
    [0.5668414401344055, 0.8500234498464099]
  ],
  "28": [],
  "29": [],
  "30": [],
  "31": [],
  "32": [
    [0.01640871191731445, -0.3950228247218733]
  ],
  "33": [],
  "34": [],
  "35": [],
  "36": [],
  "37": [],
  "38": [],
  "39": [],
  "40": [],
  "41": [],
  "42": [
    [-0.6129002707505395, -0.7916006412338491],
    [0.4646018615647729, -0.8788254627594079]
  ],
  "43": [],
  "44": [],
  "45": [],
  "46": [],
  "47": [],
  "48": [
    [0.9736241113237591, -0.8778725537771244]
  ],
  "49": [
    [0.6309167375704857, -0.5421979864382389]
  ],
  "50": [],
  "51": [],
  "52": [],
  "53": [],
  "54": [],
  "55": [],
  "56": [],
  "57": [],
  "58": [],
  "59": [],
  "60": [
    [0.8633353184492195, -0.3467297276453248]
  ],
  "61": [
    [-0.7151957974713059, -0.850027145144546],
    [0.6987985904837242, -0.8640892881213494]
  ],
  "62": [
    [-0.509615407322928, 0.9798616733952693],
    [0.9730036010139413, 0.9967339296108882]
  ],
  "63": [
    [0.9628304318255203, 0.564555202859418]
  ],
  "64": [],
  "65": [],
  "66": [],
  "67": [
    [-0.16805875554602073, -0.7577050376375484],
    [0.16831101477690785, 0.7575848731971887],
    [0.9694326937228572, 0.8689157218326323]
  ],
  "68": [],
  "69": [
    [-0.9831335751472936, 0.9430218243552237]
  ],
  "70": [],
  "71": [],
  "72": [],
  "73": [
    [-0.9843407016088942, -0.9334462653407485]
  ],
  "74": [
    [0.7714873354768056, 0.5456960015011124]
  ],
  "75": [],
  "76": [],
  "77": [],
  "78": [],
  "79": [],
  "80": [],
  "81": [],
  "82": [],
  "83": [],
  "84": [],
  "85": [
    [-0.8242416674075335, 0.9491154654247768]
  ],
  "86": [
    [-0.006547349207300683, 0.4837854966029541]
  ],
  "87": [
    [-0.7405204404329596, -0.36120893040261337],
    [0.7405207700240591, 0.3612125908429513]
  ],
  "88": [],
  "89": [],
  "90": [
    [-0.866300942063095, -0.3465262726963552]
  ],
  "91": [
    [-0.9437147837474701, -0.8356800827845773]
  ],
  "92": [],
  "93": [
    [-0.9270101076101658, -0.9119578006486669],
    [-0.7434002433702616, -0.7478675951510398]
  ],
  "94": [
    [-0.9131686824096854, -0.9847136558901458]
  ],
  "95": [],
  "96": [],
  "97": [],
  "98": [],
  "99": [],
  "100": []
}
