{
  "1": [
    [-0.7897468973776649, -0.9019498130850118]
  ],
  "2": [
    [0.9003879076039583, -0.3810537070667527]
  ],
  "3": [
    [-0.944726845735049, 0.333610598800729],
    [0.944726845735049, -0.3336105988007291]
  ],
  "4": [
    [-0.747016887648256, 0.6680941226444573],
    [0.7470168876482557, -0.6680941226444572]
  ],
  "5": [],
  "6": [],
  "7": [
    [0.5697535262799576, -0.9948730146549549],
    [0.8556009668180397, 0.7357543320077338]
  ],
  "8": [],
  "9": [
    [-0.4631546083025565, -0.9146530922792793]
  ],
  "10": [],
  "11": [],
  "12": [],
  "13": [],
  "14": [
    [-0.7432913276741242, -0.727943555319158],
    [-0.7821365242764686, 0.6530559737675251],
    [0.7904808962526395, -0.6473177668879938],
    [0.7546619298842048, 0.7187746502162036]
  ],
  "15": [],
  "16": [],
  "17": [
    [-0.8433981070925768, -0.5938498062625066],
    [0.8909077983113693, 0.6884940947351259]
  ],
  "18": [],
  "19": [],
  "20": [],
  "21": [
    [0.953962196804342, 0.9209117684413848],
    [0.18563256660601152, 0.1427662843830655]
  ],
  "22": [],
  "23": [],
  "24": [],
  "25": [
    [0.7563317872538138, -0.4496820091409207]
  ],
  "26": [],
  "27": [
    [0.9293715914196558, 0.9611693088075292]
  ],
  "28": [],
  "29": [],
  "30": [
    [-0.6232462945527594, -0.9322232204690584]
  ],
  "31": [
    [-0.9529802650637238, 0.8023105612850872],
    [-0.5168860304804801, 0.5586497751882855],
    [0.5161657394588474, -0.12959301158259612]
  ],
  "32": [],
  "33": [
    [0.9695749924077884, -0.9549847105509753]
  ],
  "34": [],
  "35": [],
  "36": [],
  "37": [],
  "38": [],
  "39": [
    [0.8534094062212336, 0.27586984022843664]
  ],
  "40": [],
  "41": [
    [0.48261362760212484, 0.6592204951192527]
  ],
  "42": [
    [0.31711198604541024, -0.6424853475897891]
  ],
  "43": [],
  "44": [],
  "45": [],
  "46": [
    [-0.9900121258353465, 0.6002088518681412]
  ],
  "47": [],
  "48": [],
  "49": [],
  "50": [],
  "51": [],
  "52": [
    [-0.09350412997888126, -0.4357966591578323],
    [0.0935041298394043, 0.43579665979570287]
  ],
  "53": [
    [-0.7600750311201654, 0.1014300692239002]
  ],
  "54": [],
  "55": [],
  "56": [],
  "57": [
    [-0.5377924212476191, -0.33445609558225603],
    [-0.5393476197428844, 0.31149100357173753]
  ],
  "58": [],
  "59": [
    [-0.23032605480009596, -0.22669741244441258],
    [0.17830524370545126, 0.29285207878152]
  ],
  "60": [],
  "61": [],
  "62": [],
  "63": [],
  "64": [
    [0.9416283324172572, -0.5111981357311389]
  ],
  "65": [],
  "66": [],
  "67": [
    [-0.24319813201137588, 0.41398095516068306],
    [0.8894770172279342, 0.8124022246101488]
  ],
  "68": [],
  "69": [],
  "70": [
    [-0.6491865885002, 0.3088038714249812]
  ],
  "71": [
    [0.7085430786482314, 0.9590430735529952]
  ],
  "72": [],
  "73": [
    [-0.7783324492172303, 0.8978136461546604]
  ],
  "74": [
    [0.2461095030053529, -0.7254359397638737]
  ],
  "75": [],
  "76": [],
  "77": [],
  "78": [
    [-0.7510080339840035, -0.42949979471263394],
    [0.7542178372117798, 0.9348365421393706]
  ],
  "79": [
    [-0.3609197705305058, 0.6570770033550524],
    [0.46842240749283526, 0.3876173016028157],
    [0.8744648815932899, 0.11126425267159973]
  ],
  "80": [
    [0.2906097709715452, 0.4716986170294676]
  ],
  "81": [],
  "82": [
    [0.9722648295999154, -0.7598920319500237],
    [0.9160221871252167, 0.5224272473530672]
  ],
  "83": [],
  "84": [],
  "85": [],
  "86": [
    [0.9004586184945115, 0.31665219126207306]
  ],
  "87": [],
  "88": [
    [-0.05892569936157932, 0.39749768692601056]
  ],
  "89": [
    [-0.9014944054287581, 0.8483003627673537],
    [0.1387995121956052, -0.6899593689308177],
    [0.8722932836539335, 0.8062388152837893],
    [0.13881767699137704, 0.692144486782921]
  ],
  "90": [],
  "91": [],
  "92": [],
  "93": [],
  "94": [
    [-0.5985742259290902, -0.7539806957832861],
    [0.5895479737431497, -0.7092162377022889]
  ],
  "95": [
    [-0.8052692249946567, -0.8732722520341211]
  ],
  "96": [],
  "97": [
    [-0.762492929955619, -0.7912133832782453]
  ],
  "98": [],
  "99": [],
  "100": []
}
