{
  "1": [
    [0.02559557816997436, 0.11335386260276546]
  ],
  "2": [
    [0.012591954726413135, -0.10911295279825063]
  ],
  "3": [
    [-0.4089440546834584, 0.3016443768068731],
    [0.3876061377823094, 0.2859535477192307]
  ],
  "4": [
    [-0.2985334753569201, -0.06054216421411525]
  ],
  "5": [
    [0.04389644113079643, -0.04956322724544788]
  ],
  "6": [
    [0.7102166572716222, -0.2396551318195833],
    [-0.5781897554970183, -0.12425994416303053]
  ],
  "7": [
    [-0.07397896524825082, -0.034466180172429896]
  ],
  "8": [
    [0.45273543277815126, 0.024640612639304064]
  ],
  "9": [
    [-0.5672530918973681, -0.20199807548672885]
  ],
  "10": [
    [-0.24661894495007966, 0.3806541854053719]
  ],
  "11": [],
  "12": [
    [-0.053210648506360016, 0.038872722472597564]
  ],
  "13": [
    [-0.1415048149565256, -0.023509208992033993],
    [-0.7755116111379865, 0.3019793860299974],
    [0.14150481495652611, -0.023509208992033976],
    [0.7755116111379865, 0.3019793860299974]
  ],
  "14": [
    [0.02604120381596381, -0.7725484025294659]
  ],
  "15": [],
  "16": [
    [-0.6362221785363847, -0.3107143787390156]
  ],
  "17": [
    [-0.6104014851250735, -0.30921859039653854],
    [0.3296609398786342, 0.40694185774909386]
  ],
  "18": [
    [0.1222327863080456, 0.6181308209343379]
  ],
  "19": [
    [-0.1657709121251369, -0.122628479932127],
    [0.14611285451740053, -0.6797745862559647],
    [0.18963618637645857, 0.10571338449433289]
  ],
  "20": [
    [-0.12198151803274675, -0.8170021078093976],
    [-0.1489358884174745, -0.284512606274243]
  ],
  "21": [
    [-0.024017913968613636, -0.055132205380521174]
  ],
  "22": [],
  "23": [],
  "24": [
    [0.45697471053693733, 0.6412590920884095]
  ],
  "25": [],
  "26": [
    [-0.39288636302084823, -0.9363076502737466],
    [0.21790991978904645, -0.9668296739510278]
  ],
  "27": [
    [-0.05022302452622268, 0.18845586403065567]
  ],
  "28": [],
  "29": [
    [0.8267388781426863, -0.18891990956776672]
  ],
  "30": [
    [0.8565275332575709, 0.24244913735044143]
  ],
  "31": [],
  "32": [
    [-0.04425820201734169, -0.09623158007735162]
  ],
  "33": [
    [-0.9685518846319817, -0.016124428551570383],
    [-0.3854786953486105, -0.056694899731865665]
  ],
  "34": [
    [-0.11122595526121828, -0.39649717223523384]
  ],
  "35": [
    [-0.06936577332775021, 0.012190795360784082]
  ],
  "36": [
    [-0.015081559928201572, -0.6008567879099009],
    [-0.014780834005705101, 0.6348541207693619]
  ],
  "37": [
    [-0.0823634844224608, 0.048351578768186604]
  ],
  "38": [],
  "39": [
    [-0.21052888829142602, 0.14010374113009608],
    [0.6716250629042892, -0.8023688022289163]
  ],
  "40": [
    [-0.47164597189432994, 0.01347147042033409],
    [0.013523840229187713, -0.10972179330139134]
  ],
  "41": [
    [0.05687598256096734, -0.17392878740933482]
  ],
  "42": [
    [0.26180872430693247, -0.35510060443679886],
    [0.18502991232129876, 0.348943510284846]
  ],
  "43": [
    [0.8090033736063131, 0.03549510196386586],
    [-0.053756809509049625, -0.8799920444819982]
  ],
  "44": [
    [0.540342211443767, 0.8235900958137172]
  ],
  "45": [],
  "46": [],
  "47": [
    [0.8903247769889543, -0.28794713407294487],
    [0.38078567425129894, 0.41376526882489495]
  ],
  "48": [],
  "49": [
    [-0.3907055862314199, -0.27342803013269795]
  ],
  "50": [
    [-0.7502830864168987, -0.24525178713002685]
  ],
  "51": [],
  "52": [],
  "53": [
    [0.7383655470954222, -0.12074490987718549]
  ],
  "54": [
    [0.06703610558887059, 0.01497377976320289]
  ],
  "55": [
    [-0.25998026804137336, -0.42799906805912097],
    [0.9865159713678251, -0.5022910380080057]
  ],
  "56": [
    [-0.08107331203366362, -0.004439333487697267]
  ],
  "57": [
    [-0.488770173463562, -0.5344276480794741]
  ],
  "58": [],
  "59": [
    [0.00638893585184597, 0.41309431542471503]
  ],
  "60": [
    [-0.4540532967901636, -0.8502721187072925]
  ],
  "61": [
    [-0.6656279673985985, -0.22416684521440022],
    [0.2202163206208888, -0.2816807017166538]
  ],
  "62": [
    [0.7363158211038922, 0.21596635045010437]
  ],
  "63": [
    [-0.8581930347063813, 0.07094047407284457],
    [-0.45048630291569425, 0.13302126327487523]
  ],
  "64": [
    [0.523977322313641, -0.43041135941341785],
    [0.523977322313641, 0.43041135941341785]
  ],
  "65": [
    [-0.5124702490817546, -0.90291681512468]
  ],
  "66": [
    [0.14108481580822707, 0.9566162454884574]
  ],
  "67": [],
  "68": [
    [-0.038317422558546, 0.05922140850143939]
  ],
  "69": [
    [-0.07839014166854838, -0.6188190949686816],
    [0.09098223843454907, 0.6311327743113008]
  ],
  "70": [
    [0.15481970721845698, 0.1905867292813591]
  ],
  "71": [
    [-0.3718161645739555, 0.032662731370712975]
  ],
  "72": [],
  "73": [
    [-0.37826628560084163, 0.0961345684116396],
    [0.9859156676065881, -0.8682311880038835],
    [0.3606857486974258, 0.08559819538160715]
  ],
  "74": [
    [-0.8063837997729085, 0.053674145474276624]
  ],
  "75": [],
  "76": [],
  "77": [
    [-0.060974716504079506, 0.0069916853313752875]
  ],
  "78": [
    [0.18178891406209652, 0.09251704359885103]
  ],
  "79": [
    [-0.43494018615344227, -0.34152394792665414],
    [0.6110231640738252, -0.5275842911267739]
  ],
  "80": [
    [0.6390926423153991, -0.08400431454766044]
  ],
  "81": [
    [-0.8254844348705532, 0.3985700143669334],
    [-0.47697424029630753, -0.12120859886334497]
  ],
  "82": [
    [-0.5461342948604444, 0.5624094129883278],
    [0.05604577795442345, -0.11179748522662486],
    [0.4061998671159593, -0.5042914975651336]
  ],
  "83": [],
  "84": [],
  "85": [],
  "86": [
    [-0.12632639757142533, -0.030658683747084435],
    [0.815513734512216, -0.03271145303792097]
  ],
  "87": [],
  "88": [
    [-0.08837806546250666, 0.21104370221025961]
  ],
  "89": [
    [0.16725975865501108, 0.16327745974768176],
    [0.8604649165336777, 0.7683001053810005]
  ],
  "90": [
    [-0.05355192168665915, -0.14495490297994487],
    [-0.05553318475972082, 0.15066063327726464]
  ],
  "91": [],
  "92": [],
  "93": [
    [-0.03927185314303447, 0.25982391695850515],
    [-0.21104967751638262, 0.7197287429072129]
  ],
  "94": [
    [0.4144589144713566, -0.3200706743608983],
    [0.3731456148997521, -0.4969016948860638],
    [0.4795163950353181, 0.5579764327805696]
  ],
  "95": [
    [-0.16907747952906446, -0.578066689817497],
    [0.5760555779937616, -0.3948957500761852]
  ],
  "96": [],
  "97": [],
  "98": [],
  "99": [
    [-0.16680594769891635, -0.2555051271582216]
  ],
  "100": []
}
