{
  "1": [],
  "2": [],
  "3": [],
  "4": [],
  "5": [],
  "6": [],
  "7": [],
  "8": [],
  "9": [],
  "10": [],
  "11": [
    [0.4232893441535086, -0.9998296315620797]
  ],
  "12": [],
  "13": [
    [-0.9457395940629738, 0.8075160973393555],
    [-0.490930428433523, 0.9067157530135189]
  ],
  "14": [],
  "15": [
    [0.596266454395737, 0.9223418040257362]
  ],
  "16": [
    [-0.9228335970979445, 0.829071296549128],
    [0.5948588763273392, 0.8592016084991022]
  ],
  "17": [
    [-0.6425843159341678, -0.9739746171070487],
    [-0.6419106097720415, 0.9747485281213554],
    [0.9506659232600213, -0.7255126885883745],
    [0.956530813670631, 0.7223273198707536]
  ],
  "18": [
    [-0.9161950777920467, 0.9921640857243159]
  ],
  "19": [
    [-0.9311268743200427, 0.6764253432115406],
    [0.9343110123089233, 0.7287709098105716],
    [0.9401166653944724, 0.9609204585915463]
  ],
  "20": [],
  "21": [
    [0.9212678913405752, -0.8469250127800151]
  ],
  "22": [],
  "23": [],
  "24": [],
  "25": [],
  "26": [],
  "27": [],
  "28": [],
  "29": [],
  "30": [],
  "31": [],
  "32": [
    [-0.7062551806325692, 0.14539110891117604]
  ],
  "33": [],
  "34": [],
  "35": [
    [-0.8685232211036936, -0.9210156609306451],
    [0.8589077001571641, 0.991266996592875]
  ],
  "36": [],
  "37": [],
  "38": [
    [0.8184058543778715, 0.878784930707238]
  ],
  "39": [
    [-0.984738430796022, -0.9211741525070162],
    [0.821278994319032, 0.9745980310449806]
  ],
  "40": [],
  "41": [],
  "42": [
    [0.6620518517667547, -0.22683295953330954]
  ],
  "43": [],
  "44": [],
  "45": [],
  "46": [
    [-0.19476120819373316, 0.7748427802172133]
  ],
  "47": [],
  "48": [],
  "49": [],
  "50": [],
  "51": [],
  "52": [],
  "53": [],
  "54": [],
  "55": [],
  "56": [],
  "57": [
    [-0.7501717449117536, 0.6515094772166028]
  ],
  "58": [
    [0.5297927774522411, -0.7811963201268753],
    [0.5180986346191659, 0.7857568867598111]
  ],
  "59": [],
  "60": [],
  "61": [],
  "62": [],
  "63": [],
  "64": [
    [0.8921085388764114, 0.9980759495181383]
  ],
  "65": [
    [-0.9091155078350726, -0.7700622976698904],
    [0.8433558139841834, -0.9170501631438259]
  ],
  "66": [
    [-0.8294539009101954, 0.8602612300419031],
    [0.8596722984616522, -0.8183808679763704]
  ],
  "67": [
    [0.5650373727031481, 0.4862666392759823]
  ],
  "68": [],
  "69": [],
  "70": [
    [-0.7697888008364064, 0.9760225298945111]
  ],
  "71": [],
  "72": [
    [-0.963910024706674, 0.9122829018762711]
  ],
  "73": [],
  "74": [],
  "75": [],
  "76": [],
  "77": [],
  "78": [
    [-0.7506295611719649, 0.9722800037333219],
    [0.7796598942708874, -0.9864597103227853]
  ],
  "79": [
    [-0.41209211312391614, 0.8187110026044008],
    [0.41401665849962394, 0.8196352176902355]
  ],
  "80": [],
  "81": [],
  "82": [],
  "83": [],
  "84": [],
  "85": [],
  "86": [
    [-0.9577000852540752, 0.9148218015262333],
    [-0.5753196542016746, 0.7485493775973617],
    [0.5771789512775017, -0.7477262131067343]
  ],
  "87": [
    [-0.9509701582586707, 0.9038125896310905],
    [0.8228295409592706, 0.6126728952564469]
  ],
  "88": [],
  "89": [
    [-0.1860580127499987, -0.8097501327547102]
  ],
  "90": [],
  "91": [
    [-0.7659748411277196, -0.9561817490678464],
    [-0.9024586690122622, 0.7363873180136085],
    [0.7873989757034787, -0.9201873938834674]
  ],
  "92": [],
  "93": [],
  "94": [],
  "95": [],
  "96": [
    [-0.9095252968818197, 0.6443939818274503]
  ],
  "97": [],
  "98": [],
  "99": [],
  "100": []
}
