{
  "1": [
    [-0.8418109516511957, -0.9486216579997132]
  ],
  "2": [],
  "3": [
    [0.33366033649799537, -0.16078134436840139],
    [0.3336603365030304, 0.16145781802408282]
  ],
  "4": [
    [-0.9882622284794165, -0.5827408130521926],
    [0.9878173727856696, -0.5854301098002749]
  ],
  "5": [],
  "6": [],
  "7": [],
  "8": [],
  "9": [],
  "10": [
    [-0.6816980700665302, 0.915380123141959]
  ],
  "11": [
    [-0.9717011329105556, -0.7168719054602749]
  ],
  "12": [],
  "13": [],
  "14": [],
  "15": [
    [0.8608343887809722, -0.8935011570751289]
  ],
  "16": [
    [-0.946947020234412, -0.7252836262493844],
    [-0.6824995653770577, 0.9874183751320587]
  ],
  "17": [],
  "18": [],
  "19": [],
  "20": [],
  "21": [],
  "22": [],
  "23": [],
  "24": [],
  "25": [],
  "26": [],
  "27": [],
  "28": [
    [-0.6609367333705412, 0.9556114158779976]
  ],
  "29": [],
  "30": [],
  "31": [],
  "32": [],
  "33": [
    [-0.9837943334779794, -0.6310181617508189],
    [0.8687560196610872, 0.7711426176924844]
  ],
  "34": [],
  "35": [],
  "36": [],
  "37": [],
  "38": [
    [0.9757974949006547, -0.9343316233850083]
  ],
  "39": [],
  "40": [
    [0.5576326739981442, -0.9817285103490007]
  ],
  "41": [],
  "42": [
    [0.9272686323770517, 0.8613187307237207]
  ],
  "43": [],
  "44": [],
  "45": [
    [0.9267794631952898, 0.9419088218547629]
  ],
  "46": [
    [-0.8714822701772854, 0.9070477479695167]
  ],
  "47": [],
  "48": [
    [0.2756243155145717, -0.15872320421609099]
  ],
  "49": [],
  "50": [],
  "51": [],
  "52": [
    [-0.7828289734348601, -0.9956747084670813],
    [-0.8458235877513867, 0.9230361087331469]
  ],
  "53": [
    [0.5614580736296257, -0.5672387020625664]
  ],
  "54": [],
  "55": [],
  "56": [],
  "57": [
    [-0.8068367114212753, -0.9059259474883612]
  ],
  "58": [
    [-0.9553913058260656, 0.5168815385917539]
  ],
  "59": [
    [-0.47306745739525147, -0.12261293666517549],
    [-0.4730674573952516, 0.12261293666517484]
  ],
  "60": [],
  "61": [],
  "62": [],
  "63": [],
  "64": [],
  "65": [
    [0.8646626482449529, -0.9456453660865722]
  ],
  "66": [],
  "67": [
    [-0.5448197360214881, -0.45053035652426654],
    [-0.5448199008027333, 0.4505342144799551]
  ],
  "68": [],
  "69": [
    [-0.79876976905827, -0.6396250647522823],
    [0.016179415796679374, -0.6401088957794967],
    [0.7906585561840497, -0.6396618423494267]
  ],
  "70": [],
  "71": [],
  "72": [],
  "73": [],
  "74": [],
  "75": [],
  "76": [],
  "77": [],
  "78": [
    [0.9657769101105478, -0.8539521014240116],
    [0.9974693910959405, 0.9237228736337679]
  ],
  "79": [],
  "80": [],
  "81": [],
  "82": [
    [-0.9789740605125826, -0.8717920034251789]
  ],
  "83": [],
  "84": [],
  "85": [],
  "86": [],
  "87": [],
  "88": [],
  "89": [],
  "90": [],
  "91": [],
  "92": [],
  "93": [],
  "94": [],
  "95": [
    [-0.9658064130767202, 0.9562572486758226]
  ],
  "96": [],
  "97": [],
  "98": [],
  "99": [],
  "100": [
    [-0.8333613619854775, -0.9857899100381363],
    [0.8440747362356157, -0.6955156414259771]
  ]
}
