{
  "1": [],
  "2": [
    [-0.7318525710245167, -0.787777490349701]
  ],
  "3": [],
  "4": [],
  "5": [],
  "6": [],
  "7": [],
  "8": [],
  "9": [
    [-0.9428493373977631, -0.8670510084580046]
  ],
  "10": [],
  "11": [],
  "12": [],
  "13": [],
  "14": [
    [-0.3590688769608708, 0.8354996576104233],
    [0.35906273142466955, 0.835502835526005]
  ],
  "15": [],
  "16": [],
  "17": [],
  "18": [],
  "19": [],
  "20": [],
  "21": [
    [0.8105643502218215, -0.7829469884074847],
    [0.7922234935778295, 0.8076591603192284]
  ],
  "22": [
    [0.9400605070200095, -0.9326129308808135]
  ],
  "23": [],
  "24": [],
  "25": [],
  "26": [],
  "27": [],
  "28": [],
  "29": [],
  "30": [
    [0.6153859146912143, -0.8888910112144217],
    [0.6152823590162507, 0.8883791784473427]
  ],
  "31": [
    [0.9067631508828486, 0.6008550065965914]
  ],
  "32": [],
  "33": [],
  "34": [
    [-0.8578767846306852, 0.9933687617043209]
  ],
  "35": [],
  "36": [],
  "37": [
    [-0.7573550081365359, -0.8264828445368736]
  ],
  "38": [],
  "39": [
    [-0.837903948104514, 0.8227734222707418],
    [0.8349231983549955, 0.8244922817440126]
  ],
  "40": [
    [0.9320975474998356, -0.9422656877782366]
  ],
  "41": [
    [-0.5023197227064106, -0.07487250120857601],
    [-0.9133954063170678, 0.9371445134978498],
    [0.5023177715550374, -0.07864830320743516]
  ],
  "42": [
    [-0.9511809298689473, -0.9765188556083342]
  ],
  "43": [],
  "44": [
    [-0.9058260006384332, -0.8164003882547328],
    [-0.8356052854462496, -0.9948395102293279]
  ],
  "45": [],
  "46": [],
  "47": [
    [0.9675048820600326, -0.8266697681462754],
    [0.8749341620186472, 0.8604121030399684]
  ],
  "48": [],
  "49": [],
  "50": [],
  "51": [],
  "52": [],
  "53": [],
  "54": [],
  "55": [],
  "56": [],
  "57": [
    [0.662858763253556, -0.6337006960441911]
  ],
  "58": [],
  "59": [],
  "60": [],
  "61": [],
  "62": [
    [0.9842895206745084, -0.901475688656262]
  ],
  "63": [],
  "64": [],
  "65": [
    [0.6715588718763253, -0.5202867953134236]
  ],
  "66": [],
  "67": [
    [0.9353683399042256, 0.9433512979001749]
  ],
  "68": [],
  "69": [],
  "70": [],
  "71": [],
  "72": [],
  "73": [],
  "74": [],
  "75": [
    [-0.6670400928543263, -0.947634669443521],
    [0.6216489738125833, 0.9969986020283377]
  ],
  "76": [],
  "77": [
    [-0.9932011994923622, -0.8769931263793143]
  ],
  "78": [],
  "79": [],
  "80": [
    [-0.9885536799705803, -0.9168035464167172],
    [-0.877281710371223, -0.4579553441846249],
    [0.8610027680927579, -0.4574086577393728]
  ],
  "81": [],
  "82": [],
  "83": [
    [0.7187860674347141, -0.8524928793083297]
  ],
  "84": [],
  "85": [
    [0.8927692521202718, 0.8542646587333886]
  ],
  "86": [],
  "87": [],
  "88": [],
  "89": [
    [-0.5469538970358492, 0.8799301478643569],
    [0.5499203584959307, -0.876871844176231]
  ],
  "90": [],
  "91": [],
  "92": [
    [-0.7460835916742163, 0.7439492920390558]
  ],
  "93": [],
  "94": [],
  "95": [
    [0.9838796004700682, -0.9535255352798233]
  ],
  "96": [],
  "97": [
    [-0.8450887547960062, 0.9274703567453886]
  ],
  "98": [],
  "99": [],
  "100": [
    [0.1314144025538138, -0.9985440378389114]
  ]
}
