{
  "1": [
    [-0.9690135343293289, -0.5756925381652992],
    [0.889526587203539, -0.7391789505335317]
  ],
  "2": [
    [-0.5883532138327267, -0.13744387781777065],
    [0.876831040117424, 0.9919978812901306]
  ],
  "3": [],
  "4": [
    [0.06295423926062632, -0.5045020340322199]
  ],
  "5": [],
  "6": [
    [-0.5675099541215921, -0.0008915326812866563],
    [0.552713604172745, -0.5425226889176575]
  ],
  "7": [],
  "8": [
    [0.5954166219719458, 0.5542705832180918],
    [0.7107439107200313, 0.9353187186695644]
  ],
  "9": [],
  "10": [],
  "11": [
    [0.9543661041361353, -0.050368620647052685],
    [0.9543661011042535, 0.05036951019539541],
    [0.606316021079533, 0.8620587747458158]
  ],
  "12": [],
  "13": [
    [-0.9668606172575175, 0.040965281368143175]
  ],
  "14": [
    [-0.7744101371600834, -0.23088524416419648],
    [-0.20614503904923187, -0.44693372695811506],
    [-0.7743873092538848, 0.23090839776611458],
    [-0.20711686640845658, 0.4469206606003854]
  ],
  "15": [],
  "16": [
    [0.6776178157595598, 0.2098727005905441]
  ],
  "17": [],
  "18": [],
  "19": [
    [0.9315436643769578, 0.9267068179733428]
  ],
  "20": [
    [-0.6703413251160375, -0.155169034081732],
    [0.6703039349189337, -0.15518653029268745]
  ],
  "21": [],
  "22": [],
  "23": [
    [-0.6164071988111233, -0.9251758380816367]
  ],
  "24": [],
  "25": [
    [-0.8972366506354527, -0.7414372997779446]
  ],
  "26": [],
  "27": [
    [0.14438607788600646, -0.6137398291493292]
  ],
  "28": [],
  "29": [
    [-0.8333889345767438, -0.8966280980143098],
    [0.7831767794379424, 0.92220354563173]
  ],
  "30": [
    [-0.9736957561915403, 0.825591831377407],
    [0.7527334452308333, 0.9677434017782195]
  ],
  "31": [
    [-0.3259594693248004, -0.7178066169372197],
    [0.31880392328353224, 0.7260690609139978]
  ],
  "32": [
    [0.9657795760999474, -0.8497274112307975]
  ],
  "33": [],
  "34": [
    [0.7221274489575652, -0.6699159314799705]
  ],
  "35": [],
  "36": [],
  "37": [
    [0.9671665606743937, -0.8874912235465594]
  ],
  "38": [],
  "39": [],
  "40": [],
  "41": [],
  "42": [],
  "43": [],
  "44": [],
  "45": [
    [-0.9778872860298052, -0.17158519503051994],
    [-0.9693772788471722, 0.17158483121310245]
  ],
  "46": [],
  "47": [],
  "48": [],
  "49": [
    [-0.8749973863537198, 0.9759067879310651]
  ],
  "50": [],
  "51": [],
  "52": [],
  "53": [
    [-0.5070718662563225, -0.9316177636879747],
    [-0.9828009657349609, -0.5327772229918685]
  ],
  "54": [],
  "55": [
    [-0.02444333711022989, -0.4196517990515333]
  ],
  "56": [
    [-0.9918196445854991, 0.5869706291275244],
    [0.8728074476650254, 0.5914908498091742]
  ],
  "57": [
    [-0.47226457661649307, -0.537452444325247],
    [-0.46305519381749344, 0.5405713875996232]
  ],
  "58": [
    [0.0964865168515082, -0.3202474635909398]
  ],
  "59": [
    [-0.9322155485027219, -0.7002914585480388]
  ],
  "60": [
    [-0.8534629910254442, 0.5596643562831924]
  ],
  "61": [],
  "62": [
    [-0.7710453687778236, -0.92099702242021],
    [0.8818136186008214, 0.8771921441318941]
  ],
  "63": [
    [-0.002967352270497304, -0.18019352544490747]
  ],
  "64": [],
  "65": [
    [0.6429809954564223, -0.8557238946623807]
  ],
  "66": [],
  "67": [],
  "68": [],
  "69": [
    [0.3897071277976051, 0.9894454903493377],
    [0.8707798363802538, 0.5381241145844339]
  ],
  "70": [],
  "71": [
    [-0.11415865173565629, -0.18454373889018713],
    [0.11626559180558374, -0.1329995924092406]
  ],
  "72": [],
  "73": [],
  "74": [
    [-0.5711910229753021, -0.9861009075106859],
    [-0.627485086287474, 0.9700415255512388]
  ],
  "75": [],
  "76": [],
  "77": [],
  "78": [],
  "79": [
    [-0.5663149596454107, -0.5007807791994294],
    [0.571837116918742, 0.49722318724562287]
  ],
  "80": [],
  "81": [],
  "82": [],
  "83": [],
  "84": [
    [-0.6574164478643526, -0.016301032788047003],
    [0.2668895060061874, -0.09907113062328382]
  ],
  "85": [
    [0.810770424821754, 0.398541922619394]
  ],
  "86": [
    [-0.25510954697517785, -0.7405062112706154]
  ],
  "87": [
    [-0.1677470834805338, -0.8484219915532708],
    [-0.8145722070912781, 0.773186344122363],
    [-0.1677471523821659, 0.8484307451677202]
  ],
  "88": [],
  "89": [],
  "90": [
    [-0.6850412367671285, -0.8617666993182473]
  ],
  "91": [
    [-0.9037886506974361, 0.7243527602555012]
  ],
  "92": [],
  "93": [],
  "94": [],
  "95": [],
  "96": [],
  "97": [],
  "98": [],
  "99": [],
  "100": []
}
