{
  "1": [
    [-0.7238809890747279, 0.7317528999468329],
    [0.7711696722066935, 0.6235140696327842]
  ],
  "2": [],
  "3": [],
  "4": [],
  "5": [
    [0.967191470146823, -0.6198313113964455]
  ],
  "6": [],
  "7": [],
  "8": [
    [0.6217908342447787, 0.7574993864536955]
  ],
  "9": [],
  "10": [],
  "11": [
    [0.371196405630468, -0.8511766894652498],
    [0.9377973430314166, -0.7804266635921568]
  ],
  "12": [
    [0.8728737494973577, -0.8582391907055738],
    [0.7440519745611287, 0.856026578542719]
  ],
  "13": [
    [0.9748661940765887, 0.42554918497648747]
  ],
  "14": [
    [-0.48590867986191566, -0.4743226939459846],
    [0.7509824478324557, -0.9354256480943354]
  ],
  "15": [],
  "16": [],
  "17": [],
  "18": [],
  "19": [
    [-0.8720435770699726, -0.6823863252242777],
    [0.49912386790920354, 0.7939476702875441]
  ],
  "20": [
    [-0.7070496432860938, 0.602216416009847],
    [-0.395597531887895, 0.9355088242566885]
  ],
  "21": [],
  "22": [],
  "23": [],
  "24": [],
  "25": [],
  "26": [
    [-0.7632914891139962, -0.49546113803144315]
  ],
  "27": [
    [0.8183049639901944, 0.8141948018515969]
  ],
  "28": [],
  "29": [],
  "30": [
    [-0.22191799309732038, 0.8001696167003304],
    [0.22318724872794962, -0.8069646147166484]
  ],
  "31": [],
  "32": [
    [-0.6605213210302106, -0.9624517100948227]
  ],
  "33": [],
  "34": [
    [-0.9665818238264323, -0.29030765308228906],
    [-0.6947566485856482, -0.564961356907835],
    [0.6609640288111187, -0.5955065195823415]
  ],
  "35": [
    [-0.40279265807504233, -0.8976457627250248],
    [-0.7187814542048769, 0.7769439820731292],
    [-0.4108625359925613, 0.8907216144062776],
    [0.9398136124067377, -0.3357469904265024]
  ],
  "36": [],
  "37": [],
  "38": [],
  "39": [],
  "40": [],
  "41": [
    [-0.7540993365835994, 0.6732042893304775],
    [0.49721414297086824, -0.9242246568393252],
    [0.7044364378541199, -0.6908068390975824]
  ],
  "42": [],
  "43": [],
  "44": [
    [0.628710299832965, 0.8966743730444932]
  ],
  "45": [
    [-0.6186386768042325, -0.7533466601240869],
    [-0.602872178608734, 0.5342405328165774]
  ],
  "46": [],
  "47": [],
  "48": [
    [-0.9860096462894298, -0.7622654742983781]
  ],
  "49": [],
  "50": [
    [-0.9247092270499058, -0.8844979638670373],
    [0.7350933268321498, 0.5849763721996983]
  ],
  "51": [
    [-0.6950783146193648, -0.07482005198894791],
    [0.8871424128063368, -0.20256075032119525]
  ],
  "52": [],
  "53": [],
  "54": [
    [-0.5933973183071298, 0.2709531273419649],
    [0.6303875211807193, 0.2782628752734225]
  ],
  "55": [
    [-0.7755470056924947, -0.33747635502993334],
    [-0.3950758008717452, -0.3841140279529332],
    [0.28881539122624267, -0.5172912971092799]
  ],
  "56": [],
  "57": [
    [0.3822935646888736, 0.9538992872909985],
    [0.8705118040738419, 0.9521281256051607]
  ],
  "58": [],
  "59": [],
  "60": [],
  "61": [
    [0.38169518826710136, -0.9674899545412903]
  ],
  "62": [],
  "63": [
    [-0.2843321661953207, 0.5023138578156093]
  ],
  "64": [],
  "65": [
    [0.9703098326439522, 0.38795025472394534],
    [0.6847592281429142, 0.6622587697243691]
  ],
  "66": [
    [0.09698138617341914, -0.5267469025705364]
  ],
  "67": [
    [-0.10153365731110892, -0.34461322615155776]
  ],
  "68": [],
  "69": [],
  "70": [],
  "71": [],
  "72": [],
  "73": [],
  "74": [
    [0.6366060163351296, 0.8640624562026917]
  ],
  "75": [],
  "76": [],
  "77": [],
  "78": [
    [-0.3155794250954046, 0.9022949688652395]
  ],
  "79": [
    [-0.040610204748459146, 0.2685912724397745]
  ],
  "80": [],
  "81": [
    [-0.7734478422283442, -0.610679446324745]
  ],
  "82": [
    [-0.8381084362744353, 0.8763036902011526]
  ],
  "83": [
    [-0.33469129579586854, -0.685136511067249],
    [0.4785424737582334, -0.7151777528387874],
    [0.7786185928089241, -0.8739933376619348]
  ],
  "84": [
    [-0.939186571531661, -0.78839923191755]
  ],
  "85": [],
  "86": [
    [-0.9248344012977768, -0.4133037691192163]
  ],
  "87": [
    [0.5497540748678604, -0.5267023007100261],
    [0.5856266298258549, 0.43598397664678656]
  ],
  "88": [
    [-0.07430737644183835, -0.16334539567563025]
  ],
  "89": [],
  "90": [
    [-0.9870798391456824, -0.9445705510102461],
    [-0.08906266859444914, -0.08815000226631915]
  ],
  "91": [
    [0.8460547301031385, 0.5990057696508492],
    [0.0808721469148114, 0.5711836920034455]
  ],
  "92": [
    [0.8693705014851612, 0.6158708687691508]
  ],
  "93": [],
  "94": [],
  "95": [
    [-0.5993478283090121, 0.9199149757950582]
  ],
  "96": [],
  "97": [],
  "98": [],
  "99": [
    [-0.5940548441123782, -0.3252492440875498]
  ],
  "100": [
    [0.7897881877229335, -0.3253364145770054],
    [0.5812615732998534, 0.7205725999230934]
  ]
}
