{
  "1": [
    [0.1522941204451389, -0.6365106006809959],
    [0.30493258673055185, 0.753133381545899]
  ],
  "2": [
    [0.13049064667617358, -0.6947711298564774]
  ],
  "3": [
    [0.6806759117160904, 0.24241532862069032]
  ],
  "4": [
    [-0.3750887854612006, -0.7282344159336203]
  ],
  "5": [],
  "6": [
    [-0.463830309470091, 0.36860297547664966],
    [0.46414427288109167, 0.36166464383787866]
  ],
  "7": [],
  "8": [],
  "9": [],
  "10": [],
  "11": [],
  "12": [],
  "13": [],
  "14": [
    [-0.7825427342892783, 0.3564597793777424],
    [-0.7959417099003123, 0.8505493402286408],
    [0.7849203682783877, 0.3429071712275984]
  ],
  "15": [],
  "16": [
    [-0.9453887778739749, -0.7266624084572496]
  ],
  "17": [
    [0.0542494799705241, 0.3401732299640936]
  ],
  "18": [
    [-0.5248071805712332, 0.7662637445513225],
    [0.6191469139044692, 0.8698750152918714],
    [0.6753777635334752, 0.3268199233658787]
  ],
  "19": [
    [-0.3956077314255929, 0.13403367373131658]
  ],
  "20": [],
  "21": [],
  "22": [
    [0.6276718105398342, -0.10231596353772116]
  ],
  "23": [
    [-0.07584691304800514, 0.747925344854536],
    [0.7072405800830067, -0.5048375682359967]
  ],
  "24": [],
  "25": [],
  "26": [],
  "27": [],
  "28": [],
  "29": [],
  "30": [
    [0.2659658299630051, 0.05709737262410687]
  ],
  "31": [
    [-0.6559851448287387, 0.0398325142786565],
    [0.655980138336218, 0.03983312247081262],
    [0.5726125013523611, 0.7823235836772688]
  ],
  "32": [
    [-0.7796702364830242, -0.05428831950650501],
    [-0.46619038008892427, -0.18280644424048179],
    [0.5272338409510686, -0.13230912710133058],
    [0.6734135514210547, -0.07479054366856662]
  ],
  "33": [
    [0.26887506514820747, -0.547137969307859]
  ],
  "34": [
    [0.8212068466423722, -0.9295907933693006],
    [0.005834139314278203, 0.08493994704172461]
  ],
  "35": [],
  "36": [],
  "37": [
    [-0.017265564549784174, -0.07069716557344218]
  ],
  "38": [
    [-0.9937749903754617, 0.8926538787425059]
  ],
  "39": [
    [0.38801676236279786, 0.9432847324280665]
  ],
  "40": [
    [-0.5496020873930909, 0.4066239747160677],
    [0.6114092435365464, -0.4749872258864901]
  ],
  "41": [
    [-0.14196700929473216, -0.9810875989312801]
  ],
  "42": [
    [-0.8159756239238406, 0.6927354235308437],
    [0.7665568182968144, -0.8714732501457905]
  ],
  "43": [],
  "44": [],
  "45": [],
  "46": [
    [-0.8345428056890888, 0.03209922337701806]
  ],
  "47": [
    [0.9544426552952938, -0.7174489579706805]
  ],
  "48": [
    [-0.19241281830512932, -0.8130548565100847],
    [-0.22828916977273836, 0.7580558771480254]
  ],
  "49": [
    [0.9620192962284583, -0.4722292647078886]
  ],
  "50": [
    [0.052492965019483535, -0.09417909952840986],
    [0.9247718294665481, -0.09903667038569769]
  ],
  "51": [
    [-0.7419543802856453, 0.277289855655744],
    [-0.32791301174634824, 0.9584315533054455]
  ],
  "52": [
    [-0.05384068709022401, -0.03729794186943926],
    [0.05384090128955855, -0.036766718848629934]
  ],
  "53": [
    [0.1352569477575574, -0.8342992225222418],
    [0.13579588381080812, 0.8342902782524557]
  ],
  "54": [],
  "55": [],
  "56": [
    [-0.8395978481704651, -0.622704633031408],
    [-0.4697665775801797, -0.12211451214320973]
  ],
  "57": [],
  "58": [
    [-0.6307970250885087, -0.3457769085703557],
    [-0.8641514012121991, -0.6180935735593032],
    [0.9279309639143216, 0.7325620622229543]
  ],
  "59": [
    [-0.202428810330912, -0.5273040444295178],
    [-0.43044829618043784, 0.15639697275855907]
  ],
  "60": [
    [-0.8982701202701816, -0.616846138560976]
  ],
  "61": [
    [-0.7170578548293624, -0.271735174352426],
    [0.7871272858377989, -0.34663463319355503]
  ],
  "62": [
    [0.736027150693078, 0.27935996245295697]
  ],
  "63": [
    [-0.05799599074723683, 0.31207580228631593]
  ],
  "64": [
    [-0.5064442355951368, -0.6051859536653539]
  ],
  "65": [],
  "66": [],
  "67": [
    [0.7165040951548103, 0.43113555172436463]
  ],
  "68": [
    [-0.8689009116117229, -0.7977393494345202],
    [-0.8536228058293736, 0.8115987528260333]
  ],
  "69": [
    [0.290035338665, -0.990247574302078],
    [0.8575257097705284, -0.4002584375581785]
  ],
  "70": [
    [-0.6616440756606139, -0.45616940724403093]
  ],
  "71": [],
  "72": [
    [-0.9837421032448017, 0.5582917940802627]
  ],
  "73": [
    [-0.37627257209932924, 0.5309116454806004],
    [0.4030505886470034, -0.4761179210135015],
    [0.5773293343127589, -0.3155206882073244],
    [0.9873217374476865, 0.610725282569568]
  ],
  "74": [
    [-0.4461321146479934, -0.3367026305793208]
  ],
  "75": [],
  "76": [
    [-0.2663683605561314, 0.43738970273122824],
    [0.6761074998539187, -0.35337094850780093]
  ],
  "77": [
    [0.7941754661115952, 0.44283403065434307]
  ],
  "78": [
    [-0.7321260143168373, -0.001641063421778861]
  ],
  "79": [],
  "80": [
    [-0.6122454815903183, 0.5827646222411249],
    [0.4115050114541277, 0.8986670910231072]
  ],
  "81": [
    [-0.2451084741907873, -0.11261773541017345]
  ],
  "82": [
    [-0.36198013828263187, 0.5359770154425166]
  ],
  "83": [
    [0.7083596887849832, -0.010853926001782558]
  ],
  "84": [],
  "85": [],
  "86": [
    [-0.2435999261275979, -0.03037482949326001]
  ],
  "87": [
    [-0.06287645051991288, -0.7784715309645736],
    [-0.060331395228123065, 0.852395139242178]
  ],
  "88": [],
  "89": [],
  "90": [
    [-0.45837608798474194, 0.8027874736003958]
  ],
  "91": [],
  "92": [
    [0.6121468633215318, 0.682169474209596],
    [0.6608210736462315, 0.6059445143999358]
  ],
  "93": [],
  "94": [
    [-0.5849093235298076, -0.8550233357613156]
  ],
  "95": [],
  "96": [
    [0.1728538923930324, 0.13091985065092424]
  ],
  "97": [],
  "98": [],
  "99": [],
  "100": [
    [-0.6454719731218432, -0.680614423842722]
  ]
}
