{
  "1": [],
  "2": [
    [-0.637859857291646, 0.8560744939983075]
  ],
  "3": [],
  "4": [],
  "5": [],
  "6": [],
  "7": [
    [-0.3835687008821715, 0.14266158217687347]
  ],
  "8": [
    [-0.7448391323018493, -0.42992863330306025]
  ],
  "9": [
    [-0.9394131547217577, 0.7954765617169871]
  ],
  "10": [],
  "11": [
    [0.726246902694084, -0.9233586580175909]
  ],
  "12": [],
  "13": [],
  "14": [
    [0.7892276591824199, 0.8915549816488098]
  ],
  "15": [],
  "16": [],
  "17": [
    [-0.48147362952511025, 0.3459406052801121],
    [0.43585046068773126, 0.2955407464839246]
  ],
  "18": [],
  "19": [],
  "20": [
    [0.9996532287270247, 0.5805138456994012]
  ],
  "21": [],
  "22": [],
  "23": [
    [-0.20053815333350855, -0.8981016165044244]
  ],
  "24": [],
  "25": [],
  "26": [],
  "27": [],
  "28": [
    [0.12028353824029753, -0.9877003084655792]
  ],
  "29": [],
  "30": [
    [-0.22669890904866893, 0.527111592008363],
    [0.22677739906413605, -0.5254390304051432]
  ],
  "31": [],
  "32": [
    [0.46343308779705383, 0.4812204990196968]
  ],
  "33": [
    [-0.9085976669424253, -0.8016938902303187]
  ],
  "34": [
    [0.8724207325444928, 0.23897542988466822]
  ],
  "35": [],
  "36": [],
  "37": [],
  "38": [],
  "39": [],
  "40": [],
  "41": [
    [-0.9225822684156606, -0.3936626878181441],
    [-0.611677693401097, 0.5771837101480599],
    [-0.41464114651836237, 0.6866922609151355]
  ],
  "42": [
    [-0.45366313268532216, 0.8642425802315578]
  ],
  "43": [],
  "44": [],
  "45": [
    [-0.3519885037467232, -0.9541117708954314],
    [0.6303416391115504, -0.9970169015654803]
  ],
  "46": [],
  "47": [],
  "48": [
    [-0.892386851174314, 0.3886236882353557]
  ],
  "49": [],
  "50": [
    [-0.2476235842346436, 0.043262257100173146]
  ],
  "51": [
    [0.2707641861392, 0.8607038863445865]
  ],
  "52": [
    [0.4477889189403391, 0.908127605288305]
  ],
  "53": [],
  "54": [],
  "55": [
    [-0.36967658638468637, 0.34915270998406917],
    [0.492856178147635, 0.4740133873654007]
  ],
  "56": [],
  "57": [],
  "58": [
    [0.19543783031981404, 0.09069231992936576],
    [0.19543780665853575, -0.09069229556172001]
  ],
  "59": [
    [0.7350392922708552, 0.5776394186221235]
  ],
  "60": [
    [-0.14735575514438443, -0.08286873066478975],
    [-0.1473557551447559, 0.0828553278632017]
  ],
  "61": [
    [0.8724226222900902, 0.9796039351837436]
  ],
  "62": [
    [0.6509027684617958, 0.21725778256867803]
  ],
  "63": [],
  "64": [],
  "65": [],
  "66": [],
  "67": [],
  "68": [
    [-0.8144535935946656, -0.42629738871251377]
  ],
  "69": [],
  "70": [],
  "71": [],
  "72": [
    [-0.9213513646946927, 0.9400739162610398],
    [0.07151493806742239, -0.9296262086826835],
    [0.9605819977061331, 0.8731351227680885]
  ],
  "73": [
    [0.728702018517271, 0.8859006244480626]
  ],
  "74": [
    [-0.8726193179291414, 0.5678849771683214]
  ],
  "75": [],
  "76": [
    [0.9826472475920688, 0.3740159074809415]
  ],
  "77": [],
  "78": [],
  "79": [
    [-0.5514132461387632, -0.2443796686912934],
    [-0.5502080826817459, 0.2447911997334078]
  ],
  "80": [],
  "81": [],
  "82": [
    [0.5056574608592689, -0.8701260182504222]
  ],
  "83": [],
  "84": [
    [-0.30287322326581306, -0.7351062376450089],
    [0.28802692355191095, 0.7419536976837828]
  ],
  "85": [],
  "86": [
    [0.8246548529634774, 0.8733447555590066]
  ],
  "87": [
    [0.6597013491896746, 0.9574559395437554]
  ],
  "88": [],
  "89": [
    [-0.42321051912850793, 0.5367117422973134]
  ],
  "90": [],
  "91": [
    [0.5268396996573068, 0.8667735336342343]
  ],
  "92": [],
  "93": [
    [-0.22325037770640088, -0.5656424859989926],
    [0.23343395339350748, 0.5579094490597503]
  ],
  "94": [],
  "95": [],
  "96": [],
  "97": [
    [0.6930932827389793, 0.8383286302364525],
    [0.5543388146327332, 0.36359310170987524]
  ],
  "98": [],
  "99": [
    [-0.3621874281917938, -0.31427467783420776],
    [0.2988802479954734, -0.46186541495395805]
  ],
  "100": [
    [-0.20285023451381956, -0.7612936659373072],
    [-0.4766967029837416, 0.4922201825563578]
  ]
}
