{
  "1": [
    [-0.7669254144103259, 0.7942498262610574],
    [0.9985560500199151, -0.6015973642351705]
  ],
  "2": [
    [-0.6159150580720613, -0.8832269785805202],
    [-0.6085765299466954, 0.8803554185263357]
  ],
  "3": [],
  "4": [],
  "5": [],
  "6": [],
  "7": [
    [-0.790766593794154, -0.9926708383000675]
  ],
  "8": [],
  "9": [],
  "10": [],
  "11": [],
  "12": [],
  "13": [
    [-0.7215721891478797, 0.9871387820604991]
  ],
  "14": [],
  "15": [
    [-0.7198722310940369, 0.8073835189737799]
  ],
  "16": [
    [-0.6807431950960827, -0.9665235460437325],
    [0.7411676896466673, -0.8268550693598055]
  ],
  "17": [],
  "18": [],
  "19": [
    [0.9997917629603609, -0.9718106160214062]
  ],
  "20": [],
  "21": [],
  "22": [],
  "23": [],
  "24": [],
  "25": [],
  "26": [],
  "27": [
    [-0.9694120488207785, -0.19682573567524747],
    [0.9694119345350434, -0.1968257289886643]
  ],
  "28": [
    [0.7367885391900124, -0.9748033748438375],
    [0.9115282112823023, -0.8256601958122575]
  ],
  "29": [],
  "30": [],
  "31": [
    [-0.992488991644028, 0.5927017249900008],
    [-0.8668688162674947, 0.6532805672043347]
  ],
  "32": [],
  "33": [],
  "34": [
    [0.3353809681832453, -0.27530865444664776]
  ],
  "35": [],
  "36": [],
  "37": [],
  "38": [],
  "39": [],
  "40": [
    [-0.9886737364213899, 0.7056894714703271],
    [0.98867373642139, -0.7056894714703275]
  ],
  "41": [],
  "42": [
    [-0.1271857739940307, -0.5178431645966833]
  ],
  "43": [],
  "44": [],
  "45": [
    [-0.6158942363072596, -0.7859890397015933]
  ],
  "46": [],
  "47": [],
  "48": [],
  "49": [],
  "50": [],
  "51": [],
  "52": [],
  "53": [],
  "54": [],
  "55": [
    [0.7356509801833374, -0.8371927046333105]
  ],
  "56": [],
  "57": [
    [-0.9853625410878011, -0.9594632865298263]
  ],
  "58": [],
  "59": [],
  "60": [],
  "61": [],
  "62": [
    [0.9349655099234566, 0.9579710782250597]
  ],
  "63": [],
  "64": [
    [-0.9754064919821674, -0.972849981003401]
  ],
  "65": [
    [0.8480481422816394, -0.7888282747924608]
  ],
  "66": [],
  "67": [],
  "68": [],
  "69": [],
  "70": [],
  "71": [],
  "72": [
    [0.4908920704723792, -0.25951649711354535]
  ],
  "73": [
    [-0.8670662907328148, -0.8566735914891307],
    [-0.8484451809272778, 0.6700514327525717],
    [-0.8263182653347485, 0.7805280199506878],
    [0.6712672066696356, 0.773592269055491]
  ],
  "74": [],
  "75": [],
  "76": [],
  "77": [],
  "78": [
    [-0.6262199985154004, -0.8250101076681952]
  ],
  "79": [
    [-0.660954523154738, -0.9609177028197533],
    [0.6609545231547376, 0.9609177028197536]
  ],
  "80": [
    [-0.8547045918221403, 0.6897428893712035]
  ],
  "81": [],
  "82": [
    [-0.7781182418447959, 0.9122077947050468],
    [0.9700939159278775, -0.7378956364364236]
  ],
  "83": [],
  "84": [],
  "85": [],
  "86": [],
  "87": [],
  "88": [
    [0.8034929830398558, -0.33690274522409963]
  ],
  "89": [],
  "90": [],
  "91": [
    [0.9876209536440747, 0.8963955922493625]
  ],
  "92": [],
  "93": [],
  "94": [],
  "95": [
    [0.5061978835886742, 0.9508727763919826]
  ],
  "96": [],
  "97": [],
  "98": [],
  "99": [],
  "100": []
}
