{
  "1": [],
  "2": [],
  "3": [
    [-0.07886282901823677, 0.031430263127300226]
  ],
  "4": [
    [0.06378347912906737, 0.09824792678441896]
  ],
  "5": [
    [-0.7990597045568187, -0.6779747114868895],
    [-0.03970052396104641, 0.39537768838064846]
  ],
  "6": [
    [-0.03774655917107082, -0.22325776694339936],
    [0.4605666880130474, 0.5093339029037713]
  ],
  "7": [
    [-0.047876894514084396, 0.15867866809686296]
  ],
  "8": [
    [0.05803407225684719, -0.9422244052674658],
    [0.043294877232908174, 0.9974304748280566]
  ],
  "9": [
    [-0.13368319925709798, 0.09323047411763687]
  ],
  "10": [
    [-0.1628530061495961, 0.09919431392158838]
  ],
  "11": [
    [-0.025222971948156748, 0.3892757481224692]
  ],
  "12": [],
  "13": [
    [0.11481809380183046, 0.16195334924540097]
  ],
  "14": [],
  "15": [],
  "16": [
    [0.19087825368609274, -0.05365461355068306],
    [0.07247685828173775, 0.1031878240093421]
  ],
  "17": [
    [-0.18972861425319928, 0.010487622559346484],
    [0.19302999096500373, 0.009668466531187843]
  ],
  "18": [],
  "19": [],
  "20": [
    [-0.3539782676181895, 0.7569436016531272],
    [0.020128299799431405, 0.004722596076037515]
  ],
  "21": [
    [-0.0688796188881848, -0.013466979507607038]
  ],
  "22": [
    [0.08458783178705276, -0.09718412523087067]
  ],
  "23": [],
  "24": [
    [-0.09075116571222741, 0.15104457504395816]
  ],
  "25": [
    [-0.14328444234810753, -0.29993462054841175],
    [-0.6108966669764994, -0.5715074084459859]
  ],
  "26": [
    [-0.27409259446188716, 0.07359080362379611]
  ],
  "27": [
    [0.006079375223438488, 0.03997312321188906]
  ],
  "28": [
    [-0.04483158202143014, 0.19217836953264367]
  ],
  "29": [
    [-0.17358953536632504, -0.22092929554088667],
    [0.8819156217295047, -0.25360403301965123],
    [0.29500164795308176, 0.1307829856007977]
  ],
  "30": [
    [0.12439664175868839, -0.05516796497450727]
  ],
  "31": [],
  "32": [
    [-0.3960682519763308, 0.832589884172606],
    [-0.3455940938736958, 0.6194250950912826],
    [-0.0012169108683659996, -0.2876308257486409]
  ],
  "33": [
    [-0.19107066991892638, 0.2836442123339539],
    [0.134839687770642, 0.25244053730184884]
  ],
  "34": [
    [-0.2723983726023008, 0.13594488853492342]
  ],
  "35": [
    [0.09358201474275607, 0.09925016921114607]
  ],
  "36": [],
  "37": [
    [-0.3853057741451352, 0.21921252554394194],
    [0.06787210845746744, -0.03295091889253727]
  ],
  "38": [],
  "39": [],
  "40": [],
  "41": [
    [0.08798878044876263, 0.0029024910680829365]
  ],
  "42": [],
  "43": [
    [0.05725951676813285, 0.023291401766760807]
  ],
  "44": [
    [0.2462247270571504, -0.13826519287624064],
    [-0.4035056094041527, -0.43449415952062487]
  ],
  "45": [],
  "46": [
    [0.06374280947743491, 0.15895140505633776],
    [0.6088657755010847, 0.6199557957998223]
  ],
  "47": [
    [-0.08464118059725766, -0.012957226241488071],
    [0.6960404297416323, 0.4757842435394215]
  ],
  "48": [],
  "49": [
    [0.25387378782718534, 0.5168915313241726],
    [-0.08608533280110121, -0.4054527476499293]
  ],
  "50": [],
  "51": [],
  "52": [
    [-0.03565122002887359, -0.05585301662906511]
  ],
  "53": [
    [-0.060235916018742765, -0.05808197168840694]
  ],
  "54": [
    [-0.80688604767292, -0.33610377561072224],
    [-0.12075327547970664, -0.014833445275146673]
  ],
  "55": [
    [-0.15796104265006997, 0.07618939445393834],
    [-0.17094163297949155, 0.12757998469240642]
  ],
  "56": [
    [0.3043689038563316, 0.3178196032780123]
  ],
  "57": [
    [-0.06843579069255343, 0.021708510055461844]
  ],
  "58": [
    [-0.15058603725191505, 0.1076814355786767]
  ],
  "59": [
    [0.035449045489678456, -0.15467483018457862]
  ],
  "60": [],
  "61": [
    [-0.10645846538720281, -0.34576911820793765],
    [0.10949389641049709, 0.24545154547976952]
  ],
  "62": [
    [0.29202312625988835, 0.07215095319398243]
  ],
  "63": [
    [-0.34116980090783405, -0.1339638421110073],
    [0.06380678739589192, 0.003338801949633184]
  ],
  "64": [
    [-0.011175631932876653, -0.11892051056869495]
  ],
  "65": [
    [-0.13159130853265394, -0.017630118460800523],
    [0.172205291158362, -0.711386425801071],
    [0.030875888274544617, 0.520523112258273]
  ],
  "66": [],
  "67": [],
  "68": [
    [-0.0811125856094447, 0.1894494833926794]
  ],
  "69": [
    [-0.14288221863612316, -0.03924744085351434]
  ],
  "70": [
    [-0.23149459457527877, 0.1557876675747008]
  ],
  "71": [
    [0.07262532270089977, 0.1843128693231276]
  ],
  "72": [],
  "73": [
    [-0.967390954463248, -0.6588024429065755],
    [-0.10367565074261671, -0.01707609582918023]
  ],
  "74": [
    [-0.4204965394919304, 0.5167288473998581],
    [0.3808050207197003, 0.15751708702519693]
  ],
  "75": [
    [0.2741311416166565, 0.042810307304225345]
  ],
  "76": [
    [-0.13347861212310247, 0.32368725114837305],
    [-0.049708455792910874, 0.05516872909724236],
    [0.06839463144005947, 0.05252018706404673],
    [0.2954096998032254, 0.38465907935582644]
  ],
  "77": [
    [-0.5412707921418709, -0.18642975610057602],
    [0.4218113818264355, -0.029051656384335427]
  ],
  "78": [
    [0.3191139046818368, 0.4079357405006633]
  ],
  "79": [
    [-0.14143560952335224, -0.14101169998095128]
  ],
  "80": [
    [0.1081713640117531, 0.28504769275572206],
    [0.1344406599053789, 0.496832508684508],
    [0.2732902484419332, 0.8674242785460965]
  ],
  "81": [
    [-0.3545829797472247, 0.9869100117564016],
    [0.0069919653514686885, -0.21045123995813644]
  ],
  "82": [
    [0.07274029317427493, 0.31082145916994514]
  ],
  "83": [],
  "84": [
    [-0.9627898035879051, 0.5533261674893979]
  ],
  "85": [
    [-0.2214143118773742, -0.8271831225015069],
    [0.13722593731010008, 0.2923445700643388]
  ],
  "86": [
    [-0.8382129772755794, -0.23630855783354815],
    [-0.025240795338748515, 0.0028826491849147477]
  ],
  "87": [],
  "88": [
    [0.027026031119725225, 0.027960942289836012],
    [0.7557351208284449, -0.5223089821470785]
  ],
  "89": [],
  "90": [
    [-0.20989249741715899, -0.0940432518789615]
  ],
  "91": [
    [-0.024966767467142176, -0.038782356919047425]
  ],
  "92": [
    [-0.058601110935502895, -0.2105295310503009],
    [0.05860111093550276, 0.21052953105030056]
  ],
  "93": [
    [0.08601548659671278, -0.021500258145537975]
  ],
  "94": [
    [0.018549663337960463, -0.06559374825339866],
    [0.5624765658938556, 0.074972447809337]
  ],
  "95": [
    [-0.10929699829856047, 0.015145410818092748]
  ],
  "96": [],
  "97": [
    [0.14911625247413896, 0.08488108175538014]
  ],
  "98": [
    [-0.6003612121799916, -0.3030906511731187],
    [-0.4050685824845975, 0.3282597464232254],
    [0.20259261063359396, -0.2643945484994093],
    [0.2765867428341967, 0.23721641968601279]
  ],
  "99": [
    [-0.016259243623270327, 0.049168611589043634]
  ],
  "100": [
    [0.08758213313972724, 0.058779795073041124]
  ]
}
