{
  "1": [
    [0.1133538626027654, 0.025595578169974327]
  ],
  "2": [
    [-0.10911295279825033, 0.012591954726413139]
  ],
  "3": [
    [0.301644376806873, -0.4089440546834584],
    [0.28595354771923065, 0.3876061377823095]
  ],
  "4": [
    [-0.06054216421411531, -0.29853347535692126]
  ],
  "5": [
    [-0.049563227245447934, 0.04389644113079655]
  ],
  "6": [
    [-0.23965513181958367, 0.7102166572716223],
    [-0.12425994416303075, -0.5781897554970186]
  ],
  "7": [
    [-0.03446618017243034, -0.07397896524825084]
  ],
  "8": [
    [0.024640612639304064, 0.452735432778151]
  ],
  "9": [
    [-0.20199807548672868, -0.5672530918973677]
  ],
  "10": [
    [0.3806541854053714, -0.24661894495007966]
  ],
  "11": [],
  "12": [
    [0.038872722472597515, -0.053210648506360085]
  ],
  "13": [
    [-0.023509208992034118, -0.1415048149565251],
    [-0.023509208992034108, 0.14150481495652503],
    [0.3019793860299975, -0.7755116111379866],
    [0.3019793860299975, 0.7755116111379865]
  ],
  "14": [
    [-0.772548402529466, 0.026041203815963743]
  ],
  "15": [],
  "16": [
    [-0.31071437873901575, -0.636222178536385]
  ],
  "17": [
    [-0.30921859039653865, -0.6104014851250736],
    [0.40694185774909397, 0.3296609398786341]
  ],
  "18": [
    [0.6181308209343378, 0.12223278630804553]
  ],
  "19": [
    [-0.12262847993212785, -0.16577091212513695],
    [-0.6797745862559647, 0.1461128545174005],
    [0.10571338449433332, 0.18963618637645868]
  ],
  "20": [
    [-0.8170021078093985, -0.12198151803274673],
    [-0.2845126062742426, -0.14893588841747454]
  ],
  "21": [
    [-0.05513220538052122, -0.024017913968613698]
  ],
  "22": [],
  "23": [],
  "24": [
    [0.6412590920884091, 0.45697471053693733]
  ],
  "25": [],
  "26": [
    [-0.9363076502737465, -0.3928863630208483],
    [-0.9668296739510279, 0.2179099197890463]
  ],
  "27": [
    [0.1884558640306555, -0.050223024526222654]
  ],
  "28": [],
  "29": [
    [-0.18891990956776722, 0.8267388781426857]
  ],
  "30": [
    [0.2424491373504408, 0.8565275332575712]
  ],
  "31": [],
  "32": [
    [-0.09623158007735166, -0.04425820201734163]
  ],
  "33": [
    [-0.01612442855157053, -0.968551884631982],
    [-0.05669489973186569, -0.38547869534861073]
  ],
  "34": [
    [-0.3964971722352343, -0.11122595526121823]
  ],
  "35": [
    [0.012190795360784058, -0.06936577332775024]
  ],
  "36": [
    [-0.600856787909901, -0.015081559928201923],
    [0.634854120769362, -0.01478083400570534]
  ],
  "37": [
    [0.04835157876818658, -0.08236348442246118]
  ],
  "38": [],
  "39": [
    [-0.8023688022289166, 0.6716250629042894],
    [0.1401037411300964, -0.2105288882914275]
  ],
  "40": [
    [-0.10972179330139159, 0.013523840229188384],
    [0.013471470420334314, -0.4716459718943314]
  ],
  "41": [
    [-0.17392878740933496, 0.0568759825609669]
  ],
  "42": [
    [-0.3551006044367986, 0.2618087243069323],
    [0.3489435102848455, 0.18502991232129817]
  ],
  "43": [
    [0.03549510196386581, 0.8090033736063131],
    [-0.8799920444819979, -0.05375680950904953]
  ],
  "44": [
    [0.8235900958137173, 0.5403422114437672]
  ],
  "45": [],
  "46": [],
  "47": [
    [-0.28794713407294487, 0.8903247769889543],
    [0.4137652688248949, 0.38078567425129867]
  ],
  "48": [],
  "49": [
    [-0.27342803013269784, -0.39070558623142015]
  ],
  "50": [
    [-0.2452517871300268, -0.7502830864168988]
  ],
  "51": [],
  "52": [],
  "53": [
    [-0.1207449098771861, 0.7383655470954211]
  ],
  "54": [
    [0.01497377976320281, 0.06703610558887069]
  ],
  "55": [
    [-0.42799906805911997, -0.2599802680413737],
    [-0.5022910380080056, 0.9865159713678252]
  ],
  "56": [
    [-0.004439333487697333, -0.0810733120336636]
  ],
  "57": [
    [-0.5344276480794738, -0.48877017346356216]
  ],
  "58": [],
  "59": [
    [0.4130943154247149, 0.006388935851845906]
  ],
  "60": [
    [-0.8502721187072924, -0.45405329679016354]
  ],
  "61": [
    [-0.22416684521440064, -0.6656279673985981],
    [-0.2816807017166543, 0.22021632062088722]
  ],
  "62": [
    [0.21596635045010423, 0.7363158211038922]
  ],
  "63": [
    [0.07094047407284466, -0.8581930347063788],
    [0.1330212632748743, -0.450486302915697]
  ],
  "64": [
    [-0.4304113594134182, 0.523977322313641],
    [0.4304113594134182, 0.523977322313641]
  ],
  "65": [
    [-0.9029168151246802, -0.5124702490817545]
  ],
  "66": [
    [0.9566162454884573, 0.14108481580822713]
  ],
  "67": [],
  "68": [
    [0.05922140850143932, -0.038317422558546047]
  ],
  "69": [
    [-0.6188190949686816, -0.07839014166854814],
    [0.6311327743113009, 0.09098223843454907]
  ],
  "70": [
    [0.19058672928135867, 0.15481970721845703]
  ],
  "71": [
    [0.03266273137071257, -0.3718161645739567]
  ],
  "72": [],
  "73": [
    [-0.8682311880038835, 0.9859156676065879],
    [0.09613456841163973, -0.37826628560084163],
    [0.08559819538160712, 0.3606857486974258]
  ],
  "74": [
    [0.05367414547427665, -0.8063837997729081]
  ],
  "75": [],
  "76": [],
  "77": [
    [0.00699168533137525, -0.060974716504079554]
  ],
  "78": [
    [0.09251704359885064, 0.18178891406209632]
  ],
  "79": [
    [-0.3415239479266539, -0.4349401861534426],
    [-0.5275842911267739, 0.6110231640738253]
  ],
  "80": [
    [-0.08400431454766062, 0.6390926423153989]
  ],
  "81": [
    [0.39857001436693335, -0.8254844348705533],
    [-0.12120859886334523, -0.4769742402963077]
  ],
  "82": [
    [-0.5042914975651344, 0.40619986711596],
    [-0.11179748522662387, 0.05604577795442267],
    [0.5624094129883277, -0.5461342948604443]
  ],
  "83": [],
  "84": [],
  "85": [],
  "86": [
    [-0.03065868374708452, -0.12632639757142516],
    [-0.03271145303792107, 0.8155137345122171]
  ],
  "87": [],
  "88": [
    [0.21104370221025853, -0.08837806546250675]
  ],
  "89": [
    [0.16327745974768185, 0.16725975865501103],
    [0.7683001053810006, 0.8604649165336777]
  ],
  "90": [
    [-0.14495490297994706, -0.05355192168665911],
    [0.1506606332772631, -0.05553318475972112]
  ],
  "91": [],
  "92": [],
  "93": [
    [0.25982391695850543, -0.039271853143034684],
    [0.7197287429072129, -0.21104967751638262]
  ],
  "94": [
    [-0.3200706743609006, 0.4144589144713561],
    [-0.49690169488606184, 0.37314561489975256],
    [0.5579764327805701, 0.47951639503531807]
  ],
  "95": [
    [-0.5780666898174966, -0.16907747952906488],
    [-0.3948957500761855, 0.576055577993762]
  ],
  "96": [],
  "97": [],
  "98": [],
  "99": [
    [-0.2555051271582229, -0.16680594769891635]
  ],
  "100": []
}
