{
  "1": [],
  "2": [],
  "3": [
    [-0.6847437667526173, 0.8954676675604443],
    [0.7277615483616419, -0.7723220550283426]
  ],
  "4": [],
  "5": [
    [-0.7509267931387245, -0.5682043648117119]
  ],
  "6": [],
  "7": [],
  "8": [],
  "9": [],
  "10": [
    [-0.7184676900523915, -0.7527497137256653]
  ],
  "11": [],
  "12": [],
  "13": [
    [-0.4918858896722063, 0.5671921783091685],
    [0.488696180239907, 0.5667618581384091]
  ],
  "14": [
    [-0.492188497063948, 0.3543770829586608],
    [0.4921884970639475, -0.3543770829586612]
  ],
  "15": [],
  "16": [
    [0.6517970745206904, 0.31164525890379263]
  ],
  "17": [
    [-0.005646456461870965, -0.5077873447520425],
    [-0.005646446236146779, 0.5077878045760081]
  ],
  "18": [
    [-0.09251784759410563, 0.2384511719153067],
    [0.09280483421696156, -0.23839730929848152]
  ],
  "19": [],
  "20": [
    [0.5219297627693846, 0.9050487959751454]
  ],
  "21": [
    [-0.8166473590606826, -0.8547974563276048],
    [-0.42973243824890944, -0.8510266168025643],
    [0.4297324382489099, 0.8510266168025641],
    [0.8166473590606824, 0.8547974563276048]
  ],
  "22": [],
  "23": [
    [-0.994569573682308, -0.9634806683547278],
    [-0.7142152344929044, -0.6561530252275537]
  ],
  "24": [
    [-0.7775810442710228, -0.5613111188149177],
    [-0.7331455005638255, 0.47628041809433797]
  ],
  "25": [
    [0.6483238226652489, 0.8200679771422043]
  ],
  "26": [],
  "27": [],
  "28": [],
  "29": [
    [-0.5095031071481299, -0.8917575261078117],
    [-0.1275638729473772, 0.7279883290805919],
    [0.9591424545366042, -0.6714142958153699],
    [0.38810729743965455, 0.9661263481377537],
    [0.7324614858979417, 0.846671238908878]
  ],
  "30": [],
  "31": [],
  "32": [
    [-0.3678887106588496, 0.758455747034818]
  ],
  "33": [],
  "34": [],
  "35": [],
  "36": [],
  "37": [],
  "38": [],
  "39": [],
  "40": [],
  "41": [
    [-0.7201424693359333, 0.8042996664980369],
    [0.7321095190674674, -0.6881936160605762]
  ],
  "42": [],
  "43": [
    [-0.7018610827718066, 0.9218534908515371],
    [-0.08848890157217165, -0.4118296958496261],
    [-0.08810114075332699, 0.411196640159996],
    [-0.40087552900586026, -0.7583040259792663]
  ],
  "44": [],
  "45": [],
  "46": [],
  "47": [
    [-0.8425997558108206, -0.016877494254637432],
    [0.8426027890990117, -0.0169319455532171],
    [0.9188493983250913, 0.22984536029682054]
  ],
  "48": [],
  "49": [
    [-0.6173085408779238, -0.20593905103567547],
    [-0.6724421919718439, 0.19720714282002003]
  ],
  "50": [],
  "51": [],
  "52": [],
  "53": [
    [-0.74662616553933, -0.9156489950354496]
  ],
  "54": [],
  "55": [
    [-0.7708416322764781, -0.7409703483957089],
    [0.8228972993106168, -0.8571190575811141]
  ],
  "56": [
    [0.6777067176661311, -0.3781162245222117]
  ],
  "57": [
    [-0.08396012377664486, -0.9368974467952033],
    [-0.7120314965902397, 0.32843534071572794]
  ],
  "58": [
    [-0.8323531793072965, 0.8945322572820932],
    [-0.7691910775848039, 0.016142994832694928],
    [0.01769407042610981, -0.7965849186342558]
  ],
  "59": [
    [-0.708815418563575, -0.6455284669349628],
    [0.9661846704636078, -0.7350990034591979]
  ],
  "60": [],
  "61": [
    [-0.37434235857481535, -0.6271777200617294],
    [0.3739081963512762, -0.627172926092451]
  ],
  "62": [
    [-0.9895620377373865, -0.9390316529105274],
    [-0.48431114787497515, 0.9332239761543338]
  ],
  "63": [
    [-0.3482940543665126, 0.7874888209895178],
    [0.931715239516024, -0.9565116770526649],
    [0.354629659678646, -0.8852547424686813]
  ],
  "64": [],
  "65": [
    [-0.10258881471386017, -0.5618315552953342],
    [0.10260189726474114, -0.561825114346006]
  ],
  "66": [],
  "67": [],
  "68": [
    [-0.6563617504102323, 0.8384221198347678]
  ],
  "69": [
    [-0.6914124647854291, -0.5126301389960866],
    [0.6964928649753745, -0.5298609447969296]
  ],
  "70": [],
  "71": [],
  "72": [],
  "73": [],
  "74": [
    [0.6248794074929478, 0.5456061182982265]
  ],
  "75": [
    [-0.6104692729869421, 0.9359663799176627]
  ],
  "76": [
    [-0.3402694167052294, -0.1819313191174437]
  ],
  "77": [
    [0.5167153132448773, 0.7312532572111672]
  ],
  "78": [],
  "79": [
    [0.5656178662035103, 0.8114433166369208]
  ],
  "80": [
    [-0.606410965325907, 0.33770987555461024]
  ],
  "81": [
    [0.34206771273910763, -0.6426884392996596],
    [0.37726082916309345, 0.6045186897545227]
  ],
  "82": [],
  "83": [
    [-0.09975566796351104, 0.054740931828733325]
  ],
  "84": [],
  "85": [],
  "86": [
    [-0.8797175073052222, -0.3429992136447622],
    [0.9305602135615849, 0.8679678854655061]
  ],
  "87": [],
  "88": [
    [0.9644694981020975, -0.917410031184161]
  ],
  "89": [
    [-0.989649256724047, 0.8671222084898874],
    [-0.19941518531857866, 0.11251818781282166]
  ],
  "90": [],
  "91": [
    [0.7098458391899206, -0.2616367970133104]
  ],
  "92": [
    [-0.3102205433953863, 0.9728282279974184]
  ],
  "93": [
    [-0.18095575850386347, 0.47862930808672366],
    [0.18147783912330873, -0.4802280938597084]
  ],
  "94": [
    [-0.36618178625942494, -0.9763207346276476]
  ],
  "95": [],
  "96": [],
  "97": [
    [-0.25089857388667325, -0.20050576490154784],
    [0.3373457061540114, -0.20039820870348898]
  ],
  "98": [],
  "99": [],
  "100": [
    [-0.2676051835415879, -0.12459852417436802],
    [0.289563730002702, 0.9217643871346037],
    [0.26772343033509227, -0.09673628284465721]
  ]
}
