{
  "1": [
    [0.10110869626780644, 0.026351438561741367]
  ],
  "2": [
    [-0.9521460731851206, -0.0283375550689034],
    [0.9759551291703309, 0.02688052113322177]
  ],
  "3": [
    [0.11781271930888819, 0.1661407042032383]
  ],
  "4": [],
  "5": [
    [0.9768645440458706, 0.6056295370784208]
  ],
  "6": [],
  "7": [],
  "8": [],
  "9": [
    [0.9264908198120198, 0.5910705305410943],
    [-0.8644023780178407, 0.8259471442658666],
    [0.7937916264041798, 0.24020514250083538]
  ],
  "10": [
    [0.5003085297256895, -0.3120338983554055],
    [0.20975123670357576, 0.9057250220971367]
  ],
  "11": [],
  "12": [],
  "13": [
    [-0.6442303286936882, 0.11914102743117277],
    [0.17606630106082818, -0.5801801794768602]
  ],
  "14": [],
  "15": [
    [0.9963065593620618, 0.776671457607852],
    [-0.059916041191694025, -0.32533257467122234]
  ],
  "16": [],
  "17": [],
  "18": [],
  "19": [
    [-0.905325270100071, 0.5817633260045723],
    [0.47510572259960693, -0.25271373164885136],
    [0.5464252062969177, -0.5125287719990302],
    [-0.3745487769912287, -0.1595859858299783]
  ],
  "20": [
    [-0.14989384567924816, 0.06221313734382167]
  ],
  "21": [
    [0.029415436038279535, 0.18318976109637755]
  ],
  "22": [
    [-0.3313091803766881, -0.24533301920148592],
    [0.30811592965907636, 0.2546974158310324]
  ],
  "23": [
    [-0.5466310736698501, -0.8671672898134709]
  ],
  "24": [
    [-0.12748690331909862, 0.20958829803622026]
  ],
  "25": [],
  "26": [
    [-0.6724125373374734, -0.11719983312113286],
    [0.7895578390383245, -0.10734144259947047]
  ],
  "27": [],
  "28": [
    [-0.006816094367061936, -0.9669129213878879]
  ],
  "29": [],
  "30": [
    [0.21020107395520332, -0.007584946403280072]
  ],
  "31": [],
  "32": [
    [-0.5734659633158177, 0.49265043488694393]
  ],
  "33": [],
  "34": [
    [0.8380622172380398, -0.706099565753564],
    [0.06362601857900192, 0.24289576527518783]
  ],
  "35": [],
  "36": [
    [0.26603983522323604, -0.2556351765279967]
  ],
  "37": [
    [-0.7360368895090804, 0.31755225748830357],
    [0.7910360346263546, -0.2345950908990525]
  ],
  "38": [],
  "39": [
    [-0.18688630942693146, -0.2612221785906529],
    [-0.23151685877149653, 0.789124505112535]
  ],
  "40": [
    [0.9095950921403545, 0.20067920954598978],
    [0.1611106232847278, -0.050047756797664336]
  ],
  "41": [],
  "42": [],
  "43": [],
  "44": [
    [-0.6392139132494458, -0.437395428870882],
    [0.7340210071415088, -0.43216372867283864]
  ],
  "45": [
    [0.4207865007138036, -0.3909278104700405]
  ],
  "46": [
    [-0.038257770045269444, 0.024012250373845866]
  ],
  "47": [
    [-0.7887484586976563, -0.9382442989381685],
    [-0.5289408471815894, -0.028272718928863363]
  ],
  "48": [
    [0.45124078858954697, 0.010521764505136526]
  ],
  "49": [
    [-0.161917801328369, 0.5509060801404263]
  ],
  "50": [],
  "51": [
    [-0.07049167627489182, -0.40270749919919224],
    [-0.07040245384402191, 0.39469607305856463]
  ],
  "52": [
    [-0.034422145197716476, -0.36004399589854685]
  ],
  "53": [
    [-0.12051334885973623, -0.140348342612568],
    [0.7849052320705915, -0.2763200000572997],
    [0.896395880969541, 0.6652976875314603],
    [-0.11870117372071294, 0.14032027282061837]
  ],
  "54": [
    [-0.1662335806313505, -0.1099033966769196],
    [0.17708864644748748, -0.1461425026471066]
  ],
  "55": [
    [0.2001416674390705, 0.3495947495934317],
    [0.7583891941278678, 0.31821336870752637],
    [-0.17902229671071482, -0.35013420962300923],
    [-0.163195955096905, 0.3505004320582528],
    [0.17514798835034467, -0.3502268887285926]
  ],
  "56": [],
  "57": [],
  "58": [],
  "59": [
    [-0.9152498878315367, 0.03182252211723143]
  ],
  "60": [],
  "61": [],
  "62": [],
  "63": [
    [-0.2807211335359686, -0.5270148962096208],
    [-0.16933810999567386, 0.4794861218362848],
    [0.2865337882545471, -0.5605589995575506],
    [0.17146887387762794, 0.4740859876351468]
  ],
  "64": [
    [-0.4117117239405106, 0.40660796900624924],
    [0.24374498379455684, 0.3394861406917698]
  ],
  "65": [],
  "66": [
    [-0.38851802863951046, -0.2517519054491607]
  ],
  "67": [
    [0.017006066402972014, -0.24343449842427106],
    [-0.1771684882015638, 0.4190000934035929],
    [0.05842244678197895, 0.21412499912815958]
  ],
  "68": [],
  "69": [],
  "70": [
    [0.6460754090692358, 0.2475733611623543]
  ],
  "71": [
    [-0.1917704549706738, -0.6610188966431155]
  ],
  "72": [],
  "73": [
    [0.14451885931301997, 0.8127178631812569]
  ],
  "74": [],
  "75": [],
  "76": [
    [-0.5484650489938124, -0.3110889925254616],
    [0.35766976075047224, -0.3479491880185101]
  ],
  "77": [],
  "78": [
    [0.0007149426268853007, -0.0940152607829137]
  ],
  "79": [],
  "80": [
    [0.03818323254420615, 0.22904026053321186]
  ],
  "81": [],
  "82": [
    [-0.2852407484417075, 0.14618320746275162]
  ],
  "83": [],
  "84": [
    [-0.4106865004030274, -0.7540894209280908],
    [-0.40916193100392984, 0.00989596925026574],
    [-0.4076954521243039, 0.7469378403470815]
  ],
  "85": [
    [-0.662946440597429, -0.49125385706882596],
    [-0.028041759350597918, -0.49343618758928376],
    [0.6897691295350363, -0.4764048862951576]
  ],
  "86": [],
  "87": [],
  "88": [],
  "89": [
    [0.4183517964210716, -0.516204888478479]
  ],
  "90": [],
  "91": [
    [0.5593514477093455, 0.20321767467653234],
    [-0.28156029524754533, 0.19980728242426488]
  ],
  "92": [
    [-0.8272620010676781, 0.32321161814821314]
  ],
  "93": [
    [-0.7302310510468222, -0.6646574899540771],
    [0.6548777309078171, -0.21080836539064918],
    [0.7047043035687756, 0.23888993491907484],
    [-0.6385717123751511, 0.6094816531660239]
  ],
  "94": [],
  "95": [
    [0.6089106887610357, 0.4796834147273659]
  ],
  "96": [
    [0.6390672276328956, -0.4040883245758045],
    [0.6598444461591984, -0.2118725956083164]
  ],
  "97": [
    [-0.8727248037059864, 0.812676309055764],
    [-0.05932525898071831, 0.3261697284671914]
  ],
  "98": [
    [0.04168368270213098, -0.5336448657606123]
  ],
  "99": [
    [0.5960193775531855, 0.02430414781345098]
  ],
  "100": [
    [-0.7538167342315953, 0.39584021800293145],
    [-0.6456941769449197, 0.42468137172910375]
  ]
}
