{
  "1": [],
  "2": [],
  "3": [
    [-0.8865886857827494, -0.8392131371982885],
    [0.8865886857827495, 0.8392131371982885]
  ],
  "4": [],
  "5": [],
  "6": [],
  "7": [],
  "8": [],
  "9": [],
  "10": [],
  "11": [],
  "12": [
    [-0.8110921095190319, -0.9113267555090885],
    [0.8110921095190317, -0.9113267555090884]
  ],
  "13": [
    [0.9337230314030583, 0.8934443856792688]
  ],
  "14": [
    [0.5454714551949533, 0.7365520446454225]
  ],
  "15": [],
  "16": [],
  "17": [],
  "18": [],
  "19": [],
  "20": [],
  "21": [
    [-0.9106204467849542, 0.8308512589905718]
  ],
  "22": [],
  "23": [
    [-0.35607594728002395, -0.8884626280743022],
    [-0.3560562758125551, 0.8884614376251327],
    [0.35608890128038745, -0.8884410835259308],
    [0.35604333394845294, 0.8884829702066588]
  ],
  "24": [],
  "25": [],
  "26": [],
  "27": [],
  "28": [
    [-0.8040538402632075, 0.9669570661557269]
  ],
  "29": [],
  "30": [],
  "31": [],
  "32": [],
  "33": [],
  "34": [],
  "35": [],
  "36": [],
  "37": [],
  "38": [],
  "39": [
    [-0.567780330126382, -0.7684793273835646]
  ],
  "40": [],
  "41": [
    [-0.9769493356943596, 0.8482909674048555]
  ],
  "42": [
    [0.9991042840359656, -0.9591117070797895]
  ],
  "43": [],
  "44": [],
  "45": [
    [-0.8737396041770941, 0.8777154572271019],
    [0.8909644456381484, -0.9447288030117389]
  ],
  "46": [],
  "47": [
    [-0.8218860548646358, 0.9463820909650491],
    [0.8219775336057233, 0.9948729995737285]
  ],
  "48": [],
  "49": [],
  "50": [
    [-0.8809444509907699, 0.8608537970247004]
  ],
  "51": [
    [-0.940861545385265, -0.9652627794741012]
  ],
  "52": [],
  "53": [
    [-0.7051628133670117, -0.8427897755803193],
    [-0.6841395713005014, 0.8509728659846515]
  ],
  "54": [],
  "55": [],
  "56": [],
  "57": [
    [0.786163456434574, 0.9925762378808186]
  ],
  "58": [],
  "59": [
    [-0.4791561471867943, 0.39225188968464797]
  ],
  "60": [],
  "61": [],
  "62": [],
  "63": [
    [-0.9830526261442849, -0.8192867069823736],
    [0.9830526261442848, 0.8192867069823735]
  ],
  "64": [],
  "65": [
    [0.8332790376073003, -0.9749219558756488]
  ],
  "66": [
    [0.9537207764211707, -0.9731033325067238],
    [0.9247147585884855, 0.8299937370512217],
    [0.7617821872612784, 0.6404344617607575]
  ],
  "67": [
    [-0.8608375277789151, 0.9205405246260604]
  ],
  "68": [
    [0.8763470027225128, -0.8706999620390848]
  ],
  "69": [],
  "70": [],
  "71": [],
  "72": [
    [0.9799916486020408, -0.9256123048234732]
  ],
  "73": [],
  "74": [
    [-0.633515230725479, 0.8021137645507683]
  ],
  "75": [],
  "76": [],
  "77": [],
  "78": [
    [0.9935145832719517, 0.8597586667884294]
  ],
  "79": [],
  "80": [
    [-0.3067082085866566, -0.4779021767112759]
  ],
  "81": [],
  "82": [],
  "83": [],
  "84": [
    [-0.5444112551696587, 0.7074791017819131]
  ],
  "85": [],
  "86": [],
  "87": [],
  "88": [
    [-0.890931901588813, -0.8286667935739377]
  ],
  "89": [],
  "90": [],
  "91": [],
  "92": [
    [-0.9780491981034771, 0.9466734672723454]
  ],
  "93": [],
  "94": [],
  "95": [],
  "96": [],
  "97": [],
  "98": [],
  "99": [
    [-0.4505893377172159, 0.9682829242686207],
    [0.45043997508635475, 0.9687113182348766]
  ],
  "100": []
}
