{
  "1": [],
  "2": [],
  "3": [
    [-0.8766657925031225, -0.8352468474174193],
    [0.8766657925031223, 0.8352468474174191]
  ],
  "4": [],
  "5": [],
  "6": [],
  "7": [],
  "8": [],
  "9": [],
  "10": [
    [0.9616284061370973, 0.9239493073068876]
  ],
  "11": [],
  "12": [],
  "13": [],
  "14": [],
  "15": [],
  "16": [],
  "17": [
    [-0.5295740838741716, 0.9710727509510139],
    [0.5285187037923282, -0.9724495946055614]
  ],
  "18": [],
  "19": [],
  "20": [],
  "21": [
    [-0.24998281436761383, -0.2129076793850266]
  ],
  "22": [],
  "23": [],
  "24": [],
  "25": [],
  "26": [
    [0.6440488121349757, -0.9807290494183806]
  ],
  "27": [],
  "28": [],
  "29": [],
  "30": [],
  "31": [],
  "32": [],
  "33": [
    [0.8896856643908532, -0.9453674797544467]
  ],
  "34": [],
  "35": [
    [0.8352230690092569, 0.6220677866220852]
  ],
  "36": [],
  "37": [],
  "38": [],
  "39": [],
  "40": [],
  "41": [],
  "42": [],
  "43": [],
  "44": [],
  "45": [
    [-0.830684315699438, 0.7976545817438151],
    [0.7231137294698143, -0.8685499317570745]
  ],
  "46": [],
  "47": [
    [-0.8032674455868749, -0.7419709891955741],
    [0.8061934983051948, -0.73583658450798]
  ],
  "48": [],
  "49": [],
  "50": [],
  "51": [],
  "52": [],
  "53": [],
  "54": [],
  "55": [],
  "56": [],
  "57": [],
  "58": [],
  "59": [],
  "60": [],
  "61": [
    [-0.91357003365019, 0.987674141119698]
  ],
  "62": [],
  "63": [
    [0.7916088477463636, -0.9748779665323389]
  ],
  "64": [],
  "65": [],
  "66": [],
  "67": [
    [-0.5871743727362893, 0.8166714500224823],
    [0.5871743727362895, -0.8166714500224825]
  ],
  "68": [],
  "69": [
    [-0.9909386609020979, -0.9772030804406414],
    [-0.4900979622944456, 0.8693458889781912],
    [0.952561368003694, -0.9291250168586882],
    [0.4511223059170892, 0.8987777470028707]
  ],
  "70": [],
  "71": [],
  "72": [],
  "73": [],
  "74": [],
  "75": [],
  "76": [],
  "77": [],
  "78": [],
  "79": [],
  "80": [],
  "81": [],
  "82": [],
  "83": [
    [0.8219582118976377, 0.9253665251625546]
  ],
  "84": [],
  "85": [
    [-0.36218424922114606, 0.719466483546534]
  ],
  "86": [],
  "87": [],
  "88": [],
  "89": [
    [0.8888138979640696, -0.8659390856247237]
  ],
  "90": [],
  "91": [],
  "92": [],
  "93": [],
  "94": [
    [0.13137240174828008, 0.7632357610847802]
  ],
  "95": [],
  "96": [],
  "97": [],
  "98": [
    [-0.8766700995342656, 0.9108138900760394],
    [0.9698321918018371, 0.8445384135676982]
  ],
  "99": [],
  "100": [
    [0.6787616254949362, -0.9020673365424873]
  ]
}
