{
  "1": [],
  "2": [],
  "3": [],
  "4": [],
  "5": [],
  "6": [],
  "7": [],
  "8": [
    [-0.29921964623495834, 0.39743694252146794],
    [-0.08651082314137026, 0.8215360811424661],
    [0.34186385892007387, 0.6370311270086366]
  ],
  "9": [],
  "10": [
    [-0.3089274664076916, -0.7385434768239392]
  ],
  "11": [
    [-0.967042988558617, -0.8497713142798122]
  ],
  "12": [
    [-0.003668962025299909, -0.1651830546241713]
  ],
  "13": [
    [0.8781889846183429, -0.7183927586838257]
  ],
  "14": [
    [0.9849423686543988, -0.9910717980043297]
  ],
  "15": [],
  "16": [],
  "17": [
    [-0.7926046252793528, -0.8579038082079276]
  ],
  "18": [],
  "19": [
    [-0.9967635200856705, 0.48117993796712794],
    [0.9864785391353654, 0.4888841161606874]
  ],
  "20": [
    [-0.9290703015426915, -0.7263200954156656],
    [-0.9096039709318984, 0.7246906016343383],
    [-0.5455862519619559, 0.9488644175153286]
  ],
  "21": [],
  "22": [
    [-0.5842190074035908, -0.6901555657022475],
    [-0.584408112433091, 0.6898183964686122]
  ],
  "23": [],
  "24": [],
  "25": [],
  "26": [],
  "27": [],
  "28": [],
  "29": [
    [0.5848286912129775, 0.9971274512810391],
    [0.9661011236689706, 0.8257213640052371]
  ],
  "30": [
    [0.07359755976094359, -0.0757967333053856]
  ],
  "31": [],
  "32": [
    [0.6422545123393172, -0.7536661451180269]
  ],
  "33": [],
  "34": [],
  "35": [
    [0.8302210973054688, 0.831053548997673]
  ],
  "36": [],
  "37": [],
  "38": [],
  "39": [],
  "40": [
    [-0.9447726330536445, 0.424707745199145]
  ],
  "41": [
    [-0.9841134498495192, -0.29407170292303764]
  ],
  "42": [
    [-0.7909162993119, -0.872995162927392]
  ],
  "43": [
    [0.9968002819409146, -0.944937161018498]
  ],
  "44": [],
  "45": [],
  "46": [
    [0.9047118609028634, 0.9567305339471182]
  ],
  "47": [
    [-0.9993854981470508, -0.9497565769322828]
  ],
  "48": [
    [-0.9229294631532385, 0.5523111518048648],
    [0.9231445543202463, 0.5521000582449163]
  ],
  "49": [],
  "50": [],
  "51": [
    [-0.8653804047463505, -0.12791004444351267],
    [0.8653751888575336, -0.12789099484428257]
  ],
  "52": [],
  "53": [],
  "54": [
    [-0.8990867344599563, 0.8421297086777514]
  ],
  "55": [
    [-0.8208245584635472, -0.8411319233942077]
  ],
  "56": [],
  "57": [],
  "58": [
    [0.5213929109409345, -0.2676410075768891],
    [0.5213936926241759, 0.2676374947723905]
  ],
  "59": [],
  "60": [],
  "61": [
    [-0.8825729216286841, 0.7127551969761843]
  ],
  "62": [
    [0.9510572078859529, -0.9885492163477178]
  ],
  "63": [],
  "64": [],
  "65": [],
  "66": [],
  "67": [],
  "68": [],
  "69": [],
  "70": [],
  "71": [],
  "72": [
    [-0.6945778879405236, 0.21797388131750858]
  ],
  "73": [
    [-0.5775463686932854, -0.5579175408824681]
  ],
  "74": [
    [-0.9182033286326061, -0.8446113925752019],
    [-0.9085436386128374, 0.8634951856249944]
  ],
  "75": [],
  "76": [],
  "77": [],
  "78": [],
  "79": [],
  "80": [],
  "81": [],
  "82": [],
  "83": [
    [-0.9606221842911853, 0.7548190052853012]
  ],
  "84": [],
  "85": [
    [-0.8217560044880095, 0.72457680837522],
    [-0.8241450617932794, 0.5092140834072317],
    [0.7374787732035784, -0.7731143504994019],
    [0.8143481230092837, -0.5157070734721625]
  ],
  "86": [
    [-0.6412881363564512, 0.8490229075743184]
  ],
  "87": [
    [-0.6208242200253616, -0.12192221495860747]
  ],
  "88": [],
  "89": [
    [-0.9617295847694538, -0.40955050110647806],
    [-0.9666820785466566, 0.40446298888554444]
  ],
  "90": [],
  "91": [
    [0.7576570922331531, 0.8920097179913359]
  ],
  "92": [
    [0.39223696821168597, 0.39542871574069643]
  ],
  "93": [
    [0.9854342327522143, -0.60120054814382]
  ],
  "94": [],
  "95": [],
  "96": [],
  "97": [],
  "98": [
    [-0.3254983216685938, -0.8818081338209667],
    [-0.3481076626551608, 0.8720182819167654]
  ],
  "99": [
    [-0.7181641234422634, 0.6772291205620405],
    [0.6895114910460154, -0.6855038666054921]
  ],
  "100": []
}
