{
  "1": [],
  "2": [
    [-0.06740888787103434, 0.010309299864311623]
  ],
  "3": [],
  "4": [],
  "5": [],
  "6": [],
  "7": [
    [-0.9463408142707486, 0.7147181833596278]
  ],
  "8": [],
  "9": [],
  "10": [],
  "11": [],
  "12": [],
  "13": [],
  "14": [],
  "15": [],
  "16": [],
  "17": [],
  "18": [],
  "19": [],
  "20": [
    [-0.13664200640960814, 0.1749560006417744],
    [0.13664549007906848, -0.17495154027593027]
  ],
  "21": [],
  "22": [
    [-0.9801032482124592, -0.6574282303176732]
  ],
  "23": [],
  "24": [
    [0.4337387622318555, 0.8597003639159935]
  ],
  "25": [],
  "26": [],
  "27": [],
  "28": [
    [-0.49572885702922576, 0.4707375774628807]
  ],
  "29": [
    [-0.4065598703112549, -0.5040226455635256]
  ],
  "30": [],
  "31": [
    [-0.6375950905768059, 0.6107820778479476]
  ],
  "32": [],
  "33": [],
  "34": [],
  "35": [],
  "36": [
    [-0.6812996598476555, 0.00010220315646485358],
    [0.0002786307616849213, -0.24990412154738836],
    [0.6810210290859698, -0.00010224497153712388]
  ],
  "37": [
    [0.30079405940400306, -0.8387021339090608]
  ],
  "38": [],
  "39": [],
  "40": [
    [-0.8186531179482373, -0.3619062318049468],
    [0.9960898106828614, 0.3832222688855242]
  ],
  "41": [],
  "42": [
    [-0.6301549923954994, 0.23581143478435884],
    [0.6303273768091923, 0.23581798377262292]
  ],
  "43": [
    [0.5603002235977476, 0.8583995035557996]
  ],
  "44": [
    [-0.9649795984142217, -0.6709695984720938]
  ],
  "45": [],
  "46": [],
  "47": [],
  "48": [],
  "49": [
    [-0.7499039301399535, -0.025159681880667265],
    [0.7499039301399528, 0.025159681880667098]
  ],
  "50": [
    [0.8123732338818342, -0.1576062011603478],
    [0.8123732338818341, 0.157606201160348]
  ],
  "51": [],
  "52": [
    [-0.5830600170400057, -0.8663960971784248],
    [0.6338641119415178, -0.8378838854744467]
  ],
  "53": [
    [-0.9847339352254686, 0.9264440775962615]
  ],
  "54": [],
  "55": [],
  "56": [
    [-0.8394988855191636, -0.7761228691000549]
  ],
  "57": [
    [-0.7581626289645594, 0.7167296280341019],
    [0.8434397575293481, 0.7907472505017675]
  ],
  "58": [
    [-0.8329069841007006, -0.9101359317841816],
    [0.8126584124378639, -0.6959123000528585]
  ],
  "59": [
    [-0.9755220562012739, -0.5779440404291607]
  ],
  "60": [],
  "61": [],
  "62": [
    [-0.9654346294080939, -0.7001782841307977]
  ],
  "63": [],
  "64": [
    [-0.23591619823864096, -0.821376199224335],
    [0.23591511074055282, 0.8213769562644113]
  ],
  "65": [],
  "66": [],
  "67": [
    [-0.6971967314377795, -0.08066611273029574]
  ],
  "68": [
    [-0.7750874362947352, -0.5301024608204746]
  ],
  "69": [
    [-0.8819292383766191, 0.4699777272920105]
  ],
  "70": [],
  "71": [],
  "72": [],
  "73": [],
  "74": [
    [0.9879940702767681, -0.7978271445922803],
    [0.9779507123896901, 0.990172511562123]
  ],
  "75": [
    [0.6155331082943609, -0.764508857259318]
  ],
  "76": [],
  "77": [],
  "78": [],
  "79": [],
  "80": [],
  "81": [],
  "82": [],
  "83": [
    [-0.5271349205667073, -0.7336042286129524]
  ],
  "84": [
    [-0.9259536861602828, 0.9898711759254194],
    [-0.7843242884459117, 0.9381189274318421],
    [0.7088196930718792, 0.9611357191944964]
  ],
  "85": [
    [0.9289421536942704, -0.947622711813113],
    [0.9696805184104037, 0.9698987845980721]
  ],
  "86": [],
  "87": [],
  "88": [],
  "89": [],
  "90": [
    [0.42760081768064695, -0.8202710011361004]
  ],
  "91": [],
  "92": [],
  "93": [],
  "94": [],
  "95": [],
  "96": [
    [0.9103938956452433, -0.933311708148302],
    [0.979329178408027, -0.48695669994993]
  ],
  "97": [],
  "98": [],
  "99": [],
  "100": []
}
