{
  "1": [
    [-0.3857525078867845, 0.9141476663038814],
    [0.865775017265455, 0.7936108080452952]
  ],
  "2": [
    [0.40158566424084857, -0.9500219349887341],
    [-0.5580389321542939, -0.10663003177477168],
    [0.55984069509966, -0.1068578050573308],
    [0.4228518607150453, 0.9940984802173076]
  ],
  "3": [
    [0.9714116028241145, -0.08678540384390389]
  ],
  "4": [
    [-0.020470026822122282, 0.8257430842570299]
  ],
  "5": [
    [0.6671976831286819, 0.9549884267195566]
  ],
  "6": [
    [0.3613781024265349, 0.06322329509884328],
    [-0.36149928047191693, 0.06320782062859114]
  ],
  "7": [],
  "8": [
    [-0.05953320954927763, -0.8650351395009483],
    [0.060704574227066654, 0.8822072035729911]
  ],
  "9": [
    [-0.8350225432102104, -0.47903076640126385],
    [0.37466780425876883, -0.6332278712706632]
  ],
  "10": [],
  "11": [],
  "12": [],
  "13": [],
  "14": [],
  "15": [
    [0.21333847348320917, -0.24755981735993368],
    [0.213450194013122, 0.24771272202029426]
  ],
  "16": [
    [0.032783213774187324, -0.890748160297749],
    [-0.5888719477941794, 0.04913659210991441],
    [0.5888368616484063, -0.049845892990003]
  ],
  "17": [],
  "18": [],
  "19": [],
  "20": [
    [-0.2847968777009818, 0.5176059723063068],
    [0.23520506592605867, 0.48623960000897615],
    [0.5195720298362584, 0.12117023242404897]
  ],
  "21": [
    [0.046638801246741725, 0.029697006052220164]
  ],
  "22": [
    [-0.8040038813783925, -0.9781819180972687],
    [-0.027397230271478484, 0.44209576513421533]
  ],
  "23": [],
  "24": [],
  "25": [],
  "26": [
    [0.9818050494660628, 0.8445318541281671]
  ],
  "27": [],
  "28": [
    [0.09689008253722811, -0.11154593489893905],
    [0.09689783730702882, 0.11174432006125108]
  ],
  "29": [
    [-0.6124462458994727, 0.7155194841803454]
  ],
  "30": [
    [-0.436567227254735, 0.7410237031674577],
    [0.599525182225365, 0.5199103745343872]
  ],
  "31": [
    [-0.7947678321458972, 0.7046953734060358],
    [0.9758900790919572, 0.4074131123291507]
  ],
  "32": [
    [0.006367588575557445, -0.6539163610104586],
    [0.006367729992264936, 0.634491949204778]
  ],
  "33": [],
  "34": [
    [-0.5314501993757108, -0.9680497071488141],
    [-0.8582253856573471, 0.1021328483025158]
  ],
  "35": [],
  "36": [
    [-0.45032852771933346, -0.9888414662795453]
  ],
  "37": [],
  "38": [
    [0.3996816252862696, 0.8762658025778335]
  ],
  "39": [
    [-0.3972612708281781, -0.6627218255285944]
  ],
  "40": [
    [-0.16647634087960883, -0.026887242844502585]
  ],
  "41": [
    [0.5914587173192467, -0.8945843791556585]
  ],
  "42": [
    [0.24675463451778373, 0.08241926445589937]
  ],
  "43": [],
  "44": [
    [-0.6168323421442968, 0.8532873849235176]
  ],
  "45": [
    [-0.140302258249111, 0.14942913926229795],
    [0.46452959131356036, 0.16264726061306292]
  ],
  "46": [],
  "47": [
    [0.1807117774105106, -0.6614443588762304],
    [0.7096227582613566, -0.6790690715949641]
  ],
  "48": [],
  "49": [
    [-0.5827599662240025, -0.04775640964603257],
    [0.30973461590281254, -0.04780059174375002],
    [0.39245292501598367, -0.047806559041510294]
  ],
  "50": [
    [0.9827029335745167, 0.46567966888208434]
  ],
  "51": [],
  "52": [
    [-0.23940519951590383, 0.8250066676763611]
  ],
  "53": [],
  "54": [],
  "55": [
    [-0.6245944436394869, -0.00899148607929108]
  ],
  "56": [
    [-0.41012770958246975, 0.6492414621551647],
    [0.6671618447188014, 0.6122472346188718]
  ],
  "57": [
    [-0.13007427256296614, 0.15204129377452816]
  ],
  "58": [
    [-0.29125317009543494, 0.5534163050652247],
    [0.720646815331423, -0.28322127789450363]
  ],
  "59": [],
  "60": [],
  "61": [],
  "62": [],
  "63": [],
  "64": [
    [0.6209380465442086, -0.9426396757812606]
  ],
  "65": [
    [0.742088956830634, -0.08571352011652675],
    [0.1345891188741174, -0.160709562730475]
  ],
  "66": [],
  "67": [
    [-0.4764588047389866, -0.6663181371487965]
  ],
  "68": [],
  "69": [
    [0.5558718079103153, -0.2006077431840589],
    [-0.5130549009958817, -0.19376221696506793]
  ],
  "70": [],
  "71": [
    [-0.5781773448448473, 0.657168436956515],
    [0.9287931496975407, -0.5512285084371237]
  ],
  "72": [
    [0.2513504049047245, -0.518840306264256]
  ],
  "73": [],
  "74": [
    [-0.7935420370639197, -0.8915940849776341],
    [-0.11658618898624785, 0.08359626917331381]
  ],
  "75": [],
  "76": [],
  "77": [
    [0.7754894522789331, 0.6898421528643801]
  ],
  "78": [
    [-0.06632932537173118, -0.6168191404944078],
    [-0.07321744323354475, 0.727966645726237]
  ],
  "79": [],
  "80": [
    [-0.08517950272192862, -0.08666346271070316]
  ],
  "81": [
    [-0.1156552430577545, 0.8189910229882702],
    [0.5731845820233644, -0.5118654341957203],
    [0.8348633516544283, -0.5733924862793304]
  ],
  "82": [
    [0.15299825048500687, -0.2674683547818196]
  ],
  "83": [
    [0.104337114593416, 0.7656639939505533]
  ],
  "84": [],
  "85": [],
  "86": [
    [-0.6054001873605148, -0.20593852439430427],
    [0.5452088006383068, -0.24620722479746862]
  ],
  "87": [],
  "88": [],
  "89": [
    [0.9930761334943168, -0.3190829253536629]
  ],
  "90": [],
  "91": [
    [-0.1603102249006293, -0.7819569225395959],
    [-0.5669160582309303, -0.21557358227024156],
    [-0.7626362514181865, 0.6290236961594433],
    [0.18208183715722107, 0.7662311259528293],
    [0.7606302374228913, 0.7227421721205108]
  ],
  "92": [
    [-0.10377804789698201, 0.368168774085398]
  ],
  "93": [
    [0.4859623030871568, -0.9348941859885321],
    [0.26669366689780194, -0.7729738362157212],
    [0.5726118047352021, -0.690986229116726],
    [0.7755524439966565, -0.16524263427051838],
    [0.5181818209411987, 0.8404348183042271],
    [0.2713437506121235, 0.9052789120901839]
  ],
  "94": [],
  "95": [],
  "96": [
    [0.4000896493391041, 0.902942315241912]
  ],
  "97": [],
  "98": [
    [-0.3823822620121663, -0.12420171992600115]
  ],
  "99": [],
  "100": [
    [-0.7584500111704616, 0.8321265258529225],
    [0.8749158043181452, -0.7768898095833556]
  ]
}
