{
  "1": [],
  "2": [],
  "3": [],
  "4": [
    [-0.863540775284299, 0.9238469972648147]
  ],
  "5": [],
  "6": [],
  "7": [
    [0.7607240414122518, -0.854374823903174],
    [0.8553112605236421, 0.8572262522367569]
  ],
  "8": [
    [-0.42044798771144426, -0.91047823102403]
  ],
  "9": [
    [0.8374746619104141, -0.9569620408774968]
  ],
  "10": [],
  "11": [],
  "12": [],
  "13": [],
  "14": [],
  "15": [],
  "16": [],
  "17": [],
  "18": [
    [-0.855792864788824, -0.9126872369752019],
    [-0.9052654457827471, 0.8889879649364238]
  ],
  "19": [
    [-0.9170958478822189, -0.6455920682089316],
    [-0.9178970679346005, 0.6351177750325521]
  ],
  "20": [
    [-0.9839299331116552, -0.8723937288862366]
  ],
  "21": [],
  "22": [],
  "23": [],
  "24": [
    [0.9337340499546627, -0.9087604859129265],
    [0.9014658763387611, -0.7518122731716083]
  ],
  "25": [],
  "26": [],
  "27": [],
  "28": [],
  "29": [
    [-0.33674644971269824, -0.3365813541732757]
  ],
  "30": [],
  "31": [],
  "32": [
    [-0.3189751795927148, 0.10414679669414481]
  ],
  "33": [
    [-0.9975266726783477, -0.6303417420709827]
  ],
  "34": [
    [-0.99868032418543, 0.9985952862277048]
  ],
  "35": [],
  "36": [],
  "37": [],
  "38": [],
  "39": [],
  "40": [],
  "41": [],
  "42": [],
  "43": [],
  "44": [],
  "45": [],
  "46": [],
  "47": [
    [0.7327006722396288, -0.9976845819552188]
  ],
  "48": [],
  "49": [],
  "50": [],
  "51": [],
  "52": [],
  "53": [
    [-0.5393060165104552, -0.6216391859560773]
  ],
  "54": [],
  "55": [
    [0.8201483496136168, -0.9366805412754333],
    [0.6918231629738694, -0.3810951102736572],
    [0.8027701332962219, 0.9694485216696894],
    [0.6918230919632061, 0.3811063412677639]
  ],
  "56": [],
  "57": [],
  "58": [],
  "59": [
    [-0.7316602282993371, 0.8736604005611494]
  ],
  "60": [],
  "61": [],
  "62": [],
  "63": [
    [-0.9770212610343024, 0.7747183739174266],
    [0.9830176633928066, -0.7265137951204116]
  ],
  "64": [],
  "65": [
    [0.945521515705166, -0.6212270806276511]
  ],
  "66": [],
  "67": [
    [0.7366994850498656, -0.12602188094601907]
  ],
  "68": [],
  "69": [],
  "70": [
    [-0.9573308496731902, 0.9807390939769032]
  ],
  "71": [
    [-0.7670984598518416, -0.7434947369013878],
    [0.7256181265807465, 0.8004685561469925]
  ],
  "72": [],
  "73": [
    [-0.9635777626270551, -0.9345249283777526]
  ],
  "74": [
    [0.9852040043079483, -0.522758961538987]
  ],
  "75": [],
  "76": [],
  "77": [],
  "78": [],
  "79": [],
  "80": [
    [-0.434765987962364, -0.852582011876558]
  ],
  "81": [],
  "82": [],
  "83": [],
  "84": [
    [-0.8397331591331052, -0.7986585496470084],
    [-0.9506514102836131, 0.6948646359074067]
  ],
  "85": [
    [0.8710860364986328, -0.9039174675123751]
  ],
  "86": [
    [-0.9796524137436954, -0.9520476167245462],
    [-0.6009962549031551, 0.4492398898636636],
    [0.6009962549031547, -0.4492398898636642],
    [0.9796524137436955, 0.9520476167245462]
  ],
  "87": [],
  "88": [
    [-0.7808286131808851, -0.9664688516993534]
  ],
  "89": [
    [0.5794687891819645, 0.9172411471500225]
  ],
  "90": [
    [-0.8195009538736497, -0.8820847698529483],
    [-0.844110387446166, 0.9791530029226752],
    [-0.8673212963903489, 0.9035133463345796],
    [0.945030371852335, 0.7515367074325937]
  ],
  "91": [
    [-0.6858194673035993, -0.7624683508649099],
    [0.6758245384795774, -0.7627663793080897]
  ],
  "92": [],
  "93": [],
  "94": [],
  "95": [],
  "96": [],
  "97": [
    [-0.8370690798808175, -0.7012916618871661],
    [-0.8397719851727358, 0.6930752861592434]
  ],
  "98": [],
  "99": [],
  "100": [
    [-0.9603017988511003, 0.9717998155295478]
  ]
}
