{
  "1": [
    [-0.9005980190845757, 0.9437397534284766]
  ],
  "2": [
    [-0.9403194191178116, -0.9960504972928448]
  ],
  "3": [
    [-0.1971269347966316, -0.768146544494739],
    [0.19712149689688002, -0.768155019958199]
  ],
  "4": [
    [-0.3398089943358575, 0.4124824719529567],
    [0.3408311399291248, -0.4120696238634604]
  ],
  "5": [],
  "6": [],
  "7": [],
  "8": [
    [-0.8445975904521964, 0.8550898653877906]
  ],
  "9": [],
  "10": [],
  "11": [],
  "12": [],
  "13": [
    [-0.4938739428552343, 0.8210146851051631]
  ],
  "14": [],
  "15": [],
  "16": [],
  "17": [
    [0.9870079974264833, 0.9957287144038247]
  ],
  "18": [],
  "19": [],
  "20": [],
  "21": [
    [-0.32291245285621895, -0.6797111982954022]
  ],
  "22": [],
  "23": [],
  "24": [
    [-0.1852830812850095, -0.25816930592873283],
    [0.18159757133882212, 0.2742090553013896]
  ],
  "25": [],
  "26": [
    [-0.8739233763855014, -0.8724530334151525],
    [-0.7577049327928594, -0.6195730674037527],
    [0.6863612801773735, -0.6143029218301463]
  ],
  "27": [
    [0.206586476969961, 0.8591053027683888]
  ],
  "28": [],
  "29": [],
  "30": [],
  "31": [],
  "32": [
    [0.7262341358986397, 0.9941990292883324]
  ],
  "33": [
    [0.6758595352978909, -0.7389280184523376]
  ],
  "34": [
    [0.7042437300249712, 0.18197884541393541]
  ],
  "35": [],
  "36": [],
  "37": [],
  "38": [],
  "39": [
    [0.8449314746132014, -0.5158530041737398],
    [0.9504901323873898, 0.5517709361254841]
  ],
  "40": [
    [-0.9368980345580898, 0.7845498623622463],
    [0.7723376472737121, -0.7347937980543642]
  ],
  "41": [],
  "42": [],
  "43": [
    [0.8667128834168203, -0.9639884442113715],
    [0.8558739320653131, 0.9777320819572115]
  ],
  "44": [],
  "45": [],
  "46": [],
  "47": [],
  "48": [],
  "49": [
    [0.952720953846428, -0.9324402982860596],
    [0.8768962043656862, 0.8075672691345529]
  ],
  "50": [
    [-0.7214588942157847, 0.998723048924367],
    [0.8587903609238282, -0.8747340117545243]
  ],
  "51": [],
  "52": [],
  "53": [
    [-0.909687502673764, -0.8387521188650657],
    [0.8892897285186928, -0.8487416502872444]
  ],
  "54": [
    [0.915072228046829, -0.7945207437062498]
  ],
  "55": [],
  "56": [],
  "57": [],
  "58": [
    [-0.877866431081751, 0.9475380279673625],
    [0.9502940564090646, 0.8946107685950335]
  ],
  "59": [],
  "60": [],
  "61": [],
  "62": [],
  "63": [],
  "64": [],
  "65": [],
  "66": [],
  "67": [],
  "68": [],
  "69": [],
  "70": [],
  "71": [
    [0.09666743125084674, -0.8636635876080432]
  ],
  "72": [],
  "73": [],
  "74": [
    [0.935595032781796, -0.21533356128125392]
  ],
  "75": [
    [-0.9382163125111785, 0.9679129575405504],
    [0.7717004632973323, -0.9694752187330804]
  ],
  "76": [],
  "77": [],
  "78": [
    [-0.7626072795034504, -0.716197608373758]
  ],
  "79": [],
  "80": [],
  "81": [],
  "82": [
    [0.8057586011474887, -0.863092168633863]
  ],
  "83": [
    [-0.7665563243972175, -0.950245126841891],
    [-0.5581674729439033, 0.8652455773595519]
  ],
  "84": [
    [0.9974371354290068, -0.8411926361755623]
  ],
  "85": [],
  "86": [],
  "87": [],
  "88": [],
  "89": [],
  "90": [
    [0.7045090351952639, 0.9683819618154408]
  ],
  "91": [],
  "92": [
    [-0.9640624874934929, 0.6604678681642147]
  ],
  "93": [],
  "94": [],
  "95": [],
  "96": [
    [0.7117099761423179, -0.9849313574846654]
  ],
  "97": [],
  "98": [],
  "99": [],
  "100": []
}
