{
  "1": [
    [0.763802933689877, 0.8507766616996283],
    [0.07071570625525699, 0.35459199685108744],
    [0.07021239331940965, -0.35266306070550013]
  ],
  "2": [
    [0.7100160368171721, -0.9202405921371677],
    [-0.36461350740106835, 0.08284738253183432],
    [0.3641620334961109, 0.08326277691002847]
  ],
  "3": [
    [0.29447921933187166, -0.41214757103572425],
    [0.5372319166473675, -0.7775521567419555],
    [0.8776461673449673, 0.44440207599865994]
  ],
  "4": [
    [0.22477931184201883, -0.6493589049856481],
    [-0.16040465152262318, -0.8492765842185741],
    [0.6357949698444815, 0.49266887430711503]
  ],
  "5": [
    [0.6528313513756623, 0.4396484410251496]
  ],
  "6": [
    [0.05648822622052527, -0.47343634614529995]
  ],
  "7": [
    [-0.5381506403927621, -0.19730640355298817],
    [0.539965070003513, -0.20823453994099891]
  ],
  "8": [
    [-0.5307696864025506, -0.007644802503705569]
  ],
  "9": [],
  "10": [
    [-0.8453527457467412, 0.9217082459625677]
  ],
  "11": [
    [-0.5409863959598672, 0.7067941197484424],
    [0.9769273097940429, -0.6364396325913844],
    [0.7018244786773763, 0.8281783380894533]
  ],
  "12": [
    [-0.7336901251902386, -0.06367074367860227],
    [0.7444839613815233, 0.06205307307633347]
  ],
  "13": [],
  "14": [
    [0.857960695625027, -0.13204607557708442],
    [0.5547989276742704, 0.11235530707292755]
  ],
  "15": [],
  "16": [
    [-0.2920872526273426, 0.8117135129518827]
  ],
  "17": [
    [0.6886794989660716, -0.4694355831419188]
  ],
  "18": [
    [-0.4185760699697593, -0.9580459238746049]
  ],
  "19": [
    [-0.36502374677932115, -0.2319035794541706]
  ],
  "20": [],
  "21": [
    [-0.7824063547472475, -0.02198309444188821]
  ],
  "22": [],
  "23": [
    [-0.05622475473589598, 0.47183027382757153],
    [0.6923176539911353, -0.038106178272822026]
  ],
  "24": [
    [-0.6059353919339552, 0.44978281436340367],
    [0.576713726402611, 0.411129214377401]
  ],
  "25": [
    [0.8280300713607889, -0.9050526503815904],
    [0.8225819108553345, 0.076995839282759],
    [0.6970267112897023, 0.9554931178500627]
  ],
  "26": [
    [-0.06955085920904339, 0.8737976480949174],
    [0.35687741989223865, 0.8172226942180808]
  ],
  "27": [],
  "28": [
    [-0.7157778393576184, -0.3247185017995914],
    [-0.8288791291397088, 0.30578875752231394],
    [0.6845900843190049, -0.32947504138499056],
    [0.8747853590886221, 0.2989025612611988]
  ],
  "29": [
    [-0.42477409933337723, 0.24402051964438942]
  ],
  "30": [
    [0.4908319082373349, 0.14967970199641248]
  ],
  "31": [
    [-0.09999126520282016, 0.9058980816394345]
  ],
  "32": [
    [-0.859448105631455, -0.6299386483083397],
    [0.0483767591030309, -0.5648827875102618],
    [0.7996426822214548, -0.6455260889903696],
    [0.0481232943162602, 0.565058011953645]
  ],
  "33": [
    [-0.7770736802086667, 0.054260922066487506],
    [-0.8654893953925602, 0.6942942473229807],
    [0.4843984312395854, 0.05416074945206942]
  ],
  "34": [],
  "35": [],
  "36": [
    [-0.9313576916793824, 0.09841598602359082],
    [0.3100949065151103, -0.40549334362276246]
  ],
  "37": [],
  "38": [
    [-0.03289405637658039, -0.47267006193779076]
  ],
  "39": [
    [-0.39372207733071696, 0.17558060036152007]
  ],
  "40": [
    [0.3712919623285789, -0.7163432688969634]
  ],
  "41": [
    [-0.13931112220007744, 0.634285748114026],
    [0.4114334385138369, -0.2107690105897159],
    [0.9342147644303206, -0.9872211579078879]
  ],
  "42": [],
  "43": [
    [0.4784382610652607, -0.4504950503951245]
  ],
  "44": [
    [-0.1642454978123465, -0.006148736949566027],
    [0.21167064757052387, 0.024215334278603555]
  ],
  "45": [
    [0.06861487688906182, -0.7300150933712587]
  ],
  "46": [],
  "47": [],
  "48": [],
  "49": [],
  "50": [
    [-0.9913704196871296, 0.18163303440783304],
    [-0.6360884485891619, 0.7581994657397106],
    [0.9913704196871296, 0.18163303440783307],
    [0.6360884485891615, 0.7581994657397106]
  ],
  "51": [],
  "52": [
    [0.49584183306392016, -0.8969465718959342]
  ],
  "53": [
    [-0.7490241680007124, -0.23185132476133702]
  ],
  "54": [
    [-0.4240802768113995, 0.03532130162470191]
  ],
  "55": [],
  "56": [],
  "57": [
    [-0.051281594366441016, -0.6491129564741874],
    [-0.03892402582471223, 0.7477327922229424]
  ],
  "58": [
    [-0.35575518715476684, -0.6320565134727752],
    [0.46049239218752613, 0.4655092267062633]
  ],
  "59": [
    [0.8419247838278713, -0.6947021947223098]
  ],
  "60": [
    [0.020853868374625776, 0.35306259800417855]
  ],
  "61": [],
  "62": [],
  "63": [
    [0.31876921621922966, -0.6159109675971772],
    [-0.3338446481956606, -0.35478094028127244],
    [-0.3338841701414537, 0.3564283977518693],
    [0.3186202388366017, 0.6204596579740154]
  ],
  "64": [
    [0.004049816485484139, -0.7339425620779836],
    [0.5477404057107692, 0.4260634987928213]
  ],
  "65": [],
  "66": [
    [-0.35824843501895154, 0.7494841115777264]
  ],
  "67": [
    [-0.03375399720712912, 0.053883348928909176],
    [0.03374740524851727, 0.05388334722377438],
    [0.9349613024568068, 0.057720767637663664]
  ],
  "68": [],
  "69": [
    [-0.3160397576172808, -0.581816604606228],
    [-0.723817246847726, -0.5765092373485698]
  ],
  "70": [
    [-0.6160017530049625, -0.6800475919620707],
    [-0.09634551604246634, -0.5508670342721108]
  ],
  "71": [
    [0.363642003786455, -0.1606004068000263]
  ],
  "72": [
    [0.025744050404205188, -0.28311343278424383]
  ],
  "73": [],
  "74": [],
  "75": [],
  "76": [
    [0.06631713229892627, 0.6018588243060439]
  ],
  "77": [],
  "78": [
    [0.08414781059988312, -0.3601353815861925]
  ],
  "79": [],
  "80": [
    [-0.44356383635025154, -0.8260090542442697],
    [0.36828173716824225, -0.7402409937165338]
  ],
  "81": [
    [-0.8812920025287126, 0.21937191715139115],
    [0.8288349954518635, -0.19007551862919023],
    [0.09032173837918633, 0.7627237838578322]
  ],
  "82": [
    [-0.8578222040396088, 0.08250854717725463],
    [0.8738592016923886, 0.08081102245720653]
  ],
  "83": [],
  "84": [
    [0.14394269486069536, 0.9075279990563286]
  ],
  "85": [],
  "86": [
    [-0.21175036251420776, -0.24640306287968217],
    [0.6115549693936146, -0.577960520997196],
    [0.6909489170587149, 0.4746126698156048],
    [0.7659168125545911, 0.1223192511603003]
  ],
  "87": [
    [-0.5289989012119024, 0.06732516658466861]
  ],
  "88": [
    [-0.42965135386505127, -0.6641537653942081],
    [-0.4393132682888762, 0.8166605857175401]
  ],
  "89": [
    [-0.007375654752393425, -0.0394030106468051],
    [0.14841055322086977, -0.02748638372222293]
  ],
  "90": [
    [-0.6570991713683219, -0.5923988561903833]
  ],
  "91": [
    [-0.664917195998953, 0.04753822684263058]
  ],
  "92": [],
  "93": [
    [-0.7475513115410855, -0.06801999442557295],
    [0.7475513115410851, -0.06801999442557297]
  ],
  "94": [
    [-0.04366810198064195, 0.6747886014118037]
  ],
  "95": [
    [0.7227428503509722, 0.35949158952434324]
  ],
  "96": [],
  "97": [],
  "98": [
    [-0.39065646729072045, 0.5672349935291108],
    [0.9361125647836628, -0.7544780621422005]
  ],
  "99": [
    [0.7441842692324013, 0.5018686991112569]
  ],
  "100": [
    [0.48252459029237343, -0.18101773382024622]
  ]
}
