{
  "1": [],
  "2": [],
  "3": [
    [-0.1935828955467806, -0.5890354662150082]
  ],
  "4": [],
  "5": [],
  "6": [],
  "7": [],
  "8": [],
  "9": [
    [-0.747894753073277, 0.6543772352555886],
    [0.8435666485116703, -0.7731457140666659]
  ],
  "10": [
    [-0.7573995070743093, -0.8764603560031881]
  ],
  "11": [],
  "12": [],
  "13": [
    [-0.6134413657332932, -0.6508162712034603]
  ],
  "14": [
    [0.8832928856421882, -0.9671508247221405]
  ],
  "15": [],
  "16": [],
  "17": [],
  "18": [],
  "19": [],
  "20": [
    [0.5586368280854085, -0.6895818732930294]
  ],
  "21": [
    [-0.4001719007303541, 0.9862784836652282]
  ],
  "22": [
    [0.24949890104286163, 0.904253477864651]
  ],
  "23": [],
  "24": [],
  "25": [],
  "26": [],
  "27": [
    [-0.8108664256427277, -0.7563462661206324]
  ],
  "28": [
    [0.4775131548464816, 0.07774638540436853]
  ],
  "29": [],
  "30": [
    [0.7972106205068358, -0.8075528056511196],
    [0.9248825319274582, -0.8566127213126113]
  ],
  "31": [],
  "32": [
    [0.5867441730811096, 0.9286243639542098]
  ],
  "33": [],
  "34": [],
  "35": [
    [-0.56537789059905, -0.5687250920901281],
    [0.5653353868315071, -0.568633655897552]
  ],
  "36": [
    [-0.9295126010914291, 0.506649324851391]
  ],
  "37": [],
  "38": [
    [-0.7478554127760042, -0.7159699568464387],
    [0.7693121246218672, 0.6955838410970454]
  ],
  "39": [],
  "40": [
    [0.5446712334275241, 0.9607219896815439]
  ],
  "41": [],
  "42": [],
  "43": [],
  "44": [],
  "45": [],
  "46": [],
  "47": [],
  "48": [],
  "49": [],
  "50": [
    [-0.40595331351450964, -0.8448046136409827],
    [0.4072269902337267, 0.8492637963441931]
  ],
  "51": [
    [0.7740333794077265, -0.9630032974115406],
    [0.7958878341561476, 0.8797070411329471]
  ],
  "52": [
    [0.8358318148262673, -0.9144713013849378],
    [0.762311939983655, 0.9638964200316081]
  ],
  "53": [
    [-0.9895179578493651, 0.7193094946464859]
  ],
  "54": [],
  "55": [],
  "56": [],
  "57": [
    [-0.4719389554639427, 0.8751039366823169],
    [0.8617151048992219, -0.667142331530627]
  ],
  "58": [
    [-0.7888921255103873, 0.6004262507482354],
    [0.7888921255103875, 0.6004262507482351]
  ],
  "59": [],
  "60": [],
  "61": [
    [0.8401262913273756, -0.925687380185014],
    [0.4370615400263271, -0.9968923480315981],
    [0.5871025433310278, 0.9114888530355617]
  ],
  "62": [],
  "63": [
    [0.9605174012217595, -0.9769717639868493]
  ],
  "64": [],
  "65": [
    [-0.4474167435063617, -0.6361079557625414],
    [0.46237223309103687, 0.5760227903008144]
  ],
  "66": [
    [-0.9039862747848612, 0.7822899107118321],
    [0.9208300426458149, -0.6189109406749007]
  ],
  "67": [],
  "68": [
    [-0.9587483866479652, 0.8559340377767302]
  ],
  "69": [
    [-0.9086805400476315, 0.7441103481222769]
  ],
  "70": [],
  "71": [],
  "72": [],
  "73": [
    [-0.8406601104520056, 0.8205502812492905]
  ],
  "74": [
    [0.5264742589768506, -0.6993956962366792],
    [0.5264742589768505, 0.6993956962366791]
  ],
  "75": [
    [0.9783334774651451, 0.8300094654960624]
  ],
  "76": [],
  "77": [],
  "78": [],
  "79": [],
  "80": [],
  "81": [
    [-0.86060415089156, -0.9709135099594712],
    [0.9785117256534819, 0.8061531666888585],
    [0.7975466759476174, 0.8853612592382499]
  ],
  "82": [],
  "83": [],
  "84": [
    [0.8895424338160828, 0.9653014398644182]
  ],
  "85": [
    [-0.44838337110722, -0.6622553401727236],
    [-0.44845732365384366, 0.6622393121477175],
    [0.44838337110722, -0.6622553401727235],
    [0.44845732365384355, 0.6622393121477173]
  ],
  "86": [
    [-0.7208224950776931, -0.734003791063279]
  ],
  "87": [],
  "88": [],
  "89": [],
  "90": [],
  "91": [],
  "92": [
    [0.7186641445674273, 0.5036139876523225]
  ],
  "93": [],
  "94": [],
  "95": [
    [0.7699061404741143, -0.9187119908471586],
    [0.5949805149121192, 0.9042209796975836]
  ],
  "96": [],
  "97": [],
  "98": [
    [-0.7579847187035212, 0.8910718574535306]
  ],
  "99": [],
  "100": []
}
