{
  "1": [],
  "2": [],
  "3": [],
  "4": [
    [-0.6477111736518739, -0.6687499762628261],
    [-0.7824005343499346, 0.684313865232906]
  ],
  "5": [
    [-0.7315609823895898, -0.8337653931053333],
    [-0.8057553697421802, 0.8964713975890581],
    [0.2335468370391545, -0.927412928849444],
    [0.26770234525403425, 0.8902861735358898]
  ],
  "6": [],
  "7": [
    [0.9678477267590125, 0.4404857770208041]
  ],
  "8": [],
  "9": [],
  "10": [
    [0.864020560058556, -0.7081462859906805],
    [0.9101126575325655, 0.5627099923308959]
  ],
  "11": [
    [0.9409684926497563, -0.9125617582629375]
  ],
  "12": [],
  "13": [],
  "14": [],
  "15": [
    [-0.9158620966498068, 0.9568027983423713],
    [-0.7032403081154172, 0.8243422319064386]
  ],
  "16": [],
  "17": [
    [-0.7831310504369715, -0.45934861047500114],
    [-0.7825813166279644, 0.4570123526414818]
  ],
  "18": [
    [0.774481719008051, -0.5885237161415531],
    [0.7747540006484019, 0.5762630087708156]
  ],
  "19": [],
  "20": [
    [-0.5311784983170469, -0.9805206807172597],
    [0.8378103197982564, -0.8928940433118555]
  ],
  "21": [],
  "22": [],
  "23": [],
  "24": [],
  "25": [
    [-0.08293717743159791, -0.22540799590264676]
  ],
  "26": [],
  "27": [],
  "28": [],
  "29": [
    [0.7904877873363007, -0.9419781026822157]
  ],
  "30": [],
  "31": [],
  "32": [
    [-0.30515324239032005, 0.5635212575075537]
  ],
  "33": [],
  "34": [],
  "35": [],
  "36": [],
  "37": [],
  "38": [],
  "39": [
    [-0.12960599113076757, -0.028376339028752813]
  ],
  "40": [],
  "41": [
    [-0.5025580315407224, 0.9473243851588015]
  ],
  "42": [],
  "43": [],
  "44": [],
  "45": [
    [-0.6144079057272952, 0.7329207336526461],
    [0.7882745754548193, 0.8191033625432762]
  ],
  "46": [],
  "47": [
    [-0.8075823332729144, 0.365394237175414],
    [0.8085907458777788, 0.35790573638813095]
  ],
  "48": [],
  "49": [
    [-0.8651976825431252, 0.6807204607864341],
    [-0.7861391752996778, 0.9903815186099606],
    [-0.7367983740211028, 0.544721221680898],
    [0.7315002334482555, 0.5353645029552223],
    [0.9184150479392129, 0.673716819505305]
  ],
  "50": [],
  "51": [
    [-0.6602641795149472, -0.8837802708983232]
  ],
  "52": [
    [-0.5399765195730537, -0.7125805578086881],
    [-0.5405959892680581, 0.7246954759777927]
  ],
  "53": [
    [-0.7717956896149559, -0.9440122727283126],
    [-0.5436330289426776, 0.8993760988782619],
    [0.7674747309521589, -0.9514785498166202],
    [0.5446701402810946, 0.8978798433811239]
  ],
  "54": [],
  "55": [],
  "56": [],
  "57": [],
  "58": [],
  "59": [],
  "60": [
    [0.9894815686713639, -0.9502834004621795]
  ],
  "61": [],
  "62": [
    [0.5987025035005177, -0.9843999043644946]
  ],
  "63": [],
  "64": [
    [-0.8796194182909218, -0.5952967638068901],
    [-0.9120545013846573, -0.3792143879162658],
    [-0.8614336898228048, 0.3654684410040602],
    [0.8632511211134996, -0.6409532253756253],
    [0.8695772525081612, -0.4232040295079438],
    [0.9251190975293383, 0.3253234392464692]
  ],
  "65": [
    [0.08734929121505135, -0.12112462855492087]
  ],
  "66": [],
  "67": [],
  "68": [],
  "69": [
    [-0.6461383229001217, 0.21674677280059265]
  ],
  "70": [
    [-0.8601355836759499, 0.30708155806890347],
    [0.6750324098826402, -0.39110623736377276]
  ],
  "71": [
    [-0.922491196590124, -0.6140835400995068],
    [-0.8551719617382543, 0.6604997214892265]
  ],
  "72": [
    [-0.6268455586644379, 0.3718661912282069]
  ],
  "73": [
    [-0.5121936967224385, 0.3285060933509632],
    [0.48042735531233227, -0.32879643211344556]
  ],
  "74": [
    [0.6575643324244465, -0.7388144137139734],
    [0.492240945498213, 0.9006654569148969]
  ],
  "75": [],
  "76": [],
  "77": [
    [-0.6988691062046748, -0.8006421624301262]
  ],
  "78": [
    [0.916653064656807, 0.3507438027714347]
  ],
  "79": [],
  "80": [
    [-0.7890157163868778, -0.9993032505893611]
  ],
  "81": [],
  "82": [
    [-0.338620885951807, -0.49208503142264737],
    [-0.33628922908677705, 0.4920246182149813],
    [0.9427379138727707, 0.7521294818599742]
  ],
  "83": [
    [-0.5683268870054539, -0.43655227686973724],
    [0.7964012584838256, -0.5860623235021878],
    [0.7093331556413607, -0.472940940105974]
  ],
  "84": [],
  "85": [],
  "86": [],
  "87": [
    [0.22466515438670934, -0.5377136538253651]
  ],
  "88": [],
  "89": [
    [-0.704653441102788, -0.8488159579951977],
    [-0.4541195005539125, -0.001463939251460329],
    [0.6811376693019595, 0.939630203642541]
  ],
  "90": [],
  "91": [],
  "92": [],
  "93": [],
  "94": [
    [0.0742104659346004, 0.03225271354167359]
  ],
  "95": [],
  "96": [
    [-0.8463156727904042, 0.8975023290737161],
    [0.8463156727904041, -0.8975023290737163]
  ],
  "97": [],
  "98": [],
  "99": [],
  "100": [
    [-0.26088406594514557, -0.153854827213356],
    [0.26075239154495744, -0.15377538601743818]
  ]
}
