{
  "1": [
    [-0.9486216579997144, -0.8418109516511949]
  ],
  "2": [],
  "3": [
    [-0.16078134436840016, 0.333660336497995],
    [0.16145781802408282, 0.33366033650302984]
  ],
  "4": [
    [-0.5827408130521922, -0.9882622284794168],
    [-0.5854301098002745, 0.9878173727856698]
  ],
  "5": [],
  "6": [],
  "7": [],
  "8": [],
  "9": [],
  "10": [
    [0.9153801231419589, -0.6816980700665303]
  ],
  "11": [
    [-0.716871905460275, -0.9717011329105554]
  ],
  "12": [],
  "13": [],
  "14": [],
  "15": [
    [-0.8935011570751303, 0.8608343887809711]
  ],
  "16": [
    [-0.7252836262493844, -0.946947020234412],
    [0.9874183751320569, -0.6824995653770578]
  ],
  "17": [],
  "18": [],
  "19": [],
  "20": [],
  "21": [],
  "22": [],
  "23": [],
  "24": [],
  "25": [],
  "26": [],
  "27": [],
  "28": [
    [0.9556114158779974, -0.6609367333705408]
  ],
  "29": [],
  "30": [],
  "31": [],
  "32": [],
  "33": [
    [-0.6310181617508187, -0.9837943334779797],
    [0.7711426176924847, 0.8687560196610875]
  ],
  "34": [],
  "35": [],
  "36": [],
  "37": [],
  "38": [
    [-0.9343316233850084, 0.9757974949006541]
  ],
  "39": [],
  "40": [
    [-0.9817285103489997, 0.5576326739981434]
  ],
  "41": [],
  "42": [
    [0.8613187307237206, 0.9272686323770517]
  ],
  "43": [],
  "44": [],
  "45": [
    [0.9419088218547628, 0.9267794631952899]
  ],
  "46": [
    [0.9070477479695166, -0.8714822701772854]
  ],
  "47": [],
  "48": [
    [-0.15872320421609099, 0.2756243155145716]
  ],
  "49": [],
  "50": [],
  "51": [],
  "52": [
    [-0.9956747084670816, -0.7828289734348601],
    [0.923036108733146, -0.8458235877513882]
  ],
  "53": [
    [-0.5672387020625688, 0.5614580736296244]
  ],
  "54": [],
  "55": [],
  "56": [],
  "57": [
    [-0.9059259474883614, -0.8068367114212742]
  ],
  "58": [
    [0.5168815385917632, -0.9553913058260561]
  ],
  "59": [
    [-0.12261293666517563, -0.47306745739525136],
    [0.12261293666517557, -0.47306745739525136]
  ],
  "60": [],
  "61": [],
  "62": [],
  "63": [],
  "64": [],
  "65": [
    [-0.9456453660865722, 0.864662648244953]
  ],
  "66": [],
  "67": [
    [-0.45053035652426815, -0.5448197360214883],
    [0.450534214479954, -0.5448199008027331]
  ],
  "68": [],
  "69": [
    [-0.6396250647522822, -0.7987697690582706],
    [-0.6401088957794968, 0.016179415796679038],
    [-0.6396618423494266, 0.7906585561840498]
  ],
  "70": [],
  "71": [],
  "72": [],
  "73": [],
  "74": [],
  "75": [],
  "76": [],
  "77": [],
  "78": [
    [-0.8539521014240118, 0.9657769101105478],
    [0.9237228736337681, 0.9974693910959398]
  ],
  "79": [],
  "80": [],
  "81": [],
  "82": [
    [-0.871792003425179, -0.9789740605125825]
  ],
  "83": [],
  "84": [],
  "85": [],
  "86": [],
  "87": [],
  "88": [],
  "89": [],
  "90": [],
  "91": [],
  "92": [],
  "93": [],
  "94": [],
  "95": [
    [0.9562572486758224, -0.9658064130767202]
  ],
  "96": [],
  "97": [],
  "98": [],
  "99": [],
  "100": [
    [-0.9857899100381362, -0.8333613619854776],
    [-0.6955156414259807, 0.8440747362356116]
  ]
}
