{
  "1": [],
  "2": [
    [0.1866731657461848, -0.2419621540800927, -0.0871120278582044, -0.1504205173616181, -0.5665497665445925]
  ],
  "3": [
    [0.2935189050124722, -0.4112603459501749, 0.3460354636224648, 0.4266381567746074, 0.1911951767118876],
    [0.6403452655331074, -0.884620904904829, 0.5681907247142394, 0.6672800889345931, 0.3405834487744102]
  ],
  "4": [],
  "5": [],
  "6": [
    [0.6848864073166337, 0.1321116318417904, 0.0694629181536601, -0.6260897362294178, 0.4186554403939594]
  ],
  "7": [],
  "8": [],
  "9": [],
  "10": [],
  "11": [
    [-0.1825864277844465, -0.1544126424557169, -0.02610835192495184, 0.3002344697642287, 0.01613887927519005],
    [-0.1820559803611266, -0.1524648284583104, -0.02629815363330885, -0.2918907619788841, 0.0066461795954615]
  ],
  "12": [],
  "13": [
    [-0.886925430833615, 0.282865003869372, -0.1246635594218265, -0.07157629421560396, -0.03966636490149798],
    [-0.6651797342103136, 0.02154555833935419, -0.2085943393867882, 0.03362637170601206, 0.02773190129663686],
    [0.1644719780093748, -0.1098716707557255, 0.1771855259246508, -0.7605328121739321, -0.2523586141191124],
    [0.7011843937468147, 0.3309641892192063, 0.2121419713126476, -0.5607465792488792, 0.05768987443484277],
    [0.847556095056062, 0.001511568520368146, 0.1278864942995471, -0.456434816864859, -0.05129995651794179]
  ],
  "14": [
    [0.1606567247365924, -0.1101861875020495, -0.2833790154701286, 0.02771496396900312, -0.2978104595916382],
    [0.876651038290285, -0.1012879427202095, -0.7147536754827541, 0.02097246790467995, -0.265170319430912]
  ],
  "15": [],
  "16": [
    [0.856561394342478, 0.3608106895669103, -0.04176796106933132, -0.8318989434585, -0.4050916963071336]
  ],
  "17": [],
  "18": [],
  "19": [],
  "20": [],
  "21": [
    [0.1152412353863644, 0.07029610172396163, -0.1532069806646007, -0.5346341378985189, 0.1173991210892144]
  ],
  "22": [
    [-0.1227054893251143, -0.1986366311632973, -0.0843359245046501, -0.6474669096804702, -0.1508841146644316],
    [0.1401070163696623, -0.4973340500365927, -0.6896787210293203, -0.6505414824144523, -0.6006484221184043],
    [0.4121015555232132, -0.5495552888582196, -0.824810975586684, -0.6718154985330459, -0.6673463568079717]
  ],
  "23": [],
  "24": [
    [-0.2948140910712919, -0.4132767591911048, 0.883321473053167, -0.4889826139432664, -0.1050944898135795],
    [0.02534162863818013, 0.2790415243019529, 0.814202459063773, 0.330495214657456, -0.06140781412593027],
    [0.6605761849795235, -0.2433386731796933, 0.925394839187706, -0.2672199953715578, -0.0962796946306021]
  ],
  "25": [],
  "26": [],
  "27": [],
  "28": [],
  "29": [
    [-0.0196862673451193, 0.1022383242730685, -0.3943714748553821, 0.04165451717328634, -0.01784453497556893],
    [0.906784179764636, -0.0812608317371062, 0.139956164191988, -0.6062910784388821, -0.0894893464091019]
  ],
  "30": [],
  "31": [],
  "32": [
    [0.140016351583633, 0.3364009040251396, 0.2767721782868953, -0.0891310244915492, 0.04972251878413541],
    [0.1437200944310207, -0.3330032314363946, 0.2415159292671393, -0.05514654147234552, 0.05089418278774258],
    [0.1857949639384119, 0.2265691047067156, 0.6836152192939088, 0.831352049631857, 0.03490036599502734],
    [0.1880113040519444, -0.2218099330849564, 0.6764026723433351, 0.867259018818299, 0.03492982430335995]
  ],
  "33": [
    [-0.1767757210717888, 0.3505883726336287, -0.6692494930555116, 0.02659636409262805, 0.5511029365887249]
  ],
  "34": [],
  "35": [
    [0.2119399624659083, 0.3721746365720766, -0.1145136246421799, 0.0651418243146375, 0.7339265339135385],
    [0.5927339302474789, 0.0890398981285312, -0.2265339400231522, 0.05971344388475712, 0.3801255420886211]
  ],
  "36": [],
  "37": [],
  "38": [],
  "39": [],
  "40": [
    [-0.457262957853145, 0.574414796330101, 0.2779997682167577, 0.63996056526923, 0.2082353129730063],
    [0.2407267751881262, 0.7858312207886154, -0.06726078847466149, -0.02589831337186572, 0.4252245200977115],
    [0.3313626691657255, -0.622011190937, -0.01961243270794998, -0.02855999117807046, 0.316778618155843]
  ],
  "41": [
    [0.178518581443874, 0.856233670488991, -0.1200848477226308, -0.3479258388234741, -0.69031610802454],
    [0.4597256146406855, 0.903964603431604, -0.2896334760338716, -0.02826686923669647, -0.05710221421664109]
  ],
  "42": [],
  "43": [],
  "44": [],
  "45": [],
  "46": [],
  "47": [],
  "48": [
    [0.001094572389834531, -0.2741836016100476, -0.7005313748163176, 0.123813695990872, -0.509449750434595]
  ],
  "49": [],
  "50": [
    [-0.2463622455789018, 0.05290436681977545, 0.04928255208760649, -0.3091042488114495, 0.0353727462655472]
  ],
  "51": [
    [-0.6102882346913582, 0.01698304891219925, -0.2518881907846709, -0.1248540074564023, -0.05415857509551676],
    [-0.2818058809696411, -0.063466021937267, -0.1261825605594438, -0.1801528693581174, -0.1268851240548657]
  ],
  "52": [],
  "53": [
    [0.1438271094605732, -0.5630359883481124, -0.816429814396499, -0.0965975823175915, -0.1606497364864807],
    [0.1587916251529482, 0.850413483231931, -0.1907148851394766, 0.05681202470293299, 0.3949943013073278]
  ],
  "54": [],
  "55": [
    [-0.0700384106454976, 0.1643525351087019, 0.96979377784723, 0.03110978109479067, -0.0762975322258742]
  ],
  "56": [
    [0.1096923666218145, -0.3067637137615366, -0.5085387781533665, 0.3859001979286302, -0.1884195646617746],
    [0.2747903640703162, -0.7107349006397183, -0.4256702634665382, 0.7948444377518262, -0.4863961092324302]
  ],
  "57": [],
  "58": [],
  "59": [
    [-0.2931417875959446, -0.3402916673685652, 0.002079056739603304, -0.07085914432787375, 0.1623007065115569]
  ],
  "60": [
    [0.6754586186236584, 0.1588957658852998, -0.02536283893690782, -0.4436107246345532, 0.6059431580046892]
  ],
  "61": [],
  "62": [],
  "63": [
    [-0.5605175162315639, -0.2698440276807602, 0.1153057342894227, 0.2663733034949423, 0.7235983912840708]
  ],
  "64": [],
  "65": [
    [-0.914064715546448, 0.871801061586704, -0.340051079793885, 0.1472831030180672, 0.4993626181712828],
    [-0.3957747737187311, -0.2889442803349934, 0.1050074172467499, -0.0677197444767425, 0.2542587220795225],
    [-0.07467871910096514, 0.0327898027794062, 0.954393197588381, -0.687288412120358, -0.1225751984678263]
  ],
  "66": [],
  "67": [
    [0.05381002159706382, 0.2736449316310003, -0.0964821470521524, 0.7835091010948356, -0.4671828502385941],
    [0.05381002159706382, 0.2736449316310003, -0.0964821470521524, 0.7835091010948356, 0.5475701805282334],
    [0.1720913081417196, 0.144619217103162, -0.1502765823319937, 0.4418784792633955, -0.4041861825599243],
    [0.1720913081417196, 0.144619217103162, -0.1502765823319937, 0.4418784792633955, 0.4495225177866552]
  ],
  "68": [],
  "69": [],
  "70": [
    [-0.7872516413930618, 0.6922371157189366, 0.4290904448755131, -0.0861777780319956, -0.2570739925719214],
    [0.3380835412364349, -0.3775641088607451, 0.6277632030705335, -0.04478184165840943, 0.003112004183234944],
    [0.3940372030267181, -0.4120118610591883, 0.4103313506456531, -0.04773624455040678, -0.01878413934940292]
  ],
  "71": [
    [-0.3121531768487189, -0.5679928463828521, -0.1619507134256835, 0.147979259021915, 0.3073754293959634],
    [-0.2910786133639982, 0.1719578861997662, 0.4273816959050444, -0.02694208738121332, -0.2007035032014092],
    [0.0816333638166248, 0.3987579583222644, -0.02764298603169131, -0.05796981608612565, -0.3798761464421263],
    [0.4068281763834218, -0.2699153588004295, -0.4243924156639209, -0.1792234325980784, 0.1116277078557853]
  ],
  "72": [
    [-0.06518966262113163, -0.835856497904348, -0.03485330132768638, -0.4025448629734006, -0.2889918980990829],
    [0.1456926454636044, -0.3709552056907246, -0.0938866794292219, -0.1799477509278297, -0.7084706309161356]
  ],
  "73": [],
  "74": [],
  "75": [],