{
  "1": [],
  "2": [],
  "3": [
    [-0.6871289168389051,-0.005070266864772781,-0.47737263043902545,-0.8120368779339484],
    [-0.6923788059028111,0.39399622042273635,-0.5416922975653643,0.01099307357966249]
  ],
  "4": [],
  "5": [],
  "6": [],
  "7": [],
  "8": [],
  "9": [],
  "10": [],
  "11": [],
  "12": [],
  "13": [],
  "14": [],
  "15": [
    [0.7553281774608552,-0.5281603057149096,-0.4751665178713978,0.8758911492109736],
    [0.4907887720204206,0.5800512316585482,-0.9162358142994207,0.5905048067051832],
    [0.728300000737634,0.42261003796677493,-0.6115806746159581,0.7190177921365742]
  ],
  "16": [
    [0.8798516781156612,-0.3349079067741305,-0.13771641722525726,0.15437807014173882]
  ],
  "17": [],
  "18": [],
  "19": [],
  "20": [],
  "21": [],
  "22": [],
  "23": [
    [-0.034147076673097854,-0.26302462500409685,-0.6103226323074777,-0.32502830892989043],
    [-0.03414991194327918,-0.2604308228652533,0.660467880400937,-0.27759541980132485]
  ],
  "24": [],
  "25": [],
  "26": [],
  "27": [
    [0.9851829479615521,-0.6667366032063174,0.3471885047524637,-0.7526069057256211]
  ],
  "28": [],
  "29": [],
  "30": [],
  "31": [],
  "32": [
    [0.6291737087372626,-0.521637093918702,-0.587081941196479,0.8930799411881801]
  ],
  "33": [],
  "34": [],
  "35": [],
  "36": [],
  "37": [
    [-0.8287599142227833,-0.7340359654358696,0.9468593266717092,-0.8952694544327661],
    [0.839767289333035,-0.7402252720813439,0.9332120756637388,-0.8539775585997829]
  ],
  "38": [],
  "39": [],
  "40": [
    [-0.6775082260623272,-0.8531360609329838,0.3597834590357978,-0.791061915150063],
    [-0.8880726730490395,0.9028861133107532,0.024199483876429922,-0.7727417826344202]
  ],
  "41": [],
  "42": [],
  "43": [],
  "44": [],
  "45": [],
  "46": [
    [-0.7653703097809648,0.41771930548529773,0.9615776492451015,-0.9288205327970315],
    [-0.6570010296885028,0.6870349836274736,0.5383050375560874,-0.5519638919832566]
  ],
  "47": [],
  "48": [],
  "49": [],
  "50": [],
  "51": [],
  "52": [],
  "53": [
    [0.5042772430086294,-0.6608700173904005,-0.788342122451715,0.6684334344610638],
    [0.4683046070934615,0.8253127029127141,0.7825937077454179,-0.6707333695803548]
  ],
  "54": [],
  "55": [
    [-0.4609242348918102,-0.6516944116242843,-0.9130966911051602,0.8186516607607337]
  ],
  "56": [],
  "57": [],
  "58": [],
  "59": [],
  "60": [],
  "61": [],
  "62": [],
  "63": [],
  "64": [],
  "65": [
    [-0.2038836849108107,-0.9907816115397678,-0.9328372952369142,0.6698834219839012]
  ],
  "66": [],
  "67": [
    [0.6172457734376785,-0.7382427282114226,-0.6823747622320776,-0.7530351665047424]
  ],
  "68": [],
  "69": [],
  "70": [
    [-0.7723729030051449,-0.07367351954973574,-0.8795589316311475,0.1094000014591672]
  ],
  "71": [],
  "72": [],
  "73": [],
  "74": [],
  "75": [
    [-0.8890806550237338,0.5500947977478082,-0.3196945389392034,0.41893822960802934],
    [0.8451181132608339,0.569535941247981,-0.13139682392639157,0.4135862958826647]
  ],
  "76": [],
  "77": [
    [-0.250083810541279,-0.40756078444224775,-0.17419483014333723,0.8419552307433702],
    [0.2283357687384122,0.49123877088630175,0.20009812252557435,-0.7175410200472265]
  ],
  "78": [],
  "79": [],
  "80": [
    [-0.572729197123583,-0.6352895462694624,0.0377596660396023,-0.1875933725327225],
    [-0.5728659365640978,0.28823614898951083,0.03986194246323689,-0.19137602817955537]
  ],
  "81": [
    [-0.7468694168031687,-0.45602911844530936,0.45102115461954856,0.49015003664447343],
    [-0.6117096992851546,0.5810479788979478,-0.3045859454556734,0.3055807625042408]
  ],
  "82": [
    [-0.9000124361798444,-0.9070908226412511,0.5757796606014567,0.6813781588051112]
  ],
  "83": [],
  "84": [
    [0.18755688920623778,-0.7304244703981874,-0.6259284143974845,0.6607411780593238],
    [0.22014932302187118,0.8859792279585049,-0.525916920237482,-0.11884571311256575]
  ],
  "85": [
    [-0.4851242209580109,-0.04768958544913339,-0.9345861167985234,-0.4073377405995339],
    [-0.4851347658766343,-0.04684615493914202,-0.9366013066987233,0.4073394232840568]
  ],
  "86": [],
  "87": [],
  "88": [
    [-0.8955475381896302,-0.6184930278158299,-0.08415364532364839,0.44713487310813427],
    [-0.8925938539601382,-0.6178707387613853,0.07869401776216815,-0.4499474328686032],
    [0.8439170257571735,0.8307306109428797,-0.07065267834175687,0.4217363562589949],
    [0.8475224074652994,0.8303812882958508,0.06599866003937169,-0.4195004246344366]
  ],
  "89": [],
  "90": [],
  "91": [],
  "92": [
    [0.12929252430751947,-0.703050481274204,-0.6069837453119827,-0.4246361278401738]
  ],
  "93": [],
  "94": [],
  "95": [
    [-0.9211872865410053,-0.7610516765699518,0.2832865849965771,-0.5924216513886332]
  ],
  "96": [],
  "97": [
    [-0.19093383856302146,-0.3662252167289236,0.5896186447860774,0.8537000186883781]
  ],
  "98": [],
  "99": [
    [0.7506672438189124,-0.9536105628498053,0.23821212104436584,-0.4739356554612583],
    [0.9829404823686758,0.812964000288825,-0.3170570537967151,0.32818793347609027]
  ],
  "100": [
    [-0.994975842231261,0.5411947111156571,-0.2617368181264463,-0.9312902239947127]
  ]
}
