{
  "1": [],
  "2": [
    [0.10577007315310111,-0.19824725547487176,-0.6114289545587908,0.2955094957304537]
  ],
  "3": [
    [0.2214753649723469,-0.11478714559193713,0.19522210822267777,0.2581765604159221]
  ],
  "4": [
    [-0.33900710141579843,-0.510508014131106,-0.12431868095158644,0.008862159057849598],
    [-0.641779163121837,-0.6203624397686163,-0.07499282738189536,0.07570441708971458]
  ],
  "5": [
    [0.3408023650803609,-0.8188764736610806,-0.684831650601777,-0.5001738362980099]
  ],
  "6": [
    [-0.8363041820166909,0.2343141098778713,0.07095845492223263,-0.00083806206462065],
    [-0.38529192039582627,0.08555821992273493,0.10455216495970171,-0.11740129183153966],
    [0.479963497736648,-0.09636676422191946,-0.3857257367655335,-0.6749729368557299]
  ],
  "7": [],
  "8": [],
  "9": [],
  "10": [
    [0.4206219078538192,0.13941443466856382,-0.2723701594928793,-0.10102149316466871]
  ],
  "11": [],
  "12": [
    [0.02225607862229264,-0.0399464599348176,-0.7865092284601539,-0.05056663355114555],
    [-0.3607744065839674,0.02685469842371896,0.8111881369699163,0.21841466551055136]
  ],
  "13": [
    [-0.10043913077345694,-0.015533234088739313,-0.4690282643464195,-0.12294156072522695],
    [-0.10043913077345694,-0.015533234088739313,0.4690282643464195,-0.12294156072522695]
  ],
  "14": [],
  "15": [
    [-0.6533891855995757,0.29228144679927015,0.6709042987325224,0.016634148425289184],
    [0.6342780676602399,0.2674805424070404,-0.38230580186140384,-0.36258042887266284]
  ],
  "16": [],
  "17": [],
  "18": [
    [0.21823864194341228,0.05443570675829096,0.3366905043191501,0.05103363851876828]
  ],
  "19": [
    [0.34963812984228093,0.1340353313358157,-0.8101586828480792,0.6420048268679663],
    [0.04819101747617457,0.9252092008173154,0.11035532975520974,-0.38437544482754105],
    [0.11276121626378538,0.12435439393597646,0.0342615379778158,-0.017059725727357745]
  ],
  "20": [
    [-0.21471618574047796,-0.6675133134471943,0.21902538374245958,-0.6198551929690693],
    [0.020644882115674407,0.7000617418759195,0.08144385877242918,0.03785747435942292]
  ],
  "21": [],
  "22": [],
  "23": [],
  "24": [
    [0.6953663515302883,-0.6838232889924442,-0.25303718396522995,-0.42775438017700784]
  ],
  "25": [
    [0.04027355636858165,0.22137585088100178,-0.1765671897319895,0.0012084361698159794]
  ],
  "26": [],
  "27": [
    [-0.3590956234362176,-0.1632905602669191,0.0961968317110997,0.5096858872215355],
    [0.19580333648843481,0.16159162908291788,0.10508717755549972,-0.4975248296605188]
  ],
  "28": [],
  "29": [
    [-0.05620412891758992,0.8240813822227286,-0.062306266985799566,0.047795929088618315]
  ],
  "30": [
    [-0.12803732155322098,0.5922465951362895,0.22933159712603599,-0.059711347511681424]
  ],
  "31": [],
  "32": [
    [-0.11890598334862151,0.31983141330411047,0.7973312927970508,0.9506701273466308]
  ],
  "33": [],
  "34": [],
  "35": [
    [0.08599991271737048,0.13479394050491847,-0.44932022382275055,0.014500283487687443]
  ],
  "36": [
    [-0.09259968446460991,0.10844189243495646,-0.1247444484550414,0.015483028248571685]
  ],
  "37": [],
  "38": [],
  "39": [
    [0.19102427433587285,0.4093491059188381,-0.31768663666133834,0.08817802865930702],
    [0.1525486558238393,0.2932945861112518,0.2361720723227344,0.0504459958284073]
  ],
  "40": [],
  "41": [
    [0.14755002562642053,-0.18699729526901346,0.20977197175444154,0.9090535710436074]
  ],
  "42": [
    [0.01799649187343469,0.07240780217386147,-0.01044923225187225,0.034453910211216604]
  ],
  "43": [
    [-0.17481445529489129,-0.031622077054865895,0.0609234080882421,-0.060916199778081985]
  ],
  "44": [
    [0.5019856694488309,-0.10008827503931342,-0.14380006337248197,0.24121180367022566]
  ],
  "45": [
    [-0.2522953003370345,-0.22522313745659864,0.4823530927523625,-0.2792800363882781]
  ],
  "46": [
    [-0.5639101600381089,-0.22414815467027224,-0.6432435516243468,-0.4079020415853027]
  ],
  "47": [
    [-0.24587298342693403,0.0058345134497657545,-0.9456267003725646,-0.06073126813993752]
  ],
  "48": [],
  "49": [],
  "50": [],
  "51": [],
  "52": [
    [-0.27630902743282704,-0.23445597404894641,0.14279524536249463,-0.20677488261006544]
  ],
  "53": [
    [-0.010669161087234664,-0.22988058518764104,0.11705336424748877,-0.01404598083091013],
    [-0.00670697320539005,0.2338828687144366,0.09449782318556185,-0.01309523212149124]
  ],
  "54": [
    [-0.4825145613170335,0.026846747326120024,-0.21276579546351115,-0.2809484928645866]
  ],
  "55": [],
  "56": [],
  "57": [],
  "58": [
    [-0.597934661109444,0.12343299962091538,-0.6317706007913977,0.17617636516116966]
  ],
  "59": [],
  "60": [],
  "61": [
    [-0.5469967158129257,0.11437359785318035,-0.885159023304949,-0.092695503608908]
  ],
  "62": [],
  "63": [
    [-0.697676986352524,0.5262384868181135,0.38370717392391485,0.20486070527184397]
  ],
  "64": [
    [-0.12906375320140798,-0.8398996724269521,-0.1610135439159483,-0.47530206099973693],
    [-0.09377329049975044,-0.9372734295252552,-0.00877774162145004,-0.5359140604869518],
    [-0.09594097499393915,0.21113211423707898,0.06574131569522504,0.0847896517123773]
  ],
  "65": [],
  "66": [
    [-0.5028823353401589,-0.22829496523352946,-0.05962716488022012,0.3787785780317155],
    [0.0024021757548371367,0.06745376049343736,0.42211445860946145,0.2716060132948004],
    [0.09155058398079868,0.013131642175646744,0.5283435366737465,-0.2743672317336791],
    [0.3241433411340339,-0.12634209731024462,0.06297014408209553,0.22209321019644604]
  ],
  "67": [
    [-0.6981244453536137,0.6555537297596541,-0.049604600452883764,-0.10659939816587277]
  ],
  "68": [
    [0.40913672513206606,-0.5427108152098551,0.8290034233705593,0.8812144761109335]
  ],
  "69": [],
  "70": [
    [-0.11074630415983061,0.6961280530373478,0.11999454675244481,-0.14925713541024638],
    [0.0521164731885559,-0.4323706646529705,-0.9884674361070814,0.27176700873734205]
  ],
  "71": [
    [0.06488860410300958,-0.3164650312578541,-0.021982578720597588,0.1940602161480712],
    [0.05472200436603352,0.060469942212794975,-0.027845639045855516,-0.5604108336603429]
  ],
  "72": [
    [0.5178463595501327,0.2941770220571354,0.03249451020785572,-0.1289075556038514]
  ],
  "73": [],
  "74": [
    [-0.09369514731817094,0.20659507677918915,0.09811004079583205,0.008428436966354418]
  ],
  "75": [
    [-0.12055870086598243,-0.1226177699632745,0.0052133021605171624,-0.016189216493756573],
    [0.08871178017747075,-0.12019763022946144,0.2958670371060214,-0.007526880818425838]
  ],
  "76": [
    [-0.18623783673425498,-0.7562943959159769,0.043154070333651304,-0.28581366725096374]
  ],
  "77": [],
  "78": [
    [-0.04309371236074328,0.07946581906904426,-0.006983975311587051,-0.7478517452704623],
    [-0.09174210250526092,0.3764350669498313,0.13973805183187932,-0.16289069744196835]
  ],
  "79": [
    [-0.7485665630563555,-0.09059425467649022,0.014059566110290236,-0.027264519352103486],
    [0.2462558968882617,0.18974891522186643,0.012569849326498093,-0.023520507690656462]
  ],
  "80": [
    [-0.18190381683615056,-0.12606963835667176,0.37681096399091496,0.1968731185807948],
    [-0.13963943700808754,-0.11345752469422311,0.6136678903755605,0.2538613044313124],
    [0.2706211281358758,-0.11723787347434109,-0.31891239933120735,-0.04304447962773829],
    [0.12082863164438046,-0.09085576340853763,-0.941763163917597,0.2934740141805439]
  ],
  "81": [
    [0.07861252459796246,0.6789124365903306,0.9849163609198871,0.17328417550947012]
  ],
  "82": [],
  "83": [
    [0.023235519861940713,-0.4503286691094982,-0.9157417932053865,-0.14046966390374044],
    [-0.011322799662357896,-0.1516544391865959,-0.2914659074245795,0.10013089757948794],
    [-0.010251364422793226,0.1594337996595971,-0.3116684653615935,0.07559210669243709]
  ],
  "84": [
    [-0.20450078711081446,-0.2428058765587806,-0.5364123589249961,-0.04230909682468246],
    [-0.15778718669165614,-0.004455299886209817,-0.21962367373478633,-0.036929322870043364]
  ],