{
  "1": [],
  "2": [
    [0.23530575771183324,-0.776435933401779,-0.17437289700018765,-0.8725618443805533],
    [0.21584313122302343,-0.6755634399667424,0.6931426996743775,-0.7134060963134601]
  ],
  "3": [],
  "4": [
    [-0.17526240916656902,-0.27234327786142953,0.6191672355373826,-0.06996162282767374],
    [0.7467204952329977,-0.588281160446479,-0.11862349678263867,-0.8875918110663018]
  ],
  "5": [],
  "6": [],
  "7": [
    [-0.8960012612224102,0.3902451590044358,-0.20310685638366857,0.14204482748804442],
    [-0.8720091203233636,0.0811145939423838,-0.17989897675115316,0.15189871464075305],
    [-0.8320008658436988,0.07678177524264626,0.1493341464808082,-0.21689888215938766]
  ],
  "8": [],
  "9": [],
  "10": [],
  "11": [],
  "12": [],
  "13": [],
  "14": [],
  "15": [],
  "16": [],
  "17": [],
  "18": [],
  "19": [],
  "20": [],
  "21": [
    [-0.7821992786945557,-0.9130401528628727,-0.2306949688008836,-0.3523673196184632],
    [-0.3792037455773562,-0.27584850684901574,-0.5868940079690342,-0.2609263121057]
  ],
  "22": [
    [-0.47881943704645075,-0.4839030473843263,-0.8497503552696957,-0.3050650112023192]
  ],
  "23": [
    [0.47926900781462767,0.744472172924346,0.11409020511827957,-0.2657271323063695]
  ],
  "24": [
    [0.41769839559847943,-0.2953270101642927,-0.44931414380110685,0.3041169746466718]
  ],
  "25": [
    [-0.007574531577283499,-0.5937176729895168,-0.7870523191124774,0.8902949894341224]
  ],
  "26": [],
  "27": [],
  "28": [],
  "29": [],
  "30": [],
  "31": [
    [-0.3913519717284373,-0.9337748314310786,0.14148933314745998,-0.17033778388986215],
    [-0.15254306576223386,-0.5835384333788881,0.6972570301747297,-0.12677529089115624],
    [-0.6254810776216649,0.886975712055199,-0.1693688543557987,0.333446406220786]
  ],
  "32": [],
  "33": [],
  "34": [],
  "35": [],
  "36": [],
  "37": [],
  "38": [],
  "39": [],
  "40": [],
  "41": [],
  "42": [],
  "43": [],
  "44": [],
  "45": [],
  "46": [],
  "47": [],
  "48": [],
  "49": [],
  "50": [],
  "51": [],
  "52": [],
  "53": [],
  "54": [],
  "55": [],
  "56": [],
  "57": [],
  "58": [],
  "59": [],
  "60": [],
  "61": [],
  "62": [],
  "63": [],
  "64": [
    [-0.07262271253485736,-0.5121131952973481,0.04014723191892825,-0.6943616578357125],
    [0.07332275836830468,0.5278269597899049,0.039203987397443865,0.9932786889890816]
  ],
  "65": [],
  "66": [],
  "67": [],
  "68": [],
  "69": [],
  "70": [],
  "71": [],
  "72": [],
  "73": [],
  "74": [],
  "75": [],
  "76": [],
  "77": [],
  "78": [],
  "79": [],
  "80": [],
  "81": [],
  "82": [],
  "83": [],
  "84": [],
  "85": [
    [0.9015068363883016,0.7600817381751683,-0.7225494282611321,0.49263660337721177]
  ],
  "86": [
    [0.07978089402487702,0.9830282222469805,-0.19619975982164786,-0.19650164551237256]
  ],
  "87": [
    [-0.8253647627469985,-0.917706616363099,-0.9760928693492729,0.17150415495125834]
  ],
  "88": [],
  "89": [
    [-0.8896642549746535,-0.599725884307037,-0.8241504583714898,-0.25488621755838925],
    [-0.8839248400763887,-0.5046582493444188,-0.4806908937835972,-0.017234710658848858]
  ],
  "90": [],
  "91": [],
  "92": [],
  "93": [],
  "94": [
    [0.989995959005335,0.14760774777920227,-0.44379481832307066,0.37102004200652533]
  ],
  "95": [
    [-0.8304736718355996,-0.4984016287445388,0.2119701158855298,0.7947993575507959],
    [0.08284320247328256,-0.39707587121343046,-0.9733819159167041,0.24735686389476078],
    [0.8304002212278785,0.49458338863580015,-0.1826066302716983,0.8492578923669196]
  ],
  "96": [],
  "97": [],
  "98": [],
  "99": [],
  "100": []
}
