{
  "1": [],
  "2": [
    [-0.8271867988768333,0.4530173182945519,0.40015951629974883,0.41902545896756627]
  ],
  "3": [
    [0.7902768052352992,-0.11809154563210399,-0.04583162156495043,0.2700591837828383]
  ],
  "4": [],
  "5": [],
  "6": [],
  "7": [],
  "8": [],
  "9": [],
  "10": [],
  "11": [],
  "12": [],
  "13": [
    [0.4850473032729403,-0.1483212723640133,-0.3260839050199267,-0.8639308910689842],
    [0.4801274081171838,-0.1477370001616613,-0.7400395172993869,0.3142156220626144],
    [0.4474855633397441,-0.15927860296454155,-0.07145969084812065,0.6018060006366494]
  ],
  "14": [],
  "15": [
    [-0.9151172795864315,0.5495222964457611,0.626206133993148,-0.954892770759769],
    [0.8070236990188687,0.30837328662961905,0.4102779969805529,0.84657616435963]
  ],
  "16": [
    [-0.44533652526642625,0.9803401211821442,-0.6991454138888032,-0.4621718085637291]
  ],
  "17": [],
  "18": [
    [-0.3680421218601202,0.5537201369739642,-0.15873464966660036,0.7839443469454399]
  ],
  "19": [],
  "20": [],
  "21": [],
  "22": [],
  "23": [],
  "24": [
    [0.3710406973217773,-0.36254893488592715,0.8576973289536536,-0.6098402976454507]
  ],
  "25": [],
  "26": [],
  "27": [],
  "28": [
    [0.4867677856493583,-0.1329292940598228,-0.4256352470781379,-0.0669338769801625]
  ],
  "29": [],
  "30": [],
  "31": [
    [0.14642877341606303,-0.005370870733441146,0.6099283407452835,0.9043336778742826]
  ],
  "32": [],
  "33": [
    [-0.5251706380448157,-0.3831591838844884,0.5415605192097676,-0.6946603546005387],
    [0.6039454326022526,0.5379963815848227,-0.623264370717093,-0.37374377528506214],
    [0.6139372293521261,0.7841227589526545,-0.25918676876399027,-0.18293616082455333]
  ],
  "34": [
    [0.015349974771979,0.9108203188981444,-0.05886102047003064,-0.5626285911258506],
    [0.015350624255455731,0.9097104115850205,-0.05883330484063979,0.5625554938210374]
  ],
  "35": [],
  "36": [
    [-0.2823611899342947,-0.9314603494642185,0.47838931077711483,0.638795283400518],
    [-0.8418579309448634,0.8487670176833699,0.714053425788203,-0.5672449756042399],
    [-0.6445816094449651,0.8180736086296281,0.7222267728163685,-0.9483616525091134]
  ],
  "37": [
    [-0.7224614048915121,-0.06700332667925901,-0.3172383236247879,-0.8053738515712577]
  ],
  "38": [],
  "39": [],
  "40": [],
  "41": [],
  "42": [],
  "43": [
    [0.2460671389773152,-0.7013639381842205,-0.9085832635534687,0.4023233777803189],
    [0.34991590433754943,0.989289496768225,0.69677940054278,-0.18631336871801765]
  ],
  "44": [],
  "45": [
    [0.4009527726036519,-0.1868397704058885,-0.2994545936702321,-0.540294959366404]
  ],
  "46": [
    [-0.30835907552561875,-0.29401372152821603,0.7594121999562787,-0.9847854089530703],
    [-0.29319752357316325,-0.29119239759548565,0.7570078301208092,0.2649485127976352]
  ],
  "47": [
    [-0.12251278564237898,-0.24492390860333793,0.7006383645190042,-0.4062384691430386],
    [0.1195326076778959,-0.24297914788315134,-0.7176074102867872,-0.4069860225208336]
  ],
  "48": [],
  "49": [],
  "50": [],
  "51": [],
  "52": [
    [0.8514581004535978,-0.046714334616113413,-0.18345577265453442,0.1575160834275827]
  ],
  "53": [],
  "54": [],
  "55": [],
  "56": [],
  "57": [],
  "58": [],
  "59": [],
  "60": [],
  "61": [],
  "62": [
    [-0.08079293462538262,-0.07795054083901584,0.60684040934612,0.07941896390442175]
  ],
  "63": [],
  "64": [],
  "65": [],
  "66": [
    [-0.23651179355074226,0.12244073271710937,0.7498315374961931,-0.674888830627399]
  ],
  "67": [
    [-0.4493966416011824,-0.8624829544584766,0.3997590858359515,-0.7341009902774291]
  ],
  "68": [],
  "69": [],
  "70": [
    [-0.17859890028076686,0.32254117346971584,-0.08866068591222387,-0.7604318965876781]
  ],
  "71": [],
  "72": [],
  "73": [],
  "74": [],
  "75": [],
  "76": [],
  "77": [],
  "78": [],
  "79": [],
  "80": [],
  "81": [
    [-0.55476426214595,-0.30661560186171827,0.30942873202992655,0.34189037702203223],
    [-0.8176543028785075,0.26864247039381356,0.2200113357719174,-0.6907304110998149]
  ],
  "82": [],
  "83": [],
  "84": [],
  "85": [
    [0.042595966997243224,-0.6360510377417279,-0.6185774905007008,-0.6941649902979083]
  ],
  "86": [
    [0.7798085165409715,-0.5492849706945443,-0.9466472258470962,-0.3977619000970839]
  ],
  "87": [],
  "88": [],
  "89": [
    [-0.06833722470046376,-0.53208015932674,-0.2980746539126109,0.16040293577562792],
    [-0.0981814861996931,-0.36446505959512804,-0.5241425608256196,0.16042856194397764]
  ],
  "90": [],
  "91": [],
  "92": [],
  "93": [
    [-0.25093617145487446,-0.9548228428398563,0.06711826870470619,-0.47030097147736694],
    [-0.28546813137742766,0.8992485496095557,0.07677627423923687,-0.4981025940315267],
    [0.22946269558854668,-0.8739588012779153,0.08160252554731573,0.7152793964117088],
    [0.2530253942407722,0.8748938949279876,0.0660926604352903,0.5730136294584128]
  ],
  "94": [
    [0.9126639869267322,-0.8732050453493336,-0.982314129808216,0.1350959768505048]
  ],
  "95": [],
  "96": [],
  "97": [],
  "98": [],
  "99": [],
  "100": []
}
