{
  "1": [],
  "2": [],
  "3": [],
  "4": [],
  "5": [],
  "6": [],
  "7": [],
  "8": [],
  "9": [],
  "10": [],
  "11": [],
  "12": [],
  "13": [],
  "14": [],
  "15": [],
  "16": [],
  "17": [],
  "18": [],
  "19": [],
  "20": [],
  "21": [],
  "22": [
    [0.41648824224141795,0.7580475549589281,0.872963265886228,-0.6739028073808253]
  ],
  "23": [],
  "24": [],
  "25": [],
  "26": [],
  "27": [],
  "28": [],
  "29": [],
  "30": [],
  "31": [],
  "32": [],
  "33": [],
  "34": [],
  "35": [],
  "36": [],
  "37": [],
  "38": [],
  "39": [],
  "40": [],
  "41": [],
  "42": [],
  "43": [],
  "44": [],
  "45": [],
  "46": [],
  "47": [],
  "48": [],
  "49": [],
  "50": [],
  "51": [
    [0.8282047125537688,-0.9037087617005323,0.939490901952969,-0.2581798313641355]
  ],
  "52": [],
  "53": [],
  "54": [],
  "55": [],
  "56": [],
  "57": [],
  "58": [],
  "59": [],
  "60": [],
  "61": [],
  "62": [],
  "63": [],
  "64": [],
  "65": [
    [-0.8552637913360647,-0.9258077323114371,0.6565598642874962,-0.9131319439596947],
    [0.9202174664496445,-0.8247416842661078,0.5721806274489887,0.9239385711500254]
  ],
  "66": [],
  "67": [],
  "68": [
    [-0.4832700380738852,-0.5500724231127465,-0.8584510503582373,-0.7608866934427952],
    [0.7800955830342627,0.6079514907780549,-0.5398119650668388,-0.9320792810199849]
  ],
  "69": [],
  "70": [],
  "71": [],
  "72": [],
  "73": [],
  "74": [
    [0.7712858267422825,0.9717195660507602,-0.697960748386915,-0.5094519234600168],
    [0.8234101438308123,0.8969438611673377,0.6624056067556308,-0.39317905984105916]
  ],
  "75": [],
  "76": [],
  "77": [
    [-0.6842481819407908,-0.8296258650665532,-0.7202373134793716,-0.5799895027790942]
  ],
  "78": [
    [-0.691619970941865,0.7507703747109711,0.9893444878813223,-0.6772013560581056],
    [0.9598806173348468,0.8269178786524499,-0.5723172261342562,-0.8357659298732737]
  ],
  "79": [],
  "80": [],
  "81": [],
  "82": [],
  "83": [
    [-0.8239875466681839,0.9081765680463271,-0.6747239456814624,-0.9645315521922584]
  ],
  "84": [],
  "85": [],
  "86": [],
  "87": [],
  "88": [],
  "89": [],
  "90": [],
  "91": [],
  "92": [],
  "93": [],
  "94": [],
  "95": [],
  "96": [],
  "97": [],
  "98": [],
  "99": [],
  "100": []
}
