{
  "1": [
    [-0.7835866758409712,-0.6397130331496189,-0.5467530596621799,0.9534836086201329],
    [0.6472462651691523,-0.5940700248732973,0.8823590261448417,-0.7986037893635685]
  ],
  "2": [],
  "3": [],
  "4": [],
  "5": [],
  "6": [],
  "7": [
    [-0.5187308190991811,0.2160415128216946,0.004029533109497802,-0.681167886570707]
  ],
  "8": [],
  "9": [],
  "10": [],
  "11": [],
  "12": [],
  "13": [],
  "14": [],
  "15": [],
  "16": [],
  "17": [],
  "18": [],
  "19": [],
  "20": [],
  "21": [
    [-0.9417496507056167,-0.7484231696793594,-0.5298875441781441,0.4139943334082568],
    [0.855452205553162,0.7357669412356798,-0.5407981248724892,0.5372624446518428]
  ],
  "22": [],
  "23": [],
  "24": [
    [0.44993173889711896,0.11742507250055614,-0.901124382827668,-0.905625960912118],
    [0.4302265344790031,0.11279351436948554,0.8820911458311188,0.9450571277072608]
  ],
  "25": [],
  "26": [],
  "27": [],
  "28": [],
  "29": [],
  "30": [
    [0.19433350195261553,0.277040862105883,-0.6694184651542935,0.3674434636060192]
  ],
  "31": [],
  "32": [],
  "33": [],
  "34": [],
  "35": [],
  "36": [],
  "37": [],
  "38": [
    [-0.14612765456718296,-0.7235802479385683,0.28627657805620127,0.7211425651294606]
  ],
  "39": [],
  "40": [],
  "41": [],
  "42": [],
  "43": [],
  "44": [],
  "45": [],
  "46": [
    [0.1437835226825723,0.8043183584267113,-0.9554859275172709,-0.42957705766458903],
    [0.13943876621264345,0.5475710605399318,-0.9649825399869565,0.4743412613826227]
  ],
  "47": [],
  "48": [],
  "49": [],
  "50": [
    [-0.7789959169152791,0.86886298209263,0.5209189724515387,0.7324474970937289]
  ],
  "51": [
    [0.24665529747196244,0.8534585783259222,0.5296341464298676,0.8556817691456949]
  ],
  "52": [],
  "53": [],
  "54": [],
  "55": [],
  "56": [
    [-0.5103485019924864,-0.7417739925010411,-0.9589518851788129,-0.8421881180032385]
  ],
  "57": [],
  "58": [],
  "59": [
    [0.11100906517913177,0.9385529746253546,-0.026071348776574778,-0.9190317551374916]
  ],
  "60": [],
  "61": [],
  "62": [],
  "63": [],
  "64": [],
  "65": [
    [0.7295998609418964,0.505002898424856,0.44579773280537444,-0.8652754039410382]
  ],
  "66": [],
  "67": [],
  "68": [],
  "69": [],
  "70": [],
  "71": [],
  "72": [],
  "73": [],
  "74": [],
  "75": [
    [-0.0893646964711462,0.9923294934736749,0.7329204626311198,-0.31749350596872244]
  ],
  "76": [],
  "77": [],
  "78": [],
  "79": [],
  "80": [],
  "81": [],
  "82": [],
  "83": [
    [-0.8142375920569279,-0.40491059494112475,-0.37858833514123924,-0.9778918193019467]
  ],
  "84": [
    [-0.9012022771278055,-0.41884629980024535,0.846263914513958,0.6277825937341018]
  ],
  "85": [],
  "86": [],
  "87": [
    [0.07320632654236643,-0.06838716189760043,0.016972698315085275,-0.5297350690074683]
  ],
  "88": [],
  "89": [
    [-0.8009245360817491,0.6159595053055601,-0.1733333067201824,0.4211743304930758],
    [0.8771410625687397,0.6155540845404227,0.13884364291319903,-0.532056908795451]
  ],
  "90": [],
  "91": [
    [-0.9349935953949722,-0.6990547349637486,-0.6455455917740667,-0.4867263957584565],
    [-0.9954519783574366,-0.3916248243122568,-0.8552404565655425,0.5268465744235962]
  ],
  "92": [],
  "93": [
    [-0.9889007246674064,0.4015836274947093,0.5099730670746515,0.6362959359132764]
  ],
  "94": [
    [-0.2308553889012388,0.85297652497065,-0.7818319191754128,-0.9984491447491456]
  ],
  "95": [],
  "96": [],
  "97": [],
  "98": [],
  "99": [],
  "100": []
}
