{
  "1": [
    [0.21654851032448721,0.9518628347197807,-0.8363250980038095,-0.3981314711296281]
  ],
  "2": [],
  "3": [],
  "4": [],
  "5": [],
  "6": [],
  "7": [],
  "8": [
    [0.7949909836970822,-0.0923227894742722,-0.7057575737959452,-0.02379192559695009]
  ],
  "9": [
    [-0.24198923217266352,-0.07638347437248365,-0.24134446192566925,0.05923233142007068]
  ],
  "10": [
    [0.310451922492205,-0.23027793833400123,-0.6426750071398043,0.0005723571831444137],
    [0.3263400459959698,-0.2747762916951274,-0.614767910125489,0.14634479667234],
    [0.6962850897173354,-0.35168836398346565,0.3310288322055926,0.28459808291443034],
    [0.3665988065401981,0.46356780648473783,-0.07502875838643105,-0.3226222700144895],
    [0.43366082079349355,0.4532327964944994,0.358076872943501,-0.3164402566353024]
  ],
  "11": [
    [-0.19661566863928787,0.15478738674893924,-0.3186495027832025,0.35095601773847596]
  ],
  "12": [],
  "13": [
    [-0.6470357085153126,0.30025107562517095,0.1066540542551724,0.5542929353077296]
  ],
  "14": [
    [-0.053256200349141934,-0.7433297110849204,0.05861162911363135,-0.6525846338174662],
    [-0.10012080891072793,-0.7938563655660469,0.009013513701202347,0.3243768985604228]
  ],
  "15": [],
  "16": [],
  "17": [],
  "18": [],
  "19": [],
  "20": [],
  "21": [],
  "22": [],
  "23": [],
  "24": [
    [-0.397247039070351,0.5299110408339041,0.11043197197404434,0.05935086559218833]
  ],
  "25": [],
  "26": [],
  "27": [],
  "28": [
    [-0.5290483167074641,-0.676750016334599,0.31601753553585354,-0.04747764822267451],
    [0.6376072908646285,-0.7427916878040852,0.21569743568545935,0.040442563032804156]
  ],
  "29": [
    [-0.05328008802027284,0.023656803550608462,-0.9224858263708284,0.15978853473951532]
  ],
  "30": [
    [-0.2088032559992452,-0.418056249957543,0.6307329743277413,0.6513790782286017]
  ],
  "31": [],
  "32": [],
  "33": [
    [-0.4809416711468779,0.25205695992594934,0.10311039468076748,0.8214993436372621]
  ],
  "34": [],
  "35": [
    [-0.0333892900446417,-0.42077045814637837,-0.7894853424096202,0.27251686209573567]
  ],
  "36": [
    [0.44794523671467934,-0.39418454392869656,-0.08070954590318095,-0.8701538083844731]
  ],
  "37": [
    [0.9207828941947513,0.03846473560225018,-0.747569061769427,-0.14666118771006145],
    [-0.5027459354798497,0.42913957534310543,0.01026172564802267,-0.16617507248038663]
  ],
  "38": [
    [0.2419295882930505,-0.3397064235649802,-0.5245634612155523,-0.12486036063524274]
  ],
  "39": [],
  "40": [],
  "41": [
    [-0.1414056642118694,-0.03450111962140766,0.43661104582247123,0.3529099998386784],
    [-0.5631010099208424,0.09661055638800868,0.37875513060122407,-0.292335149763985]
  ],
  "42": [],
  "43": [],
  "44": [],
  "45": [],
  "46": [],
  "47": [
    [-0.34490878233764344,-0.12371181935006553,0.4761437677691486,-0.809332709616744]
  ],
  "48": [
    [-0.6487771116167748,0.9207123353393113,-0.7589966376283329,-0.07103800832012462],
    [-0.05233934551442788,0.1029663534224293,-0.2904980080996869,-0.6287824319335015],
    [0.6043004540239201,-0.3392079576605277,0.18220179406125037,0.19797996997566789]
  ],
  "49": [
    [-0.29967798094742126,0.565503697522835,0.11398125611560038,0.32305189856190103]
  ],
  "50": [],
  "51": [
    [0.784725923284227,-0.4756959730700736,0.4055509151593416,0.3201296262156208]
  ],
  "52": [],
  "53": [
    [0.1047782815560711,0.22667043330611497,-0.6326427340958558,-0.13439971353661673]
  ],
  "54": [],
  "55": [],
  "56": [],
  "57": [
    [-0.024491974632213687,0.2703287377937195,-0.693188344288735,-0.09706212142730775]
  ],
  "58": [],
  "59": [
    [-0.512651258688907,-0.13822754520975217,0.07108592468419968,0.022440449489369643]
  ],
  "60": [
    [-0.767314849524876,0.829964783968155,-0.6306447628674925,0.7178652188336089]
  ],
  "61": [],
  "62": [
    [-0.14750276437922283,-0.3041447402431807,-0.48621240908655833,-0.008972518688621494]
  ],
  "63": [],
  "64": [],
  "65": [
    [-0.8733660162077789,-0.2451020332254691,-0.004639854553042285,0.19899653226422093]
  ],
  "66": [],
  "67": [],
  "68": [],
  "69": [
    [-0.6360901596444996,0.0015659487530121565,-0.15839775055058897,0.07149793781750127]
  ],
  "70": [
    [-0.2805577589941469,0.9818125735476008,-0.7794354117162037,0.4752859879234027],
    [0.08326842324060106,0.24401934670144448,0.03598076691501354,0.08131302146411958]
  ],
  "71": [
    [0.5584160020722764,-0.5216496855117058,0.17583320146233633,0.13840899577004148]
  ],
  "72": [
    [-0.7930293845876718,0.197876237356458,0.5731538075593295,0.155201849305215],
    [0.09006150101988986,-0.4935959523665216,0.24715216150746783,-0.4669599225044055],
    [0.6200813696301777,0.5156254258971701,0.5582881699043863,-0.3679549882841902]
  ],
  "73": [
    [-0.9010049820895447,-0.439553291295412,0.48078410748739675,-0.28760721264990047],
    [-0.41157618124501855,0.5035960721847881,-0.5133349971615829,0.6281137415914637]
  ],
  "74": [
    [-0.3805327667830486,0.024855337659376375,0.042313239186022346,0.016187879960620093]
  ],
  "75": [],
  "76": [
    [-0.2674223672371349,0.5043478735366177,0.16011020648355953,-0.19562989589258836]
  ],
  "77": [
    [-0.5501851877052981,0.3361655895707605,0.03414804967645596,0.17195479480800518],
    [0.21535077199432784,0.19405906899981046,0.03628712082851359,0.1886434675646609]
  ],
  "78": [],
  "79": [
    [0.7149477342438414,0.02803699798519418,0.1280842696720054,-0.5968406359873446]
  ],
  "80": [],
  "81": [
    [-0.26190783149999525,-0.25535048418206957,-0.6676335069954688,-0.3401936629827437]
  ],
  "82": [],
  "83": [],
  "84": [],
  "85": [],
  "86": [],
  "87": [],
  "88": [],
  "89": [
    [-0.4231252576500579,-0.6444181049654661,0.12639645751795497,-0.5739329091576527],
    [0.695069584155211,-0.6599709235248942,-0.07143998170479818,-0.5992951838314164]
  ],
  "90": [],
  "91": [],
  "92": [],
  "93": [
    [-0.2772689410452851,-0.1306644838627179,0.05297723686298364,-0.8102913824741695]
  ],
  "94": [],
  "95": [],
  "96": [
    [-0.6112086735191355,-0.5523816923974756,-0.20644278792969584,0.30578103745730534],
    [0.6261711724696337,-0.5334953954769979,-0.42990225553898403,0.36126619084831585]
  ],
  "97": [],
  "98": [],
  "99": [],
  "100": [
    [-0.04373216205507142,0.4472702796098619,0.091517564504151,-0.08207454849727804]
  ]
}
