{
  "1": [],
  "2": [],
  "3": [],
  "4": [],
  "5": [],
  "6": [],
  "7": [],
  "8": [],
  "9": [],
  "10": [],
  "11": [],
  "12": [],
  "13": [],
  "14": [],
  "15": [],
  "16": [],
  "17": [],
  "18": [],
  "19": [],
  "20": [],
  "21": [],
  "22": [],
  "23": [],
  "24": [],
  "25": [],
  "26": [],
  "27": [],
  "28": [],
  "29": [],
  "30": [],
  "31": [],
  "32": [],
  "33": [],
  "34": [],
  "35": [],
  "36": [],
  "37": [],
  "38": [],
  "39": [],
  "40": [],
  "41": [],
  "42": [
    [0.7594371898219386,-0.11002154999730263,-0.6210622603853042,0.7595060135722667]
  ],
  "43": [],
  "44": [],
  "45": [],
  "46": [],
  "47": [
    [0.1402047676816441,0.7452305614975275,0.7087751745999636,0.9104676409046172]
  ],
  "48": [],
  "49": [],
  "50": [],
  "51": [],
  "52": [],
  "53": [],
  "54": [],
  "55": [],
  "56": [],
  "57": [],
  "58": [],
  "59": [],
  "60": [],
  "61": [],
  "62": [],
  "63": [],
  "64": [],
  "65": [],
  "66": [],
  "67": [],
  "68": [],
  "69": [],
  "70": [],
  "71": [],
  "72": [],
  "73": [],
  "74": [],
  "75": [],
  "76": [],
  "77": [
    [-0.9066301023805692,0.6889930142319027,0.741553323349405,-0.424027495758553],
    [0.7988145366092156,-0.7253104551057495,-0.7970713599462116,-0.4218987270007802]
  ],
  "78": [],
  "79": [],
  "80": [
    [0.9729244898417676,-0.9643081249578317,-0.639493125939315,-0.4769627631223451],
    [0.9934477362868819,-0.9899682947436119,-0.5922670200875481,0.48986829681569394],
    [-0.8849417527296153,-0.9449265131753409,0.6824386811574538,-0.49448879396823453],
    [-0.902838389936504,-0.9635172729160643,0.639947924832024,0.5080392926283732]
  ],
  "81": [],
  "82": [
    [0.998215681645473,-0.7237245010385825,-0.4335673778512673,0.8797463962349495]
  ],
  "83": [],
  "84": [],
  "85": [],
  "86": [],
  "87": [],
  "88": [],
  "89": [],
  "90": [],
  "91": [],
  "92": [],
  "93": [],
  "94": [],
  "95": [],
  "96": [],
  "97": [],
  "98": [],
  "99": [],
  "100": []
}
