{
  "1": [],
  "2": [],
  "3": [],
  "4": [],
  "5": [
    [0.7772200402453048,-0.6263333441348511,0.8822950324160959,-0.5090857099034465]
  ],
  "6": [],
  "7": [],
  "8": [
    [-0.6535991033366244,-0.5576277854287357,-0.5764975369037609,0.6094979796780873]
  ],
  "9": [],
  "10": [
    [-0.5154769008636485,0.569620318297556,0.03553310481895587,0.2553164096078611]
  ],
  "11": [],
  "12": [
    [-0.19161431954320965,0.5987034939938106,0.9552742099019784,0.7001677011800204]
  ],
  "13": [
    [-0.4520240815865084,-0.8347121186336307,-0.3319107255350259,0.7453567011097232],
    [0.4394063003675717,-0.8337712434462589,-0.4822118037156297,-0.7861375804890146]
  ],
  "14": [],
  "15": [],
  "16": [],
  "17": [],
  "18": [
    [0.6584933877145183,-0.22621040699480852,0.29730446083232953,0.24142706699303082]
  ],
  "19": [],
  "20": [],
  "21": [],
  "22": [
    [-0.9995460765275421,0.4803072673435153,-0.1326699999694371,0.7967237899661288]
  ],
  "23": [],
  "24": [],
  "25": [
    [-0.5870571045044519,-0.6612800109611988,-0.795425159446838,0.4564685177613189],
    [0.6961674448958521,-0.7794118985068056,-0.4536013351929424,-0.6023354321857376],
    [0.525350282272189,0.5762861198738882,0.9758622296093606,-0.6033676590485613],
    [0.5129537164522562,0.4192577846885036,0.774416336697348,0.8103174233370478]
  ],
  "26": [],
  "27": [],
  "28": [],
  "29": [],
  "30": [],
  "31": [],
  "32": [],
  "33": [],
  "34": [],
  "35": [],
  "36": [],
  "37": [
    [0.47202744470081676,-0.8703086095202904,-0.7094341704682389,0.3638935888710551]
  ],
  "38": [],
  "39": [],
  "40": [],
  "41": [
    [-0.34080598545526064,0.8613724053431318,0.5412390904846917,0.8930927593092667],
    [0.5171226268002219,-0.9001515957321303,0.20899429415750842,0.9935403730571473]
  ],
  "42": [
    [0.0003389975251686844,-0.7489039733429682,-0.3471589478356182,-0.9904870221023263]
  ],
  "43": [
    [-0.3847757496588672,0.8010360662584199,-0.37256764838220763,0.9481826931644382]
  ],
  "44": [],
  "45": [],
  "46": [],
  "47": [],
  "48": [],
  "49": [],
  "50": [],
  "51": [],
  "52": [],
  "53": [],
  "54": [],
  "55": [],
  "56": [],
  "57": [],
  "58": [],
  "59": [],
  "60": [],
  "61": [],
  "62": [],
  "63": [],
  "64": [],
  "65": [],
  "66": [],
  "67": [],
  "68": [
    [-0.9694413837474846,-0.7620396838780119,-0.799963515302858,0.48094768683256545],
    [-0.8943616319222101,-0.8355336072175363,-0.6575575295555541,0.5444097891317723]
  ],
  "69": [],
  "70": [],
  "71": [],
  "72": [
    [-0.44962221465837876,-0.7216540725136652,0.7907240210128047,0.8703548181024614]
  ],
  "73": [],
  "74": [
    [-0.6478550890638581,-0.9105162089040107,0.5742898590271688,0.8851455550548116]
  ],
  "75": [],
  "76": [],
  "77": [
    [-0.8755263660203775,-0.6359104138906527,-0.41566370678272474,-0.9924440870891363],
    [-0.7265151801138502,0.8256478651759619,0.722544813577313,0.4775095543666229],
    [0.7222356299382845,-0.9416487053742177,-0.885498926696443,0.23641763621480438]
  ],
  "78": [],
  "79": [],
  "80": [],
  "81": [],
  "82": [],
  "83": [],
  "84": [],
  "85": [],
  "86": [
    [-0.29512476931260406,0.9163471427323979,0.8742212283985481,-0.5323872504215765]
  ],
  "87": [],
  "88": [
    [0.8987202734086158,0.9598026556160668,-0.9847329097778945,0.8703762486035502]
  ],
  "89": [],
  "90": [],
  "91": [
    [-0.6482509540037581,-0.523312938984107,0.4760638179998018,0.48987149204792285]
  ],
  "92": [],
  "93": [],
  "94": [
    [0.8575072117806903,0.8923404384472186,-0.6706772461292778,0.5867603568856506]
  ],
  "95": [],
  "96": [],
  "97": [],
  "98": [],
  "99": [],
  "100": []
}
