{
  "1": [],
  "2": [],
  "3": [],
  "4": [],
  "5": [],
  "6": [],
  "7": [],
  "8": [],
  "9": [],
  "10": [],
  "11": [],
  "12": [],
  "13": [],
  "14": [],
  "15": [],
  "16": [],
  "17": [],
  "18": [],
  "19": [],
  "20": [],
  "21": [],
  "22": [],
  "23": [],
  "24": [],
  "25": [],
  "26": [],
  "27": [],
  "28": [],
  "29": [],
  "30": [],
  "31": [],
  "32": [],
  "33": [],
  "34": [],
  "35": [],
  "36": [],
  "37": [],
  "38": [],
  "39": [],
  "40": [],
  "41": [],
  "42": [],
  "43": [],
  "44": [],
  "45": [],
  "46": [],
  "47": [],
  "48": [],
  "49": [],
  "50": [],
  "51": [],
  "52": [],
  "53": [],
  "54": [
    [0.4312792862289869,-0.7089787572672736,-0.9744840407173869,0.7664011798575829],
    [0.44283983085305256,0.6707701390706429,-0.987003883079525,-0.8029804892666613]
  ],
  "55": [],
  "56": [],
  "57": [],
  "58": [],
  "59": [],
  "60": [
    [0.8871755990795037,-0.9369187442519271,-0.9752029066058736,-0.9651560901019454]
  ],
  "61": [],
  "62": [],
  "63": [],
  "64": [],
  "65": [],
  "66": [],
  "67": [],
  "68": [],
  "69": [],
  "70": [],
  "71": [],
  "72": [],
  "73": [],
  "74": [],
  "75": [],
  "76": [],
  "77": [],
  "78": [],
  "79": [],
  "80": [
    [0.9167550236546177,-0.9517210001978976,0.9027079099593674,0.6995768817329893]
  ],
  "81": [],
  "82": [],
  "83": [],
  "84": [],
  "85": [
    [-0.997535197926945,-0.9461209732229596,-0.8271937735798922,-0.9000753330637968]
  ],
  "86": [],
  "87": [],
  "88": [],
  "89": [],
  "90": [],
  "91": [],
  "92": [],
  "93": [
    [-0.687917140224247,-0.6458612165649371,-0.6576213685888992,0.23914056141399703],
    [0.6890097431391413,0.6463945350993578,0.6547025326131808,0.23803632293479382]
  ],
  "94": [],
  "95": [],
  "96": [],
  "97": [],
  "98": [],
  "99": [],
  "100": []
}
