{
  "1": [],
  "2": [],
  "3": [],
  "4": [],
  "5": [
    [0.9253811406666074,0.8417681154128381,0.9969444079645836,0.542291628085252]
  ],
  "6": [],
  "7": [],
  "8": [],
  "9": [],
  "10": [],
  "11": [],
  "12": [
    [-0.8299375276102168,0.856077345350955,0.7349605800319837,-0.8499871768153996]
  ],
  "13": [],
  "14": [],
  "15": [
    [0.27612009786124725,0.396728832444569,-0.47891541174495533,-0.4766505321054381]
  ],
  "16": [],
  "17": [],
  "18": [],
  "19": [
    [-0.29905240558250157,-0.5193382872820149,0.46751693865656563,0.3871470140303571],
    [0.21256501998897084,-0.5429930306225533,0.4757298036189982,0.3837125000186818]
  ],
  "20": [],
  "21": [],
  "22": [],
  "23": [
    [-0.8355740670170636,-0.8701987949318298,0.6035925304425438,0.9423291075241882]
  ],
  "24": [],
  "25": [],
  "26": [],
  "27": [],
  "28": [
    [-0.44017039299597627,0.5298851908799551,-0.09495669514870773,-0.33106573202002976]
  ],
  "29": [],
  "30": [],
  "31": [
    [0.5323264094407918,-0.5672041080327721,0.9861520337051742,-0.9823164567272116]
  ],
  "32": [],
  "33": [],
  "34": [],
  "35": [],
  "36": [],
  "37": [],
  "38": [],
  "39": [],
  "40": [
    [-0.8676114595304099,0.20955799626134897,0.5713489772552561,0.8986081426608759],
    [0.9367993550486757,-0.1707230835779288,-0.6617591883577087,0.913289582543528]
  ],
  "41": [],
  "42": [
    [0.7026294274400271,-0.7015930476975922,0.39602275252245256,0.18605447868077876],
    [0.6787237317500788,0.710502183005659,0.3918975380776785,0.18979746545689324]
  ],
  "43": [],
  "44": [],
  "45": [],
  "46": [],
  "47": [],
  "48": [],
  "49": [
    [-0.7699916443383241,-0.874768240658436,-0.9044943297750994,0.6423304999763767]
  ],
  "50": [],
  "51": [],
  "52": [],
  "53": [],
  "54": [],
  "55": [],
  "56": [],
  "57": [],
  "58": [],
  "59": [],
  "60": [],
  "61": [],
  "62": [
    [-0.6271915025404958,0.5936472836422534,-0.9116482724751556,0.658373482278804]
  ],
  "63": [],
  "64": [],
  "65": [],
  "66": [],
  "67": [],
  "68": [],
  "69": [
    [0.8553801789531795,-0.8169428200888881,0.32887878201785725,0.8582859508934635]
  ],
  "70": [],
  "71": [],
  "72": [],
  "73": [],
  "74": [],
  "75": [],
  "76": [],
  "77": [],
  "78": [],
  "79": [],
  "80": [],
  "81": [],
  "82": [],
  "83": [],
  "84": [],
  "85": [],
  "86": [
    [-0.8752777552821769,0.6744595874922822,-0.7874855402655869,-0.8544100047106266],
    [-0.9909602548615476,0.6456860682879653,0.7386169326699565,0.8502522336651859]
  ],
  "87": [],
  "88": [],
  "89": [],
  "90": [],
  "91": [],
  "92": [],
  "93": [],
  "94": [],
  "95": [],
  "96": [],
  "97": [],
  "98": [],
  "99": [],
  "100": []
}
