{
  "1": [],
  "2": [],
  "3": [
    [0.010993073579662328,-0.5416922975653645,0.3939962204227367,-0.6923788059028113],
    [-0.8120368779339482,-0.47737263043902556,-0.005070266864772816,-0.6871289168389053]
  ],
  "4": [],
  "5": [],
  "6": [],
  "7": [],
  "8": [],
  "9": [],
  "10": [],
  "11": [],
  "12": [],
  "13": [],
  "14": [],
  "15": [
    [0.8758911492109732,-0.4751665178713979,-0.5281603057149095,0.7553281774608555],
    [0.719017792136574,-0.6115806746159583,0.4226100379667749,0.7283000007376341],
    [0.590504806705183,-0.9162358142994214,0.5800512316585483,0.49078877202042054]
  ],
  "16": [
    [0.15437807014173854,-0.13771641722525668,-0.3349079067741305,0.8798516781156637]
  ],
  "17": [],
  "18": [],
  "19": [],
  "20": [],
  "21": [],
  "22": [],
  "23": [
    [-0.3250283089298902,-0.610322632307478,-0.26302462500409707,-0.03414707667309815],
    [-0.2775954198013248,0.660467880400937,-0.260430822865254,-0.03414991194327956]
  ],
  "24": [],
  "25": [],
  "26": [],
  "27": [
    [-0.7526069057256211,0.34718850475246354,-0.6667366032063176,0.9851829479615521]
  ],
  "28": [],
  "29": [],
  "30": [],
  "31": [],
  "32": [
    [0.8930799411881807,-0.5870819411964794,-0.5216370939187018,0.6291737087372624]
  ],
  "33": [],
  "34": [],
  "35": [],
  "36": [],
  "37": [
    [-0.8952694544327662,0.9468593266717094,-0.7340359654358696,-0.8287599142227833],
    [-0.853977558599783,0.9332120756637389,-0.7402252720813439,0.839767289333035]
  ],
  "38": [],
  "39": [],
  "40": [
    [-0.791061915150063,0.3597834590357978,-0.8531360609329839,-0.6775082260623273],
    [-0.7727417826344204,0.024199483876429756,0.902886113310753,-0.8880726730490393]
  ],
  "41": [],
  "42": [],
  "43": [],
  "44": [],
  "45": [],
  "46": [
    [-0.9288205327970316,0.9615776492451011,0.41771930548529773,-0.7653703097809644],
    [-0.551963891983256,0.5383050375560872,0.687034983627474,-0.6570010296885028]
  ],
  "47": [],
  "48": [],
  "49": [],
  "50": [],
  "51": [],
  "52": [],
  "53": [
    [-0.6707333695803548,0.7825937077454177,0.8253127029127133,0.46830460709346144],
    [0.6684334344610638,-0.7883421224517151,-0.6608700173904009,0.504277243008629]
  ],
  "54": [],
  "55": [
    [0.8186516607607338,-0.9130966911051601,-0.6516944116242843,-0.46092423489181034]
  ],
  "56": [],
  "57": [],
  "58": [],
  "59": [],
  "60": [],
  "61": [],
  "62": [],
  "63": [],
  "64": [],
  "65": [
    [0.6698834219839015,-0.9328372952369139,-0.9907816115397673,-0.20388368491081063]
  ],
  "66": [],
  "67": [
    [-0.7530351665047427,-0.6823747622320776,-0.7382427282114228,0.6172457734376786]
  ],
  "68": [],
  "69": [],
  "70": [
    [0.1094000014591647,-0.8795589316311525,-0.07367351954973568,-0.7723729030051449]
  ],
  "71": [],
  "72": [],
  "73": [],
  "74": [],
  "75": [
    [0.41893822960802957,-0.3196945389392035,0.5500947977478079,-0.8890806550237339],
    [0.41358629588266504,-0.1313968239263912,0.5695359412479803,0.8451181132608346]
  ],
  "76": [],
  "77": [
    [-0.7175410200472268,0.2000981225255743,0.4912387708863017,0.22833576873841224],
    [0.8419552307433703,-0.17419483014333734,-0.40756078444224764,-0.25008381054127915]
  ],
  "78": [],
  "79": [],
  "80": [
    [-0.1875933725327227,0.03775966603960259,-0.6352895462694614,-0.5727291971235833],
    [-0.19137602817955537,0.03986194246323747,0.28823614898951244,-0.5728659365640981]
  ],
  "81": [
    [0.30558076250424054,-0.30458594545567336,0.5810479788979481,-0.6117096992851544],
    [0.4901500366444734,0.4510211546195488,-0.45602911844530974,-0.746869416803169]
  ],
  "82": [
    [0.6813781588051113,0.5757796606014566,-0.9070908226412511,-0.9000124361798443]
  ],
  "83": [],
  "84": [
    [-0.11884571311256521,-0.5259169202374829,0.8859792279585044,0.2201493230218711],
    [0.6607411780593235,-0.6259284143974828,-0.7304244703981879,0.18755688920623784]
  ],
  "85": [
    [-0.4073377405995341,-0.9345861167985229,-0.04768958544913345,-0.48512422095801117],
    [0.4073394232840568,-0.9366013066987235,-0.04684615493914219,-0.4851347658766346]
  ],
  "86": [],
  "87": [],
  "88": [
    [-0.4499474328686029,0.07869401776216792,-0.6178707387613857,-0.8925938539601388],
    [-0.4195004246344365,0.0659986600393721,0.8303812882958508,0.8475224074652998],
    [0.4471348731081344,-0.08415364532364839,-0.6184930278158298,-0.8955475381896298],
    [0.4217363562589947,-0.07065267834175731,0.8307306109428797,0.843917025757174]
  ],
  "89": [],
  "90": [],
  "91": [],
  "92": [
    [-0.4246361278401741,-0.6069837453119828,-0.7030504812742038,0.12929252430751947]
  ],
  "93": [],
  "94": [],
  "95": [
    [-0.5924216513886338,0.2832865849965772,-0.7610516765699515,-0.9211872865410052]
  ],
  "96": [],
  "97": [
    [0.8537000186883782,0.5896186447860773,-0.3662252167289235,-0.1909338385630215]
  ],
  "98": [],
  "99": [
    [-0.4739356554612584,0.23821212104436576,-0.9536105628498053,0.7506672438189124],
    [0.32818793347609027,-0.31705705379671534,0.8129640002888248,0.9829404823686763]
  ],
  "100": [
    [-0.9312902239947126,-0.2617368181264465,0.541194711115657,-0.994975842231261]
  ]
}
