{
  "1": [],
  "2": [],
  "3": [],
  "4": [],
  "5": [
    [-0.5090857099034463,0.8822950324160957,-0.6263333441348512,0.7772200402453047]
  ],
  "6": [],
  "7": [],
  "8": [
    [0.6094979796780875,-0.5764975369037608,-0.5576277854287358,-0.6535991033366244]
  ],
  "9": [],
  "10": [
    [0.2553164096078613,0.03553310481895587,0.5696203182975551,-0.5154769008636485]
  ],
  "11": [],
  "12": [
    [0.7001677011800214,0.9552742099019851,0.59870349399381,-0.19161431954320876]
  ],
  "13": [
    [-0.786137580489015,-0.4822118037156297,-0.8337712434462585,0.4394063003675714],
    [0.7453567011097233,-0.33191072553502593,-0.8347121186336308,-0.45202408158650853]
  ],
  "14": [],
  "15": [],
  "16": [],
  "17": [],
  "18": [
    [0.24142706699303035,0.29730446083232936,-0.2262104069948088,0.6584933877145192]
  ],
  "19": [],
  "20": [],
  "21": [],
  "22": [
    [0.7967237899661294,-0.13266999996943715,0.48030726734351625,-0.999546076527541]
  ],
  "23": [],
  "24": [],
  "25": [
    [-0.6023354321857372,-0.4536013351929432,-0.779411898506805,0.6961674448958517],
    [-0.6033676590485612,0.9758622296093613,0.5762861198738874,0.5253502822721886],
    [0.4564685177613185,-0.7954251594468388,-0.6612800109611984,-0.5870571045044517],
    [0.8103174233370475,0.7744163366973486,0.41925778468850344,0.5129537164522561]
  ],
  "26": [],
  "27": [],
  "28": [],
  "29": [],
  "30": [],
  "31": [],
  "32": [],
  "33": [],
  "34": [],
  "35": [],
  "36": [],
  "37": [
    [0.3638935888710549,-0.7094341704682389,-0.8703086095202907,0.4720274447008165]
  ],
  "38": [],
  "39": [],
  "40": [],
  "41": [
    [0.9935403730571472,0.2089942941575083,-0.9001515957321303,0.5171226268002217],
    [0.8930927593092669,0.5412390904846928,0.8613724053431328,-0.34080598545526114]
  ],
  "42": [
    [-0.9904870221023276,-0.34715894783561857,-0.7489039733429677,0.0003389975251685712]
  ],
  "43": [
    [0.9481826931644386,-0.3725676483822077,0.8010360662584189,-0.384775749658867]
  ],
  "44": [],
  "45": [],
  "46": [],
  "47": [],
  "48": [],
  "49": [],
  "50": [],
  "51": [],
  "52": [],
  "53": [],
  "54": [],
  "55": [],
  "56": [],
  "57": [],
  "58": [],
  "59": [],
  "60": [],
  "61": [],
  "62": [],
  "63": [],
  "64": [],
  "65": [],
  "66": [],
  "67": [],
  "68": [
    [0.48094768683256367,-0.7999635153028619,-0.7620396838780102,-0.9694413837474867],
    [0.544409789131774,-0.6575575295555507,-0.8355336072175383,-0.8943616319222082]
  ],
  "69": [],
  "70": [],
  "71": [],
  "72": [
    [0.8703548181024614,0.7907240210128048,-0.7216540725136652,-0.4496222146583788]
  ],
  "73": [],
  "74": [
    [0.8851455550548114,0.5742898590271687,-0.9105162089040109,-0.6478550890638587]
  ],
  "75": [],
  "76": [],
  "77": [
    [-0.9924440870891363,-0.4156637067827248,-0.6359104138906528,-0.8755263660203775],
    [0.23641763621480405,-0.8854989266964429,-0.941648705374218,0.7222356299382845],
    [0.47750955436662307,0.7225448135773129,0.8256478651759616,-0.7265151801138502]
  ],
  "78": [],
  "79": [],
  "80": [],
  "81": [],
  "82": [],
  "83": [],
  "84": [],
  "85": [],
  "86": [
    [-0.5323872504215768,0.874221228398548,0.9163471427323978,-0.29512476931260423]
  ],
  "87": [],
  "88": [
    [0.8703762486035499,-0.9847329097778939,0.959802655616067,0.8987202734086159]
  ],
  "89": [],
  "90": [],
  "91": [
    [0.4898714920479232,0.47606381799980163,-0.5233129389841061,-0.6482509540037582]
  ],
  "92": [],
  "93": [],
  "94": [
    [0.5867603568856505,-0.670677246129278,0.8923404384472183,0.8575072117806902]
  ],
  "95": [],
  "96": [],
  "97": [],
  "98": [],
  "99": [],
  "100": []
}
