{
  "1": [],
  "2": [
    [-0.8725618443805534,-0.17437289700018735,-0.7764359334017789,0.23530575771183318],
    [-0.7134060963134601,0.6931426996743776,-0.6755634399667422,0.21584313122302337]
  ],
  "3": [],
  "4": [
    [-0.8875918110663019,-0.11862349678263882,-0.5882811604464792,0.7467204952329972],
    [-0.06996162282767361,0.6191672355373832,-0.27234327786142926,-0.1752624091665691]
  ],
  "5": [],
  "6": [],
  "7": [
    [-0.21689888215938768,0.14933414648080898,0.0767817752426436,-0.832000865843698],
    [0.14204482748804415,-0.2031068563836684,0.3902451590044376,-0.8960012612224114],
    [0.15189871464075264,-0.1798989767511527,0.08111459394238194,-0.8720091203233648]
  ],
  "8": [],
  "9": [],
  "10": [],
  "11": [],
  "12": [],
  "13": [],
  "14": [],
  "15": [],
  "16": [],
  "17": [],
  "18": [],
  "19": [],
  "20": [],
  "21": [
    [-0.35236731961846324,-0.23069496880088358,-0.9130401528628727,-0.7821992786945557],
    [-0.26092631210569994,-0.5868940079690341,-0.27584850684901563,-0.3792037455773561]
  ],
  "22": [
    [-0.3050650112023193,-0.8497503552696956,-0.483903047384327,-0.4788194370464506]
  ],
  "23": [
    [-0.26572713230636946,0.11409020511827947,0.7444721729243462,0.4792690078146277]
  ],
  "24": [
    [0.3041169746466716,-0.4493141438011068,-0.2953270101642928,0.4176983955984792]
  ],
  "25": [
    [0.8902949894341211,-0.7870523191124785,-0.5937176729895166,-0.007574531577283347]
  ],
  "26": [],
  "27": [],
  "28": [],
  "29": [],
  "30": [],
  "31": [
    [-0.1703377838898623,0.14148933314745962,-0.9337748314310795,-0.39135197172843733],
    [-0.1267752908911561,0.6972570301747347,-0.5835384333788873,-0.15254306576223362],
    [0.33344640622078603,-0.1693688543557989,0.886975712055199,-0.6254810776216654]
  ],
  "32": [],
  "33": [],
  "34": [],
  "35": [],
  "36": [],
  "37": [],
  "38": [],
  "39": [],
  "40": [],
  "41": [],
  "42": [],
  "43": [],
  "44": [],
  "45": [],
  "46": [],
  "47": [],
  "48": [],
  "49": [],
  "50": [],
  "51": [],
  "52": [],
  "53": [],
  "54": [],
  "55": [],
  "56": [],
  "57": [],
  "58": [],
  "59": [],
  "60": [],
  "61": [],
  "62": [],
  "63": [],
  "64": [
    [-0.6943616578357117,0.04014723191892822,-0.5121131952973487,-0.07262271253485822],
    [0.9932786889890847,0.03920398739744382,0.5278269597899026,0.07332275836830582]
  ],
  "65": [],
  "66": [],
  "67": [],
  "68": [],
  "69": [],
  "70": [],
  "71": [],
  "72": [],
  "73": [],
  "74": [],
  "75": [],
  "76": [],
  "77": [],
  "78": [],
  "79": [],
  "80": [],
  "81": [],
  "82": [],
  "83": [],
  "84": [],
  "85": [
    [0.49263660337721193,-0.7225494282611324,0.7600817381751687,0.9015068363883016]
  ],
  "86": [
    [-0.1965016455123731,-0.19619975982164833,0.983028222246978,0.07978089402487702]
  ],
  "87": [
    [0.1715041549512578,-0.976092869349279,-0.9177066163631001,-0.8253647627469953]
  ],
  "88": [],
  "89": [
    [-0.2548862175583894,-0.8241504583714901,-0.5997258843070364,-0.8896642549746535],
    [-0.017234710658848913,-0.48069089378359714,-0.5046582493444185,-0.8839248400763887]
  ],
  "90": [],
  "91": [],
  "92": [],
  "93": [],
  "94": [
    [0.37102004200652555,-0.4437948183230712,0.14760774777920188,0.9899959590053344]
  ],
  "95": [
    [0.2473568638947598,-0.9733819159167043,-0.39707587121343124,0.08284320247328178],
    [0.8492578923669194,-0.1826066302716984,0.4945833886358001,0.8304002212278784],
    [0.7947993575507953,0.21197011588552966,-0.4984016287445389,-0.8304736718356003]
  ],
  "96": [],
  "97": [],
  "98": [],
  "99": [],
  "100": []
}
