{
  "1": [],
  "2": [],
  "3": [],
  "4": [],
  "5": [],
  "6": [],
  "7": [],
  "8": [],
  "9": [],
  "10": [],
  "11": [],
  "12": [],
  "13": [],
  "14": [],
  "15": [],
  "16": [],
  "17": [],
  "18": [],
  "19": [],
  "20": [],
  "21": [
    [0.8861283007720369,-0.9786319787539086,-0.8491055869374241,0.5238020710280431],
    [0.8939792959771383,-0.972224698339996,0.8460907261166565,-0.5266841623970815]
  ],
  "22": [],
  "23": [],
  "24": [
    [-0.944705435933895,-0.9206345431379634,0.9452842076834833,0.7713010616817365]
  ],
  "25": [],
  "26": [],
  "27": [],
  "28": [
    [0.9962570856300291,-0.8963078951515531,0.7754624587675939,-0.794450070187976]
  ],
  "29": [],
  "30": [],
  "31": [],
  "32": [],
  "33": [],
  "34": [],
  "35": [],
  "36": [],
  "37": [],
  "38": [],
  "39": [],
  "40": [],
  "41": [],
  "42": [
    [-0.9985214076003399,-0.8060190792740103,0.5640900413487042,0.7184254401998813]
  ],
  "43": [],
  "44": [],
  "45": [],
  "46": [],
  "47": [],
  "48": [],
  "49": [],
  "50": [],
  "51": [],
  "52": [],
  "53": [],
  "54": [],
  "55": [],
  "56": [],
  "57": [],
  "58": [],
  "59": [],
  "60": [],
  "61": [
    [0.8709510671101356,0.8846639605264784,-0.6942500976606609,-0.05630353917377974],
    [0.7263011384146796,0.9292285365287529,0.754367457855962,-0.05718455173358671]
  ],
  "62": [],
  "63": [],
  "64": [],
  "65": [],
  "66": [],
  "67": [],
  "68": [],
  "69": [],
  "70": [],
  "71": [],
  "72": [],
  "73": [],
  "74": [],
  "75": [],
  "76": [],
  "77": [],
  "78": [],
  "79": [],
  "80": [
    [-0.8880626261716638,0.9605127522132082,0.7411278110757159,-0.6570948433233069]
  ],
  "81": [],
  "82": [],
  "83": [],
  "84": [],
  "85": [],
  "86": [],
  "87": [],
  "88": [],
  "89": [],
  "90": [],
  "91": [],
  "92": [],
  "93": [],
  "94": [],
  "95": [],
  "96": [],
  "97": [],
  "98": [],
  "99": [],
  "100": []
}
