{
  "1": [],
  "2": [
    [0.6097344762344982,-0.08126722945965774,-0.9252392640362773,-0.10759502835347502],
    [0.6111920508027904,-0.08158729618232508,0.8143339864402451,-0.10747600909694831]
  ],
  "3": [
    [-0.9611947291296989,0.4697879945812887,0.4370454763972044,0.8667728750307466]
  ],
  "4": [
    [0.386363274733129,-0.07784141393209357,0.9164760020814869,-0.0739303221879915],
    [0.573476752423477,-0.11095054928107907,0.7979823715412389,-0.054048634655579054],
    [0.6015665702398403,0.4088141723002432,0.58659991314277,-0.45932704847025785]
  ],
  "5": [],
  "6": [],
  "7": [],
  "8": [
    [0.2499546229448135,-0.994403949968622,0.5039555393575122,0.09488900804605489]
  ],
  "9": [],
  "10": [
    [-0.10332781580882018,0.12461233075390732,0.275816999617698,0.012739725992126942],
    [0.1089583665171883,0.12459708547015241,-0.26156376020820205,0.012744152146888307]
  ],
  "11": [],
  "12": [],
  "13": [],
  "14": [
    [-0.2354365572626051,-0.11901606868221014,-0.7520043459590227,0.22374720700902676],
    [0.18183990038989373,-0.10171135740397498,-0.5729912079210574,-0.36680199308726613]
  ],
  "15": [],
  "16": [
    [-0.6066227893264403,0.3858484041774883,0.11250416550060843,-0.1865361576037148],
    [0.5162984413290065,-0.08333940093916893,0.1704295154348965,-0.2445550935778276]
  ],
  "17": [
    [-0.9597879123108971,0.03580633788726441,-0.651499235074116,-0.08034799700557102],
    [-0.8844253964233865,0.03827714662934106,0.6558746382851437,-0.08834834669905325]
  ],
  "18": [
    [-0.871776875565039,-0.6033174669832122,-0.2969199530097144,-0.14216422397748354],
    [-0.9652407715448896,-0.07618894194089726,0.08740455518605036,-0.8544783507605],
    [-0.9617973532509335,0.07747470897526375,0.08635907280926902,0.8533268497949467]
  ],
  "19": [],
  "20": [
    [-0.3328298191998896,-0.11221562626632461,-0.488598782388129,0.8652296769549224],
    [-0.33167851356962486,0.22182512329024154,0.49576308546244774,-0.8804835676062454],
    [-0.1115764242472716,-0.19544513496049012,-0.35103651620841125,0.9652769382178505],
    [-0.1116027914061923,0.2283188716789363,0.35228473961220325,-0.9699681593843551]
  ],
  "21": [],
  "22": [],
  "23": [
    [-0.3119596252987448,0.006867304315228037,-0.301806712596336,0.26024875372292133]
  ],
  "24": [
    [-0.48324362317359315,0.010366966701195622,-0.5112166890685659,-0.5189914895190838],
    [-0.4503470743822461,0.02308480266386121,-0.5883783017710797,0.5175052731608323],
    [0.647499920146631,0.33654673118979983,-0.28285652756603075,0.12072580063645508],
    [0.49618724242623646,-0.36602907866755235,0.4478746979990736,-0.4617135588935137]
  ],
  "25": [
    [-0.8073934997164192,-0.4031527743252467,-0.38614171881089016,-0.3278427244323911],
    [0.6730059623295974,-0.4901547323396732,-0.2536718967668132,-0.16596236140133164]
  ],
  "26": [
    [-0.4566639902180851,0.5283272664179696,-0.08803517646946776,-0.8869765955147422]
  ],
  "27": [],
  "28": [],
  "29": [],
  "30": [
    [-0.8118776603759114,0.6802679758977055,0.016872705166568212,0.4472237675280821]
  ],
  "31": [
    [0.6263978681576342,-0.7494443262187045,0.2315502698135148,0.6240059384775188],
    [0.26129702747887157,0.740738983919776,0.15915039361739988,0.47803340719381365]
  ],
  "32": [
    [-0.34570630476959147,-0.23241785605942597,0.2493344696917037,0.40067875436666417],
    [-0.35101413323329295,0.1798130941852871,0.2716512867171393,0.41115891888381373]
  ],
  "33": [
    [0.06416220722706435,0.12929423801252124,0.18779000781498592,-0.8449400232708948],
    [0.06406811270095486,0.12948665249029376,0.19780295258957017,0.8273306948183193]
  ],
  "34": [],
  "35": [],
  "36": [],
  "37": [],
  "38": [],
  "39": [],
  "40": [],
  "41": [],
  "42": [],
  "43": [
    [-0.3271314400317364,-0.24696821431283283,0.6750659684898672,-0.592606991566774],
    [-0.09368976588613954,-0.522199698123759,0.4370858384558566,0.9622792266354846]
  ],
  "44": [],
  "45": [],
  "46": [
    [-0.008633855399277567,0.07229831254112784,-0.36277865478987764,-0.32452772301617744]
  ],
  "47": [
    [0.1389197924761542,0.13590107729429515,-0.5249477722108477,0.4311601694062941]
  ],
  "48": [],
  "49": [
    [-0.7929593407341698,-0.541385473271143,0.792354339181485,-0.164087191004005]
  ],
  "50": [],
  "51": [
    [-0.8909774931990861,0.01691599738605709,0.45239415807574396,0.00800444468036577],
    [0.8706578033954148,0.003782755034883073,-0.4643989072348341,0.01060648713367113]
  ],
  "52": [],
  "53": [],
  "54": [
    [-0.24624863175870082,-0.26677721159690204,0.5893271562421489,-0.06285256116272657],
    [-0.04107828491345421,0.2782027873554121,0.40901815986757784,-0.06268327055753867]
  ],
  "55": [],
  "56": [
    [0.9306417458867823,0.6538590995582599,0.4379174437825523,0.5821026384233912]
  ],
  "57": [
    [0.07244396296921224,-0.7097182440584869,-0.01740985481112645,0.17761043578145505],
    [0.6808034494263272,0.724826697946241,0.08605797376231189,0.09489071393308372]
  ],
  "58": [],
  "59": [],
  "60": [],
  "61": [],
  "62": [
    [0.7626903304642138,0.030025848897169756,-0.8586954181679622,0.13445381677013207]
  ],
  "63": [],
  "64": [
    [-0.3240641683837357,-0.8549225114688054,-0.4247106140677489,-0.20136413311489043],
    [0.009818454298640724,-0.9656969663449099,-0.49401553096665884,-0.20662065625842893],
    [-0.7119524620859741,0.8599716299184529,0.5331878214895419,-0.18118039460464755]
  ],
  "65": [
    [0.10742690680179796,0.16264869551007774,0.10203502302071638,0.7761251031016586]
  ],
  "66": [],
  "67": [],
  "68": [],
  "69": [
    [0.5888763249565634,-0.5195727929468955,-0.2664825996839757,0.9123292859494395]
  ],
  "70": [],
  "71": [],
  "72": [],
  "73": [],
  "74": [],
  "75": [],
  "76": [],
  "77": [],
  "78": [],
  "79": [
    [0.06955139077835051,-0.6121049316123273,-0.0418609340240055,-0.4768846781626147]
  ],
  "80": [],
  "81": [
    [0.0031441701211584894,-0.06158751323500545,0.13872227804834555,-0.1347845794857511],
    [0.5741207296292891,-0.21284786842140233,0.46954483564092087,0.5498876103385946]
  ],
  "82": [
    [0.7946749876756922,0.5565373869775876,-0.3812354855183358,0.04132676487314176]
  ],
  "83": [],
  "84": [],
  "85": [],
  "86": [],
  "87": [
    [-0.6623972562854439,0.3385693531753109,0.5635639857057247,0.36165434122618745]
  ],
  "88": [],
  "89": [],
  "90": [
    [-0.7358966533371916,-0.010079915420079359,0.929574634859325,0.8459747554623465],
    [0.7386037072971863,0.010629725157528538,-0.10159566814186496,-0.34362828991480976]
  ],
  "91": [
    [-0.35056416528287165,0.0017882740785290785,-0.8333549186387165,0.9470811244646906]
  ],
  "92": [],
  "93": [],
  "94": [],
  "95": [
    [-0.7130059777629758,-0.5205471457317327,0.19934175760595718,0.5788563350396894],
    [-0.7939898118543574,-0.30549307576001944,0.21377851748171514,0.5033170338647277]
  ],
  "96": [],
  "97": [],
  "98": [],
  "99": [],
  "100": []
}
