{
  "1": [],
  "2": [],
  "3": [],
  "4": [],
  "5": [],
  "6": [],
  "7": [],
  "8": [],
  "9": [],
  "10": [],
  "11": [],
  "12": [],
  "13": [],
  "14": [],
  "15": [],
  "16": [],
  "17": [],
  "18": [],
  "19": [],
  "20": [],
  "21": [],
  "22": [],
  "23": [],
  "24": [],
  "25": [],
  "26": [],
  "27": [],
  "28": [],
  "29": [],
  "30": [],
  "31": [],
  "32": [],
  "33": [],
  "34": [],
  "35": [],
  "36": [],
  "37": [],
  "38": [],
  "39": [],
  "40": [],
  "41": [],
  "42": [
    [0.7595060135722667,-0.6210622603853053,-0.11002154999730213,0.759437189821937]
  ],
  "43": [],
  "44": [],
  "45": [],
  "46": [],
  "47": [
    [0.9104676409046173,0.7087751745999635,0.7452305614975275,0.14020476768164392]
  ],
  "48": [],
  "49": [],
  "50": [],
  "51": [],
  "52": [],
  "53": [],
  "54": [],
  "55": [],
  "56": [],
  "57": [],
  "58": [],
  "59": [],
  "60": [],
  "61": [],
  "62": [],
  "63": [],
  "64": [],
  "65": [],
  "66": [],
  "67": [],
  "68": [],
  "69": [],
  "70": [],
  "71": [],
  "72": [],
  "73": [],
  "74": [],
  "75": [],
  "76": [],
  "77": [
    [-0.42189872700077996,-0.7970713599462144,-0.7253104551057513,0.7988145366092112],
    [-0.424027495758553,0.7415533233494055,0.6889930142319027,-0.9066301023805685]
  ],
  "78": [],
  "79": [],
  "80": [
    [-0.4769627631223453,-0.6394931259393136,-0.9643081249578326,0.9729244898417682],
    [-0.4944887939682347,0.6824386811574535,-0.9449265131753412,-0.8849417527296152],
    [0.4898682968156938,-0.5922670200875474,-0.9899682947436123,0.9934477362868822],
    [0.5080392926283731,0.6399479248320242,-0.9635172729160641,-0.9028383899365038]
  ],
  "81": [],
  "82": [
    [0.8797463962349494,-0.4335673778512651,-0.7237245010385833,0.9982156816454744]
  ],
  "83": [],
  "84": [],
  "85": [],
  "86": [],
  "87": [],
  "88": [],
  "89": [],
  "90": [],
  "91": [],
  "92": [],
  "93": [],
  "94": [],
  "95": [],
  "96": [],
  "97": [],
  "98": [],
  "99": [],
  "100": []
}
