{
  "1": [],
  "2": [],
  "3": [],
  "4": [],
  "5": [],
  "6": [],
  "7": [],
  "8": [],
  "9": [],
  "10": [],
  "11": [],
  "12": [],
  "13": [],
  "14": [],
  "15": [],
  "16": [],
  "17": [],
  "18": [],
  "19": [],
  "20": [
    [-0.9098425136962156,0.9475720127455953,-0.6058197047772017,-0.34790259285593444]
  ],
  "21": [],
  "22": [],
  "23": [],
  "24": [],
  "25": [
    [-0.6359533793765185,-0.5431672124188655,-0.2949333450609923,-0.9155097231107591],
    [-0.9777012899730171,-0.4729288732918459,-0.06564039859313538,-0.9293721706580732],
    [-0.5276929203910944,-0.5012841597809731,-0.5183619752384786,0.9988946370881907],
    [-0.6504728801668377,0.8565241795409995,-0.4816595453656656,-0.9664817810305565],
    [0.6393387673130396,-0.8213904229300574,-0.15717010659172928,0.9227794406642981],
    [0.2573077812120057,-0.5252404088206919,0.3906685098876595,-0.9071342831328986],
    [0.2738331346578173,0.6160545240858426,0.27043162965002504,0.9374569109408305]
  ],
  "26": [
    [0.6686701092092417,-0.6067241932600361,-0.8547195603105382,-0.702090263571551]
  ],
  "27": [],
  "28": [],
  "29": [],
  "30": [],
  "31": [],
  "32": [],
  "33": [],
  "34": [],
  "35": [],
  "36": [],
  "37": [],
  "38": [],
  "39": [
    [0.9359443466645575,-0.5686059949525686,0.6985016087590105,0.9810287586891473]
  ],
  "40": [],
  "41": [],
  "42": [],
  "43": [],
  "44": [],
  "45": [],
  "46": [],
  "47": [],
  "48": [
    [0.8955763695260103,0.3707340783905568,-0.6598271505574694,-0.5660228504574085],
    [0.9456872936392126,0.4546845825777457,0.553603576562721,0.5170820679378628]
  ],
  "49": [],
  "50": [],
  "51": [],
  "52": [],
  "53": [
    [0.06830266554934818,-0.6075115247008878,-0.20428398580211127,-0.6330897123598601],
    [-0.2906913669049824,-0.8225414707331151,0.7145442277146136,0.13358951338080977],
    [-0.06799549171378912,0.6107304415472478,-0.2005591039777284,0.6360463847999411],
    [0.29284809241709464,0.8311375370109004,0.7071026566878434,-0.1326524750096435]
  ],
  "54": [],
  "55": [],
  "56": [],
  "57": [],
  "58": [],
  "59": [
    [-0.03234818269951439,-0.7193422502626683,-0.7236782993782396,0.9935084722261323],
    [-0.032365731947097756,0.6916290767477943,-0.7656546267650101,0.9779312747985414]
  ],
  "60": [],
  "61": [
    [-0.9596213679565871,0.30586122592040077,0.5703354294149352,-0.31425683178397273]
  ],
  "62": [],
  "63": [
    [-0.5776155606397229,-0.8601344949634068,0.8476718285606241,0.8236261108282885],
    [-0.6942236763642876,0.7129070928915553,-0.8953750140485267,0.4547639315861658]
  ],
  "64": [],
  "65": [],
  "66": [],
  "67": [],
  "68": [],
  "69": [],
  "70": [],
  "71": [
    [-0.2052907083586675,0.8412792981463916,0.9103870988527234,-0.27317097087517217],
    [-0.37312683630585386,0.8425312082791045,0.8736538125472716,0.16741130279373378]
  ],
  "72": [],
  "73": [
    [0.8282028750466764,0.6362665590137114,-0.7589966125894303,0.6926898261573007]
  ],
  "74": [],
  "75": [
    [0.2260350111422359,0.4109107984187544,-0.9704883696703683,-0.7936231144073171]
  ],
  "76": [],
  "77": [],
  "78": [],
  "79": [],
  "80": [],
  "81": [],
  "82": [],
  "83": [
    [0.8938233078688366,0.7129096509536643,0.6412238286720879,-0.6104707534783714],
    [0.8345856523455113,0.8438882896120823,0.8333164278691251,-0.7795998385145514]
  ],
  "84": [],
  "85": [
    [0.8872818562464,-0.9900021153119712,-0.6192624274989411,-0.8273947165310459]
  ],
  "86": [],
  "87": [
    [0.4804101701531244,-0.26535681836721464,0.924859337469691,0.27869694103202214]
  ],
  "88": [],
  "89": [],
  "90": [
    [-0.4726789490733129,-0.7025048862442204,-0.8061736042847126,-0.1436568436724587],
    [0.4393982473333137,0.7257035118103675,-0.8795195403551342,-0.1432046469733934]
  ],
  "91": [],
  "92": [
    [-0.8537724680184092,-0.9886824602650448,-0.5905792317359596,0.8314393546540848]
  ],
  "93": [
    [-0.5051766427817304,-0.8469719585763676,0.5569402145206808,-0.055178125788892085],
    [0.23141179064371636,-0.5238551614806117,-0.5732613552562735,0.9535780153251404],
    [0.4708937877395115,0.9875554097619891,0.49970379173585383,0.2510153428167373]
  ],
  "94": [],
  "95": [
    [-0.5493740505844152,-0.39114375451815414,-0.4980792455670752,-0.43746509525349037],
    [-0.9511759604968613,0.7408761407984987,0.5412851244703358,0.37021735974142056],
    [0.8549072655565755,-0.48155510203213603,-0.6739740444204658,-0.31027171793491615],
    [0.9231086727175245,-0.7025003409469889,0.6047065198458375,0.3772266551842902],
    [0.9058571589243866,-0.8429669494563775,0.6639459801409469,0.6237241150874252]
  ],
  "96": [],
  "97": [],
  "98": [],
  "99": [
    [-0.5311102860281974,-0.593432980884732,0.9163422505717177,-0.7158726546415772]
  ],
  "100": []
}
