{
  "1": [],
  "2": [],
  "3": [],
  "4": [],
  "5": [
    [0.5422916280852521,0.9969444079645841,0.8417681154128381,0.9253811406666071]
  ],
  "6": [],
  "7": [],
  "8": [],
  "9": [],
  "10": [],
  "11": [],
  "12": [
    [-0.8499871768153995,0.7349605800319837,0.8560773453509551,-0.8299375276102169]
  ],
  "13": [],
  "14": [],
  "15": [
    [-0.4766505321054391,-0.47891541174495517,0.39672883244456913,0.276120097861247]
  ],
  "16": [],
  "17": [],
  "18": [],
  "19": [
    [0.3871470140303571,0.4675169386565655,-0.5193382872820149,-0.29905240558250157],
    [0.3837125000186818,0.4757298036189981,-0.5429930306225533,0.21256501998896996]
  ],
  "20": [],
  "21": [],
  "22": [],
  "23": [
    [0.9423291075241882,0.6035925304425438,-0.8701987949318297,-0.8355740670170636]
  ],
  "24": [],
  "25": [],
  "26": [],
  "27": [],
  "28": [
    [-0.331065732020029,-0.09495669514870828,0.5298851908799551,-0.4401703929959764]
  ],
  "29": [],
  "30": [],
  "31": [
    [-0.9823164567272092,0.9861520337051731,-0.5672041080327719,0.5323264094407939]
  ],
  "32": [],
  "33": [],
  "34": [],
  "35": [],
  "36": [],
  "37": [],
  "38": [],
  "39": [],
  "40": [
    [0.913289582543528,-0.6617591883577089,-0.170723083577929,0.9367993550486758],
    [0.8986081426608755,0.5713489772552556,0.20955799626134908,-0.86761145953041]
  ],
  "41": [],
  "42": [
    [0.1860544786807788,0.3960227525224523,-0.7015930476975921,0.702629427440027],
    [0.18979746545689338,0.3918975380776786,0.7105021830056583,0.6787237317500786]
  ],
  "43": [],
  "44": [],
  "45": [],
  "46": [],
  "47": [],
  "48": [],
  "49": [
    [0.6423304999763768,-0.9044943297750994,-0.874768240658435,-0.7699916443383246]
  ],
  "50": [],
  "51": [],
  "52": [],
  "53": [],
  "54": [],
  "55": [],
  "56": [],
  "57": [],
  "58": [],
  "59": [],
  "60": [],
  "61": [],
  "62": [
    [0.6583734822788035,-0.9116482724751538,0.5936472836422534,-0.6271915025404965]
  ],
  "63": [],
  "64": [],
  "65": [],
  "66": [],
  "67": [],
  "68": [],
  "69": [
    [0.858285950893464,0.32887878201785725,-0.8169428200888872,0.8553801789531796]
  ],
  "70": [],
  "71": [],
  "72": [],
  "73": [],
  "74": [],
  "75": [],
  "76": [],
  "77": [],
  "78": [],
  "79": [],
  "80": [],
  "81": [],
  "82": [],
  "83": [],
  "84": [],
  "85": [],
  "86": [
    [-0.8544100047106267,-0.7874855402655873,0.6744595874922822,-0.8752777552821769],
    [0.850252233665186,0.7386169326699565,0.6456860682879652,-0.9909602548615478]
  ],
  "87": [],
  "88": [],
  "89": [],
  "90": [],
  "91": [],
  "92": [],
  "93": [],
  "94": [],
  "95": [],
  "96": [],
  "97": [],
  "98": [],
  "99": [],
  "100": []
}
