{
  "1": [],
  "2": [],
  "3": [],
  "4": [],
  "5": [],
  "6": [],
  "7": [],
  "8": [],
  "9": [],
  "10": [],
  "11": [
    [0.8743373833226513,0.6478490381269821,0.944701941775258,-0.8962404887042582]
  ],
  "12": [],
  "13": [
    [-0.8674836352441065,-0.9967031571312873,0.8139348804578885,-0.7900729994603573]
  ],
  "14": [],
  "15": [],
  "16": [],
  "17": [],
  "18": [],
  "19": [],
  "20": [],
  "21": [],
  "22": [],
  "23": [
    [-0.6100906993642776,-0.7456691231372728,0.9292072474316068,0.1259293851031928],
    [-0.6278731801061173,0.8135121835868477,0.8521134523746706,0.1258209417676607]
  ],
  "24": [],
  "25": [],
  "26": [],
  "27": [],
  "28": [],
  "29": [],
  "30": [],
  "31": [],
  "32": [],
  "33": [],
  "34": [],
  "35": [],
  "36": [],
  "37": [],
  "38": [],
  "39": [],
  "40": [],
  "41": [],
  "42": [],
  "43": [],
  "44": [],
  "45": [],
  "46": [],
  "47": [],
  "48": [],
  "49": [],
  "50": [],
  "51": [],
  "52": [],
  "53": [],
  "54": [],
  "55": [],
  "56": [],
  "57": [],
  "58": [],
  "59": [],
  "60": [],
  "61": [],
  "62": [],
  "63": [],
  "64": [],
  "65": [],
  "66": [
    [-0.3401466127227755,0.899583146519505,-0.7589394608913893,0.9537310794672739]
  ],
  "67": [],
  "68": [],
  "69": [],
  "70": [],
  "71": [
    [-0.9801193625195004,-0.6994844748378223,0.7713083152777157,-0.9542587100688579],
    [0.9869212100972639,0.7037538579189393,0.7530743824408787,0.9540214465478878]
  ],
  "72": [],
  "73": [],
  "74": [],
  "75": [],
  "76": [],
  "77": [],
  "78": [],
  "79": [],
  "80": [],
  "81": [],
  "82": [],
  "83": [],
  "84": [],
  "85": [],
  "86": [],
  "87": [],
  "88": [],
  "89": [],
  "90": [],
  "91": [],
  "92": [],
  "93": [],
  "94": [],
  "95": [],
  "96": [],
  "97": [],
  "98": [],
  "99": [],
  "100": []
}
