{
  "1": [
    [-0.398131471129628,-0.8363250980038094,0.951862834719781,0.21654851032448716]
  ],
  "2": [],
  "3": [],
  "4": [],
  "5": [],
  "6": [],
  "7": [],
  "8": [
    [-0.0237919255969501,-0.7057575737959452,-0.09232278947427253,0.7949909836970822]
  ],
  "9": [
    [0.059232331420068965,-0.2413444619256689,-0.07638347437248351,-0.24198923217266366]
  ],
  "10": [
    [0.0005723571831307507,-0.6426750071398052,-0.23027793833399945,0.3104519224922041],
    [-0.3226222700144896,-0.07502875838643168,0.4635678064847377,0.36659880654019844],
    [-0.31644025663530245,0.3580768729435014,0.45323279649449927,0.43366082079349394],
    [0.14634479667234732,-0.614767910125486,-0.27477629169513146,0.3263400459959713],
    [0.28459808291442995,0.33102883220559215,-0.3516883639834661,0.6962850897173336]
  ],
  "11": [
    [0.3509560177384762,-0.31864950278320275,0.15478738674893933,-0.19661566863928792]
  ],
  "12": [],
  "13": [
    [0.5542929353077302,0.10665405425517235,0.30025107562517145,-0.6470357085153149]
  ],
  "14": [
    [-0.6525846338174689,0.058611629113631235,-0.7433297110849201,-0.05325620034914187],
    [0.32437689856042295,0.009013513701202073,-0.7938563655660468,-0.10012080891072801]
  ],
  "15": [],
  "16": [],
  "17": [],
  "18": [],
  "19": [],
  "20": [],
  "21": [],
  "22": [],
  "23": [],
  "24": [
    [0.05935086559218829,0.11043197197404397,0.5299110408339036,-0.397247039070351]
  ],
  "25": [],
  "26": [],
  "27": [],
  "28": [
    [-0.04747764822267445,0.31601753553585343,-0.6767500163345985,-0.5290483167074641],
    [0.040442563032804336,0.21569743568545954,-0.7427916878040857,0.6376072908646283]
  ],
  "29": [
    [0.15978853473951546,-0.9224858263708274,0.023656803550608414,-0.053280088020273036]
  ],
  "30": [
    [0.6513790782286017,0.6307329743277411,-0.4180562499575429,-0.20880325599924515]
  ],
  "31": [],
  "32": [],
  "33": [
    [0.8214993436372623,0.10311039468076776,0.2520569599259501,-0.48094167114687647]
  ],
  "34": [],
  "35": [
    [0.2725168620957354,-0.7894853424096199,-0.4207704581463788,-0.03338929004464189]
  ],
  "36": [
    [-0.8701538083844731,-0.08070954590318115,-0.39418454392869656,0.4479452367146794]
  ],
  "37": [
    [-0.14666118771006145,-0.747569061769427,0.03846473560225019,0.9207828941947512],
    [-0.1661750724803867,0.010261725648022678,0.4291395753431055,-0.50274593547985]
  ],
  "38": [
    [-0.12486036063524232,-0.5245634612155529,-0.3397064235649798,0.24192958829305053]
  ],
  "39": [],
  "40": [],
  "41": [
    [-0.2923351497639847,0.3787551306012242,0.09661055638800856,-0.5631010099208423],
    [0.3529099998386769,0.43661104582247134,-0.034501119621407624,-0.14140566421186967]
  ],
  "42": [],
  "43": [],
  "44": [],
  "45": [],
  "46": [],
  "47": [
    [-0.8093327096167443,0.47614376776914863,-0.12371181935006546,-0.3449087823376437]
  ],
  "48": [
    [-0.0710380083201248,-0.7589966376283327,0.9207123353393104,-0.6487771116167748],
    [-0.6287824319335026,-0.29049800809968696,0.1029663534224291,-0.05233934551442819],
    [0.19797996997566783,0.18220179406125034,-0.33920795766052747,0.60430045402392]
  ],
  "49": [
    [0.323051898561901,0.11398125611560032,0.5655036975228355,-0.299677980947421]
  ],
  "50": [],
  "51": [
    [0.3201296262156207,0.4055509151593417,-0.4756959730700736,0.7847259232842267]
  ],
  "52": [],
  "53": [
    [-0.13439971353661687,-0.632642734095856,0.22667043330611508,0.10477828155607095]
  ],
  "54": [],
  "55": [],
  "56": [],
  "57": [
    [-0.09706212142730773,-0.693188344288735,0.2703287377937211,-0.024491974632213618]
  ],
  "58": [],
  "59": [
    [0.02244044948936958,0.0710859246841997,-0.13822754520975225,-0.5126512586889072]
  ],
  "60": [
    [0.7178652188336089,-0.6306447628674925,0.829964783968155,-0.767314849524876]
  ],
  "61": [],
  "62": [
    [-0.00897251868862147,-0.48621240908655844,-0.30414474024318083,-0.14750276437922277]
  ],
  "63": [],
  "64": [],
  "65": [
    [0.19899653226422107,-0.004639854553042297,-0.24510203322546886,-0.8733660162077814]
  ],
  "66": [],
  "67": [],
  "68": [],
  "69": [
    [0.07149793781750136,-0.1583977505505892,0.001565948753011912,-0.6360901596444993]
  ],
  "70": [
    [0.4752859879234025,-0.779435411716203,0.9818125735476007,-0.280557758994147],
    [0.0813130214641192,0.035980766915013104,0.2440193467014454,0.08326842324060102]
  ],
  "71": [
    [0.13840899577004162,0.175833201462336,-0.5216496855117058,0.5584160020722759]
  ],
  "72": [
    [-0.46695992250440554,0.24715216150746766,-0.49359595236652143,0.09006150101989008],
    [-0.36795498828419015,0.5582881699043866,0.5156254258971702,0.6200813696301779],
    [0.1552018493052152,0.573153807559329,0.1978762373564582,-0.7930293845876716]
  ],
  "73": [
    [-0.28760721264990075,0.4807841074873974,-0.4395532912954119,-0.9010049820895438],
    [0.6281137415914636,-0.5133349971615832,0.503596072184788,-0.4115761812450183]
  ],
  "74": [
    [0.0161878799606201,0.04231323918602225,0.02485533765937643,-0.3805327667830486]
  ],
  "75": [],
  "76": [
    [-0.1956298958925888,0.16011020648355953,0.5043478735366174,-0.2674223672371362]
  ],
  "77": [
    [0.17195479480800344,0.034148049676456474,0.336165589570763,-0.5501851877052967],
    [0.18864346756465902,0.03628712082851414,0.19405906899981284,0.2153507719943275]
  ],
  "78": [],
  "79": [
    [-0.5968406359873414,0.1280842696720053,0.02803699798519432,0.7149477342438432]
  ],
  "80": [],
  "81": [
    [-0.34019366298274406,-0.6676335069954688,-0.2553504841820697,-0.26190783149999747]
  ],
  "82": [],
  "83": [],
  "84": [],
  "85": [],
  "86": [],
  "87": [],
  "88": [],
  "89": [
    [-0.5992951838314166,-0.0714399817047982,-0.6599709235248942,0.6950695841552109],
    [-0.5739329091576529,0.12639645751795503,-0.6444181049654661,-0.4231252576500581]
  ],
  "90": [],
  "91": [],
  "92": [],
  "93": [
    [-0.8102913824741697,0.05297723686298366,-0.13066448386271803,-0.27726894104528504]
  ],
  "94": [],
  "95": [],
  "96": [
    [0.3057810374573052,-0.20644278792969648,-0.5523816923974755,-0.6112086735191354],
    [0.3612661908483156,-0.4299022555389841,-0.5334953954769976,0.6261711724696336]
  ],
  "97": [],
  "98": [],
  "99": [],
  "100": [
    [-0.08207454849727813,0.09151756450415148,0.4472702796098619,-0.04373216205507165]
  ]
}
