{
  "1": [],
  "2": [
    [0.2955094957304535,-0.6114289545587905,-0.19824725547487193,0.10577007315310084]
  ],
  "3": [
    [0.25817656041592346,0.1952221082226782,-0.11478714559193684,0.2214753649723478]
  ],
  "4": [
    [0.008862159057849348,-0.12431868095158666,-0.5105080141311057,-0.3390071014157971],
    [0.07570441708971498,-0.07499282738189453,-0.6203624397686185,-0.6417791631218455]
  ],
  "5": [
    [-0.5001738362980098,-0.6848316506017771,-0.8188764736610806,0.3408023650803608]
  ],
  "6": [
    [-0.67497293685573,-0.38572573676553346,-0.09636676422191949,0.47996349773664787],
    [-0.11740129183153938,0.10455216495970174,0.08555821992273521,-0.3852919203958273],
    [-0.0008380620646208524,0.07095845492223268,0.23431410987787107,-0.8363041820166901]
  ],
  "7": [],
  "8": [],
  "9": [],
  "10": [
    [-0.10102149316466875,-0.2723701594928793,0.13941443466856376,0.42062190785381925]
  ],
  "11": [],
  "12": [
    [-0.05056663355114595,-0.7865092284601464,-0.03994645993481795,0.02225607862229143],
    [0.2184146655105514,0.8111881369699164,0.02685469842371902,-0.3607744065839674]
  ],
  "13": [
    [-0.12294156072522704,-0.4690282643464195,-0.015533234088739405,-0.10043913077345717],
    [-0.12294156072522704,0.4690282643464194,-0.015533234088739405,-0.10043913077345717]
  ],
  "14": [],
  "15": [
    [-0.3625804288726626,-0.38230580186140384,0.2674805424070404,0.6342780676602399],
    [0.01663414842528923,0.6709042987325226,0.29228144679927015,-0.6533891855995758]
  ],
  "16": [],
  "17": [],
  "18": [
    [0.051033638518768056,0.33669050431914915,0.054435706758290965,0.21823864194341236]
  ],
  "19": [
    [-0.3843754448275417,0.11035532975520984,0.9252092008173155,0.04819101747617448],
    [0.6420048268679663,-0.8101586828480791,0.13403533133581574,0.3496381298422811],
    [-0.01705972572735774,0.034261537977815594,0.12435439393597719,0.11276121626378546]
  ],
  "20": [
    [-0.6198551929690662,0.2190253837424605,-0.6675133134471934,-0.21471618574047838],
    [0.03785747435942296,0.08144385877242898,0.7000617418759191,0.02064488211567447]
  ],
  "21": [],
  "22": [],
  "23": [],
  "24": [
    [-0.4277543801770078,-0.2530371839652299,-0.6838232889924443,0.6953663515302883]
  ],
  "25": [
    [0.0012084361698159595,-0.17656718973198948,0.22137585088100203,0.04027355636858181]
  ],
  "26": [],
  "27": [
    [-0.49752482966051875,0.10508717755549979,0.16159162908291771,0.1958033364884347],
    [0.5096858872215354,0.0961968317110996,-0.16329056026691918,-0.3590956234362175]
  ],
  "28": [],
  "29": [
    [0.0477959290886187,-0.06230626698579986,0.8240813822227325,-0.05620412891759036]
  ],
  "30": [
    [-0.05971134751168145,0.22933159712603596,0.5922465951362894,-0.128037321553221]
  ],
  "31": [],
  "32": [
    [0.9506701273466304,0.7973312927970502,0.31983141330411036,-0.1189059833486214]
  ],
  "33": [],
  "34": [],
  "35": [
    [0.0145002834876873,-0.4493202238227501,0.13479394050491836,0.08599991271737019]
  ],
  "36": [
    [0.015483028248571626,-0.12474444845504115,0.10844189243495653,-0.09259968446460996]
  ],
  "37": [],
  "38": [],
  "39": [
    [0.088178028659307,-0.31768663666133873,0.4093491059188383,0.19102427433587307],
    [0.050445995828407156,0.23617207232273443,0.2932945861112519,0.15254865582383947]
  ],
  "40": [],
  "41": [
    [0.9090535710436078,0.2097719717544417,-0.18699729526901362,0.14755002562642075]
  ],
  "42": [
    [0.03445391021121651,-0.010449232251872236,0.07240780217386172,0.01799649187343471]
  ],
  "43": [
    [-0.06091619977808193,0.060923408088242134,-0.03162207705486593,-0.17481445529489134]
  ],
  "44": [
    [0.24121180367022577,-0.1438000633724826,-0.10008827503931338,0.5019856694488307]
  ],
  "45": [
    [-0.27928003638827803,0.4823530927523624,-0.22522313745659858,-0.2522953003370344]
  ],
  "46": [
    [-0.40790204158530247,-0.6432435516243467,-0.2241481546702724,-0.5639101600381083]
  ],
  "47": [
    [-0.060731268139937365,-0.9456267003725697,0.005834513449765695,-0.24587298342693645]
  ],
  "48": [],
  "49": [],
  "50": [],
  "51": [],
  "52": [
    [-0.20677488261006527,0.14279524536249447,-0.23445597404894616,-0.2763090274328269]
  ],
  "53": [
    [-0.014045980830910116,0.1170533642474844,-0.22988058518764098,-0.010669161087234659],
    [-0.013095232121491227,0.09449782318555502,0.23388286871443678,-0.006706973205390048]
  ],
  "54": [
    [-0.28094849286458634,-0.2127657954635112,0.026846747326119958,-0.4825145613170333]
  ],
  "55": [],
  "56": [],
  "57": [],
  "58": [
    [0.17617636516116966,-0.6317706007913977,0.12343299962091539,-0.5979346611094444]
  ],
  "59": [],
  "60": [],
  "61": [
    [-0.09269550360890805,-0.8851590233049482,0.1143735978531806,-0.5469967158129267]
  ],
  "62": [],
  "63": [
    [0.204860705271844,0.3837071739239149,0.5262384868181137,-0.697676986352524]
  ],
  "64": [
    [-0.5359140604869511,-0.008777741621451927,-0.9372734295252542,-0.09377329049975083],
    [-0.47530206099973765,-0.16101354391594655,-0.8398996724269533,-0.1290637532014075],
    [0.08478965171237728,0.06574131569522505,0.2111321142370788,-0.0959409749939392]
  ],
  "65": [],
  "66": [
    [-0.27436723173367905,0.528343536673747,0.013131642175647353,0.09155058398079884],
    [0.37877857803171583,-0.05962716488022049,-0.2282949652335301,-0.5028823353401591],
    [0.22209321019644632,0.06297014408209564,-0.12634209731024434,0.32414334113403404],
    [0.27160601329480033,0.4221144586094613,0.06745376049343775,0.0024021757548372898]
  ],
  "67": [
    [-0.10659939816587277,-0.049604600452883854,0.6555537297596543,-0.6981244453536142]
  ],
  "68": [
    [0.8812144761109334,0.8290034233705594,-0.5427108152098552,0.40913672513206606]
  ],
  "69": [],
  "70": [
    [-0.14925713541024632,0.11999454675244511,0.6961280530373469,-0.1107463041598305],
    [0.27176700873734244,-0.9884674361070817,-0.43237066465297047,0.05211647318855587]
  ],
  "71": [
    [-0.5604108336603518,-0.02784563904585557,0.060469942212792234,0.05472200436603489],
    [0.1940602161480709,-0.021982578720597567,-0.3164650312578544,0.06488860410301027]
  ],
  "72": [
    [-0.1289075556038515,0.03249451020785552,0.29417702205713536,0.5178463595501328]
  ],
  "73": [],
  "74": [
    [0.008428436966354404,0.09811004079583206,0.20659507677918934,-0.09369514731817093]
  ],
  "75": [
    [-0.016189216493756584,0.005213302160516993,-0.12261776996327438,-0.12055870086598268],
    [-0.0075268808184258485,0.2958670371060214,-0.12019763022946128,0.08871178017747065]
  ],
  "76": [
    [-0.2858136672509638,0.04315407033365145,-0.7562943959159769,-0.18623783673425506]
  ],
  "77": [],
  "78": [
    [-0.7478517452704555,-0.0069839753115867355,0.07946581906904471,-0.0430937123607434],
    [-0.16289069744196805,0.13973805183187918,0.376435066949831,-0.09174210250526062]
  ],
  "79": [
    [-0.02726451935210342,0.014059566110290163,-0.0905942546764901,-0.748566563056355],
    [-0.0235205076906565,0.012569849326497993,0.1897489152218665,0.24625589688826172]
  ],
  "80": [
    [0.19687311858079556,0.376810963990922,-0.12606963835667145,-0.1819038168361486],
    [0.2538613044313094,0.613667890375552,-0.11345752469422364,-0.13963943700808837],
    [-0.0430444796277378,-0.3189123993312078,-0.11723787347434121,0.2706211281358752],
    [0.2934740141805426,-0.9417631639175946,-0.09085576340853786,0.12082863164438037]
  ],
  "81": [
    [0.17328417550947028,0.9849163609198871,0.6789124365903306,0.0786125245979624]
  ],
  "82": [],
  "83": [
    [-0.14046966390374033,-0.9157417932053847,-0.45032866910949737,0.023235519861940557],
    [0.1001308975794876,-0.2914659074245797,-0.15165443918659588,-0.01132279966235794],
    [0.07559210669243734,-0.3116684653615932,0.15943379965959717,-0.010251364422793266]
  ],
  "84": [
    [-0.04230909682468252,-0.5364123589249958,-0.24280587655878055,-0.20450078711081443],
    [-0.036929322870043434,-0.21962367373478614,-0.004455299886209756,-0.15778718669165612]
  ],