{
  "1": [],
  "2": [],
  "3": [
    [-0.5669539257968651,0.322630297370226,0.7017812546424071,0.34302616118417284]
  ],
  "4": [],
  "5": [],
  "6": [],
  "7": [],
  "8": [],
  "9": [],
  "10": [],
  "11": [],
  "12": [],
  "13": [],
  "14": [],
  "15": [
    [-0.8229982114451933,0.27599318147817814,-0.8226890298620692,0.48376799555399586]
  ],
  "16": [],
  "17": [],
  "18": [
    [-0.9867484966651828,-0.8745062392998111,-0.8257776751758878,0.7790970689408679],
    [-0.4098354336482492,0.7836952020355146,-0.769129554036952,0.6994978945553996]
  ],
  "19": [
    [-0.8134405597146354,0.45425208306630943,-0.9323348629583875,-0.5358113994767044],
    [0.8165408500481841,0.46693183629749935,0.9290853166236052,0.5368505289684786]
  ],
  "20": [],
  "21": [],
  "22": [],
  "23": [],
  "24": [],
  "25": [],
  "26": [
    [0.6700386176170395,-0.6711278775594504,0.6865960164504645,0.9726898311639672]
  ],
  "27": [],
  "28": [],
  "29": [],
  "30": [],
  "31": [],
  "32": [],
  "33": [],
  "34": [
    [0.715717937686871,-0.49858686324010965,-0.9291789016704739,0.4274620971914765]
  ],
  "35": [],
  "36": [],
  "37": [],
  "38": [],
  "39": [],
  "40": [],
  "41": [],
  "42": [],
  "43": [],
  "44": [],
  "45": [],
  "46": [],
  "47": [],
  "48": [],
  "49": [],
  "50": [],
  "51": [],
  "52": [],
  "53": [],
  "54": [],
  "55": [],
  "56": [],
  "57": [],
  "58": [],
  "59": [
    [0.4654912798587974,0.776303818186625,-0.3936779943879966,-0.27208176621540764],
    [0.4668754934595895,0.7715899695676213,-0.38763854962380717,0.26722641301932737]
  ],
  "60": [],
  "61": [],
  "62": [],
  "63": [],
  "64": [
    [-0.26127668386559116,0.8813192197793935,-0.9723928206778915,-0.5660912915850285]
  ],
  "65": [],
  "66": [],
  "67": [],
  "68": [],
  "69": [
    [0.976189642983016,0.6816178478360345,-0.8454214682099098,-0.763462956452816]
  ],
  "70": [],
  "71": [],
  "72": [],
  "73": [],
  "74": [],
  "75": [],
  "76": [],
  "77": [],
  "78": [],
  "79": [],
  "80": [],
  "81": [],
  "82": [],
  "83": [],
  "84": [],
  "85": [],
  "86": [
    [-0.5780345151904789,-0.988222424484629,0.6881825130638368,0.8550190164165975]
  ],
  "87": [],
  "88": [],
  "89": [],
  "90": [],
  "91": [],
  "92": [],
  "93": [],
  "94": [],
  "95": [],
  "96": [],
  "97": [],
  "98": [],
  "99": [],
  "100": []
}
