{
  "1": [],
  "2": [],
  "3": [],
  "4": [],
  "5": [],
  "6": [],
  "7": [],
  "8": [],
  "9": [],
  "10": [],
  "11": [],
  "12": [],
  "13": [],
  "14": [],
  "15": [],
  "16": [],
  "17": [],
  "18": [],
  "19": [],
  "20": [],
  "21": [],
  "22": [
    [-0.6739028073808255,0.8729632658862279,0.7580475549589278,0.416488242241418]
  ],
  "23": [],
  "24": [],
  "25": [],
  "26": [],
  "27": [],
  "28": [],
  "29": [],
  "30": [],
  "31": [],
  "32": [],
  "33": [],
  "34": [],
  "35": [],
  "36": [],
  "37": [],
  "38": [],
  "39": [],
  "40": [],
  "41": [],
  "42": [],
  "43": [],
  "44": [],
  "45": [],
  "46": [],
  "47": [],
  "48": [],
  "49": [],
  "50": [],
  "51": [
    [-0.25817983136413597,0.9394909019529691,-0.903708761700533,0.8282047125537683]
  ],
  "52": [],
  "53": [],
  "54": [],
  "55": [],
  "56": [],
  "57": [],
  "58": [],
  "59": [],
  "60": [],
  "61": [],
  "62": [],
  "63": [],
  "64": [],
  "65": [
    [-0.9131319439596947,0.6565598642874961,-0.9258077323114371,-0.8552637913360646],
    [0.9239385711500253,0.5721806274489886,-0.8247416842661079,0.9202174664496445]
  ],
  "66": [],
  "67": [],
  "68": [
    [-0.7608866934427931,-0.858451050358237,-0.5500724231127484,-0.4832700380738862],
    [-0.9320792810199848,-0.5398119650668388,0.6079514907780549,0.7800955830342626]
  ],
  "69": [],
  "70": [],
  "71": [],
  "72": [],
  "73": [],
  "74": [
    [-0.5094519234600171,-0.6979607483869155,0.9717195660507606,0.771285826742282],
    [-0.39317905984105866,0.6624056067556304,0.8969438611673377,0.8234101438308125]
  ],
  "75": [],
  "76": [],
  "77": [
    [-0.5799895027790944,-0.7202373134793718,-0.8296258650665527,-0.6842481819407908]
  ],
  "78": [
    [-0.8357659298732737,-0.5723172261342561,0.8269178786524499,0.9598806173348468],
    [-0.6772013560581059,0.9893444878813223,0.7507703747109711,-0.6916199709418651]
  ],
  "79": [],
  "80": [],
  "81": [],
  "82": [],
  "83": [
    [-0.9645315521922583,-0.6747239456814625,0.9081765680463271,-0.8239875466681837]
  ],
  "84": [],
  "85": [],
  "86": [],
  "87": [],
  "88": [],
  "89": [],
  "90": [],
  "91": [],
  "92": [],
  "93": [],
  "94": [],
  "95": [],
  "96": [],
  "97": [],
  "98": [],
  "99": [],
  "100": []
}
