{
  "1": [],
  "2": [
    [-0.26043987293830156, -0.4203275623340226, -0.43283187123044764, 0.18122846754951522, 0.03909135487781665, 0.38075377276958156],
    [-0.011971892386558415, -0.08808259289120902, 0.3258497645625046, -0.4253600928680362, 0.009590285767505717, 0.5096696086085559],
    [-0.12335298972140811, -0.06369842424419635, 0.06972892160301285, -0.5306393887800688, 0.00278247584974111, 0.48948553822074414],
    [-0.13234177888863738, -0.5685957477019145, 0.22864661116462273, 0.29369021963634123, 0.16407826421039534, 0.863666168894369],
    [-0.28609651470591324, 0.40327995401564876, -0.5535490528333016, 0.159187669826839, -0.11555172829501892, 0.9808271169647864],
    [-0.0006809506138213397, 0.061742250555545816, -0.36622755272960195, 0.4136019046603689, -0.026403218998583382, 0.5566297932116512],
    [-0.10918246568866058, 0.6297056817483039, 0.44683152725851927, 0.3144615815427011, -0.07481242193941724, 0.28766672708812246],
    [0.10656345857291073, -0.6140715343641463, -0.391763240047572, -0.31681912582957855, 0.09161720220188174, 0.2837022126646057],
    [0.19319550749477826, -0.5347071642874852, -0.08661127128707903, -0.23975635389627334, 0.2895745334837496, 0.6988815786480613],
    [0.43941095817645237, -0.057288634659497496, 0.5846882971718147, 0.8460863590491864, -0.972961659477821, 0.9368035552009008],
    [0.14232297426348325, 0.05566931682023769, -0.02887569077792673, 0.5488856791528933, -0.03494537402896226, 0.5004938754637247],
    [0.3331172571128278, 0.43502682458961506, 0.4545167310373937, -0.1192004482811418, -0.15325034031717594, 0.12402287095821116]
  ],
  "3": [],
  "4": [],
  "5": [
    [-0.12588276767685036, -0.4517553869482525, 0.5638894146443906, -0.4181024598374014, 0.2286588244885097, 0.19227533613316686]
  ],
  "6": [
    [-0.3759296809327021, -0.8061286104461777, -0.37128304538374396, 0.07166059780624195, 0.14628536484948967, -0.02877763209821361],
    [0.3078783150084672, 0.8292382979859576, 0.3714006348413283, 0.06545444416965775, 0.19629104925507676, 0.10586910200352326]
  ],
  "7": [],
  "8": [
    [-0.12119803496291777, 0.8583478733072334, -0.050411985952011254, 0.06855214281596823, 0.017267709555151247, -0.42041512894355215]
  ],
  "9": [],
  "10": [
    [0.33354282614751873, -0.24309233624866694, -0.17916012072898255, 0.3895645878436647, 0.06754021832795594, -0.08752278498783937]
  ],
  "11": [
    [0.2188266716916866, -0.5155791101412598, -0.6083087187735948, 0.022292212497115795, -0.5899128727523503, 0.013163403479659145],
    [0.21889781036088268, -0.5481216113901045, 0.2992212382738072, 0.042877289442651983, -0.21478565717540632, 0.018935610881494768]
  ],
  "12": [],
  "13": [],
  "14": [],
  "15": [
    [-0.09105746274379571, -0.21757136984857486, -0.1399030147004342, -0.1289497136211388, 0.543936429274778, 0.24315728308951456],
    [0.6267700684304965, 0.12411167479954256, 0.11281185052099035, 0.06566347318749785, -0.19305963409581617, -0.04340326230298622]
  ],
  "16": [
    [0.5344443386755113, -0.46899290249590475, 0.3546737364236579, -0.006229002800485276, 0.1288713516993779, 0.18663163893985021]
  ],
  "17": [
    [-0.5106591877855036, -0.13084275919900143, -0.4497924663259148, -0.6409438599189762, 0.1102827493977919, 0.7897452329707693],
    [0.11253661695731375, -0.39573668274469387, 0.5404944763367826, 0.513719278069489, -0.5735228669086446, -0.1302962637344927]
  ],
  "18": [],
  "19": [],
  "20": [],
  "21": [
    [-0.19365387745667378, 0.7116387832998132, 0.2919582939223996, -0.052820880940062286, 0.4702817346455626, -0.4796279941616072]
  ],
  "22": [],
  "23": [],
  "24": [
    [0.2487403650992139, -0.33393902472383885, 0.7701328180657471, 0.2789841505432568, -0.5172115037216372, 0.4926008587380845]
  ],
  "25": [],
  "26": [
    [-0.018745462577368446, -0.09851932431323872, 0.054899532170952337, -0.07842766034988374, -0.2789285930966505, -0.28498182478769307],
    [0.10671620303860085, 0.1936964619319216, 0.06613580679219283, -0.09032686368852515, -0.33254828156556143, -0.34286461405924107],
    [-0.07380358229931042, -0.08859200636262611, -0.10426131469704221, 0.04862813995998126, 0.11010952346465222, 0.19877737322130062],
    [-0.0343506316903452, 0.05179069950653593, -0.1071050923670804, 0.05019339182394711, 0.12802894283530555, 0.09257986804538167],
    [0.19063738036340608, 0.0708059130060537, -0.13880458406408847, 0.06596580653939546, 0.1816734885660822, 0.0012099065260345774]
  ],
  "27": [],
  "28": [
    [-0.030391140527938745, -0.4100951507931247, 0.6127557833663967, -0.2149153494441104, -0.17889016124315768, 0.4090209305889986]
  ],
  "29": [],
  "30": [],
  "31": [],
  "32": [
    [0.3215170294691314, 0.5887748202770202, 0.49380135699624367, 0.08132498809054302, -0.9857154398521012, -0.4702642313865127]
  ],
  "33": [],
  "34": [],
  "35": [],
  "36": [
    [-0.5506023467737923, -0.1297346265106905, -0.2529577178180844, -0.39713243138449367, -0.09091256319994792, -0.15034076324592277]
  ],
  "37": [],
  "38": [],
  "39": [
    [-0.9004250856845246, 0.037893110484589376, -0.2947973501872618, -0.3477243792959415, -0.3794904706559189, 0.1362698871684294],
    [0.37898857813865966, 0.28910416903120484, 0.12807567453737143, 0.7789020210113313, 0.14493668535647647, 0.040843408231410236]
  ],
  "40": [
    [-0.34199545773335155, -0.7427711471039852, -0.06481648873178142, 0.07021207478416341, -0.13838093583238814, -0.3633636197741681]
  ],
  "41": [
    [0.27117343275079603, 0.13976699734790232, 0.5837731439196997, 0.43104145326993837, 0.35840592341365074, -0.48745179178757037]
  ],
  "42": [
    [0.26613480870211853, 0.020431979813713502, -0.19728125997796936, -0.05047786680205036, -0.07110335980812044, -0.29637507000986313],
    [0.2730987065914572, -0.007926989219036496, -0.19956276858251915, -0.05460730179202296, -0.07214880399193446, 0.2954333719514513]
  ],
  "43": [],
  "44": [
    [-0.0667083462949915, 0.11920788646520679, 0.09672047041962907, -0.5378362948511137, -0.06642367672725098, 0.5124257026336206]
  ],
  "45": [
    [-0.13549668826293543, 0.16745915698639346, -0.45330297345507337, -0.8895271080990629, -0.393919811830665, 0.22750751610115474]
  ],
  "46": [
    [-0.557385100214402, 0.1125926206314937, -0.3744388229672285, 0.160479965681259, 0.738518752099146, -0.02780869354750658],
    [0.7076434484605226, -0.16470643535286816, 0.3361466894615459, -0.07424611482542008, 0.598359145847891, -0.03183616110025086]
  ],
  "47": [],
  "48": [
    [0.6200708118318833, 0.21710110167027216, 0.01568000668482951, -0.1817230142618075, -0.049297570898378995, 0.2453456617278365]
  ],
  "49": [],
  "50": [],
  "51": [],
  "52": [
    [0.04644090825737838, 0.049096841959523026, -0.24202591286455974, 0.8589317047777402, 0.30243312823510393, 0.5455157011274269]
  ],
  "53": [],
  "54": [
    [-0.05222779875363594, 0.044854882185274864, 0.0661721025302408, -0.08195285256946429, 0.5551748194137627, -0.30979638195749415]
  ],
  "55": [
    [-0.21249589332143198, 0.4990493063944703, 0.0030602564612457763, -0.11112717979769808, 0.04175437944698851, 0.2332038309393061]
  ],
  "56": [],
  "57": [
    [-0.5552240786910685, -0.03361443064915788, -0.4729359266331085, 0.40327296837413606, 0.04858227578292137, -0.5877013557703701]
  ],
  "58": [],
  "59": [],
  "60": [],
  "61": [
    [0.004855306190524478, 0.06568258701619183, -0.2620543036514794, -0.503336104758324, -0.7685215960119411, 0.48207398661944284]
  ],
  "62": [
    [-0.2867716381098501, 0.22735253796107163, -0.003713208094369823, -0.3856702632751589, 0.09598066794743848, -0.328996753594487]
  ],
  "63": [],
  "64": [],
  "65": [],
  "66": [],
  "67": [
    [0.0354852090268803, 0.08182937934993484, 0.14589266109785456, -0.20242883223868013, 0.273296298947399, -0.07668491107571504]
  ],
  "68": [
    [-0.5602148102357146, 0.6073159230275633, -0.049986046045894544, 0.4707421481035454, -0.1724931052352665, 0.24027533311001004]
  ],