{
  "1": [
    [-0.1273753658382584, 0.03498362944741222, -0.40368089443524463, 0.06409828890089611, 0.34608753254049035, -0.5443496472937946]
  ],
  "2": [],
  "3": [],
  "4": [
    [0.3305259093870061, -0.08705608663954738, 0.243609455086684, -0.2501624968937936, 0.7554260999095125, 0.3152131769056344],
    [0.8509106215816437, 0.1223908106821911, -0.636679872265074, 0.02073840639264778, -0.5432995541547332, 0.1432004472643996]
  ],
  "5": [],
  "6": [],
  "7": [],
  "8": [],
  "9": [],
  "10": [],
  "11": [
    [0.14540039371506627, 0.49029153051231844, -0.6546870577658055, 0.18299806636144203, -0.5154943695507577, 0.2270398119144488]
  ],
  "12": [],
  "13": [],
  "14": [
    [-0.9655252602431068, 0.6971657302492341, 0.28155166891607164, -0.034398292415279745, 0.3315117038229584, 0.24332612753056868]
  ],
  "15": [],
  "16": [],
  "17": [
    [-0.015976308557833604, 0.2747464880693994, -0.7515207497382779, -0.8797623489348503, 0.2961675209601318, 0.011775714867226358]
  ],
  "18": [],
  "19": [],
  "20": [
    [-0.9238575841817358, -0.02496147471288021, -0.9085217544798595, -0.7936252803234871, -0.13026504998573685, -0.19501724837472081]
  ],
  "21": [
    [0.03580738800375536, 0.08088094942657213, 0.8455014166579872, 0.8951889267513305, 0.10633048043616167, -0.6860971859452408],
    [0.7147600903640436, 0.010909854514920636, 0.570680607317806, 0.7558943971993952, 0.10643536653683626, -0.04885226774965269],
    [0.5848876416749103, -0.10991930877037831, 0.459695426878242, 0.5158806555106709, 0.10400989721166058, 0.20827755986434562],
    [0.6766725724587459, 0.05837578051140523, 0.6083791008542254, 0.6897593987431319, 0.1064599059487942, -0.13627236486790625]
  ],
  "22": [
    [0.3937253894122642, 0.16618484815768061, -0.4071895501133794, 0.02130428715996109, 0.6231239894466982, -0.12068085725999493]
  ],
  "23": [
    [-0.13764635268740097, -0.7413383545783775, 0.18681445827147014, 0.3360804046263144, 0.6447948942018581, -0.20348098192809974]
  ],
  "24": [],
  "25": [],
  "26": [],
  "27": [],
  "28": [],
  "29": [],
  "30": [
    [-0.7317046577174172, -0.4027951693779687, 0.6815209813322818, -0.6663053873847258, 0.1942631959330131, -0.21151472435177684],
    [0.5120901679413362, -0.0813292788499286, 0.11644432928365438, -0.22007578143252968, -0.24156378081975294, -0.010747214536417317]
  ],
  "31": [
    [0.6498687836913457, 0.1668210007077873, 0.1438129134972223, 0.4768773034677266, -0.6680653196390401, -0.15348041807585538]
  ],
  "32": [
    [-0.3205326488577227, -0.9419719918365884, 0.9449670945718788, -0.7732904322713543, -0.03692366384050826, -0.54207461051601],
    [0.9385899335044928, -0.37351827617791433, 0.331001552382623, 0.6883062302730579, 0.7308131412668847, 0.960533837661279]
  ],
  "33": [],
  "34": [],
  "35": [],
  "36": [
    [-0.3609297561894303, 0.9787219451496736, 0.02221803004272314, -0.4991197515186444, 0.07436868759819606, -0.5629433570330358],
    [0.385691991838401, -0.5172147776027805, 0.13064264981205495, -0.4086899323091378, -0.12214056634748005, 0.4812211911226018],
    [0.260187861777695, -0.4327474017259501, 0.9459750930303775, -0.21523244956691331, -0.6583630785863869, 0.15107557225274837]
  ],
  "37": [],
  "38": [
    [-0.9430382072237122, 0.3766630022071673, -0.3963456383034361, -0.294497015961164, -0.8509595822326792, 0.023789260904312316]
  ],
  "39": [
    [-0.019797881428095052, 0.9743654183118208, -0.4691254595757275, -0.00994317591776924, -0.747888426337871, 0.03808712677991085]
  ],
  "40": [
    [-0.14317009627419705, -0.588575754163322, 0.28356277347019915, 0.9518800706486282, -0.32368718711770783, 0.7206688894158292],
    [0.265428593739201, -0.2597552695326687, 0.3666280133033809, -0.766946428062163, -0.05395447664741105, 0.5646230848571278]
  ],
  "41": [],
  "42": [
    [0.11765663229922833, -0.1339100143257743, 0.3925286238005078, -0.7631484366690546, -0.34955891685054774, -0.35692669575123415]
  ],
  "43": [
    [0.24716822546959066, 0.007127714357321233, -0.8000040184705315, 0.3907983384676683, -0.18509829199299158, -0.9508733236144808]
  ],
  "44": [
    [-0.4144655812253819, 0.45144533871230397, 0.49876621351956346, -0.36311270663750617, -0.7347253097669297, -0.5549290891291837],
    [0.594159466922479, 0.38171868110171914, 0.2956099072772524, 0.7372066527814172, -0.34315659026441564, -0.09985906239295912]
  ],
  "45": [],
  "46": [],
  "47": [],
  "48": [],
  "49": [],
  "50": [
    [0.968442788948131, -0.151770061029292, -0.12948613240269663, 0.27878110429624925, 0.5451036419073336, 0.3706225047629487]
  ],
  "51": [],
  "52": [
    [0.02232110389493686, -0.20655547473781677, 0.06081469346947147, -0.27464274251431486, 0.7818979666939714, -0.27531502097881944],
    [0.032057222692309956, 0.13761296913121585, 0.5094593334269335, 0.41786176639334965, 0.024617038221480474, 0.43105262335982447]
  ],
  "53": [
    [-0.7711361701309765, 0.6492090269017948, 0.43664325170214113, 0.7051131501977423, 0.4828685884193457, -0.7096326362047202]
  ],
  "54": [
    [0.8730206605944277, 0.2144134261657718, -0.5268333955832564, 0.7733478409214938, -0.02345874492225325, -0.24846935917241267]
  ],
  "55": [],
  "56": [],
  "57": [],
  "58": [],
  "59": [],
  "60": [
    [0.03745385671061521, -0.47608547711159366, 0.2513132806153102, 0.4066755635797128, 0.41453519370836545, -0.07458237041078036],
    [0.44013983443630045, -0.5864511832385841, 0.20924617191231967, 0.19349552619547686, 0.2155108825860792, 0.2377233643544248],
    [0.5967519634711191, 0.4839266175597873, 0.2711037242267769, 0.13939027464631057, 0.16626192619814603, -0.44924933286451973]
  ],
  "61": [],
  "62": [],
  "63": [],
  "64": [],
  "65": [],
  "66": [],
  "67": [],
  "68": [
    [0.5838491831331966, 0.1932182435723775, 0.27432165308673623, 0.03549185093951572, 0.3560688378184446, 0.6172078280781663]
  ],
  "69": [
    [-0.343674897891929, -0.6422073967186075, 0.7673689922918702, -0.027436150874143684, 0.28255730560133807, 0.8234215677407457],
    [0.41498715839274214, 0.6828282035624925, -0.5328617678551739, 0.0708694308963143, 0.35179893917711763, -0.6536297797406178],
    [0.7371955770258621, 0.43345041085528846, -0.5768312362482538, 0.3723390263433936, 0.32373618474987104, -0.8025914086902621]
  ],
  "70": [
    [0.10496848036247337, -0.5731472277938151, 0.35046141767034705, -0.3229786770848621, -0.8751731638476374, 0.8047184503170114]
  ],
  "71": [],
  "72": [
    [0.07036518582289202, -0.37502038699096163, -0.5586516472223509, 0.6504557330161314, -0.5073794319043761, -0.1962965698976004]
  ],
  "73": [],
  "74": [],
  "75": [
    [-0.812501455186562, 0.33231035896685646, -0.7116667938690385, -0.29300573148730974, -0.3680501535206167, 0.17621823493451527],
    [-0.7224694963272948, 0.2301292829842394, -0.7361991599490822, 0.12643578856249918, -0.08891504077832692, -0.09630354339454711]
  ],
  "76": [],
  "77": [],
  "78": [
    [-0.9980947162510622, -0.44842470332386175, 0.3962635641878717, 0.8373286175206176, -0.8286165301627274, 0.2443147365127636],
    [0.9686701505126603, 0.4272523122696719, 0.37495672274773684, 0.8290282114546078, 0.824961406650568, 0.3036098246476241]
  ],
  "79": [],
  "80": [],
  "81": [],
  "82": [],
  "83": [],
  "84": [],
  "85": [],
  "86": [
    [-0.2276734890495167, 0.9665241232767527, -0.1820967736271632, 0.5148909222610089, -0.8959968598461183, 0.7577617284926279]
  ],
  "87": [
    [-0.38495854890205566, 0.0012260601777252522, -0.4666532728905119, -0.37963939988343115, -0.44196426174033704, 0.7892595798039718],
    [0.2558766559469715, 0.12522364197410635, -0.009896671334295478, 0.9632171063922454, 0.09838409630234667, 0.48307970141919404]
  ],
  "88": [],
  "89": [],
  "90": [
    [0.1712963153994595, 0.12787230698714486, -0.14876021966836128, -0.15221962501920996, -0.6633233811053356, -0.3875003526680138],
    [0.1774366410100904, 0.12910260198744555, 0.0897255609545997, 0.08069738544903449, -0.6712034432290773, 0.6485988718847344]
  ],
  "91": [],
  "92": [],
  "93": [],
  "94": [],