{
  "1": [],
  "2": [],
  "3": [],
  "4": [],
  "5": [],
  "6": [],
  "7": [],
  "8": [],
  "9": [],
  "10": [],
  "11": [],
  "12": [],
  "13": [
    [-0.3021028596322489, 0.7262315816791607, -0.8528096239280597, -0.9774390734337608, 0.7743506595468747, -0.6237223697038903]
  ],
  "14": [],
  "15": [],
  "16": [
    [-0.4843987557562789, -0.5940650439766827, 0.08656785530723575, -0.7723445699914481, 0.25726652500562475, -0.7660046096182642]
  ],
  "17": [],
  "18": [],
  "19": [],
  "20": [],
  "21": [],
  "22": [],
  "23": [],
  "24": [],
  "25": [],
  "26": [
    [-0.16561758359401788, 0.9365000719114496, -0.7093584773419384, 0.06352428002187226, -0.469683756413415, 0.08769395730432865]
  ],
  "27": [],
  "28": [],
  "29": [],
  "30": [],
  "31": [],
  "32": [],
  "33": [],
  "34": [
    [-0.5533871185332098, -0.6787775447217975, -0.802546461612617, -0.0747962854207196, -0.24918010572933869, 0.6564449300106792]
  ],
  "35": [],
  "36": [],
  "37": [],
  "38": [],
  "39": [],
  "40": [],
  "41": [],
  "42": [],
  "43": [
    [-0.4471803146236189, 0.05314719603767846, -0.8330498699484141, 0.5148950038170128, -0.43288548076426714, -0.4088957432441346]
  ],
  "44": [],
  "45": [],
  "46": [],
  "47": [],
  "48": [],
  "49": [],
  "50": [],
  "51": [],
  "52": [],
  "53": [],
  "54": [],
  "55": [],
  "56": [],
  "57": [
    [0.3844410168225118, -0.20149567035401214, -0.3864301114162241, 0.9698950082090211, 0.0674411749539266, -0.6883622626271871]
  ],
  "58": [],
  "59": [],
  "60": [],
  "61": [],
  "62": [],
  "63": [],
  "64": [],
  "65": [],
  "66": [],
  "67": [],
  "68": [],
  "69": [],
  "70": [],
  "71": [],
  "72": [],
  "73": [],
  "74": [],
  "75": [],
  "76": [],
  "77": [],
  "78": [],
  "79": [],
  "80": [],
  "81": [],
  "82": [],
  "83": [],
  "84": [],
  "85": [],
  "86": [
    [-0.9169383686912845, 0.9823494201474549, 0.5476987270281579, -0.3183911974945868, -0.9314608316994833, -0.8816877690359204],
    [-0.7530272655190967, 0.818257336291325, -0.7743578043747967, -0.364459101426349, 0.6997333840439744, -0.9728524771085958]
  ],
  "87": [],
  "88": [
    [0.7577661038964965, 0.22031474674984908, -0.5930086302302772, -0.24153600312739282, 0.7261919027058652, -0.867898512510088]
  ],
  "89": [],
  "90": [],
  "91": [],
  "92": [],
  "93": [],
  "94": [],
  "95": [],
  "96": [],
  "97": [],
  "98": [],
  "99": [],
  "100": []
}
