{
  "1": [],
  "2": [],
  "3": [],
  "4": [],
  "5": [],
  "6": [
    [0.5713682506443617, -0.27281817921377227, 0.5103984776348399, -0.23188634321776952, -0.7024752486588144, 0.8279332984186323]
  ],
  "7": [
    [-0.9317960232647248, -0.8095002358775487, 0.5324944536199233, 0.48662362345802807, 0.07585014622987722, 0.5109852387519105]
  ],
  "8": [],
  "9": [],
  "10": [],
  "11": [],
  "12": [],
  "13": [],
  "14": [],
  "15": [],
  "16": [],
  "17": [],
  "18": [],
  "19": [],
  "20": [],
  "21": [],
  "22": [],
  "23": [],
  "24": [],
  "25": [],
  "26": [],
  "27": [],
  "28": [],
  "29": [],
  "30": [],
  "31": [],
  "32": [],
  "33": [],
  "34": [],
  "35": [],
  "36": [],
  "37": [],
  "38": [],
  "39": [],
  "40": [],
  "41": [],
  "42": [],
  "43": [],
  "44": [],
  "45": [],
  "46": [],
  "47": [],
  "48": [],
  "49": [],
  "50": [],
  "51": [],
  "52": [],
  "53": [],
  "54": [
    [0.7986624325882931, -0.773639103641017, 0.6907130187317093, 0.9045843397283224, 0.7011912915206476, 0.9212016395253649]
  ],
  "55": [],
  "56": [],
  "57": [],
  "58": [],
  "59": [],
  "60": [],
  "61": [],
  "62": [],
  "63": [],
  "64": [],
  "65": [],
  "66": [],
  "67": [],
  "68": [],
  "69": [],
  "70": [],
  "71": [],
  "72": [],
  "73": [],
  "74": [],
  "75": [],
  "76": [],
  "77": [
    [-0.6907708217661259, -0.29325157888880937, -0.3824737762333668, 0.6736304104662154, -0.7106399098079779, -0.007703039431682473],
    [0.6919516289294466, -0.29275470974757123, 0.38274304130241965, -0.6744779760025402, 0.7085225090485671, -0.007998609133677647]
  ],
  "78": [],
  "79": [],
  "80": [],
  "81": [],
  "82": [],
  "83": [],
  "84": [],
  "85": [],
  "86": [],
  "87": [],
  "88": [],
  "89": [],
  "90": [],
  "91": [],
  "92": [],
  "93": [],
  "94": [],
  "95": [],
  "96": [],
  "97": [],
  "98": [],
  "99": [],
  "100": []
}
