{
  "1": [],
  "2": [
    [-0.2901023581084586, 0.46788002756049996, 0.43777309924996805, -0.7199793369527325, -0.8642108488347194, 0.7117476126926218],
    [0.2819608726811832, 0.6113066461830821, 0.6787111657279741, -0.7016124197199964, -0.7842413805609032, 0.7813674361628913]
  ],
  "3": [
    [-0.6926350604909541, 0.19740548983492526, -0.2910091470117802, -0.39543507258418686, 0.3207924516232487, -0.8806631093121251],
    [0.4223394814322491, 0.09250315914466001, 0.5200237686066337, -0.7469371188475644, 0.5425388170386856, 0.2107534911993904]
  ],
  "4": [
    [0.7148537567714072, -0.8291941757051307, -0.5635350529286945, 0.24560839109452282, 0.44692499392094986, 0.18675119363239162]
  ],
  "5": [],
  "6": [],
  "7": [],
  "8": [
    [0.39155072119030504, 0.6804841638034137, 0.423043172050683, -0.03998367870469112, -0.1545904344514876, -0.23021082048112412]
  ],
  "9": [],
  "10": [],
  "11": [
    [-0.2609324505016931, -0.1800223032526634, -0.8578353976914398, 0.13410281293570786, 0.7794235160899562, 0.8483694616365384]
  ],
  "12": [],
  "13": [],
  "14": [],
  "15": [
    [0.5606812317476877, -0.4314879144316464, 0.5549416311115388, -0.034475387669545186, -0.1356606807148426, -0.8680632884735624]
  ],
  "16": [],
  "17": [],
  "18": [],
  "19": [],
  "20": [],
  "21": [
    [-0.620965833806725, 0.9868148121935275, 0.7964978003992809, -0.4200422624353196, -0.09020828388827191, -0.4769277424446552],
    [0.7450585364065213, 0.5544049610814652, -0.16429384016378362, -0.5571190080288484, 0.965349637690843, -0.3662104933123695]
  ],
  "22": [],
  "23": [
    [0.573591625656445, 0.3987769866295805, -0.28688133065145627, 0.2195571295439594, 0.9884528167759514, 0.8879415414750143]
  ],
  "24": [],
  "25": [],
  "26": [],
  "27": [],
  "28": [],
  "29": [],
  "30": [],
  "31": [],
  "32": [],
  "33": [],
  "34": [
    [-0.9992847861073139, -0.16186719246813042, -0.7736329739530677, 0.9949333517628215, 0.934037801198926, 0.14931482776437516]
  ],
  "35": [],
  "36": [],
  "37": [],
  "38": [
    [0.6418743717977038, -0.7689164009820217, 0.1552602867390585, -0.5136069139083728, 0.796851233109328, -0.15860161519793786]
  ],
  "39": [],
  "40": [],
  "41": [],
  "42": [],
  "43": [],
  "44": [],
  "45": [],
  "46": [],
  "47": [],
  "48": [],
  "49": [],
  "50": [
    [0.8211644358354733, -0.5069890308467389, -0.8266480127657002, -0.7493665503051363, 0.6204476911031235, 0.11393038342972371]
  ],
  "51": [],
  "52": [
    [0.7734042536643022, 0.0951145574808044, -0.08360040400279957, -0.09396038591518426, -0.4082449468461184, 0.16628960966506115],
    [0.28018350095199973, 0.09589093592800817, -0.2053534629528217, -0.09716464068929122, 0.12217756970911735, 0.5787808252527367]
  ],
  "53": [],
  "54": [],
  "55": [],
  "56": [],
  "57": [],
  "58": [
    [-0.8371837837135755, 0.2856553014217671, 0.08914740615229452, -0.864370753370971, 0.10611012620070262, 0.4140907428240258],
    [0.19551470937649632, 0.03045663134957118, 0.279202038901017, -0.3170529839375218, -0.24072879562096489, 0.9712324646605368]
  ],
  "59": [],
  "60": [
    [0.9764053443725782, 0.1358455268362248, -0.19740325124810557, -0.5944257330395551, 0.32980102442009224, 0.9662800868737106]
  ],
  "61": [],
  "62": [],
  "63": [],
  "64": [
    [0.7115709531148613, -0.3980458491893854, 0.08593233416778118, -0.30172580883517985, 0.030883677316495342, -0.45379453431402955],
    [0.35199761587239786, -0.38119536524671305, 0.1505212223114609, -0.2505156840623751, 0.031536682160356905, 0.920721352318414],
    [0.6639925067910443, 0.3596347491329106, 0.08512522834097756, -0.18723822942521523, 0.031154912707672018, -0.5111304788908497],
    [0.36334581446113245, 0.3052200389912039, 0.15339716019424007, -0.0460192815130967, 0.030966607192717478, 0.9250534134133955]
  ],
  "65": [],
  "66": [
    [-0.48991197564166666, 0.8847596810358394, -0.29865881689123863, -0.08421591852869749, -0.06187102001751677, 0.2653301759790672]
  ],
  "67": [],
  "68": [
    [-0.4109299880724692, 0.5645020773786815, 0.9841326666531542, 0.8635883386503775, -0.7481131003195165, -0.9259984359824092]
  ],
  "69": [],
  "70": [],
  "71": [],
  "72": [],
  "73": [],
  "74": [],
  "75": [],
  "76": [],
  "77": [],
  "78": [],
  "79": [],
  "80": [],
  "81": [
    [-0.9285332896718019, -0.1956614425580557, -0.42669450149569577, 0.9466114649316391, 0.33508889232269173, 0.11574774406663801]
  ],
  "82": [],
  "83": [],
  "84": [],
  "85": [
    [0.024285839853006783, 0.34443700956992984, -0.14693777301140198, -0.6010339821291936, -0.7335900503072766, -0.23259329571267362],
    [0.02580231610617631, 0.34458700850337326, -0.14821219854827442, -0.5993592652025517, -0.72801748890373, 0.23705981981437854],
    [0.028859321356460865, 0.3440887629214025, 0.1477102023414621, 0.6117316189300959, 0.7337147627603015, -0.23273068146649553],
    [0.03104842776937249, 0.34426248001642556, 0.14934037660230753, 0.6100377243853825, 0.7268726993730612, 0.23822285712769867]
  ],
  "86": [],
  "87": [],
  "88": [],
  "89": [
    [-0.4512485346477895, 0.6179742037765218, 0.7109054393068706, -0.8781238728823269, 0.3861128697823714, -0.6591191569213622]
  ],
  "90": [
    [-0.15368724264000486, 0.5996022687890928, 0.7583400190918803, -0.5339139828870777, 0.9523739008057505, -0.5134154690104205]
  ],
  "91": [],
  "92": [],
  "93": [],
  "94": [],
  "95": [],
  "96": [],
  "97": [],
  "98": [],
  "99": [],
  "100": []
}
