{
  "1": [],
  "2": [],
  "3": [],
  "4": [],
  "5": [],
  "6": [],
  "7": [],
  "8": [],
  "9": [],
  "10": [],
  "11": [],
  "12": [],
  "13": [],
  "14": [],
  "15": [
    [0.09031660898856304, -0.6619843373292206, 0.7297060102023818, 0.7777480542599251, 0.21463544763704154, 0.3390619851243504]
  ],
  "16": [],
  "17": [],
  "18": [],
  "19": [],
  "20": [
    [0.10894722649991491, 0.7310212316219608, 0.9358260321743394, 0.05146387169968694, 0.24451371358717827, -0.7436251306483853]
  ],
  "21": [],
  "22": [],
  "23": [],
  "24": [],
  "25": [],
  "26": [],
  "27": [],
  "28": [],
  "29": [],
  "30": [],
  "31": [],
  "32": [],
  "33": [
    [0.8659015453313477, 0.3640200906789953, -0.9919889310392758, 0.024292443593588595, -0.19878686485960656, 0.05371696825619115],
    [0.8672832649539948, 0.3539625792428886, -0.9929156994521916, 0.02429078223971824, 0.22439855200826395, 0.05371881093892635]
  ],
  "34": [],
  "35": [],
  "36": [],
  "37": [],
  "38": [],
  "39": [],
  "40": [
    [-0.4199541644624662, 0.5042549239300038, 0.911734580882992, 0.4415031623657646, 0.007845783699688622, -0.3095736817792052]
  ],
  "41": [],
  "42": [],
  "43": [],
  "44": [],
  "45": [],
  "46": [],
  "47": [
    [-0.00613877367124801, -0.5299529594413921, -0.3819945906137626, -0.05721223426624493, -0.5588892628455384, 0.7413330735478189]
  ],
  "48": [
    [-0.05141088386416182, 0.956213984271272, -0.44903950744824306, 0.38337127788036884, -0.3295766553004309, 0.034524610728495164]
  ],
  "49": [],
  "50": [
    [-0.8979954265829804, 0.2741270277694423, 0.0646200683195599, -0.01629009690824422, -0.447774518081179, 0.9717235167884725]
  ],
  "51": [],
  "52": [],
  "53": [],
  "54": [],
  "55": [],
  "56": [
    [0.610130500928215, 0.16756447859967327, -0.3484046804475225, -0.11996345916205926, 0.08190757249127657, -0.6000764697849043]
  ],
  "57": [],
  "58": [],
  "59": [],
  "60": [],
  "61": [],
  "62": [],
  "63": [],
  "64": [],
  "65": [
    [-0.13696909443104185, 0.028652018729700406, 0.9789628359356648, -0.4321150223021136, 0.29511468443745115, 0.46770745202711617]
  ],
  "66": [
    [0.4392488659614129, 0.19268351225532396, 0.448824528941525, 0.5768962166934161, 0.04147213091619127, 0.11222979944417277]
  ],
  "67": [
    [0.3970290525113884, 0.2700335586179885, 0.08483381797890192, 0.43867119097786417, -0.2199702188227908, 0.7451208773473015]
  ],
  "68": [],
  "69": [],
  "70": [],
  "71": [],
  "72": [],
  "73": [],
  "74": [
    [-0.22335546283138566, -0.6613539495766276, -0.2980481834727672, 0.33488900725656057, -0.10101955377622372, 0.7156354149159146],
    [0.5656928865332168, -0.1315160884210602, 0.368555368807506, -0.3696202554935354, 0.05933038006887789, 0.3337062619768199]
  ],
  "75": [
    [-0.6867040876712109, 0.19774876536824912, -0.7843852066567027, 0.08214519529820696, 0.5711500903320207, -0.026673037475134095]
  ],
  "76": [],
  "77": [],
  "78": [],
  "79": [],
  "80": [],
  "81": [
    [-0.23949735133811817, -0.11863880031781442, -0.15243858590550716, -0.8642479220103652, -0.04465318827225008, -0.1395169644464977]
  ],
  "82": [],
  "83": [],
  "84": [],
  "85": [],
  "86": [],
  "87": [],
  "88": [
    [0.09058334096878316, 0.02295104953316582, -0.5184455412580861, 0.938099439335523, -0.943807662850108, -0.7714590835351974]
  ],
  "89": [],
  "90": [],
  "91": [
    [0.4102988557412543, -0.921710287290493, -0.5190800946033576, 0.5729009397601383, -0.8967434591398626, 0.305459314363356]
  ],
  "92": [],
  "93": [],
  "94": [
    [-0.12755046668349473, 0.38435418317623393, -0.8431096736778018, 0.10108102849760296, -0.04133070412026438, 0.8751563463132128],
    [-0.11277006752316564, 0.6706694780452815, -0.9159958053959463, 0.7759253220283482, 0.07196000776354586, -0.32440155343899396]
  ],
  "95": [],
  "96": [
    [0.2578614170493591, 0.965804074764582, -0.022740046748842103, -0.8346352840697057, -0.15845790820245487, 0.2678140568182456]
  ],
  "97": [
    [0.45188573851379893, 0.47425945495618493, -0.498035848560452, -0.10149432580391099, -0.48517695195544, -0.2232217621774535],
    [0.3426384305120428, 0.46070050718958644, -0.647639598288699, -0.1900998209356434, 0.48588330414983416, 0.025820427819137237],
    [0.45260566911665717, 0.5129670097307018, -0.1954275986123492, 0.060105832650759014, -0.4749384572344583, -0.9561289738930304],
    [0.340657910227248, 0.4750691501520701, 0.23361198430578506, 0.03840010483703959, 0.4698007967078089, 0.8507215150734494],
    [0.45418448724312677, 0.49002356078980774, 0.21419929685656244, 0.05367450404124825, -0.46358025461550395, -0.9882232036413068]
  ],
  "98": [],
  "99": [],
  "100": []
}
