{
  "1": [],
  "2": [],
  "3": [],
  "4": [],
  "5": [],
  "6": [],
  "7": [],
  "8": [
    [-0.4141078004712989, -0.914249354273278, -0.940721212877543]
  ],
  "9": [],
  "10": [],
  "11": [],
  "12": [],
  "13": [
    [-0.4112384009742161, -0.862335705965314, -0.941315333671814]
  ],
  "14": [],
  "15": [],
  "16": [],
  "17": [],
  "18": [
    [0.946183769565531, -0.7923394886798077, -0.553171072226259]
  ],
  "19": [],
  "20": [
    [-0.804827882179712, -0.7589097257683745, 0.994129043863613]
  ],
  "21": [],
  "22": [],
  "23": [],
  "24": [],
  "25": [],
  "26": [],
  "27": [],
  "28": [],
  "29": [],
  "30": [],
  "31": [
    [-0.7243514590875574, -0.922795624498028, -0.4537113879571529]
  ],
  "32": [],
  "33": [],
  "34": [],
  "35": [],
  "36": [],
  "37": [],
  "38": [],
  "39": [],
  "40": [],
  "41": [],
  "42": [],
  "43": [],
  "44": [],
  "45": [],
  "46": [],
  "47": [],
  "48": [],
  "49": [],
  "50": [],
  "51": [],
  "52": [],
  "53": [],
  "54": [],
  "55": [
    [-0.4347985661593277, 0.7134459323899693, 0.2401687205941299]
  ],
  "56": [],
  "57": [],
  "58": [],
  "59": [],
  "60": [],
  "61": [],
  "62": [],
  "63": [],
  "64": [],
  "65": [],
  "66": [
    [0.5336067932926314, 0.999132904606909, -0.812641250544863]
  ],
  "67": [
    [0.5544298235454034, -0.823749381243072, -0.7610571119470464]
  ],
  "68": [],
  "69": [
    [0.2692275590805002, -0.967361121361035, -0.85976418150787]
  ],
  "70": [],
  "71": [],
  "72": [],
  "73": [],
  "74": [],
  "75": [],
  "76": [
    [0.956982669524591, -0.7465349030953787, 0.986229744398696]
  ],
  "77": [],
  "78": [
    [0.872589990776526, 0.5819152608102028, -0.953750471407236]
  ],
  "79": [],
  "80": [
    [0.7985157274937674, -0.07053114080291534, 0.5896760149579297]
  ],
  "81": [
    [0.853005142403166, 0.7276429367173709, -0.7243136961144657],
    [0.6456622660937668, 0.6096569442215739, 0.961296701396418]
  ],
  "82": [],
  "83": [],
  "84": [],
  "85": [],
  "86": [],
  "87": [],
  "88": [
    [0.991008736315802, -0.905878922633106, 0.999766953023938]
  ],
  "89": [],
  "90": [],
  "91": [],
  "92": [],
  "93": [],
  "94": [],
  "95": [],
  "96": [],
  "97": [
    [0.0, 0.0, 0.0]
  ],
  "98": [],
  "99": [],
  "100": [
    [-0.6411985191508007, -0.805286280505224, -0.521101408515822]
  ]
}
