{
  "1": [],
  "2": [
    [0.1114813473288311, 0.02110228175726836, 0.2412672065543954]
  ],
  "3": [
    [-0.6087741138740973, -0.2655091649376007, -0.1920276089390245],
    [-0.3438887640459316, -0.1157290010901573, 0.0853779280006508],
    [-0.1736483876937253, 0.5143965115451254, 0.1255426974589765],
    [-0.3089052475652134, 0.1488638154073352, -0.2933086645559251]
  ],
  "4": [],
  "5": [],
  "6": [
    [0.02442041687796077, -0.02881848519065264, -0.0678702063369416]
  ],
  "7": [
    [0.05469113365794566, 0.0961967923986345, -0.07864425402693348]
  ],
  "8": [
    [0.2795924176342565, -0.873528114611514, 0.03362132450482411],
    [0.1204520086501282, -0.596981628634989, 0.07802358225059164]
  ],
  "9": [
    [-0.6233297783424185, 0.02342224241237878, -0.7780885855130157]
  ],
  "10": [
    [0.8396641652941, -0.05237762511042382, 0.1130590699508373]
  ],
  "11": [],
  "12": [
    [-0.688080890366762, 0.824975974968102, 0.5085096009492823],
    [0.1640870913072888, -0.857656205036564, 0.0882320236865462],
    [-0.910777412331704, 0.7165112353126438, -0.7978133183980514]
  ],
  "13": [],
  "14": [],
  "15": [],
  "16": [
    [0.03980490542910417, -0.01020788539222959, 0.0964718334526399]
  ],
  "17": [
    [-0.0827482506668827, 0.0923275191704486, -0.1880158543056018],
    [0.1444005552721167, 0.1042933049685885, -0.1080371417935418]
  ],
  "18": [],
  "19": [
    [0.4281941898166409, 0.3157947154178226, 0.1646514951394686]
  ],
  "20": [],
  "21": [
    [0.07091705963325044, -0.3133083287304946, 0.06687472697581617]
  ],
  "22": [
    [-0.1675010839532368, -0.03301019444063028, -0.1008476508334717],
    [-0.1628447233578623, 0.0220361116560404, -0.109560704492133]
  ],
  "23": [],
  "24": [
    [-0.6943640208864332, -0.7215994744313516, -0.3487016758945391],
    [0.1539099371023431, -0.05409656099528346, 0.1573317635201854]
  ],
  "25": [
    [0.2427918448431099, -0.259908889399981, -0.1110366904036379],
    [0.2199472952177869, -0.0915864467359323, -0.486844707222008]
  ],
  "26": [
    [0.1582589965234746, -0.38527817202653, 0.1890978195555432]
  ],
  "27": [
    [-0.7999730788767364, 0.870910707814068, -0.3261546099259646],
    [0.5139957479561721, 0.3936890237942293, 0.3460903258377537]
  ],
  "28": [
    [-0.6742596748980088, -0.1005021242336894, -0.1489508574123095]
  ],
  "29": [],
  "30": [
    [0.1447432258556264, 0.3130487484991824, 0.119634122827331],
    [0.0975026900057704, 0.2011822022666484, 0.1174408577833808]
  ],
  "31": [],
  "32": [
    [0.0931256363773732, -0.2195914098405201, -0.03214610528697773]
  ],
  "33": [],
  "34": [
    [0.7426250779887164, -0.4861054219747075, -0.627617021326929],
    [0.7641825871287462, -0.4967231399059343, 0.6082654732599174]
  ],
  "35": [],
  "36": [],
  "37": [],
  "38": [
    [-0.07276878806888631, -0.05375666249838186, -0.0840489086806835]
  ],
  "39": [
    [0.530896688836552, -0.5824028322619358, -0.6412892843401246],
    [0.1323966928393837, 0.05081554838323086, -0.06124104932863471]
  ],
  "40": [
    [0.0829320765494548, -0.0005393411156167, -0.1089787324585126],
    [0.0854712634609394, -0.00049940219368672, 0.0898718425731498]
  ],
  "41": [
    [-0.2677716554702876, -0.1377116259816099, 0.898932369860306],
    [-0.03498009958369603, -0.3119506401558617, -0.552720877211478],
    [0.03923745618029986, 0.306943349370599, 0.226685984530071],
    [-0.05412045013063489, -0.2900999955084409, 0.461183314980642],
    [0.04362511914501519, 0.3018713755780085, -0.03449099267633803]
  ],
  "42": [
    [-0.3237891330219294, 0.149840002407718, 0.0131234296124239],
    [-0.5956031510475515, -0.0975394731202305, 0.41681896781726]
  ],
  "43": [
    [0.1360549207180312, -0.00705616344865812, -0.05333240466435615]
  ],
  "44": [
    [0.1194798529724627, -0.0827887393508894, 0.1673430962815261],
    [-0.05501600191642852, -0.07598216973435323, 0.05008741570347278]
  ],
  "45": [
    [-0.4871750065604294, 0.1027468620029818, 0.02437691151263838]
  ],
  "46": [],
  "47": [],
  "48": [],
  "49": [
    [-0.871954730866215, 0.910086276444628, -0.5705528136405398]
  ],
  "50": [
    [-0.5422810039980419, 0.02050479995495572, 0.4837501268928743]
  ],
  "51": [
    [0.2496251117132511, 0.1849614176261861, 0.05253353346121521],
    [0.3767505712847324, 0.1849614176261861, 0.05253353346121521]
  ],
  "52": [
    [-0.154648200714893, 0.4438425707628205, -0.3117775579140266]
  ],
  "53": [],
  "54": [
    [-0.4128168561328073, -0.2415126793220619, -0.5226930373751332],
    [-0.4128168561328073, -0.2415126793220619, 0.0928883004362442],
    [0.2351225250144588, -0.0865770339038411, -0.2702093803146809],
    [0.2351225250144588, -0.0865770339038411, 0.116133745915512]
  ],
  "55": [
    [0.03136069943609803, -0.1635018142032782, -0.04806719018460512],
    [0.05390151766302665, 0.06306204647574098, 0.0690515960547443]
  ],
  "56": [],
  "57": [
    [0.3630153064331568, -0.083687322252442, -0.02894976065135036]
  ],
  "58": [],
  "59": [],
  "60": [],
  "61": [
    [-0.2158114396247773, 0.01583479305382647, 0.5834740926649529],
    [-0.1491304147545696, 0.2489875254981902, -0.4757764488278174]
  ],
  "62": [],
  "63": [
    [-0.01011702549602708, 0.00206579031915775, -0.01263925498370105]
  ],
  "64": [
    [-0.3015909167808815, 0.96923756194421, 0.1482840246128675]
  ],
  "65": [
    [-0.2183579255091742, -0.5113734810921859, 0.0101554631753718],
    [0.03126581938508922, -0.6471855528623507, -0.6876836793721158]
  ],
  "66": [],
  "67": [],
  "68": [
    [-0.02227271092188237, 0.0874056990805034, 0.0859174651332201]
  ],
  "69": [
    [-0.1094692781191497, -0.1024871451479599, 0.6635384245335141]
  ],
  "70": [
    [0.277581920639654, -0.3610301456840103, -0.2574617233079147],
    [-0.4122162325983315, -0.1840421312368436, 0.216750483291682]
  ],
  "71": [
    [-0.716427747101485, 0.0850229690336633, 0.1836440856410178],
    [-0.6791186624895409, 0.01438214084419475, -0.03040739481265299],
    [0.01882895856336995, 0.01839089599347648, 0.4701840639315845]
  ],
  "72": [
    [-0.06642800322309668, -0.2208184398404509, -0.1980888967271107]
  ],
  "73": [],
  "74": [
    [-0.947889441524664, 0.3622882085349224, 0.1766701565662787]
  ],
  "75": [
    [-0.03554615322672382, -0.06677749329675987, 0.506823169313709],
    [-0.0703662356095835, 0.1309541838378355, -0.4607676586725609]
  ],
  "76": [
    [0.3105130575424555, -0.0573317700930898, 0.00625101958685948],
    [-0.3170339167424887, -0.05742118116206171, 0.01158913819484628]
  ],
  "77": [
    [-0.206401680512799, -0.02203930641859508, -0.0411249930837672]
  ],
  "78": [],
  "79": [
    [-0.5660239585368949, -0.04595766165644399, -0.3648360611803283],
    [0.00272532586856116, -0.04060007701405024, 0.1716664482724292]
  ],
  "80": [
    [0.0830317003747429, 0.04768164417792536, 0.4527148433888123],
    [0.6595190298397375, 0.2008495927680149, -0.03048947861439999]
  ],
  "81": [],
  "82": [
    [-0.7428829589637052, 0.6863946115502593, 0.675934459209844]
  ],
  "83": [
    [-0.1115762155197348, -0.2857213395532605, -0.2186018651776419],
    [-0.0923694948751621, 0.208437637226598, 0.1902464454492377]
  ],
  "84": [
    [-0.1675279606788572, 0.1163879337887531, 0.7455703954156604]
  ],
  "85": [],
  "86": [
    [-0.0996338104230289, 0.5700199908163743, -0.06730247307432374]
  ],
  "87": [],
  "88": [
    [-0.567955813948673, 0.0898654925895411, -0.02073464563244817],
    [-0.03600095844285809, 0.03228418009936462, -0.02038570995193354]
  ],
  "89": [],
  "90": [],
  "91": [
    [-0.3086668104246473, 0.1111833922858361, -0.1622464840134457]
  ],
  "92": [],
  "93": [
    [-0.381241860449399, -0.1853871595548695, 0.3071275112535224],
    [0.28600592591717, 0.1938889145467946, -0.3274192249963565]
  ],
  "94": [],
  "95": [],
  "96": [
    [-0.1737272393553988, -0.4895175369892924, -0.853842222497875]
  ],
  "97": [
    [0.1365784075062708, 0.02379277473152297, -0.1119028276380416]
  ],
  "98": [],
  "99": [],
  "100": []
}
