{
  "1": [],
  "2": [],
  "3": [],
  "4": [],
  "5": [],
  "6": [],
  "7": [],
  "8": [],
  "9": [],
  "10": [],
  "11": [],
  "12": [],
  "13": [],
  "14": [],
  "15": [],
  "16": [],
  "17": [],
  "18": [],
  "19": [
    [-0.6355285825482149, -0.949143742349131, 0.674877909307464],
    [0.582581435828594, 0.96881073984785, -0.6127304565092825],
    [0.985912413210087, -0.1034359806593196, -0.6024524919261482],
    [0.208444746007279, 0.3892480280636081, -0.1525298020705953],
    [0.2818901087603722, -0.5448926536897765, -0.2529211590047069],
    [-0.356753822964999, -0.4492831072619227, -0.947475162968311]
  ],
  "20": [],
  "21": [
    [0.0, -0.143309584750923, 0.0]
  ],
  "22": [],
  "23": [],
  "24": [],
  "25": [],
  "26": [],
  "27": [],
  "28": [],
  "29": [
    [-0.5632287901757049, -0.993848899539857, 0.961642004501446]
  ],
  "30": [],
  "31": [],
  "32": [],
  "33": [],
  "34": [],
  "35": [
    [-0.889982727866017, 0.920949430609461, -0.7771678432259193],
    [0.874920159068835, 0.86419779888349, -0.843235853277581]
  ],
  "36": [],
  "37": [
    [-0.818196586942559, -0.88637185419389, 0.7672520944154161],
    [0.990557113752805, 0.822100152137507, 0.910116838016607],
    [0.763714137192688, 0.922984705792246, 0.828602450324452],
    [-0.7435659865486651, -0.7994932838213441, -0.904658576727866]
  ],
  "38": [],
  "39": [],
  "40": [],
  "41": [
    [-0.909533321003767, 0.965630023150128, -0.93376724844895]
  ],
  "42": [
    [0.913708732582797, 0.975059106356376, 0.6869569956095471],
    [0.921049779087975, -0.817874916636631, -0.937427612952847]
  ],
  "43": [],
  "44": [],
  "45": [],
  "46": [],
  "47": [
    [-0.944257899227233, -0.926698009115419, -0.85854358400125]
  ],
  "48": [
    [-0.7159023588807119, -0.964751125791318, 0.845627784616344],
    [-0.6547803659502155, -0.877039885784984, 0.850321704931322],
    [-0.891786601293341, -0.7797413427440405, 0.5777626668579204],
    [0.5774603005634705, -0.6976378391113144, -0.916774831782968],
    [-0.90434981094014, 0.808729050808941, -0.6492803491883534]
  ],
  "49": [],
  "50": [],
  "51": [],
  "52": [],
  "53": [],
  "54": [],
  "55": [],
  "56": [],
  "57": [],
  "58": [],
  "59": [],
  "60": [],
  "61": [],
  "62": [],
  "63": [
    [0.933527214025112, 0.904564036623149, 0.606410804297165]
  ],
  "64": [],
  "65": [
    [-0.998968765619355, 0.965709772380089, 0.93235871186543]
  ],
  "66": [],
  "67": [],
  "68": [],
  "69": [
    [-0.933928929672752, -0.4406193040859284, -0.993899824973718]
  ],
  "70": [],
  "71": [],
  "72": [],
  "73": [],
  "74": [],
  "75": [
    [0.6101739034138141, 0.992281149829978, 0.979916737525085],
    [0.942745937761604, -0.890052239272456, -0.947650765375746]
  ],
  "76": [],
  "77": [],
  "78": [],
  "79": [],
  "80": [],
  "81": [],
  "82": [],
  "83": [],
  "84": [],
  "85": [
    [-0.834755128981709, -0.864225443793164, 0.7955777357668237]
  ],
  "86": [],
  "87": [],
  "88": [],
  "89": [],
  "90": [
    [-0.844280574783861, 0.6136110381575987, 0.896768675436803]
  ],
  "91": [],
  "92": [],
  "93": [],
  "94": [],
  "95": [],
  "96": [],
  "97": [
    [0.7740707066645458, -0.8532206723922, -0.91934636479596],
    [-0.819758830828544, 0.900910838011024, 0.812430903116652]
  ],
  "98": [],
  "99": [],
  "100": []
}
