{
  "1": [],
  "2": [],
  "3": [],
  "4": [],
  "5": [],
  "6": [],
  "7": [],
  "8": [],
  "9": [],
  "10": [],
  "11": [],
  "12": [
    [-0.7464041186874365, -0.564502640013206, -0.701163291956401]
  ],
  "13": [
    [-0.992941472936451, -0.5563490296878728, 0.89727427010846]
  ],
  "14": [],
  "15": [],
  "16": [],
  "17": [],
  "18": [
    [0.0, -2.955302736010067e-19, 0.0]
  ],
  "19": [],
  "20": [
    [-0.5771251998845872, -0.988417804937611, 0.999788457203783]
  ],
  "21": [],
  "22": [],
  "23": [],
  "24": [
    [-0.4423202319883627, 0.997272955922299, -0.953550241520918],
    [-0.5072235977318322, 0.896756598382444, 0.948165421100131],
    [-0.6289366475706863, 0.7126682719626238, 0.959102405991502]
  ],
  "25": [],
  "26": [],
  "27": [],
  "28": [],
  "29": [],
  "30": [],
  "31": [],
  "32": [],
  "33": [],
  "34": [],
  "35": [
    [0.6289464756562168, -0.863806453255843, -0.806089683686874]
  ],
  "36": [
    [0.4048294183852004, 0.843979424822391, -0.923937191680597],
    [0.405602283673657, 0.866357356102812, 0.895264884867444]
  ],
  "37": [],
  "38": [],
  "39": [],
  "40": [],
  "41": [
    [0.958178594058895, 0.941361108935753, -0.845741655990064]
  ],
  "42": [],
  "43": [],
  "44": [],
  "45": [],
  "46": [],
  "47": [],
  "48": [],
  "49": [],
  "50": [],
  "51": [
    [0.91219468744723, 0.91408492151868, -0.6483774327407456],
    [-0.89310316710598, 0.913848065863192, 0.6419146979680596]
  ],
  "52": [],
  "53": [],
  "54": [
    [-0.811600704963737, 0.7121912913602332, -0.912407503677196]
  ],
  "55": [],
  "56": [],
  "57": [],
  "58": [],
  "59": [],
  "60": [],
  "61": [],
  "62": [],
  "63": [],
  "64": [
    [0.0, 0.0, 0.1191435834813215]
  ],
  "65": [
    [0.0, -0.01533805330707253, 0.0],
    [-0.6598515214088648, 0.03105407650327061, -0.84907838274606],
    [-0.2394220891744582, 0.00875593082227639, -0.938521171955675],
    [-0.2362398284969415, 0.00815585602034482, -0.926142538672759],
    [-0.2328303058083157, 0.00957691177175691, -0.926641391793644],
    [-0.1502841925395562, 0.0839390061461109, -0.865979910900391],
    [-0.895234090928956, -0.01821040966931301, 0.2766833435106762],
    [-0.892073015800578, -0.01861652393311317, 0.2751796431576631],
    [-0.833205323325148, -0.00856274149567754, 0.2734986131623896],
    [-0.813915266889331, 0.04657951457329638, 0.920944159241262]
  ],
  "66": [],
  "67": [],
  "68": [],
  "69": [],
  "70": [],
  "71": [],
  "72": [],
  "73": [],
  "74": [],
  "75": [],
  "76": [],
  "77": [],
  "78": [],
  "79": [],
  "80": [],
  "81": [],
  "82": [],
  "83": [],
  "84": [],
  "85": [],
  "86": [],
  "87": [
    [-0.00188604058935133, 3.277393276513737e-31, -1.945761798225585e-56]
  ],
  "88": [],
  "89": [],
  "90": [],
  "91": [],
  "92": [
    [-0.958074706692876, 0.910036303721209, 0.7594907086813116],
    [-0.901192753119803, 0.890227300718446, 0.818006072662147]
  ],
  "93": [],
  "94": [],
  "95": [],
  "96": [],
  "97": [
    [0.802835414693127, 0.7205225679340634, -0.6598512417421688]
  ],
  "98": [],
  "99": [],
  "100": []
}
