{
  "1": [],
  "2": [],
  "3": [],
  "4": [
    [-0.92438195684286, -0.4399131125789179, 0.6036328845243517]
  ],
  "5": [],
  "6": [
    [-0.968652503007435, -0.5412095360872836, -0.957615194198311]
  ],
  "7": [],
  "8": [
    [-0.622013476472705, -0.4291569172121272, -0.847831178896904]
  ],
  "9": [],
  "10": [],
  "11": [],
  "12": [],
  "13": [
    [0.897903231571086, 0.7017467954229641, 0.800274512015674]
  ],
  "14": [],
  "15": [],
  "16": [],
  "17": [],
  "18": [
    [-0.945989826291798, -0.02741544198518169, 0.7426119787249493]
  ],
  "19": [
    [0.5382951037610826, -0.788813835788375, -0.6309123036240623]
  ],
  "20": [
    [0.3054608736987859, -0.959798518103282, -0.5723323103556375]
  ],
  "21": [
    [-0.7531586352192985, 0.1105924543086172, 0.620791180660982]
  ],
  "22": [],
  "23": [],
  "24": [],
  "25": [
    [-0.531524323151423, 0.905525562894495, -0.431251978094616],
    [0.5652066750550998, -0.907563438220163, -0.3996695782668771]
  ],
  "26": [],
  "27": [],
  "28": [],
  "29": [],
  "30": [
    [-0.97535666023874, -0.7303727529801989, 0.2268551796618616],
    [0.934269257400325, -0.6550929921007821, 0.7383339905487571]
  ],
  "31": [],
  "32": [],
  "33": [],
  "34": [],
  "35": [],
  "36": [
    [-5.944183081837478e-07, -0.1881395981341164, -1.383697036438224e-07],
    [0.368612304541877, -0.7253056812343385, 0.653054426924582],
    [0.2725595261899612, -0.7539627485023735, 0.6355065760621736],
    [0.06774281351977561, 0.801870419196732, -0.597543456851411]
  ],
  "37": [],
  "38": [],
  "39": [],
  "40": [
    [-0.985888458726021, 0.179113137929417, -0.589372608978037]
  ],
  "41": [],
  "42": [],
  "43": [
    [-0.7828119144193691, -0.4774212606054124, 0.2455807311447425]
  ],
  "44": [],
  "45": [],
  "46": [],
  "47": [],
  "48": [],
  "49": [],
  "50": [],
  "51": [],
  "52": [],
  "53": [
    [-0.902775886311689, 0.86328188026476, 0.906636803431623]
  ],
  "54": [],
  "55": [],
  "56": [],
  "57": [],
  "58": [],
  "59": [],
  "60": [],
  "61": [],
  "62": [],
  "63": [],
  "64": [],
  "65": [],
  "66": [],
  "67": [
    [0.926094794105749, -0.4371629164040955, -0.580689532956004]
  ],
  "68": [],
  "69": [],
  "70": [],
  "71": [
    [-0.998096151354304, -0.997196412604441, -0.532141097314269]
  ],
  "72": [],
  "73": [],
  "74": [],
  "75": [],
  "76": [],
  "77": [],
  "78": [],
  "79": [],
  "80": [],
  "81": [],
  "82": [],
  "83": [
    [0.6920100469965098, 0.956341112738324, 0.722877570771052]
  ],
  "84": [],
  "85": [],
  "86": [],
  "87": [],
  "88": [
    [-0.913211647409182, 0.6805890252848481, 0.928944128726269]
  ],
  "89": [],
  "90": [],
  "91": [
    [0.2997956122583591, 0.878913790020214, -0.610621009766548]
  ],
  "92": [],
  "93": [],
  "94": [
    [-0.722429850450481, -0.4172171434941517, 0.6862104040040643]
  ],
  "95": [
    [0.869083400358583, -0.4067087129238016, 0.978800852173434]
  ],
  "96": [],
  "97": [],
  "98": [],
  "99": [],
  "100": []
}
