{
  "1": [],
  "2": [
    [0.603148706986059, -0.906331015997002, 0.6578945500484829]
  ],
  "3": [],
  "4": [],
  "5": [],
  "6": [],
  "7": [],
  "8": [],
  "9": [
    [0.935512633457569, -0.962428226228636, 0.900090137865963],
    [-0.947459761327328, 0.970832456083498, -0.855417253076875]
  ],
  "10": [],
  "11": [],
  "12": [],
  "13": [],
  "14": [],
  "15": [],
  "16": [],
  "17": [],
  "18": [],
  "19": [],
  "20": [
    [0.852290409590831, 0.989972128482759, 0.633649929663589]
  ],
  "21": [
    [-0.840388353394186, 0.967000615941643, 0.976379644080988]
  ],
  "22": [],
  "23": [],
  "24": [],
  "25": [],
  "26": [],
  "27": [],
  "28": [],
  "29": [
    [-0.0958064361229118, 0.932202244103226, 0.6182249400259126]
  ],
  "30": [],
  "31": [
    [-0.863759398726026, -0.7569738909362838, 0.934937347204536]
  ],
  "32": [],
  "33": [],
  "34": [],
  "35": [
    [0.334366105943643, -0.815915679006211, -0.911912634163894]
  ],
  "36": [],
  "37": [
    [0.920653961556278, -0.856879204506994, -0.771705691526929]
  ],
  "38": [
    [0.5267143331017055, 0.4511643698552121, -0.56050362018145]
  ],
  "39": [],
  "40": [],
  "41": [],
  "42": [],
  "43": [],
  "44": [],
  "45": [],
  "46": [
    [-0.036439707123961, 0.0, 0.0]
  ],
  "47": [],
  "48": [],
  "49": [
    [-0.880010115395953, 0.888638660018024, -0.753723699665225],
    [-0.883119011707934, 0.893918142022098, 0.7466220755514676]
  ],
  "50": [],
  "51": [],
  "52": [],
  "53": [],
  "54": [],
  "55": [],
  "56": [],
  "57": [],
  "58": [],
  "59": [],
  "60": [],
  "61": [
    [0.7998689363117407, 0.4637475009596017, 0.950035518453332]
  ],
  "62": [],
  "63": [],
  "64": [],
  "65": [],
  "66": [],
  "67": [],
  "68": [],
  "69": [],
  "70": [],
  "71": [],
  "72": [],
  "73": [],
  "74": [
    [-0.5008682769334621, -0.7512051769968691, 0.5742716148594492]
  ],
  "75": [],
  "76": [],
  "77": [],
  "78": [],
  "79": [],
  "80": [],
  "81": [],
  "82": [],
  "83": [],
  "84": [],
  "85": [],
  "86": [
    [-0.7151407693622687, 0.891623003198414, 0.5859669943414983],
    [0.7072326063848756, -0.898032888970672, 0.5772752496761047]
  ],
  "87": [],
  "88": [
    [-0.7800664893706577, 0.867131409090709, 0.939856527904348]
  ],
  "89": [],
  "90": [],
  "91": [],
  "92": [],
  "93": [],
  "94": [],
  "95": [],
  "96": [],
  "97": [],
  "98": [],
  "99": [],
  "100": [
    [-0.7893718331640827, 0.752481514929575, 0.6276051991538024],
    [0.886500497591517, -0.7321372561697538, 0.5917616474914674]
  ]
}
