{
  "1": [],
  "2": [],
  "3": [],
  "4": [],
  "5": [],
  "6": [],
  "7": [],
  "8": [],
  "9": [],
  "10": [],
  "11": [],
  "12": [
    [0.0, -0.00012515749199264, 0.0]
  ],
  "13": [],
  "14": [],
  "15": [],
  "16": [],
  "17": [],
  "18": [],
  "19": [
    [-0.722888525700205, -0.972040418309334, -0.5100986177728966]
  ],
  "20": [],
  "21": [],
  "22": [],
  "23": [
    [0.6645081816710253, 0.418429430466202, -0.7529222587284519]
  ],
  "24": [
    [0.5947780222568521, -0.3317122227241057, 0.7301388922141598],
    [0.840112755040647, 0.950857792063925, -0.6067883997326207],
    [-0.5965829382924561, -0.3318288107084394, 0.7283820488528525]
  ],
  "25": [],
  "26": [],
  "27": [],
  "28": [],
  "29": [],
  "30": [
    [-0.946945190001892, -0.6675916018534618, 0.838189243479836]
  ],
  "31": [],
  "32": [],
  "33": [
    [-0.6728823436546421, 0.6661171236688358, -0.6589700925195247]
  ],
  "34": [],
  "35": [],
  "36": [],
  "37": [],
  "38": [],
  "39": [
    [-0.2497541783029788, 0.497244420194263, -0.2947839035271401],
    [0.2492212257809868, 0.4860546789344445, -0.3015612142274111]
  ],
  "40": [],
  "41": [
    [-0.1894345437572381, -0.00271932188415376, -0.00517739608683244]
  ],
  "42": [],
  "43": [
    [0.2372335518313737, 0.531182334824006, -0.824353374064511]
  ],
  "44": [],
  "45": [],
  "46": [],
  "47": [],
  "48": [],
  "49": [],
  "50": [
    [0.1271419570370449, 0.950025548425458, 0.847291420821507],
    [-0.1244773318218638, 0.934416535311349, 0.876234951618067]
  ],
  "51": [],
  "52": [],
  "53": [],
  "54": [
    [-0.6982346133593818, -0.890392845196987, 0.7001059781578002],
    [-0.5955273470954339, 0.883345132352296, 0.7807931453896338]
  ],
  "55": [],
  "56": [
    [-0.6696637909108258, -0.7367111337156161, -0.342163622417304]
  ],
  "57": [
    [0.912643290299427, 0.604644915680558, 0.883346117013305]
  ],
  "58": [],
  "59": [],
  "60": [],
  "61": [],
  "62": [],
  "63": [],
  "64": [],
  "65": [],
  "66": [
    [0.849842943110188, -0.5002211192578534, 0.906384815361054]
  ],
  "67": [],
  "68": [
    [-0.5333039504510174, 0.89788299050042, -0.7529925608826421]
  ],
  "69": [],
  "70": [],
  "71": [],
  "72": [],
  "73": [
    [-0.988771700795667, -0.6555411124247078, 0.5941773496835198]
  ],
  "74": [],
  "75": [
    [0.981235505551419, 0.7624878558497884, -0.848475495321574]
  ],
  "76": [],
  "77": [],
  "78": [
    [0.935427719965739, 0.3535001803030782, 0.6341563240461646]
  ],
  "79": [],
  "80": [],
  "81": [],
  "82": [],
  "83": [],
  "84": [],
  "85": [
    [-0.864201604832411, -0.7957084873049148, 0.4309955645003152]
  ],
  "86": [
    [-0.887493849814854, 0.2993964064796141, -0.2770867747812157]
  ],
  "87": [
    [0.6760803168351496, 0.7300771469282658, 0.6221181283788118],
    [-0.4009715016913921, -0.3672691674456653, -0.975604515283921]
  ],
  "88": [
    [0.3570171487015412, -0.7004546956851261, 0.1754761904817839]
  ],
  "89": [],
  "90": [],
  "91": [],
  "92": [],
  "93": [
    [0.5511590225167956, -0.804668989091305, 0.6616101509285515],
    [0.5327967050556586, 0.820874882798858, 0.6677019155315436]
  ],
  "94": [],
  "95": [],
  "96": [],
  "97": [],
  "98": [],
  "99": [],
  "100": []
}
