{
  "1": [],
  "2": [],
  "3": [],
  "4": [],
  "5": [],
  "6": [],
  "7": [],
  "8": [],
  "9": [],
  "10": [],
  "11": [],
  "12": [],
  "13": [],
  "14": [],
  "15": [],
  "16": [],
  "17": [],
  "18": [],
  "19": [],
  "20": [
    [-0.943023179818342, -0.5767539641745046, 0.5883427410954307],
    [0.943695134757781, -0.5724761050560321, 0.5948117801622824]
  ],
  "21": [],
  "22": [],
  "23": [],
  "24": [
    [1.49679368443322e-72, 0.02427833858443417, -1.710925452389467e-73]
  ],
  "25": [],
  "26": [],
  "27": [],
  "28": [
    [-0.907892035828269, -0.920307593983885, -0.7049832811084235]
  ],
  "29": [],
  "30": [],
  "31": [],
  "32": [
    [-0.00400530219759626, -0.01482526237210818, -0.00098003526328368]
  ],
  "33": [],
  "34": [
    [-0.957967812584052, -0.7688302795409272, -0.00080639261694599],
    [0.6042652470695576, 0.2565533978306512, 0.00057106850847417],
    [-0.1578914884516823, 0.1778793442768408, -0.00031006172652086],
    [-0.6778437686480416, 0.6507597910345791, -7.887509254476e-05]
  ],
  "35": [],
  "36": [],
  "37": [],
  "38": [
    [-0.992418001984045, -0.851705983544049, -0.810535148990052]
  ],
  "39": [],
  "40": [],
  "41": [],
  "42": [],
  "43": [],
  "44": [],
  "45": [],
  "46": [],
  "47": [],
  "48": [
    [0.861706846132756, 0.909835560543389, -0.81927928047751]
  ],
  "49": [],
  "50": [],
  "51": [],
  "52": [],
  "53": [],
  "54": [],
  "55": [],
  "56": [],
  "57": [],
  "58": [],
  "59": [],
  "60": [
    [0.976427616165217, -0.991710863176643, -0.855044901985099]
  ],
  "61": [],
  "62": [],
  "63": [],
  "64": [],
  "65": [],
  "66": [],
  "67": [],
  "68": [],
  "69": [],
  "70": [],
  "71": [
    [-0.930857028097299, -0.822861629232394, -0.904240573429282]
  ],
  "72": [],
  "73": [],
  "74": [],
  "75": [],
  "76": [],
  "77": [],
  "78": [],
  "79": [],
  "80": [],
  "81": [],
  "82": [],
  "83": [
    [0.7939422891886739, -0.952094482223642, -0.5919081454656566],
    [0.902054397723921, 0.939951610907838, -0.6065097114635623]
  ],
  "84": [],
  "85": [],
  "86": [],
  "87": [],
  "88": [
    [0.0, 0.0, -0.00375656411361682]
  ],
  "89": [],
  "90": [
    [0.7186969786943177, 0.2049033957117821, 0.997540173355657],
    [0.3823655587283632, 0.5796674519909399, 0.83910941242771]
  ],
  "91": [],
  "92": [],
  "93": [],
  "94": [],
  "95": [
    [0.933610790019024, 0.850612910443931, -0.6255577449723082]
  ],
  "96": [],
  "97": [],
  "98": [],
  "99": [],
  "100": []
}
