{
  "1": [],
  "2": [],
  "3": [],
  "4": [
    [-0.1254908664786028, -0.7001814612926475, -0.2320570824774724],
    [-0.991172437105576, -0.2792218564688638, 0.1871072636363508]
  ],
  "5": [],
  "6": [],
  "7": [],
  "8": [
    [-0.960662998104933, -0.2450531198307007, 0.7365231510936588]
  ],
  "9": [],
  "10": [
    [0.3619455184695492, 0.6885042873832845, -0.7146132552498655]
  ],
  "11": [
    [-0.0767808410658415, 0.869135769940881, -0.7385185102985231],
    [-0.0825072188503065, -0.6155674911122228, -0.545895261528027]
  ],
  "12": [],
  "13": [
    [0.3912290829902402, 0.846585876241824, -0.884127224668311]
  ],
  "14": [],
  "15": [],
  "16": [],
  "17": [],
  "18": [],
  "19": [],
  "20": [],
  "21": [
    [-0.871987584930508, 0.6675917552643716, -0.922825999871856]
  ],
  "22": [],
  "23": [
    [0.2969596523548102, -0.1424805586240175, -0.7126604512762227]
  ],
  "24": [
    [0.901218455790927, 0.01099086081386671, -0.4581261307675388],
    [0.900271969231372, 0.01099086081491322, 0.4584486667179012]
  ],
  "25": [],
  "26": [
    [-0.920047050480513, -0.900975609662432, -0.94062890113063]
  ],
  "27": [],
  "28": [],
  "29": [],
  "30": [],
  "31": [
    [-0.863557481011957, 0.2109146150941549, 0.7479238004399079]
  ],
  "32": [
    [-0.04009224555907366, 0.03497502050223517, 0.4519990189237205],
    [-0.04693847697463188, 0.0349834024741924, -0.4518234568372859]
  ],
  "33": [],
  "34": [],
  "35": [
    [-0.4218907209361098, 0.809904080347919, -0.1274588707288727]
  ],
  "36": [
    [-0.7932462005823852, 0.5427786329574541, -0.05211129125345487]
  ],
  "37": [],
  "38": [
    [-0.983591130625768, 0.7966131767420906, 0.4900440334603966]
  ],
  "39": [],
  "40": [
    [0.7371992920905387, -0.05370151853267369, 0.897920396373957],
    [0.7373517125186297, 0.05072071783842538, -0.957778232705995]
  ],
  "41": [],
  "42": [],
  "43": [],
  "44": [],
  "45": [],
  "46": [],
  "47": [],
  "48": [],
  "49": [],
  "50": [],
  "51": [],
  "52": [
    [-0.5018347517747692, -0.460460873711189, 0.997654188114572],
    [-0.863168529413884, -0.5197522217662813, 0.4921991021026399]
  ],
  "53": [],
  "54": [],
  "55": [
    [0.2126903195563373, 0.92715571422011, 0.910511461467586]
  ],
  "56": [],
  "57": [],
  "58": [
    [0.4180813184352165, 0.930878374796361, -0.3892854978179045],
    [0.3042920659834254, 0.99686661389358, -0.3906589845700926]
  ],
  "59": [
    [0.3407065547270069, -0.814581494740298, -0.7784820437371237]
  ],
  "60": [
    [0.896502804411954, 0.6350854598336737, -0.916366837366562]
  ],
  "61": [],
  "62": [],
  "63": [
    [-0.5188905916686314, 0.54966530861334, -0.3842687970283814]
  ],
  "64": [
    [-0.928241138323112, 0.91166431277514, -0.5447537532660206],
    [0.941990014144809, 0.906844660335169, 0.5418355662982536]
  ],
  "65": [
    [-0.7779414081176275, -0.7036176450556432, -0.6413334119640878]
  ],
  "66": [
    [0.6809478490490807, 0.3150681972269266, -0.886173803818901]
  ],
  "67": [],
  "68": [],
  "69": [],
  "70": [],
  "71": [],
  "72": [],
  "73": [],
  "74": [
    [-0.3275221936893831, 0.945811994846347, -0.5716940404319587],
    [0.7960605551493468, 0.3966837574076937, 0.970527965467614]
  ],
  "75": [],
  "76": [],
  "77": [
    [-0.422470610529588, -0.7276044119043235, 0.6279731535799349]
  ],
  "78": [],
  "79": [],
  "80": [
    [0.6763559065562804, -0.7582797002152764, 0.3521091676507471]
  ],
  "81": [],
  "82": [],
  "83": [],
  "84": [],
  "85": [],
  "86": [],
  "87": [
    [-0.5444634382649786, -0.5771098794620629, 0.7720456641072388]
  ],
  "88": [
    [0.7304692719120142, -0.4719864541788216, -0.2466498835077536]
  ],
  "89": [],
  "90": [],
  "91": [],
  "92": [
    [-0.04595846672202244, 0.917339952020744, -0.2989510500154346]
  ],
  "93": [],
  "94": [],
  "95": [],
  "96": [
    [0.956619434300715, -0.960368535226756, 0.5865085687340706]
  ],
  "97": [],
  "98": [],
  "99": [],
  "100": [
    [-0.885296067588991, -0.03814896010260454, 0.3910283943848472],
    [-0.1949968996655429, -0.7636516726450812, 0.4321406790780776]
  ]
}
