{
  "1": [
    [0.846491737967309, -0.870474592622202, -0.82050967455953]
  ],
  "2": [
    [0.7248439918409836, 0.0, -0.02164975193966522],
    [-0.00153338241638602, 0.0, -4.16655066399e-05],
    [-0.00052006933438007, 0.0, -6.53332409166e-06],
    [8.209809093198e-05, 1.323609e-11, -8.7228164667e-07],
    [-3.694164435452e-05, 0.0, 1.08095023259e-06],
    [-3.80571540622e-05, 0.0, 1.09730370234e-06],
    [-5.970038342154e-05, -1.38526e-12, -3.2216406662e-07],
    [6.04518509293e-06, 2.90247e-11, -1.47178246e-08],
    [8.02430969311e-06, 6.3084191e-10, 3.154931998e-08],
    [2.23520330967e-06, 4.008853e-10, -1.81129592e-09],
    [-4.8968444897e-06, -3.4448589e-09, 9.0082862e-10],
    [-4.4358330458e-07, -1.47028099e-09, 1.41239567e-09],
    [2.6816504223e-07, 8.93840205e-09, 1.081305458e-08],
    [-1.83082695716e-06, 2.109508278e-08, -3.9684892e-09],
    [3.2785881689e-07, -1.7017276e-10, -4.4926659004e-07],
    [-1.1126102646e-07, -1.0393877313e-07, 4.931788307e-08],
    [4.991969364e-08, -7.43804387479e-06, 1.9746429e-10],
    [8.679297987e-08, 3.391081005259e-05, 1.1059946e-10],
    [9.033725141e-08, 7.00410007544e-05, 9.044103e-11],
    [-1.7447034533e-07, -0.00527446162528493, 3.07851928e-09],
    [-6.9593022e-09, -0.004369834397952, 0.0],
    [1.423210694e-08, 0.03634033810668164, 0.0],
    [-1.74158082e-09, -0.00233952305820519, 0.0],
    [2.45536491e-09, 0.0198781821935728, 0.0],
    [-6.2296e-12, -6.707430824865e-05, 0.0],
    [1.4757049e-10, 0.0080281987379135, 0.0],
    [-1.31936893e-09, 0.00763838906240881, 0.0],
    [-1.79155161e-09, 0.0137473246839458, 0.0],
    [-2.105554874e-08, 0.147482706329691, 0.0],
    [-5.80422946e-09, 0.01904402418807376, 0.0],
    [-2.86794992e-09, -0.04519122740121515, 0.0]
  ],
  "3": [],
  "4": [],
  "5": [],
  "6": [],
  "7": [],
  "8": [
    [-0.5847173933075513, 0.920414659261559, 0.7157657046172524]
  ],
  "9": [],
  "10": [],
  "11": [
    [-0.6018197836881198, -0.7163785920805302, -0.6589081453149682]
  ],
  "12": [],
  "13": [
    [0.4544045597779006, -0.92145118116456, -0.7362255182693216],
    [0.4418489574863049, 0.935031009485379, 0.7401430299216339]
  ],
  "14": [],
  "15": [],
  "16": [
    [-0.6562857703995593, 0.5891677256246083, 0.84849909287949],
    [0.7611047685586431, -0.642722953700475, -0.7240447135009777]
  ],
  "17": [
    [0.327235053171878, 0.935141163088517, -0.4825305884803058]
  ],
  "18": [],
  "19": [],
  "20": [],
  "21": [],
  "22": [
    [0.7643554947328693, -0.6394679629225591, -0.707404559478376]
  ],
  "23": [],
  "24": [],
  "25": [
    [-0.6803329697174741, -0.04588262203131127, -0.07404209217604547]
  ],
  "26": [],
  "27": [],
  "28": [],
  "29": [
    [0.96760967025076, 0.5330452473167732, -0.926465947403124]
  ],
  "30": [],
  "31": [],
  "32": [],
  "33": [],
  "34": [
    [0.972920691975307, -0.6056338603581803, 0.5760366605986388]
  ],
  "35": [],
  "36": [],
  "37": [],
  "38": [],
  "39": [],
  "40": [],
  "41": [],
  "42": [],
  "43": [],
  "44": [],
  "45": [],
  "46": [],
  "47": [],
  "48": [],
  "49": [],
  "50": [],
  "51": [],
  "52": [
    [0.867158688498949, -0.97493729679932, -0.974750391058138],
    [0.805302382367072, -0.7684430378375843, -0.4629202229668961]
  ],
  "53": [],
  "54": [],
  "55": [],
  "56": [],
  "57": [
    [-0.842586187233078, -0.809388355012739, 0.5611642737651512]
  ],
  "58": [],
  "59": [],
  "60": [],
  "61": [],
  "62": [
    [-0.4077522691676003, 0.2858523585232088, -0.1264118900550541],
    [0.4077679027510207, 0.2858523726235937, -0.1264118891378856]
  ],
  "63": [],
  "64": [],
  "65": [],
  "66": [
    [0.00231238155834316, 0.902688090004986, 0.07627238457656661]
  ],
  "67": [
    [-0.161126176651197, 0.949633591480474, -0.930761322008077],
    [-0.2097822089273071, 0.826732138746256, 0.997407972517225]
  ],
  "68": [
    [-0.5837120121199151, -0.6289428123975901, 0.804815153103742],
    [-0.678896178211221, 0.4289633469463172, -0.876266776563355]
  ],
  "69": [],
  "70": [],
  "71": [],
  "72": [],
  "73": [],
  "74": [],
  "75": [],
  "76": [],
  "77": [
    [-0.1465423733505047, -0.7984790988714612, 0.5326562641156436],
    [0.905709212665926, 0.7721993141292575, 0.789012153157041],
    [0.1466305327399015, 0.7984739327688222, 0.532661017594971]
  ],
  "78": [],
  "79": [],
  "80": [],
  "81": [],
  "82": [
    [-0.890921798034523, 0.1198116378102387, 0.976188947716195]
  ],
  "83": [
    [0.3773917980480097, 0.835147190858782, 0.05700965772274834]
  ],
  "84": [
    [-0.3512944445556526, 0.6310592920345566, -0.6676008475368378],
    [-0.3730356095695946, -0.6631948049571862, -0.6381292800472876]
  ],
  "85": [],
  "86": [],
  "87": [
    [1.304550759568e-05, -8.0790148859504e-09, -1.193358950735385e-07]
  ],
  "88": [],
  "89": [],
  "90": [],
  "91": [],
  "92": [
    [-0.81922241159083, -0.588742891446787, 0.5444795620867289],
    [-0.6706286931542639, -0.6422102269019505, -0.6176117881508187]
  ],
  "93": [],
  "94": [],
  "95": [
    [-0.5545833353628971, 0.76766988197781, -0.6853300077967154]
  ],
  "96": [],
  "97": [],
  "98": [],
  "99": [],
  "100": [
    [0.0, 0.4266735575405384, 0.0],
    [0.823371871139599, -0.6728776093092019, 0.3295353101962808],
    [-0.899868947587861, 0.6328354878514058, 0.331509116390978],
    [0.7858023133975466, 0.6203412973174808, 0.4456010502584316],
    [-0.7071718895131328, -0.5996832354204708, 0.453144782849141]
  ]
}
