{
  "1": [],
  "2": [],
  "3": [],
  "4": [],
  "5": [
    [-0.4071727699765604, -0.587921998576283, 0.7858574720002228],
    [-0.7987935713215835, -0.850690767181914, -0.877022901595878]
  ],
  "6": [],
  "7": [],
  "8": [],
  "9": [],
  "10": [],
  "11": [],
  "12": [],
  "13": [],
  "14": [],
  "15": [],
  "16": [],
  "17": [],
  "18": [],
  "19": [],
  "20": [],
  "21": [],
  "22": [
    [-0.04017073089448782, -0.6671946556227494, 0.2857856903158668]
  ],
  "23": [],
  "24": [
    [-0.3035834416690265, -0.937521702300828, 0.7741015036434818]
  ],
  "25": [],
  "26": [],
  "27": [
    [0.06956771614547545, 0.3101216375884039, -0.6003506493809848],
    [0.7685632109805476, -0.7762676647713901, -0.4577195198459865],
    [0.6059989944321847, -0.6976432111426621, -0.2440227796487374]
  ],
  "28": [
    [-0.7591114395095105, -0.5461415331052875, 0.2213570826324941]
  ],
  "29": [
    [0.4337437182297371, -0.899563774823334, -0.1779879413854974]
  ],
  "30": [],
  "31": [],
  "32": [
    [0.3070050268288629, 0.3008350063527022, -0.2992181605632438],
    [-0.3070050268288383, 0.3008350063526889, -0.2992181605632361]
  ],
  "33": [
    [-0.300028261306829, -0.451038209403451, 0.6450003723295534],
    [-0.3494422473394093, -0.523934362189978, -0.6956116251915059]
  ],
  "34": [],
  "35": [],
  "36": [
    [0.5367388447472098, 0.06855861060682232, -0.1780856184385193]
  ],
  "37": [],
  "38": [],
  "39": [
    [0.873673395056728, -0.5404925285933152, -0.4207396074132743],
    [0.916186066829505, 0.1003243348938382, -0.4029369663429964],
    [0.88729498711802, 0.4366461976243833, -0.4149889933890782]
  ],
  "40": [],
  "41": [
    [-0.841610174877877, 0.3208240867968341, 0.6211702832928468],
    [-0.7395734858147387, 0.409445315371393, 0.5388438075945327]
  ],
  "42": [],
  "43": [],
  "44": [],
  "45": [],
  "46": [],
  "47": [
    [-0.6237269053658125, 0.6397190865438482, 0.2436533452168712],
    [-0.5259240257323131, -0.5485865511752314, 0.2879628771897989]
  ],
  "48": [],
  "49": [
    [0.1683822537785032, 0.1939432178548638, 0.2615870602397633]
  ],
  "50": [],
  "51": [
    [-0.2947018947905776, -0.3897061795093059, 0.3510036110876346]
  ],
  "52": [
    [0.96532251816276, 0.5821660428700953, 0.3002441868953116]
  ],
  "53": [],
  "54": [],
  "55": [],
  "56": [],
  "57": [
    [0.6800493839790821, 0.818400649322838, 0.3251528412911578]
  ],
  "58": [
    [0.945792530273534, 0.2060136212962267, 0.4783123816357935]
  ],
  "59": [],
  "60": [],
  "61": [],
  "62": [],
  "63": [
    [0.7590397184952776, 0.4520920475116425, 0.3253721195219778]
  ],
  "64": [],
  "65": [],
  "66": [],
  "67": [],
  "68": [
    [0.7105306446690848, -0.5748655280805179, -0.3575997300590521]
  ],
  "69": [
    [0.6876581008186643, -0.0669556197260044, 0.1743197588894858]
  ],
  "70": [],
  "71": [],
  "72": [],
  "73": [],
  "74": [
    [0.2663055530003358, 0.4752664344283738, 0.866705207089714]
  ],
  "75": [
    [0.7347170782814746, -0.915752742997344, -0.4075187953971338],
    [0.4611008222180268, -0.914489202421036, -0.4167120627739657]
  ],
  "76": [],
  "77": [],
  "78": [
    [-0.6194378079161346, 0.6249598147253648, -0.941744734120357]
  ],
  "79": [],
  "80": [],
  "81": [],
  "82": [],
  "83": [],
  "84": [],
  "85": [],
  "86": [
    [0.7684789808652979, 0.07907911145816522, -0.7646124165781357]
  ],
  "87": [
    [0.3130521145539576, -0.3476154517405391, -0.7887432816958434]
  ],
  "88": [],
  "89": [],
  "90": [],
  "91": [],
  "92": [],
  "93": [
    [-0.926344270909842, 0.935519457657398, -0.978155491473745]
  ],
  "94": [],
  "95": [
    [-0.993265250978494, 0.5003396326850764, -0.3948223027847106],
    [0.0880580248488765, 0.1429371615156832, 0.5145938211729112],
    [0.250945603859605, 0.1505083941581679, -0.5101203951828222]
  ],
  "96": [],
  "97": [],
  "98": [],
  "99": [
    [0.1160838779652523, 0.7357742294355798, 0.4559658902192925],
    [0.5295672239375988, 0.7393427571902342, -0.844880800130464],
    [0.1167633132249708, 0.736031869800024, -0.5070619492000473]
  ],
  "100": []
}
