{
  "1": [],
  "2": [],
  "3": [],
  "4": [],
  "5": [],
  "6": [],
  "7": [],
  "8": [
    [0.878455298232974, -0.967728157427129, -0.3495457327616369],
    [0.864352406984218, 0.960075265385788, 0.355149496905238]
  ],
  "9": [],
  "10": [
    [0.5687642960830943, 0.7325726592145321, -0.991919167727185]
  ],
  "11": [],
  "12": [
    [0.89998026504861, -0.67337513645023, 0.898869987722876]
  ],
  "13": [],
  "14": [
    [-0.7341617602848731, -0.7305369918364728, -0.7137410162287697],
    [-0.7810502793585293, -0.917462497084577, 0.7713812062363826]
  ],
  "15": [
    [0.635637354225202, -0.842528766554241, 0.660155130433928]
  ],
  "16": [],
  "17": [],
  "18": [],
  "19": [],
  "20": [],
  "21": [],
  "22": [],
  "23": [],
  "24": [
    [0.916051852060473, -0.5857376166727728, -0.1925754039741694]
  ],
  "25": [],
  "26": [],
  "27": [],
  "28": [],
  "29": [
    [-0.5913891718333883, 0.945624751328882, 0.141918981785231]
  ],
  "30": [],
  "31": [
    [0.813009491827954, 0.954372555988515, -0.662169151928079]
  ],
  "32": [],
  "33": [],
  "34": [],
  "35": [
    [-0.6943754105261661, 0.985621917048621, 0.856110781491693]
  ],
  "36": [],
  "37": [],
  "38": [],
  "39": [
    [0.7591429307790118, 0.5566068940799116, 0.506797433146057]
  ],
  "40": [],
  "41": [],
  "42": [],
  "43": [],
  "44": [
    [-0.7130991254322626, 0.938257163944394, -0.2576731332563017],
    [0.7244427309475302, -0.929408150294556, 0.256974465800257]
  ],
  "45": [],
  "46": [],
  "47": [],
  "48": [
    [-0.81030325814811, -0.814078980982339, 0.905950525754212]
  ],
  "49": [],
  "50": [],
  "51": [],
  "52": [
    [0.428087724693301, 0.2139329382197527, -0.883956774512145]
  ],
  "53": [
    [-0.868534197477631, -0.1708564049258145, 0.7215561001082876]
  ],
  "54": [
    [-0.6858066119841537, -0.6982256905456286, -0.6230990503688761],
    [0.6683340040434532, 0.6831270381199356, -0.6435929842554639]
  ],
  "55": [],
  "56": [],
  "57": [],
  "58": [],
  "59": [],
  "60": [],
  "61": [],
  "62": [],
  "63": [],
  "64": [],
  "65": [],
  "66": [
    [0.1965787878278278, -0.870207096398444, -0.6645133266291428],
    [-0.3907183325737487, 0.7585883790577336, 0.5286439237140884]
  ],
  "67": [],
  "68": [],
  "69": [],
  "70": [],
  "71": [
    [-0.5995396904145649, 0.4996750837400742, 0.5595543857714068]
  ],
  "72": [],
  "73": [],
  "74": [],
  "75": [],
  "76": [],
  "77": [],
  "78": [],
  "79": [],
  "80": [
    [-0.4230837007019503, -0.800653146797419, -0.6276986254730642],
    [0.4234594172373496, 0.7999347730833325, 0.6276961389696961]
  ],
  "81": [],
  "82": [
    [-0.7823667454355389, -0.974860324257183, 0.6752701656106136]
  ],
  "83": [],
  "84": [],
  "85": [],
  "86": [],
  "87": [],
  "88": [],
  "89": [
    [0.6890319370721395, 0.4328812290005284, -0.4910863226172645]
  ],
  "90": [],
  "91": [],
  "92": [
    [-0.900637198318461, -0.586861261957758, -0.4405514885939698]
  ],
  "93": [],
  "94": [],
  "95": [],
  "96": [],
  "97": [],
  "98": [
    [-0.6258776558085347, 0.777003969248292, 0.933591955533127]
  ],
  "99": [],
  "100": []
}
