{
  "1": [],
  "2": [],
  "3": [],
  "4": [],
  "5": [
    [0.02636480117296688, -0.1308801677011845, -0.3990067881988966]
  ],
  "6": [
    [-0.7389927898617863, -0.1922658922761335, -0.7237745802040044]
  ],
  "7": [
    [-0.1031970383331763, -0.1147973989736107, -0.7726229919627584],
    [-0.06518290834725589, -0.1423501657588575, 0.6929963932235061],
    [-0.4003577969220563, -0.968784929265141, -0.2667110622311537]
  ],
  "8": [],
  "9": [],
  "10": [
    [-0.5892568772858549, 0.1113949779702478, 0.6920316324424229]
  ],
  "11": [],
  "12": [],
  "13": [],
  "14": [
    [-0.2248967643680499, -0.7637634228784042, 0.517699671448249]
  ],
  "15": [],
  "16": [],
  "17": [],
  "18": [
    [-0.00755482779700427, 0.6234736057951868, 0.1460737311933802]
  ],
  "19": [],
  "20": [],
  "21": [],
  "22": [
    [0.1134618364683661, 0.1653696754414881, 0.521946207630311]
  ],
  "23": [
    [0.7679028003369388, 0.04698254606782604, 0.4912295636228891],
    [-0.6480614707997001, 0.03494915071131822, -0.4743495888314729]
  ],
  "24": [
    [-0.0936547670873261, -0.1703580396772767, -0.4804363409643982]
  ],
  "25": [
    [0.7615540598022912, 0.1271887505731881, -0.938249110233422],
    [-0.2475397005267884, 0.85778143360765, 0.3062563926575933],
    [0.2392227456660409, 0.818220361031409, -0.3402562053177227]
  ],
  "26": [
    [0.7217497321810754, 0.1095753558165605, -0.1629740927202158]
  ],
  "27": [],
  "28": [
    [0.6907868409707568, 0.3487106632463558, 0.3404432447011168],
    [-0.6963435537720267, 0.288669584973497, -0.350795095916228]
  ],
  "29": [],
  "30": [],
  "31": [
    [-0.892386521655657, 0.5125550150819651, -0.3297182797263897]
  ],
  "32": [
    [-0.850522274756129, 0.1550116936943302, 0.4361952889433451]
  ],
  "33": [],
  "34": [
    [-0.4278145874942302, -0.6447582114228901, 0.5224174187403808]
  ],
  "35": [],
  "36": [],
  "37": [
    [0.2069668583326439, -0.7484543369369869, 0.3014375496809334],
    [0.2090073772810409, 0.690163620592462, 0.3174875947041224]
  ],
  "38": [],
  "39": [],
  "40": [
    [-0.6012862794450581, -0.2884826914362762, -0.7948177808107157]
  ],
  "41": [],
  "42": [
    [0.4984329498084295, -0.872375013027199, -0.3158967670048454],
    [-0.3415659989652156, 0.6662729588205949, 0.5248787514499444],
    [0.5657343543253975, 0.814230602595364, -0.1803013012896289]
  ],
  "43": [
    [0.1947579102712578, 0.5005138263004537, 0.635261544731519],
    [-0.2001266176581272, 0.925025292246452, -0.7402441969780739],
    [-0.4813249326065574, -0.3385006289816705, -0.3712341226023275]
  ],
  "44": [
    [0.1415807945373489, -0.2424506828606339, 0.05790538572233843],
    [-0.14321292530812, 0.2207719157824475, -0.05786954560637598],
    [-0.1838828682867584, -0.2325391610406573, 0.0619253145721154],
    [0.180949178896175, 0.2044370564960661, -0.06090856208157446]
  ],
  "45": [
    [0.6761116196824287, 0.5542352093724805, -0.997285731608581]
  ],
  "46": [],
  "47": [
    [-0.6683704590999129, 0.2702893801530772, -0.3568317834470629]
  ],
  "48": [
    [-0.913114864996787, 0.91770740295761, -0.858460506660314]
  ],
  "49": [],
  "50": [
    [-0.4665597723226924, -0.848430512053592, 0.1615745562827376]
  ],
  "51": [],
  "52": [],
  "53": [
    [0.4574809695306906, 0.2147456953413227, -0.3988533910451508]
  ],
  "54": [
    [0.5558221671425838, -0.02259027253249939, -0.1751149774300294],
    [-0.6451232818615455, -0.02165507958637114, 0.2861592308096847]
  ],
  "55": [],
  "56": [],
  "57": [],
  "58": [],
  "59": [],
  "60": [
    [0.0929045289396294, 0.6564629049248304, 0.2820690989807057]
  ],
  "61": [
    [0.3752575400562039, 0.938241903067473, 0.0688075731618989]
  ],
  "62": [
    [0.4844198823436491, -0.1018837914238826, -0.1200977222516564]
  ],
  "63": [
    [-0.1746537957736919, 0.04037119416144924, -0.82359054675217]
  ],
  "64": [],
  "65": [
    [0.7191720141874133, 0.5402324635828434, -0.36607453614779],
    [0.854480366559078, 0.839941363193254, -0.07330905534080562]
  ],
  "66": [],
  "67": [],
  "68": [
    [-0.02844285119753709, -0.06509150173395696, 0.851360646891058]
  ],
  "69": [
    [-0.6496760705082973, -0.0903276220518966, -0.07173243902605407],
    [0.6520846274022527, -0.0903406607140573, -0.07160947400695074]
  ],
  "70": [],
  "71": [
    [-0.826708450085188, -0.3461529420769587, -0.3098623926561388]
  ],
  "72": [],
  "73": [],
  "74": [
    [-0.7296206058126941, 0.07996113451073315, -0.1388057694163065],
    [0.7885018327774999, 0.0918885780373855, -0.06635849913258025],
    [0.7885018327774999, 0.7688847813599233, -0.06635849913258025]
  ],
  "75": [],
  "76": [],
  "77": [
    [-0.3872023245024649, 0.03650979827795193, 0.3387124931669085],
    [-0.3527008778364283, 0.0145030923633086, -0.3211356553405881]
  ],
  "78": [],
  "79": [
    [-0.1184182211536113, -0.03058209359058781, -0.1656070087625995]
  ],
  "80": [],
  "81": [],
  "82": [],
  "83": [
    [-0.6802704593985899, -0.2168432071441868, 0.984451665501061]
  ],
  "84": [],
  "85": [
    [-0.837156236435885, 0.539489445597441, 0.3755069446166865],
    [0.4479348109404935, -0.477404807322224, -0.0913919005222042],
    [0.1948297105492408, -0.2477182898346613, 0.3661560327280195]
  ],
  "86": [
    [-0.1964987437923481, -0.7902903222448199, 0.3780797878657744]
  ],
  "87": [],
  "88": [],
  "89": [
    [-0.2655388218575739, 0.897103302300922, 0.3293108575536412]
  ],
  "90": [],
  "91": [
    [-0.1618615934526513, -0.4942652050064517, -0.0824474869336717]
  ],
  "92": [],
  "93": [
    [-0.04093631171240331, 0.923749725468796, 0.04925525574363471],
    [-0.04571500936826666, 0.2410765868356019, 0.04922489074391191],
    [-0.05014559356341328, -0.1846332501361456, 0.04919681927995842]
  ],
  "94": [],
  "95": [],
  "96": [],
  "97": [
    [0.389387585259628, 0.4464497926617679, 0.6120228046942449]
  ],
  "98": [
    [-0.7831136401112793, 0.1333255976716909, -0.378227837698537],
    [0.7538574892176192, 0.1451572963815135, 0.3830734896109755]
  ],
  "99": [
    [-0.816353998632101, -0.4478486611818566, -0.3749183562829191],
    [0.3476032369462132, 0.5328758021117578, 0.1519396660701156],
    [-0.3120183593180515, 0.6029594893763319, -0.1706167584388879],
    [0.6225653590457982, -0.4288134233641133, 0.2682683031322092]
  ],
  "100": [
    [0.01286009114251507, -0.06463999572965708, 0.5164051479890254]
  ]
}
