{
  "1": [],
  "2": [],
  "3": [],
  "4": [],
  "5": [
    [-0.2006453238000006, 0.860716369494126, -0.998532874014366]
  ],
  "6": [],
  "7": [],
  "8": [],
  "9": [],
  "10": [
    [-0.991543481374563, -0.885184458022406, 0.866961101111444],
    [-0.6056437112971054, -0.785425917190332, 0.2274977100619714]
  ],
  "11": [],
  "12": [],
  "13": [
    [0.854459937071316, 0.2404168674617413, -0.807095564128521]
  ],
  "14": [
    [0.7482190297808713, -0.831038178635301, -0.7949686319144067],
    [-0.7881214704032352, 0.836425834821192, 0.847161897198799]
  ],
  "15": [
    [0.922287975511758, 0.883882426640956, -0.858032894446858]
  ],
  "16": [],
  "17": [],
  "18": [],
  "19": [],
  "20": [],
  "21": [],
  "22": [],
  "23": [
    [0.5807582217142093, 0.693699061730017, 0.663775718180386]
  ],
  "24": [
    [-0.7535652307733466, 0.6621404867386683, -0.5386718674216743],
    [-0.3384025456815285, -0.7883126934258126, -0.7847566902717652]
  ],
  "25": [
    [-0.933682016789025, -0.895041447632032, -0.6465111639009987]
  ],
  "26": [],
  "27": [],
  "28": [],
  "29": [],
  "30": [],
  "31": [
    [-0.753735754515023, 0.3847898169765221, -0.7091295897406324],
    [-0.7511369634240561, 0.395897595687159, 0.7043069974953223]
  ],
  "32": [],
  "33": [
    [-0.94497916893093, 0.6684599058228239, 0.5707963298650293]
  ],
  "34": [],
  "35": [],
  "36": [
    [0.902173438079324, -0.482964428616889, -0.962073225675404]
  ],
  "37": [],
  "38": [],
  "39": [],
  "40": [],
  "41": [],
  "42": [],
  "43": [],
  "44": [
    [0.4854315936246104, -0.992782121140995, 0.896469765742019],
    [-0.7598156954233043, -0.7903332187589724, 0.809496160130688]
  ],
  "45": [],
  "46": [
    [-0.634386190441657, 0.999551224459718, 0.7498798316032808]
  ],
  "47": [],
  "48": [
    [0.891976938838738, -0.4043837393224171, -0.4232040677755545]
  ],
  "49": [],
  "50": [],
  "51": [],
  "52": [],
  "53": [],
  "54": [
    [-0.94033456642977, -0.959182918259217, -0.6046349808011865]
  ],
  "55": [],
  "56": [
    [0.3032743885330528, 0.7851178866889404, -0.2446629032347319]
  ],
  "57": [],
  "58": [
    [0.00118987312673451, 0.00039125054948349, 0.00052359559652168],
    [-0.0011905296128077, -0.000391457919891, -0.00052414361155627],
    [-0.452135953964318, 0.1506157259055676, 0.6337536381118357]
  ],
  "59": [],
  "60": [],
  "61": [],
  "62": [],
  "63": [],
  "64": [],
  "65": [],
  "66": [],
  "67": [],
  "68": [],
  "69": [],
  "70": [],
  "71": [],
  "72": [],
  "73": [],
  "74": [],
  "75": [],
  "76": [],
  "77": [],
  "78": [],
  "79": [],
  "80": [],
  "81": [],
  "82": [
    [-0.336140376346513, -0.5786656756984576, 0.6139859549874855],
    [-0.1581856864334167, -0.4498564296018772, 0.7854025030566515],
    [0.988916694940924, -0.892963912450458, -0.892875599490294],
    [0.1353359124872553, -0.4078463226537663, -0.866164981077714],
    [-0.5333820419465509, 0.6542817237851777, 0.5298567933677569]
  ],
  "83": [],
  "84": [],
  "85": [],
  "86": [
    [-0.7066529940505129, 0.3685693098958377, 0.812844117606249],
    [-0.331116926839416, -0.843526457241931, -0.5806379371818639]
  ],
  "87": [
    [-0.4418389440977476, -0.0476957787778507, -0.6110430242539139],
    [0.4418406816360977, -0.04769577904245993, 0.6110358903095428]
  ],
  "88": [
    [0.5279479840641494, 0.597543811411835, -0.981284253546379]
  ],
  "89": [],
  "90": [],
  "91": [],
  "92": [],
  "93": [],
  "94": [],
  "95": [],
  "96": [
    [0.941003508155961, -0.926559466744509, 0.3597684951213493]
  ],
  "97": [
    [0.2119950543749474, -0.94764756564705, 0.948589585202992]
  ],
  "98": [
    [0.5588344010101853, 0.6547006636612056, -0.842760459290155]
  ],
  "99": [],
  "100": []
}
