{
  "1": [],
  "2": [
    [0.1696936266245908, -0.07089071547862495, 0.890543872812338],
    [0.5867565213947522, -0.06579583082283619, -0.852608584550444]
  ],
  "3": [
    [0.06664364633865388, 0.3380539888997518, 0.6667613660750203],
    [-0.1283716052266404, 0.3476077654220885, -0.697090410090559]
  ],
  "4": [
    [0.1695847802243222, -0.0551892876223392, -0.922439307057281]
  ],
  "5": [
    [0.06228190681140283, 0.00395360736890156, -0.2332218948895104],
    [-0.2479841808740519, 0.04347671563804107, -0.224199485873729]
  ],
  "6": [],
  "7": [
    [0.0330176222460175, 0.01018072624693583, -0.7893597543679169]
  ],
  "8": [
    [-0.2337085605144991, 0.6247356478975065, -0.1261224430402525]
  ],
  "9": [
    [-0.3279571545244182, 0.316916168408197, -0.2984857601879196]
  ],
  "10": [],
  "11": [],
  "12": [
    [0.2191814263384345, -0.3188963557410718, -0.95777610998416]
  ],
  "13": [],
  "14": [],
  "15": [
    [-0.957235869317495, -0.6330504829901714, -0.973291887516345],
    [-0.01061449381064183, -0.5315630442373939, 0.1246634134401725],
    [-0.01241109797497272, 0.2768653583617604, 0.526678533473509]
  ],
  "16": [
    [-0.7200558802890145, -0.1208764794042193, 0.1759724965216697]
  ],
  "17": [
    [-0.3685650295234908, -0.4264230953757694, 0.5579301744144857]
  ],
  "18": [],
  "19": [],
  "20": [
    [0.7181626519686026, 0.4656121215572345, -0.0669397206651654],
    [-0.3357508924052983, -0.0986005863159845, -0.0958817974695528]
  ],
  "21": [
    [-0.893894880942425, 0.2517850398227935, 0.04411430765871233],
    [-0.1650842137949005, -0.1341241908920526, -0.668960292808941]
  ],
  "22": [
    [0.2563514689867264, -0.0220197983904936, 0.06717853280303741]
  ],
  "23": [],
  "24": [
    [-0.1724334943447039, -0.01955472655223937, 0.00825937704593455]
  ],
  "25": [],
  "26": [
    [0.0990054363814152, 0.4743450289862706, -0.7422123885433486]
  ],
  "27": [
    [0.7712800462471576, -0.7831341875177134, -0.07347082458653]
  ],
  "28": [],
  "29": [],
  "30": [],
  "31": [],
  "32": [
    [0.1321530586564109, -0.03107285920067611, -0.2633676627152312],
    [-0.2651032382461282, -0.05976109693140006, -0.2315519368998682]
  ],
  "33": [
    [0.3573045976036934, -0.4568231778456809, -0.4040253225994551]
  ],
  "34": [
    [0.441311113855591, 0.808890372095282, -0.3286069754958008]
  ],
  "35": [],
  "36": [
    [0.2113978154767736, -0.7548755590272446, -0.6161569436914532],
    [0.1333817357150011, 0.6454007329471835, 0.4426634625567768],
    [-0.1803148111931361, 0.5407280882459938, -0.983920045274694]
  ],
  "37": [],
  "38": [
    [0.208428622392667, -0.01760915084823543, -0.5963191942598344]
  ],
  "39": [],
  "40": [],
  "41": [],
  "42": [
    [0.0971210963928301, 0.6121463718547383, -0.4819346550647021]
  ],
  "43": [],
  "44": [
    [0.00437119322776732, -0.228738338785834, 0.1029246758710043]
  ],
  "45": [
    [-0.1193818769468793, 0.0898176168689552, 0.878979260782228],
    [0.1437941400671625, -0.07176808193649191, 0.7011253419426096]
  ],
  "46": [
    [-0.00045786594465824, 0.6286031904011379, -0.06865774526137992]
  ],
  "47": [
    [-0.815093372013056, -0.3461417106676977, -0.163056482360128],
    [-0.02639729546917812, 0.4880573086264079, -0.00174167941880727]
  ],
  "48": [
    [-0.4942946273848547, -0.0928007720450041, -0.06672559837957304]
  ],
  "49": [
    [0.742826422460718, -0.04614910955931849, -0.1154990342502968],
    [-0.6881489923617986, 0.4375105325251683, -0.2700737603679186],
    [-0.6425462290405575, 0.2039076618419705, -0.1629602387528382]
  ],
  "50": [],
  "51": [],
  "52": [
    [0.2050352094745554, -0.02850843891978908, -0.1484424701121116]
  ],
  "53": [
    [0.2642107898237227, 0.3326367596150815, 0.5516114490443816],
    [0.7618781346426118, -0.2779940622963142, 0.5138391477122458],
    [0.3980830232356047, -0.2653534832064747, 0.6190584398548189]
  ],
  "54": [],
  "55": [
    [-0.2223453933318811, -0.6543338613104382, 0.0837032668756991]
  ],
  "56": [],
  "57": [],
  "58": [],
  "59": [
    [0.04918323975219396, -0.101037327526864, 0.3417628711323498]
  ],
  "60": [],
  "61": [
    [-0.0888448647615905, 0.0816859976285114, -0.4269730818971694],
    [0.0877504233799203, 0.0917480551528436, 0.4284390943741125]
  ],
  "62": [],
  "63": [
    [-0.5730109999075488, -0.60528570914244, -0.6897306133754064]
  ],
  "64": [],
  "65": [
    [0.3397342153854825, 0.07976862186067334, -0.3757783473025224],
    [-0.884893061070511, -0.2205436140403038, -0.5753718275162125]
  ],
  "66": [],
  "67": [],
  "68": [
    [-0.01039257567757886, 0.3540933724060642, 0.5927654800161388],
    [-0.01045871460544655, -0.3541704599272403, 0.6060040418782419]
  ],
  "69": [],
  "70": [],
  "71": [],
  "72": [],
  "73": [
    [-0.2504743007348158, 0.06975851684615018, -0.2058232210051382]
  ],
  "74": [
    [-0.2250662923860102, 0.623841000699997, -0.223370966347905],
    [-0.1301873439462506, 0.56714135383293, -0.1646871631874963],
    [-0.2414003604072129, -0.922457768799396, -0.1091806522174928],
    [-0.1000987300680845, -0.4735426839633952, -0.1357811057996488]
  ],
  "75": [
    [-0.440929997937604, 0.7594663425040469, -0.81725893716019]
  ],
  "76": [],
  "77": [],
  "78": [
    [0.7146335325694453, 0.1560565895480933, 0.3935277913901057],
    [0.857367722201924, 0.1352368508777846, -0.00862535795660428]
  ],
  "79": [
    [0.7576468307550059, -0.7661485092641128, -0.3692691005422983],
    [0.5779356729556961, 0.5576670052769283, 0.4920626253245663]
  ],
  "80": [
    [-0.217844038879428, 0.01162055563846757, -0.03141854985086999]
  ],
  "81": [
    [-0.4432138598749409, 0.07666403412251722, 0.1777164170152464]
  ],
  "82": [
    [-0.7926281574444934, -0.01832395537426084, 0.4835272139102075]
  ],
  "83": [],
  "84": [
    [-0.4633126880503468, 0.3152199886310572, -0.1850653446113252],
    [-0.3556848411110342, 0.5877948750875027, -0.02018955311630923],
    [-0.3261779287497088, 0.2865687020017013, 0.1880077428491836],
    [-0.3366038517926318, -0.5652415209257682, 0.0576167542098442]
  ],
  "85": [
    [0.988455516100282, -0.1345838394360428, -0.303651050949605]
  ],
  "86": [],
  "87": [
    [-0.473243666292022, 0.877100428753097, 0.3111102674083426]
  ],
  "88": [],
  "89": [],
  "90": [],
  "91": [
    [-0.5447152803759856, -0.2635051878705923, 0.1199953716634046]
  ],
  "92": [
    [0.3779006776945094, -3.15120135257e-05, 0.1113551862854403]
  ],
  "93": [],
  "94": [],
  "95": [],
  "96": [
    [0.0554378120941106, -0.5863984561233172, -0.4548523700484554]
  ],
  "97": [],
  "98": [],
  "99": [
    [-0.419022477697188, 0.91358358725792, -0.1215270028781463],
    [0.4438368069158932, -0.910096657642505, -0.1231547348737526],
    [0.6566057283310933, -0.978401179748495, -0.259405326561873]
  ],
  "100": []
}
