{
  "1": [],
  "2": [],
  "3": [],
  "4": [],
  "5": [
    [0.8257030057499691, -0.5134538642592034, 0.03152368415113863, -0.3760453416444886, -0.8835714725805284]
  ],
  "6": [],
  "7": [],
  "8": [],
  "9": [],
  "10": [],
  "11": [],
  "12": [],
  "13": [],
  "14": [
    [-0.23141341886074807, 0.593348365163802, 0.6560766339074648, 0.40840279057191825, 0.4094399675001957],
    [0.24953699523835332, -0.5895884762766718, 0.6611403810795454, -0.4041158762169273, -0.35504559829394683]
  ],
  "15": [],
  "16": [],
  "17": [],
  "18": [],
  "19": [],
  "20": [],
  "21": [],
  "22": [],
  "23": [],
  "24": [],
  "25": [],
  "26": [],
  "27": [],
  "28": [],
  "29": [],
  "30": [],
  "31": [],
  "32": [],
  "33": [],
  "34": [],
  "35": [
    [-0.31422454930130106, 0.3975072939828477, -0.3368056788055314, -0.5949864263149178, 0.13960788278001024],
    [-0.6028605622538366, 0.6649845696923101, 0.7510729658622032, -0.5538141783500447, 0.17002098431344564],
    [-0.3470873481484441, 0.4134532501563491, 0.4596407830392134, -0.573357593503628, 0.1425175206817154]
  ],
  "36": [
    [-0.9878261477888216, 0.5743880501304055, -0.520569084772807, 0.16963558948105828, 0.9903181054556037]
  ],
  "37": [],
  "38": [],
  "39": [],
  "40": [],
  "41": [],
  "42": [],
  "43": [],
  "44": [],
  "45": [],
  "46": [],
  "47": [],
  "48": [],
  "49": [],
  "50": [],
  "51": [],
  "52": [],
  "53": [],
  "54": [],
  "55": [],
  "56": [],
  "57": [],
  "58": [],
  "59": [],
  "60": [
    [-0.848001428695659, 0.22497122647567114, 0.19391153298947955, -0.7340401301046702, -0.8768470172997495]
  ],
  "61": [],
  "62": [],
  "63": [],
  "64": [],
  "65": [],
  "66": [],
  "67": [],
  "68": [
    [0.7901119051219704, -0.7129992334939831, -0.808151050536268, 0.8208117927339232, -0.8845174659508062]
  ],
  "69": [],
  "70": [],
  "71": [],
  "72": [],
  "73": [
    [-0.32377836788969416, -0.526486101071095, -0.6504851007944387, -0.4562695722136768, 0.667208459183457]
  ],
  "74": [],
  "75": [
    [0.7148091372161879, -0.8490689264309361, 0.44801269921975523, 0.5246465932783752, 0.49003053849881695]
  ],
  "76": [],
  "77": [],
  "78": [],
  "79": [],
  "80": [],
  "81": [],
  "82": [],
  "83": [],
  "84": [],
  "85": [],
  "86": [],
  "87": [],
  "88": [],
  "89": [],
  "90": [],
  "91": [],
  "92": [
    [-0.35805709047696577, 0.0071930531969010844, 0.06666455200235781, 0.04912199915044721, 0.20234594911250034]
  ],
  "93": [],
  "94": [],
  "95": [],
  "96": [],
  "97": [],
  "98": [],
  "99": [],
  "100": []
}
