{
  "1": [],
  "2": [],
  "3": [],
  "4": [],
  "5": [],
  "6": [],
  "7": [],
  "8": [],
  "9": [],
  "10": [],
  "11": [],
  "12": [],
  "13": [],
  "14": [],
  "15": [],
  "16": [],
  "17": [],
  "18": [],
  "19": [
    [0.8475733745215491, -0.6679906275645836, -0.24060822698408044, 0.1304668555497126, 0.8714460433536616],
    [0.2249054533983408, -0.857049686719611, 0.18056489519596133, 0.1719635416820195, -0.6133319560443529]
  ],
  "20": [
    [0.9528501094768709, -0.4776042103628253, -0.47419214451745917, -0.9284708807736592, -0.6114146935087498]
  ],
  "21": [],
  "22": [],
  "23": [],
  "24": [],
  "25": [
    [-0.6419406613414783, 0.04336260558879589, 0.5025023310983342, 0.9256140847640143, 0.7408594385388607],
    [0.992968173451653, -0.2128025358958797, 0.30824832330601204, 0.870087685861916, 0.8907412852610926]
  ],
  "26": [],
  "27": [],
  "28": [],
  "29": [],
  "30": [],
  "31": [
    [-0.7581277116729963, -0.5326968061069042, 0.40265503038920664, -0.6649067162459522, -0.1521665172500253]
  ],
  "32": [],
  "33": [],
  "34": [],
  "35": [],
  "36": [],
  "37": [],
  "38": [
    [-0.8493559687837431, 0.7764322135141603, 0.26680185503986753, 0.7022438943760525, 0.35032482255020714],
    [0.5688544723884246, 0.794266100354161, 0.40519926550053487, 0.4574755968571302, 0.3589418394437145]
  ],
  "39": [],
  "40": [],
  "41": [],
  "42": [],
  "43": [],
  "44": [],
  "45": [],
  "46": [],
  "47": [],
  "48": [],
  "49": [],
  "50": [],
  "51": [],
  "52": [
    [0.27707556528940674, 0.1352334954879779, -0.6386846217078537, -0.8175697088334458, 0.8848578494403423]
  ],
  "53": [],
  "54": [],
  "55": [],
  "56": [],
  "57": [],
  "58": [],
  "59": [
    [0.6894117371186615, 0.38918032421405635, 0.6278546180468665, -0.038620924691317976, -0.26519467808289604]
  ],
  "60": [],
  "61": [
    [-0.5193020950297688, 0.29386647799849386, -0.2393490401330943, -0.3129754638252678, 0.9913484716888202],
    [-0.584161830666259, 0.4465983132299146, -0.08135317472420861, -0.3256887976702864, 0.8061122457508848],
    [-0.7256261203393606, 0.6550541551818814, -0.07737304363798177, 0.33357677503162025, 0.6560926210994976]
  ],
  "62": [],
  "63": [],
  "64": [],
  "65": [],
  "66": [],
  "67": [],
  "68": [],
  "69": [
    [0.13164487365381228, 0.2952695840161603, -0.0590830006028811, -0.5348847534665911, -0.547126935549522]
  ],
  "70": [],
  "71": [],
  "72": [
    [-0.4311111416691135, 0.0423525038784579, -0.45304279105915585, -0.519554964649056, -0.6330658532462505],
    [-0.4324449133572597, 0.04099208833686047, -0.4518707683667666, -0.7341099700835729, 0.677820063676499],
    [0.3651421569842657, 0.043849480600991315, 0.5343177678608222, 0.43377782244602875, 0.5325164462722539]
  ],
  "73": [],
  "74": [],
  "75": [],
  "76": [],
  "77": [],
  "78": [],
  "79": [],
  "80": [],
  "81": [],
  "82": [],
  "83": [],
  "84": [],
  "85": [],
  "86": [
    [-0.2184927325171275, -0.04447636374193838, -0.10026144240002065, -0.7129862191139649, -0.1454151985619638],
    [-0.23027452748140598, 0.0455983492603163, -0.09517039102570707, -0.6627047739577813, -0.13823963540317555],
    [-0.24034478551893892, 0.5491531800522835, -0.2483491245295493, -0.20206878402896544, -0.1326677696865805],
    [-0.21084313706776786, 0.7669209768576082, 0.20614935925331265, -0.17644295264180668, -0.15107710651130252],
    [0.21135060658520516, -0.7656865690667295, -0.2071376253891959, 0.17309978693200576, 0.15070398956292935],
    [0.23945497403897562, -0.5500315429951704, 0.2498217991163172, 0.19516209935113607, 0.1331412344914736]
  ],
  "87": [
    [-0.43302668852526793, -0.33676756346416836, -0.9797920719011731, -0.1362199232517236, -0.7385626993198185],
    [-0.42822471217317076, -0.2897951670626263, 0.701366051020795, -0.7496265918499085, -0.26354074762172947],
    [-0.43290927632465054, 0.7903446148951462, 0.8062153977278346, 0.07146217644001682, 0.8433525834738013],
    [0.3159617376657407, -0.4551864236779176, 0.6343448401877445, -0.12826561618027837, 0.9444435479407765],
    [0.3159849465428436, 0.7259785226070622, -0.94414989288459, 0.0755196283369321, -0.747346612515112]
  ],
  "88": [],
  "89": [],
  "90": [],
  "91": [],
  "92": [],
  "93": [],
  "94": [],
  "95": [],
  "96": [],
  "97": [],
  "98": [
    [0.4749333094940302, -0.06411697385715712, 0.4516741530643205, -0.5118026111318211, 0.42094356581279224]
  ],
  "99": [
    [-0.8276811365474274, 0.8997051889667556, -0.5901123005994049, -0.060071524604005035, -0.8782838167043919],
    [-0.37897357980136703, 0.7884442527512849, 0.9900120091898127, 0.19084165060060426, 0.850672838800792],
    [0.4430407777302379, -0.3943154679915408, 0.9370687412052623, -0.8531716505900314, -0.0659547159339651]
  ],
  "100": []
}
