{
  "1": [],
  "2": [],
  "3": [],
  "4": [],
  "5": [],
  "6": [],
  "7": [],
  "8": [],
  "9": [],
  "10": [],
  "11": [
    [-0.1903897688452328, 0.17899314969342273, 0.07143019897463287, 0.5722185044824198, -0.06250324516163014],
    [0.033417498771884144, 0.19258134634815927, 0.07713879449167722, -0.5540699519694084, -0.06262528117503006]
  ],
  "12": [],
  "13": [],
  "14": [],
  "15": [
    [-0.06700114692663263, -0.5189069526187814, 0.6056251470770698, 0.9625762459500675, -0.16015664343923441]
  ],
  "16": [],
  "17": [],
  "18": [],
  "19": [],
  "20": [
    [0.1235028907529883, 0.2911333305118911, -0.03026100204490045, 0.09305924973359814, 0.7142415438093562]
  ],
  "21": [],
  "22": [
    [-0.6384665194352434, 0.2827571364140629, 0.892433142938852, -0.3611169551888428, -0.3457358041546637]
  ],
  "23": [],
  "24": [],
  "25": [
    [-0.556178194387076, -0.21406754929427765, -0.13193733384792958, -0.19250019571041266, 0.7106666836427942]
  ],
  "26": [],
  "27": [],
  "28": [],
  "29": [],
  "30": [],
  "31": [],
  "32": [],
  "33": [
    [-0.2518532326164935, -0.44414678785999684, 0.524162723334028, -0.009944322015922805, -0.754293309153484],
    [0.26685112307342945, 0.4120818030208009, 0.5251231966693617, -0.00992188809735108, 0.7393114812535783]
  ],
  "34": [
    [0.3826152119746787, 0.9673445461848926, -0.8436158573591893, -0.8867650748551373, -0.40603382332283755]
  ],
  "35": [],
  "36": [],
  "37": [],
  "38": [],
  "39": [],
  "40": [],
  "41": [],
  "42": [],
  "43": [],
  "44": [],
  "45": [],
  "46": [],
  "47": [],
  "48": [],
  "49": [],
  "50": [
    [0.9237689494139618, 0.3919584504016945, -0.2587951254844865, -0.05819231242957254, 0.27021657157740375]
  ],
  "51": [],
  "52": [],
  "53": [],
  "54": [
    [-0.7114368502298998, 0.8403158963740112, 0.7655842836604954, 0.32003370064942055, 0.9844334224409411],
    [0.7153766094210533, -0.5556539794704733, -0.8380172785731206, 0.23605932154300638, 0.9131820887030748]
  ],
  "55": [
    [0.7132445106767737, 0.37034754016937477, -0.3484918399012935, -0.8927023559657777, -0.5367608495769479]
  ],
  "56": [],
  "57": [],
  "58": [],
  "59": [],
  "60": [
    [0.6832550294537224, 0.04595830272052298, 0.22513502524654114, 0.3070173808524019, 0.6468928510553411]
  ],
  "61": [],
  "62": [],
  "63": [],
  "64": [],
  "65": [],
  "66": [],
  "67": [],
  "68": [
    [0.36203287240415233, -0.38156763106851466, 0.5918762931391117, 0.509079311648425, 0.6442741318537868]
  ],
  "69": [],
  "70": [],
  "71": [],
  "72": [
    [-0.7252797821921687, 0.6072275175549252, -0.6921643865460497, 0.5972729731810823, -0.7188875731869441]
  ],
  "73": [],
  "74": [
    [-0.04828409212648288, -0.6924666367442532, -0.12035801290301347, 0.09742487669949425, 0.9991276463979993],
    [-0.04717950374894335, -0.47959282840194634, -0.23184573970697112, 0.11025488021079943, 0.5093506063414295],
    [-0.03892749368523825, 0.6151695409454998, 0.593785056502952, 0.22731739284627556, -0.17045970063958973]
  ],
  "75": [
    [0.8936351158328942, 0.5634263556095935, 0.05982298196043727, -0.8164970571776704, -0.4206901128260026],
    [0.990011226127413, -0.562872626653538, 0.07269259390638365, -0.7809980380474095, 0.3706377757623453]
  ],
  "76": [
    [-0.0033606456486218106, 0.5508601629169391, -0.764188132784372, -0.5705933253809051, 0.20759260030498647],
    [0.0031633110906534767, 0.2702820615773904, -0.7685241004141833, 0.8113616460257643, 0.20632697385216062]
  ],
  "77": [],
  "78": [
    [-0.9797023536265119, -0.23275837390488702, 0.4673948345742198, -0.8728747131598811, -0.8883970048689516],
    [-0.23477913968977537, -0.876855323932198, 0.7048208798799687, -0.8873900169908824, -0.48123777562313497]
  ],
  "79": [],
  "80": [
    [-0.7109440060531131, 0.24237036497252765, -0.784819941866226, 0.0373023931559282, -0.055204011257997294],
    [0.44450733977272877, -0.6772428350601003, -0.9727128926696805, -0.6332696041111779, -0.3858671771099816],
    [0.3905856724113374, -0.7891346141078459, 0.9765899630397127, 0.5414163586543381, 0.3490037449295855]
  ],
  "81": [],
  "82": [
    [-0.9103942406636646, 0.6282165158195606, -0.0141114965830222, -0.1112234351042398, -0.7602284006694445]
  ],
  "83": [],
  "84": [],
  "85": [],
  "86": [
    [-0.574865813684622, 0.1167201690998714, 0.16184282154646218, 0.08523262557150953, -0.4350184164971311],
    [0.19298294735265484, 0.22580582753839193, 0.1793822169887022, -0.13985413079098521, -0.4411580971275997]
  ],
  "87": [],
  "88": [],
  "89": [
    [-0.5271233509118316, -0.24793373164228355, -0.09959544366722604, -0.6781510547040708, 0.047684755964913846],
    [-0.3624684761170023, -0.17329801648800244, -0.08976265757442163, -0.6957913639704869, 0.09540384075877772],
    [-0.29941225867545923, 0.05106963676609992, -0.08483881844819033, -0.6987750131680401, 0.13794359028006628],
    [0.6528597329562937, -0.6059669257951653, -0.18046298014384785, -0.2431681310067368, -0.8858687452299093],
    [0.9487219647281199, -0.283758117408141, -0.18125858487841853, -0.6673512855518693, 0.01618257948134137],
    [0.30311945858233486, -0.063533302775214, -0.08663923986511839, -0.7010499363368958, 0.13479692242985702],
    [0.3218091112259987, 0.12299478082331719, -0.08348968091214838, -0.695076243275545, 0.11941682257214555]
  ],
  "90": [
    [0.5507622273391438, -0.2063500090771026, 0.5056049619845076, 0.9761535559606065, 0.33355097370881803]
  ],
  "91": [],
  "92": [
    [0.2676547488541945, -0.3309028171502849, -0.28890942302697736, -0.7279212382809738, 0.5847288049835668]
  ],
  "93": [],
  "94": [],
  "95": [],
  "96": [],
  "97": [],
  "98": [
    [-0.7547171530140351, -0.9964322332378861, -0.4204266967109527, -0.7810251344791094, -0.05416650288285931]
  ],
  "99": [],
  "100": [
    [0.46156090992476334, -0.1700263599848056, 0.48914253453846995, -0.0036384810022202915, -0.2823358596180487]
  ]
}
