{
  "1": [],
  "2": [],
  "3": [],
  "4": [],
  "5": [],
  "6": [],
  "7": [],
  "8": [],
  "9": [],
  "10": [],
  "11": [],
  "12": [],
  "13": [],
  "14": [],
  "15": [],
  "16": [],
  "17": [],
  "18": [],
  "19": [],
  "20": [],
  "21": [],
  "22": [],
  "23": [],
  "24": [],
  "25": [],
  "26": [],
  "27": [],
  "28": [
    [-0.8232514058580277, -0.9732909972490079, 0.34636781777875314, 0.9500220006991553, -0.9507743485243354]
  ],
  "29": [],
  "30": [],
  "31": [],
  "32": [],
  "33": [],
  "34": [],
  "35": [],
  "36": [],
  "37": [
    [0.8506408840141472, -0.2788676874777879, 0.10614849308906177, -0.7250226380881557, -0.08763639920067345],
    [0.8543030635243026, 0.278269013264429, -0.10637023238606105, 0.724696737343928, 0.08773965834839571]
  ],
  "38": [],
  "39": [],
  "40": [],
  "41": [],
  "42": [],
  "43": [],
  "44": [],
  "45": [],
  "46": [],
  "47": [],
  "48": [],
  "49": [],
  "50": [],
  "51": [],
  "52": [],
  "53": [],
  "54": [],
  "55": [],
  "56": [],
  "57": [],
  "58": [],
  "59": [
    [-0.6428971346645574, 0.5904285355231904, 0.4304069820923515, -0.5748392887612038, 0.8142845134060184],
    [-0.6087701061207783, 0.6120768286520494, 0.7865335457705416, -0.6000975444719637, 0.49900728614382117],
    [-0.34959957644451234, 0.6002739013915448, 0.9161965392519035, 0.725024026459192, -0.35980966252959545]
  ],
  "60": [],
  "61": [],
  "62": [],
  "63": [
    [-0.010324993821972382, 0.4202257713553538, -0.08706449161851991, -0.9919780496119954, 0.09537939777092747],
    [-0.010271906269767535, 0.42022580096803286, -0.08707490909596964, 0.9919778629581347, -0.09537940829219266]
  ],
  "64": [],
  "65": [],
  "66": [
    [0.979142585710604, -0.2373165606675521, 0.893932098881864, 0.5616947083657021, 0.7566241969769766],
    [0.853219758236183, 0.8124837798190571, -0.7714381449449026, -0.9854072623085456, -0.7622466300072277]
  ],
  "67": [],
  "68": [],
  "69": [],
  "70": [],
  "71": [],
  "72": [],
  "73": [],
  "74": [],
  "75": [],
  "76": [],
  "77": [],
  "78": [],
  "79": [],
  "80": [],
  "81": [],
  "82": [],
  "83": [],
  "84": [],
  "85": [],
  "86": [],
  "87": [],
  "88": [],
  "89": [],
  "90": [],
  "91": [],
  "92": [],
  "93": [],
  "94": [],
  "95": [],
  "96": [],
  "97": [],
  "98": [],
  "99": [],
  "100": []
}
