{
  "1": [],
  "2": [],
  "3": [],
  "4": [],
  "5": [],
  "6": [],
  "7": [],
  "8": [],
  "9": [],
  "10": [],
  "11": [],
  "12": [],
  "13": [],
  "14": [],
  "15": [],
  "16": [],
  "17": [],
  "18": [],
  "19": [],
  "20": [],
  "21": [],
  "22": [],
  "23": [
    [-0.8275214056982864, -0.6446476081435902, -0.5715760121268038, -0.7143395150005477, 0.5757114416339989],
    [0.28038152609924927, 0.501777837192699, -0.8815698093485924, 0.8831117186227299, -0.1709430530865822],
    [0.7532195228013089, 0.8369320788285727, 0.4421601790214361, 0.35798313268455595, 0.8721870279247982]
  ],
  "24": [],
  "25": [],
  "26": [],
  "27": [],
  "28": [],
  "29": [],
  "30": [],
  "31": [],
  "32": [
    [-0.835688515329396, -0.049105009275599076, -0.002983435232730177, 0.5155716530997385, 0.04540257828659516],
    [-0.9018877765222169, 0.04339791078881786, -0.00571948134035094, -0.4971790430005107, 0.04421792039580781]
  ],
  "33": [],
  "34": [
    [-0.523095300969022, -0.7160672101434152, -0.39955087181420573, 0.29356696174166647, -0.6410785280708924],
    [-0.6177340380481288, -0.7128917760031358, 0.6225712341333912, 0.2908774427677297, 0.59555885612617],
    [-0.622715880592528, -0.7334541013307879, 0.8368217437751123, 0.29178781892490224, 0.5822927085277201]
  ],
  "35": [],
  "36": [],
  "37": [],
  "38": [],
  "39": [],
  "40": [],
  "41": [],
  "42": [],
  "43": [],
  "44": [],
  "45": [
    [0.6871571987404799, -0.27463798385884725, -0.8720130051725288, -0.6713656899055792, 0.6763335073893468],
    [0.6707918981496762, 0.9540888725768006, 0.8661277923979551, -0.8467691886209041, -0.7443160276315788]
  ],
  "46": [],
  "47": [],
  "48": [],
  "49": [],
  "50": [],
  "51": [],
  "52": [],
  "53": [],
  "54": [],
  "55": [],
  "56": [],
  "57": [],
  "58": [],
  "59": [],
  "60": [],
  "61": [
    [-0.3569379325842405, -0.4904169341674937, 0.22089301568538583, 0.6719289151688825, -0.8248233280330071],
    [0.5800186022806899, -0.14270598265654805, -0.4437941161387376, -0.959966102356323, -0.5417442077603986]
  ],
  "62": [],
  "63": [],
  "64": [],
  "65": [],
  "66": [],
  "67": [],
  "68": [],
  "69": [],
  "70": [],
  "71": [
    [-0.8987615207669897, 0.14944778384742533, -0.21865919165135297, -0.2706217622079748, 0.35171701868703653]
  ],
  "72": [],
  "73": [],
  "74": [],
  "75": [],
  "76": [],
  "77": [],
  "78": [],
  "79": [],
  "80": [],
  "81": [],
  "82": [],
  "83": [],
  "84": [],
  "85": [],
  "86": [],
  "87": [],
  "88": [],
  "89": [],
  "90": [],
  "91": [],
  "92": [],
  "93": [],
  "94": [],
  "95": [
    [-0.15549407701831858, -0.38333739752493806, -0.4120285187418383, 0.3052191741941634, 0.6458898453261891]
  ],
  "96": [],
  "97": [],
  "98": [],
  "99": [],
  "100": [
    [0.3696205248933302, -0.6954646507548959, 0.8736162739399929, -0.9094338127220943, -0.3538781710049117]
  ]
}
