{
  "1": [],
  "2": [
    [-0.5665497665445927, -0.15042051736161827, -0.0871120278582045, -0.24196215408009272, 0.18667316574618484]
  ],
  "3": [
    [0.19119517671188724, 0.42663815677460637, 0.3460354636224643, -0.41126034595017347, 0.29351890501247174],
    [0.3405834487744105, 0.6672800889345936, 0.56819072471424, -0.8846209049048296, 0.6403452655331082]
  ],
  "4": [],
  "5": [],
  "6": [
    [0.4186554403939603, -0.6260897362294167, 0.06946291815366001, 0.13211163184179017, 0.6848864073166351]
  ],
  "7": [],
  "8": [],
  "9": [],
  "10": [],
  "11": [
    [0.006646179595461449, -0.29189076197888425, -0.02629815363330901, -0.15246482845831005, -0.18205598036112652],
    [0.01613887927519003, 0.30023446976422863, -0.026108351924952006, -0.15441264245571654, -0.18258642778444642]
  ],
  "12": [],
  "13": [
    [0.027731901296637232, 0.033626371706012376, -0.20859433938678856, 0.021545558339353184, -0.6651797342103133],
    [-0.03966636490149825, -0.07157629421560491, -0.12466355942182583, 0.2828650038693739, -0.8869254308336186],
    [-0.25235861411911265, -0.7605328121739323, 0.17718552592465092, -0.10987167075572535, 0.1644719780093745],
    [-0.051299956517941496, -0.4564348168648591, 0.1278864942995473, 0.001511568520369567, 0.8475560950560612],
    [0.05768987443484233, -0.5607465792488788, 0.2121419713126474, 0.3309641892192057, 0.7011843937468151]
  ],
  "14": [
    [-0.2651703194309115, 0.020972467904679888, -0.7147536754827529, -0.10128794272020968, 0.8766510382902818],
    [-0.29781045959163827, 0.02771496396900307, -0.28337901547012856, -0.11018618750204967, 0.16065672473659237]
  ],
  "15": [],
  "16": [
    [-0.40509169630713376, -0.8318989434585004, -0.04176796106933123, 0.3608106895669106, 0.8565613943424778]
  ],
  "17": [],
  "18": [],
  "19": [],
  "20": [],
  "21": [
    [0.1173991210892131, -0.5346341378985247, -0.15320698066460067, 0.07029610172396142, 0.11524123538636437]
  ],
  "22": [
    [-0.15088411466443152, -0.6474669096804703, -0.08433592450465036, -0.1986366311632972, -0.12270548932511424],
    [-0.667346356807971, -0.6718154985330457, -0.8248109755866826, -0.5495552888582189, 0.41210155552320893],
    [-0.6006484221184051, -0.6505414824144525, -0.6896787210293215, -0.49733405003659314, 0.14010701636966427]
  ],
  "23": [],
  "24": [
    [-0.10509448981357934, -0.4889826139432661, 0.8833214730531668, -0.41327675919110457, -0.2948140910712915],
    [-0.09627969463060197, -0.26721999537155783, 0.9253948391877057, -0.24333867317969335, 0.6605761849795216],
    [-0.061407814125930174, 0.330495214657456, 0.814202459063773, 0.2790415243019528, 0.02534162863818003]
  ],
  "25": [],
  "26": [],
  "27": [],
  "28": [],
  "29": [
    [-0.08948934640910192, -0.6062910784388821, 0.13995616419198792, -0.08126083173710623, 0.9067841797646359],
    [-0.017844534975568954, 0.041654517173286214, -0.39437147485538165, 0.10223832427306855, -0.019686267345119322]
  ],
  "30": [],
  "31": [],
  "32": [
    [0.034929824303360044, 0.867259018818299, 0.6764026723433351, -0.22180993308495647, 0.18801130405194452],
    [0.03490036599502743, 0.8313520496318568, 0.6836152192939089, 0.2265691047067158, 0.185794963938412],
    [0.05089418278774266, -0.05514654147234539, 0.24151592926713866, -0.3330032314363949, 0.1437200944310209],
    [0.049722518784135486, -0.08913102449154917, 0.2767721782868948, 0.3364009040251399, 0.1400163515836332]
  ],
  "33": [
    [0.5511029365887249, 0.026596364092627996, -0.6692494930555117, 0.35058837263362874, -0.1767757210717889]
  ],
  "34": [],
  "35": [
    [0.3801255420886207, 0.059713443884757175, -0.22653394002315205, 0.08903989812853093, 0.59273393024748],
    [0.7339265339135386, 0.06514182431463757, -0.11451362464217957, 0.3721746365720769, 0.21193996246590824]
  ],
  "36": [],
  "37": [],
  "38": [],
  "39": [],
  "40": [
    [0.3167786181558434, -0.028559991178070468, -0.019612432707950676, -0.6220111909369997, 0.3313626691657254],
    [0.425224520097712, -0.02589831337186578, -0.067260788474662, 0.785831220788616, 0.2407267751881262],
    [0.20823531297300635, 0.6399605652692301, 0.2779997682167578, 0.5744147963301012, -0.4572629578531451]
  ],
  "41": [
    [-0.6903161080245396, -0.34792583882347367, -0.1200848477226308, 0.8562336704889908, 0.1785185814438741],
    [-0.05710221421664108, -0.02826686923669655, -0.28963347603387146, 0.9039646034316035, 0.4597256146406856]
  ],
  "42": [],
  "43": [],
  "44": [],
  "45": [],
  "46": [],
  "47": [],
  "48": [
    [-0.509449750434595, 0.12381369599087201, -0.7005313748163174, -0.27418360161004773, 0.0010945723898347227]
  ],
  "49": [],
  "50": [
    [0.03537274626554704, -0.309104248811451, 0.049282552087606527, 0.05290436681977531, -0.2463622455789018]
  ],
  "51": [
    [-0.05415857509551679, -0.12485400745640222, -0.2518881907846708, 0.01698304891219923, -0.6102882346913577],
    [-0.12688512405486557, -0.18015286935811725, -0.12618256055944393, -0.0634660219372668, -0.28180588096964143]
  ],
  "52": [],
  "53": [
    [-0.1606497364864808, -0.0965975823175914, -0.8164298143964989, -0.5630359883481124, 0.14382710946057334],
    [0.394994301307328, 0.05681202470293286, -0.19071488513947676, 0.8504134832319309, 0.15879162515294845]
  ],
  "54": [],
  "55": [
    [-0.07629753222587442, 0.031109781094790637, 0.9697937778472286, 0.164352535108703, -0.07003841064549765]
  ],
  "56": [
    [-0.1884195646617745, 0.3859001979286298, -0.5085387781533665, -0.30676371376153644, 0.10969236662181446],
    [-0.48639610923243026, 0.7948444377518262, -0.4256702634665382, -0.7107349006397184, 0.27479036407031626]
  ],
  "57": [],
  "58": [],
  "59": [
    [0.16230070651155679, -0.0708591443278739, 0.0020790567396033193, -0.34029166736856326, -0.293141787595944]
  ],
  "60": [
    [0.6059431580046877, -0.44361072463455214, -0.025362838936907814, 0.1588957658853006, 0.6754586186236587]
  ],
  "61": [],
  "62": [],
  "63": [
    [0.7235983912840708, 0.2663733034949423, 0.11530573428942276, -0.26984402768076027, -0.5605175162315639]
  ],
  "64": [],
  "65": [
    [-0.12257519846782622, -0.6872884121203561, 0.9543931975883825, 0.03278980277940617, -0.0746787191009651],
    [0.49936261817128286, 0.14728310301806738, -0.34005107979388505, 0.8718010615867042, -0.9140647155464479],
    [0.2542587220795225, -0.06771974447674216, 0.10500741724674988, -0.2889442803349935, -0.395774773718731]
  ],
  "66": [],
  "67": [
    [-0.467182850238594, 0.7835091010948353, -0.09648214705215219, 0.2736449316310002, 0.05381002159706394],
    [-0.4041861825599241, 0.44187847926339546, -0.15027658233199362, 0.14461921710316195, 0.17209130814171963],
    [0.4495225177866549, 0.44187847926339535, -0.1502765823319936, 0.14461921710316195, 0.1720913081417196],
    [0.547570180528233, 0.7835091010948355, -0.09648214705215223, 0.27364493163100023, 0.05381002159706394]
  ],
  "68": [],
  "69": [],
  "70": [
    [0.003112004183236173, -0.04478184165840917, 0.6277632030705483, -0.37756410886074304, 0.33808354123643125],
    [-0.018784139349404462, -0.0477362445504069, 0.4103313506456403, -0.4120118610591905, 0.3940372030267217],
    [-0.2570739925719214, -0.08617777803199576, 0.4290904448755131, 0.6922371157189364, -0.7872516413930618]
  ],
  "71": [
    [-0.37987614644212636, -0.057969816086125565, -0.027642986031691512, 0.3987579583222644, 0.0816333638166241],
    [-0.2007035032014101, -0.026942087381212624, 0.42738169590504194, 0.1719578861997676, -0.29107861336399865],
    [0.111627707855785, -0.17922343259807869, -0.42439241566392155, -0.26991535880042905, 0.40682817638342184],
    [0.30737542939596346, 0.1479792590219154, -0.1619507134256836, -0.5679928463828522, -0.3121531768487188]
  ],
  "72": [
    [-0.2889918980990845, -0.4025448629733984, -0.03485330132768657, -0.8358564979043456, -0.06518966262113128],
    [-0.708470630916135, -0.17994775092782983, -0.0938866794292218, -0.3709552056907255, 0.14569264546360366]
  ],
  "73": [],
  "74": [],
  "75": [],