{
  "1": [],
  "2": [],
  "3": [],
  "4": [],
  "5": [],
  "6": [],
  "7": [],
  "8": [],
  "9": [],
  "10": [],
  "11": [],
  "12": [],
  "13": [],
  "14": [],
  "15": [
    [0.09031660898856304, -0.6619843373292204, 0.7297060102023815, 0.7777480542599252, 0.21463544763704165, 0.3390619851243503]
  ],
  "16": [],
  "17": [],
  "18": [],
  "19": [],
  "20": [
    [0.1089472264999148, 0.7310212316219598, 0.9358260321743399, 0.051463871699687046, 0.24451371358717822, -0.743625130648385]
  ],
  "21": [],
  "22": [],
  "23": [],
  "24": [],
  "25": [],
  "26": [],
  "27": [],
  "28": [],
  "29": [],
  "30": [],
  "31": [],
  "32": [],
  "33": [
    [0.8659015453313461, 0.3640200906789953, -0.9919889310392762, 0.02429244359358865, -0.19878686485960687, 0.05371696825619104],
    [0.8672832649539933, 0.3539625792428886, -0.9929156994521919, 0.02429078223971829, 0.22439855200826417, 0.05371881093892624]
  ],
  "34": [],
  "35": [],
  "36": [],
  "37": [],
  "38": [],
  "39": [],
  "40": [
    [-0.4199541644624663, 0.5042549239300036, 0.9117345808829921, 0.44150316236576487, 0.00784578369968863, -0.30957368177920536]
  ],
  "41": [],
  "42": [],
  "43": [],
  "44": [],
  "45": [],
  "46": [],
  "47": [
    [-0.00613877367124806, -0.5299529594413919, -0.38199459061376234, -0.057212234266245, -0.5588892628455393, 0.7413330735478182]
  ],
  "48": [
    [-0.051410883864161726, 0.9562139842712736, -0.4490395074482422, 0.38337127788036884, -0.3295766553004308, 0.034524610728495275]
  ],
  "49": [],
  "50": [
    [-0.8979954265829811, 0.27412702776944214, 0.06462006831955994, -0.016290096908243998, -0.44777451808117885, 0.9717235167884712]
  ],
  "51": [],
  "52": [],
  "53": [],
  "54": [],
  "55": [],
  "56": [
    [0.6101305009282152, 0.16756447859967327, -0.3484046804475225, -0.11996345916205918, 0.08190757249127659, -0.6000764697849039]
  ],
  "57": [],
  "58": [],
  "59": [],
  "60": [],
  "61": [],
  "62": [],
  "63": [],
  "64": [],
  "65": [
    [-0.13696909443104138, 0.028652018729700447, 0.9789628359356648, -0.432115022302127, 0.29511468443745137, 0.46770745202711617]
  ],
  "66": [
    [0.43924886596141266, 0.1926835122553239, 0.4488245289415254, 0.5768962166934161, 0.04147213091619126, 0.11222979944417284]
  ],
  "67": [
    [0.3970290525113884, 0.27003355861798845, 0.08483381797890197, 0.4386711909778639, -0.21997021882279086, 0.7451208773473014]
  ],
  "68": [],
  "69": [],
  "70": [],
  "71": [],
  "72": [],
  "73": [],
  "74": [
    [-0.2233554628313857, -0.6613539495766281, -0.29804818347276724, 0.33488900725656034, -0.10101955377622393, 0.7156354149159151],
    [0.5656928865332174, -0.1315160884210601, 0.36855536880750617, -0.36962025549353533, 0.05933038006887791, 0.33370626197681963]
  ],
  "75": [
    [-0.686704087671211, 0.1977487653682492, -0.784385206656702, 0.08214519529820695, 0.5711500903320209, -0.026673037475134078]
  ],
  "76": [],
  "77": [],
  "78": [],
  "79": [],
  "80": [],
  "81": [
    [-0.2394973513381183, -0.11863880031781464, -0.1524385859055069, -0.8642479220103656, -0.04465318827224997, -0.13951696444649772]
  ],
  "82": [],
  "83": [],
  "84": [],
  "85": [],
  "86": [],
  "87": [],
  "88": [
    [0.09058334096878325, 0.022951049533165853, -0.5184455412580858, 0.9380994393355231, -0.9438076628501081, -0.7714590835351974]
  ],
  "89": [],
  "90": [],
  "91": [
    [0.4102988557412544, -0.9217102872904929, -0.5190800946033569, 0.5729009397601383, -0.8967434591398621, 0.305459314363356]
  ],
  "92": [],
  "93": [],
  "94": [
    [-0.12755046668349487, 0.3843541831762337, -0.8431096736778013, 0.10108102849760296, -0.0413307041202646, 0.8751563463132128],
    [-0.11277006752316583, 0.6706694780452813, -0.9159958053959455, 0.7759253220283482, 0.07196000776354596, -0.324401553438994]
  ],
  "95": [],
  "96": [
    [0.257861417049359, 0.9658040747645822, -0.022740046748842047, -0.8346352840697059, -0.15845790820245476, 0.2678140568182456]
  ],
  "97": [
    [0.451885738513799, 0.47425945495618493, -0.49803584856045185, -0.10149432580391105, -0.4851769519554399, -0.22322176217745354],
    [0.3426384305120429, 0.46070050718958644, -0.6476395982886987, -0.19009982093564348, 0.4858833041498342, 0.025820427819137775],
    [0.4526056691166573, 0.5129670097307018, -0.19542759861234896, 0.060105832650758986, -0.4749384572344583, -0.9561289738930304],
    [0.3406579102272481, 0.4750691501520701, 0.23361198430578534, 0.03840010483703923, 0.4698007967078089, 0.8507215150734498],
    [0.45418448724312677, 0.4900235607898077, 0.21419929685656222, 0.05367450404124826, -0.46358025461550395, -0.9882232036413068]
  ],
  "98": [],
  "99": [],
  "100": []
}
