{
  "1": [],
  "2": [
    [-0.29010235810845864, 0.4678800275604999, 0.43777309924996793, -0.7199793369527326, -0.8642108488347195, 0.7117476126926218],
    [0.2819608726811832, 0.611306646183082, 0.678711165727974, -0.7016124197199964, -0.7842413805609032, 0.7813674361628914]
  ],
  "3": [
    [-0.6926350604909542, 0.19740548983492526, -0.29100914701178027, -0.39543507258418686, 0.32079245162324865, -0.8806631093121257],
    [0.42233948143224925, 0.09250315914466015, 0.5200237686066336, -0.7469371188475646, 0.5425388170386857, 0.2107534911993906]
  ],
  "4": [
    [0.7148537567714066, -0.8291941757051308, -0.5635350529286953, 0.24560839109452257, 0.4469249939209501, 0.18675119363239168]
  ],
  "5": [],
  "6": [],
  "7": [],
  "8": [
    [0.3915507211903051, 0.6804841638034133, 0.4230431720506829, -0.039983678704691106, -0.1545904344514878, -0.23021082048112435]
  ],
  "9": [],
  "10": [],
  "11": [
    [-0.260932450501693, -0.18002230325266336, -0.8578353976914399, 0.13410281293570792, 0.7794235160899562, 0.8483694616365388]
  ],
  "12": [],
  "13": [],
  "14": [],
  "15": [
    [0.5606812317476877, -0.4314879144316462, 0.5549416311115389, -0.034475387669545186, -0.13566068071484264, -0.8680632884735625]
  ],
  "16": [],
  "17": [],
  "18": [],
  "19": [],
  "20": [],
  "21": [
    [-0.6209658338067248, 0.986814812193529, 0.7964978003992806, -0.4200422624353192, -0.09020828388827194, -0.47692774244465513],
    [0.7450585364065205, 0.554404961081466, -0.16429384016378393, -0.5571190080288472, 0.9653496376908431, -0.3662104933123697]
  ],
  "22": [],
  "23": [
    [0.5735916256564448, 0.3987769866295805, -0.28688133065145627, 0.21955712954395937, 0.9884528167759515, 0.8879415414750144]
  ],
  "24": [],
  "25": [],
  "26": [],
  "27": [],
  "28": [],
  "29": [],
  "30": [],
  "31": [],
  "32": [],
  "33": [],
  "34": [
    [-0.9992847861073139, -0.16186719246813036, -0.7736329739530675, 0.9949333517628212, 0.9340378011989262, 0.1493148277643751]
  ],
  "35": [],
  "36": [],
  "37": [],
  "38": [
    [0.6418743717977046, -0.7689164009820215, 0.15526028673905864, -0.5136069139083725, 0.7968512331093273, -0.15860161519793767]
  ],
  "39": [],
  "40": [],
  "41": [],
  "42": [],
  "43": [],
  "44": [],
  "45": [],
  "46": [],
  "47": [],
  "48": [],
  "49": [],
  "50": [
    [0.8211644358354733, -0.5069890308467386, -0.8266480127657001, -0.7493665503051364, 0.6204476911031249, 0.11393038342972327]
  ],
  "51": [],
  "52": [
    [0.7734042536643029, 0.09511455748080447, -0.08360040400279968, -0.0939603859151842, -0.40824494684611773, 0.1662896096650611],
    [0.28018350095199984, 0.09589093592800825, -0.20535346295282175, -0.09716464068929109, 0.12217756970911725, 0.5787808252527367]
  ],
  "53": [],
  "54": [],
  "55": [],
  "56": [],
  "57": [],
  "58": [
    [-0.8371837837135758, 0.28565530142176715, 0.08914740615229538, -0.86437075337097, 0.10611012620070281, 0.4140907428240253],
    [0.19551470937649612, 0.030456631349571286, 0.27920203890101714, -0.3170529839375227, -0.24072879562096533, 0.9712324646605349]
  ],
  "59": [],
  "60": [
    [0.9764053443725782, 0.135845526836225, -0.19740325124810554, -0.5944257330395548, 0.3298010244200923, 0.9662800868737119]
  ],
  "61": [],
  "62": [],
  "63": [],
  "64": [
    [0.7115709531148614, -0.39804584918938535, 0.08593233416778118, -0.3017258088351795, 0.030883677316495224, -0.4537945343140299],
    [0.35199761587239786, -0.38119536524671305, 0.1505212223114609, -0.2505156840623751, 0.03153668216035678, 0.920721352318414],
    [0.6639925067910444, 0.3596347491329106, 0.08512522834097756, -0.1872382294252153, 0.031154912707671904, -0.5111304788908497],
    [0.36334581446113245, 0.3052200389912039, 0.15339716019424007, -0.04601928151309677, 0.0309666071927174, 0.9250534134133956]
  ],
  "65": [],
  "66": [
    [-0.48991197564166483, 0.884759681035837, -0.29865881689123996, -0.08421591852869768, -0.06187102001751673, 0.26533017597906683]
  ],
  "67": [],
  "68": [
    [-0.41092998807246944, 0.564502077378682, 0.9841326666531541, 0.8635883386503777, -0.7481131003195164, -0.9259984359824093]
  ],
  "69": [],
  "70": [],
  "71": [],
  "72": [],
  "73": [],
  "74": [],
  "75": [],
  "76": [],
  "77": [],
  "78": [],
  "79": [],
  "80": [],
  "81": [
    [-0.928533289671801, -0.1956614425580557, -0.42669450149569577, 0.9466114649316388, 0.33508889232269184, 0.11574774406663788]
  ],
  "82": [],
  "83": [],
  "84": [],
  "85": [
    [0.024285839853006717, 0.34443700956993006, -0.14693777301140176, -0.6010339821291938, -0.733590050307277, -0.2325932957126733],
    [0.02580231610617609, 0.34458700850337337, -0.1482121985482742, -0.599359265202552, -0.7280174889037304, 0.23705981981437807],
    [0.028859321356460656, 0.3440887629214027, 0.14771020234146168, 0.6117316189300961, 0.7337147627603022, -0.23273068146649495],
    [0.03104842776937196, 0.3442624800164259, 0.14934037660230737, 0.6100377243853828, 0.7268726993730622, 0.23822285712769764]
  ],
  "86": [],
  "87": [],
  "88": [],
  "89": [
    [-0.4512485346477899, 0.6179742037765232, 0.7109054393068703, -0.8781238728823286, 0.3861128697823698, -0.6591191569213629]
  ],
  "90": [
    [-0.15368724264000488, 0.5996022687890928, 0.7583400190918803, -0.5339139828870777, 0.9523739008057511, -0.5134154690104207]
  ],
  "91": [],
  "92": [],
  "93": [],
  "94": [],
  "95": [],
  "96": [],
  "97": [],
  "98": [],
  "99": [],
  "100": []
}
