{
  "1": [
    [-0.12737536583825765, 0.034983629447412026, -0.40368089443524535, 0.06409828890089599, 0.3460875325404892, -0.5443496472937941]
  ],
  "2": [],
  "3": [],
  "4": [
    [0.330525909387006, -0.08705608663954738, 0.24360945508668408, -0.25016249689379344, 0.7554260999095125, 0.3152131769056344],
    [0.8509106215816428, 0.12239081068219108, -0.636679872265074, 0.020738406392647426, -0.5432995541547332, 0.1432004472644]
  ],
  "5": [],
  "6": [],
  "7": [],
  "8": [],
  "9": [],
  "10": [],
  "11": [
    [0.145400393715067, 0.4902915305123178, -0.6546870577658059, 0.1829980663614421, -0.5154943695507577, 0.22703981191444864]
  ],
  "12": [],
  "13": [],
  "14": [
    [-0.9655252602431065, 0.6971657302492338, 0.2815516689160718, -0.034398292415279794, 0.3315117038229587, 0.24332612753056848]
  ],
  "15": [],
  "16": [],
  "17": [
    [-0.015976308557833562, 0.27474648806939933, -0.7515207497382779, -0.8797623489348504, 0.29616752096013177, 0.011775714867226379]
  ],
  "18": [],
  "19": [],
  "20": [
    [-0.9238575841817349, -0.024961474712880252, -0.9085217544798592, -0.7936252803234868, -0.1302650499857372, -0.19501724837472104]
  ],
  "21": [
    [0.0358073880037554, 0.08088094942657208, 0.8455014166579872, 0.8951889267513312, 0.10633048043616167, -0.6860971859452402],
    [0.714760090364043, 0.010909854514921404, 0.5706806073178067, 0.7558943971993938, 0.10643536653683627, -0.04885226774965373],
    [0.5848876416749098, -0.10991930877037825, 0.45969542687824205, 0.5158806555106703, 0.1040098972116606, 0.20827755986434562],
    [0.6766725724587462, 0.05837578051140459, 0.6083791008542252, 0.6897593987431325, 0.10645990594879418, -0.1362723648679052]
  ],
  "22": [
    [0.39372538941226415, 0.1661848481576806, -0.4071895501133792, 0.021304287159961265, 0.6231239894466981, -0.12068085725999504]
  ],
  "23": [
    [-0.13764635268740077, -0.7413383545783775, 0.1868144582714701, 0.3360804046263145, 0.6447948942018582, -0.2034809819280996]
  ],
  "24": [],
  "25": [],
  "26": [],
  "27": [],
  "28": [],
  "29": [],
  "30": [
    [-0.7317046577174172, -0.4027951693779687, 0.6815209813322817, -0.666305387384726, 0.1942631959330132, -0.21151472435177693],
    [0.512090167941336, -0.08132927884992842, 0.11644432928365465, -0.2200757814325296, -0.24156378081975252, -0.010747214536417327]
  ],
  "31": [
    [0.6498687836913457, 0.16682100070778727, 0.1438129134972223, 0.47687730346772655, -0.66806531963904, -0.1534804180758553]
  ],
  "32": [
    [-0.32053264885772265, -0.9419719918365881, 0.9449670945718788, -0.7732904322713542, -0.03692366384050835, -0.5420746105160102],
    [0.9385899335044928, -0.37351827617791405, 0.3310015523826229, 0.6883062302730573, 0.730813141266885, 0.9605338376612794]
  ],
  "33": [],
  "34": [],
  "35": [],
  "36": [
    [-0.36092975618943024, 0.9787219451496735, 0.02221803004272326, -0.4991197515186445, 0.07436868759819604, -0.5629433570330358],
    [0.38569199183840097, -0.5172147776027802, 0.13064264981205584, -0.4086899323091378, -0.12214056634748002, 0.4812211911226017],
    [0.260187861777695, -0.43274740172594994, 0.94597509303038, -0.2152324495669136, -0.658363078586385, 0.15107557225274867]
  ],
  "37": [],
  "38": [
    [-0.9430382072237115, 0.37666300220716775, -0.39634563830343666, -0.2944970159611643, -0.8509595822326799, 0.023789260904312264]
  ],
  "39": [
    [-0.01979788142809459, 0.9743654183118212, -0.4691254595757303, -0.009943175917769245, -0.7478884263378711, 0.0380871267799108]
  ],
  "40": [
    [-0.14317009627419708, -0.5885757541633222, 0.2835627734701991, 0.9518800706486283, -0.3236871871177081, 0.7206688894158291],
    [0.2654285937392013, -0.25975526953266853, 0.3666280133033809, -0.766946428062163, -0.0539544766474112, 0.5646230848571272]
  ],
  "41": [],
  "42": [
    [0.11765663229922844, -0.13391001432577396, 0.392528623800507, -0.7631484366690563, -0.3495589168505477, -0.35692669575123287]
  ],
  "43": [
    [0.24716822546959066, 0.007127714357321213, -0.8000040184705319, 0.39079833846766815, -0.18509829199299158, -0.9508733236144807]
  ],
  "44": [
    [-0.414465581225382, 0.4514453387123037, 0.4987662135195635, -0.3631127066375065, -0.7347253097669297, -0.5549290891291834],
    [0.594159466922479, 0.3817186811017193, 0.29560990727725245, 0.7372066527814171, -0.34315659026441525, -0.0998590623929591]
  ],
  "45": [],
  "46": [],
  "47": [],
  "48": [],
  "49": [],
  "50": [
    [0.9684427889481307, -0.15177006102929191, -0.12948613240269663, 0.278781104296249, 0.5451036419073338, 0.3706225047629487]
  ],
  "51": [],
  "52": [
    [0.022321103894936956, -0.2065554747378167, 0.06081469346947151, -0.27464274251431536, 0.7818979666939709, -0.27531502097881994],
    [0.03205722269230992, 0.13761296913121593, 0.5094593334269334, 0.4178617663933498, 0.024617038221480297, 0.43105262335982447]
  ],
  "53": [
    [-0.7711361701309767, 0.6492090269017948, 0.43664325170214097, 0.7051131501977423, 0.4828685884193455, -0.7096326362047203]
  ],
  "54": [
    [0.8730206605944283, 0.2144134261657715, -0.5268333955832564, 0.7733478409214937, -0.023458744922253243, -0.24846935917241247]
  ],
  "55": [],
  "56": [],
  "57": [],
  "58": [],
  "59": [],
  "60": [
    [0.037453856710615546, -0.4760854771115939, 0.25131328061531016, 0.40667556357971246, 0.4145351937083651, -0.07458237041078024],
    [0.4401398344363007, -0.5864511832385844, 0.20924617191231967, 0.19349552619547677, 0.21551088258607912, 0.2377233643544251],
    [0.5967519634711193, 0.4839266175597873, 0.2711037242267769, 0.13939027464631057, 0.16626192619814603, -0.4492493328645199]
  ],
  "61": [],
  "62": [],
  "63": [],
  "64": [],
  "65": [],
  "66": [],
  "67": [],
  "68": [
    [0.5838491831331966, 0.1932182435723775, 0.2743216530867362, 0.035491850939515734, 0.3560688378184446, 0.6172078280781659]
  ],
  "69": [
    [-0.34367489789192907, -0.6422073967186079, 0.7673689922918703, -0.02743615087414382, 0.282557305601338, 0.8234215677407457],
    [0.41498715839274225, 0.6828282035624927, -0.5328617678551741, 0.07086943089631442, 0.3517989391771175, -0.6536297797406179],
    [0.7371955770258621, 0.4334504108552886, -0.5768312362482542, 0.37233902634339366, 0.323736184749871, -0.8025914086902621]
  ],
  "70": [
    [0.10496848036247346, -0.5731472277938158, 0.3504614176703472, -0.32297867708486216, -0.875173163847638, 0.8047184503170083]
  ],
  "71": [],
  "72": [
    [0.07036518582289618, -0.3750203869909629, -0.5586516472223522, 0.6504557330161304, -0.5073794319043813, -0.19629656989759747]
  ],
  "73": [],
  "74": [],
  "75": [
    [-0.8125014551865624, 0.33231035896685673, -0.7116667938690385, -0.2930057314873097, -0.3680501535206167, 0.17621823493451522],
    [-0.7224694963272963, 0.23012928298424018, -0.7361991599490826, 0.12643578856249904, -0.08891504077832679, -0.0963035433945469]
  ],
  "76": [],
  "77": [],
  "78": [
    [-0.9980947162510623, -0.44842470332386153, 0.3962635641878717, 0.8373286175206176, -0.8286165301627274, 0.24431473651276364],
    [0.9686701505126604, 0.42725231226967186, 0.37495672274773684, 0.8290282114546079, 0.824961406650568, 0.30360982464762404]
  ],
  "79": [],
  "80": [],
  "81": [],
  "82": [],
  "83": [],
  "84": [],
  "85": [],
  "86": [
    [-0.22767348904951623, 0.9665241232767536, -0.18209677362716326, 0.5148909222610087, -0.8959968598461172, 0.7577617284926287]
  ],
  "87": [
    [-0.3849585489020554, 0.001226060177725035, -0.46665327289051195, -0.3796393998834312, -0.44196426174033726, 0.7892595798039721],
    [0.25587665594697184, 0.12522364197410654, -0.009896671334295858, 0.9632171063922437, 0.09838409630234701, 0.4830797014191943]
  ],
  "88": [],
  "89": [],
  "90": [
    [0.17129631539945947, 0.12787230698714483, -0.148760219668361, -0.15221962501921002, -0.6633233811053356, -0.38750035266801447],
    [0.17743664101009024, 0.12910260198744547, 0.08972556095459973, 0.08069738544903407, -0.6712034432290775, 0.6485988718847336]
  ],
  "91": [],
  "92": [],
  "93": [],
  "94": [],