{
  "1": [],
  "2": [
    [0.8650313055110159, 0.07220569766989712, 0.11694190005762126, 0.484211021248016, 0.13093662428930683, -0.21139219311673857, 0.9913924260175707, -0.40257916623223144]
  ],
  "3": [],
  "4": [],
  "5": [],
  "6": [
    [0.07782017192277689, -0.45495213732118134, 0.5830001382604973, -0.22052258565318514, -0.07906907675216072, -0.04917939573199678, 0.43689566960985354, 0.8641670617652811]
  ],
  "7": [],
  "8": [],
  "9": [],
  "10": [],
  "11": [],
  "12": [],
  "13": [],
  "14": [],
  "15": [],
  "16": [],
  "17": [],
  "18": [],
  "19": [
    [-0.18554219439092143, -0.37995390038894783, 0.5836607026136892, 0.7557444987198774, 0.5070654215625272, -0.4454425411724849, -0.03224193930374184, -0.7178630198846442]
  ],
  "20": [],
  "21": [],
  "22": [
    [-0.5991772072377477, 0.8662817632732722, 0.9604516797386886, 0.5951590848057647, -0.7791869310808739, 0.10262718240099687, 0.2344270066838949, -0.17047256924480406],
    [0.7337596660417381, 0.6403504429709733, -0.7444001592689697, -0.3814262890975418, 0.5559027511304967, -0.4766019843412583, -0.1548287863332998, 0.6656693189848116]
  ],
  "23": [],
  "24": [],
  "25": [],
  "26": [],
  "27": [],
  "28": [
    [0.2699761491452552, -0.23298318136035395, 0.22504684515484902, 0.40180299314933016, -0.28622193885716496, -0.6320474800844681, 0.7424733314355823, 0.11119399030915107]
  ],
  "29": [],
  "30": [],
  "31": [],
  "32": [],
  "33": [],
  "34": [],
  "35": [],
  "36": [],
  "37": [],
  "38": [],
  "39": [],
  "40": [],
  "41": [],
  "42": [],
  "43": [
    [-0.2864108863348972, -0.3813319568829121, -0.5896516068254276, 0.7634765932542208, -0.6714413215595234, -0.12782475181866987, -0.22403619919185153, 0.037106850684573645]
  ],
  "44": [],
  "45": [],
  "46": [],
  "47": [],
  "48": [],
  "49": [],
  "50": [],
  "51": [],
  "52": [],
  "53": [],
  "54": [
    [-0.7244551740539789, -0.6495801966991295, -0.8090087849908159, -0.6148373668562956, -0.6690375508477224, -0.05372517089078656, 0.9559505522543396, 0.5039233150614197]
  ],
  "55": [
    [-0.12448982922550939, -0.26356007470372156, -0.2378158409324914, -0.16374232939114772, -0.3571920483877154, 0.050163366155386566, 0.028863763908510736, 0.8695973890766442],
    [-0.18741079694456855, -0.26428661498117473, 0.07989144450497133, -0.19263115311890672, -0.35621218058845694, 0.049743880529299386, 0.15594036050595295, 0.9132347610781749]
  ],
  "56": [],
  "57": [],
  "58": [],
  "59": [
    [0.07877084917580701, -0.6808701858285043, 0.6169075557154161, -0.13799861687409481, 0.716948405295389, 0.6772849497063985, -0.2563449840219995, 0.8268171162273256]
  ],
  "60": [],
  "61": [],
  "62": [
    [0.880184384892019, 0.8200471580194381, -0.14289521927425983, -0.10095858342482301, -0.7606302308858522, -0.5345990690593012, -0.3654221605952884, -0.129095868475293],
    [0.7873277463714308, 0.8845714522444696, -0.18759620981117603, -0.08368006874274803, -0.7659091455643928, 0.5582924929893651, -0.3413861742971037, -0.1531711399617931]
  ],
  "63": [],
  "64": [],
  "65": [],
  "66": [
    [-0.1662122502533463, -0.014653742817267442, -0.9772294597169942, 0.13354181751714217, 0.8314868118448954, -0.7655162903238315, 0.6807661617140022, -0.4547229293806884],
    [-0.17314164430634, 0.06264426694549584, 0.7520159829880311, -0.12108793642856766, -0.1994718374017253, 0.9191206763071531, 0.6348443792733076, -0.5905255091154299]
  ],
  "67": [],
  "68": [],
  "69": [],
  "70": [
    [-0.5791076867879831, 0.06804440171890101, -0.8389492309279719, 0.1874958543537618, -0.13181155476457254, -0.9162618265465542, -0.08252948883954996, -0.3481708788488199],
    [-0.4674628513714865, 0.03615041512379329, -0.6623415219578433, 0.3014483208651772, -0.11740794652966102, -0.7786815635054419, -0.1856665734575906, -0.3670824811607462],
    [0.45192891626105264, 0.027294266012001776, 0.8197219608644372, 0.4784300294756945, 0.0989375701542305, 0.3843954366321957, -0.9145230157918166, 0.4059534330907816]
  ],
  "71": [],
  "72": [],
  "73": [],
  "74": [],
  "75": [],
  "76": [],
  "77": [],
  "78": [],
  "79": [],
  "80": [],
  "81": [],
  "82": [],
  "83": [],
  "84": [],
  "85": [],
  "86": [],
  "87": [
    [0.06874380878155426, -0.023559643527524723, -0.3651027550605972, -0.699811891076803, 0.2762994802071341, -0.9167106075818482, 0.36868561879170686, 0.8871544722675131]
  ],
  "88": [],
  "89": [],
  "90": [],
  "91": [],
  "92": [],
  "93": [],
  "94": [],
  "95": [],
  "96": [],
  "97": [],
  "98": [],
  "99": [],
  "100": []
}
