{
  "1": [],
  "2": [
    [0.36825317746380154, -0.783015029467076, -0.08559506330310962, 0.25381460293537705, 0.47818393337848014, 0.9557699588419625, 0.8143918583510118, -0.08032116610832683],
    [0.7393398577231304, 0.7889934739943483, -0.07591155471900848, -0.12412097124607654, -0.9596754381824295, 0.7466441463385877, 0.663062693812561, -0.2163407107290927]
  ],
  "3": [],
  "4": [],
  "5": [],
  "6": [],
  "7": [],
  "8": [],
  "9": [],
  "10": [],
  "11": [],
  "12": [],
  "13": [],
  "14": [],
  "15": [],
  "16": [],
  "17": [],
  "18": [],
  "19": [],
  "20": [],
  "21": [],
  "22": [],
  "23": [],
  "24": [],
  "25": [],
  "26": [
    [-0.7575075264402292, 0.319802066462029, 0.2797929986069089, 0.6934594371260709, 0.8974723556437181, 0.9352991303268231, -0.0658860115121019, 0.039834998877249825]
  ],
  "27": [],
  "28": [],
  "29": [],
  "30": [],
  "31": [],
  "32": [],
  "33": [],
  "34": [],
  "35": [],
  "36": [],
  "37": [
    [-0.9543088744607122, 0.07446586096115797, -0.34252169739753763, -0.00863175749537563, 0.18638703245109034, -0.7873413228781927, 0.342415675801709, -0.5082187028198242],
    [-0.03513694096799113, 0.23676809873900967, -0.6589772041083033, -0.9515325962021732, 0.1992071517637011, 0.4849147894102869, -0.803025127015863, -0.8480701140052089]
  ],
  "38": [
    [0.27017745060163195, -0.5998166823054503, 0.9629099232098997, -0.5387674394487055, -0.6089777916078923, 0.8668706025699443, -0.6776576579011052, 0.1704618060495423]
  ],
  "39": [
    [-0.7189100184309543, 0.8950157414459884, -0.8574221388047912, 0.9691677479775372, -0.13474473158762645, 0.736798199994491, 0.4061556009272315, 0.7677026436431483]
  ],
  "40": [],
  "41": [],
  "42": [],
  "43": [],
  "44": [],
  "45": [],
  "46": [],
  "47": [],
  "48": [],
  "49": [],
  "50": [],
  "51": [],
  "52": [],
  "53": [],
  "54": [],
  "55": [],
  "56": [],
  "57": [],
  "58": [],
  "59": [
    [0.30697655693003345, -0.6908298182827821, -0.6553520757984533, 0.30199388926104404, -0.8861926391095054, -0.9977095281504184, 0.534991871101986, 0.006101192349543505]
  ],
  "60": [
    [0.21163859318285744, 0.21101988805175767, -0.5905586885764607, -0.06131993056479075, 0.48938011807020954, 0.7200036618100344, 0.7735328373474203, -0.11644922406287586],
    [0.25746316778928346, 0.1474336565711713, -0.7167386887335495, 0.06385406125435679, 0.4952713178319648, 0.7961426525847133, 0.8105632203281735, -0.09892482187647132],
    [0.3201222588280556, 0.19319694515036426, 0.1680764369452243, -0.06307923323999792, 0.5090059344904041, 0.6927291097841675, 0.867268460326368, -0.07004253225352645],
    [0.2908108189539389, 0.13745680956962272, 0.18338535661395294, 0.06451443557360675, 0.507503386340503, 0.7767237865107098, 0.8098322461261548, -0.07691321498063092],
    [0.7930780975006024, 0.9437966411282709, 0.9709510256067309, 0.08149373172941254, 0.5545335578674402, 0.34925158179143534, 0.32858307983857293, -0.0022282002213535627]
  ],
  "61": [],
  "62": [],
  "63": [],
  "64": [],
  "65": [],
  "66": [],
  "67": [],
  "68": [],
  "69": [],
  "70": [],
  "71": [],
  "72": [],
  "73": [],
  "74": [],
  "75": [],
  "76": [],
  "77": [],
  "78": [],
  "79": [],
  "80": [],
  "81": [
    [0.4826257196347689, -0.32387559852141046, -0.7270540698250142, 0.9585441762299818, 0.37384803249493614, 0.8876242214818989, -0.2009661373927689, 0.9377255773621557],
    [0.48840414862180426, -0.4167031595760573, -0.7682340561487935, 0.8687492224257111, 0.8443517505165312, 0.5790556267676344, -0.09506784834524698, 0.5668188338662894]
  ],
  "82": [],
  "83": [],
  "84": [
    [0.02831739602163922, -0.1803476932736254, 0.5300742803846346, -0.18031749794365734, 0.9521103536610175, 0.6442275309699743, -0.81312602488644, 0.09261961359531151],
    [0.06663438192316529, 0.2109609270162453, 0.4637752593689995, -0.21633170863905107, -0.8452099654961608, -0.755869047126951, -0.8229729137386649, 0.10425021157138419]
  ],
  "85": [],
  "86": [],
  "87": [
    [0.5618194114499296, -0.5694422608718049, -0.06519772272539048, 0.5804100490971904, 0.6849470709018128, 0.673859671290853, -0.12376954774310807, 0.608120226893989]
  ],
  "88": [],
  "89": [],
  "90": [],
  "91": [],
  "92": [],
  "93": [],
  "94": [],
  "95": [],
  "96": [],
  "97": [],
  "98": [],
  "99": [],
  "100": []
}
