{
  "1": [
    [0.1866046038527854, -0.5083135366981264, 0.5239001424841915, 0.5093663487646057, -0.5978810412236252, 0.5631407652260296, 0.11957375337322382, 0.08528444286078134],
    [0.0783654421280904, 0.2944248038502756, -0.5423220312357552, 0.7191541786155874, -0.6575520607953599, 0.4777562243073819, 0.06166949438647954, -0.08517181063023611]
  ],
  "2": [],
  "3": [],
  "4": [],
  "5": [],
  "6": [],
  "7": [],
  "8": [],
  "9": [],
  "10": [],
  "11": [
    [0.8960979920387381, 0.22420732828515585, 0.802127946440276, 0.667600808362107, 0.8175927103978954, 0.9841498951059156, -0.382852506070139, -0.9801427457030489]
  ],
  "12": [],
  "13": [],
  "14": [
    [-0.3978292937739352, -0.6322798052606275, 0.8279814476110732, -0.07231958284306017, 0.3532719076611495, 0.4747300480801392, 0.3149946368183777, -0.9600772323585446]
  ],
  "15": [],
  "16": [
    [0.00929303383563437, -0.17155509539247266, 0.690139036927359, -0.24644923973005345, -0.8437603816840494, -0.5072489892899908, 0.6503728841445641, -0.3077303459532967]
  ],
  "17": [],
  "18": [
    [-0.8826161034875686, 0.3234890271346563, -0.2565903958092697, -0.09736185926575275, 0.0178120936739943, 0.5798370755467984, -0.3705871550224402, 0.005423972032444113],
    [-0.4088354167027126, 0.14148340001833787, -0.43011219840717946, -0.11853130222930641, 0.06015888884219724, 0.8328332171243057, -0.42185623049861914, -0.2813571383929681]
  ],
  "19": [],
  "20": [
    [-0.987280149580849, 0.1015127449021626, 0.3269628168372914, 0.5379185905513358, -0.23762657795865652, 0.3132867022733722, 0.4396054036338389, 0.33014371266157994]
  ],
  "21": [],
  "22": [],
  "23": [],
  "24": [],
  "25": [],
  "26": [],
  "27": [],
  "28": [],
  "29": [
    [-0.8451998716560429, 0.5956803093718599, -0.47596160841339796, 0.14014768770611155, 0.7854615404125063, -0.28241687850973196, 3.9161809656024524e-05, 0.49641783667868256]
  ],
  "30": [],
  "31": [],
  "32": [],
  "33": [],
  "34": [],
  "35": [],
  "36": [],
  "37": [],
  "38": [],
  "39": [],
  "40": [],
  "41": [],
  "42": [],
  "43": [
    [-0.3843357704215854, -0.4159517786432759, -0.08477297122513654, 0.5307480578981504, 0.406487844947881, 0.23973887001583624, -0.3626284410586655, 0.7327478840805687],
    [-0.4723618686139431, 0.8633908716983212, -0.045545951845473054, 0.4128294864648487, 0.24566783538356018, -0.37952891609955924, -0.042184346521834046, -0.5766189521718885],
    [-0.4367148672992837, 0.9976421333681851, 0.24439994931938291, 0.336698777536053, -0.7223826643099853, -0.6335998893050526, 0.01312644822316609, -0.47142847511682495],
    [0.16293731495584024, -0.17362720056947206, -0.1345486438629269, -0.8480494468364689, 0.5801890234972118, 0.8302114679955594, -0.20375948593569218, -0.09500032431838525],
    [0.2629332393326445, 0.24945069262807498, -0.06234344878248564, -0.6087886626994622, 0.2921370902666999, -0.26422909223844104, 0.17113537844064317, 0.5186191075431132]
  ],
  "44": [],
  "45": [],
  "46": [],
  "47": [],
  "48": [],
  "49": [],
  "50": [
    [-0.798258636305257, 0.05987378683922463, -0.1118088993341801, -0.15496030578947811, -0.0004470181762346997, 0.1463604292032127, 0.5812067534619438, -0.4194883152770061]
  ],
  "51": [],
  "52": [
    [-0.5667199540379104, -0.5819033989747849, 0.4204081301322486, -0.3945879400202321, -0.5113355704894724, 0.2777220902357291, -0.12430601349388132, 0.9890566660329229]
  ],
  "53": [],
  "54": [],
  "55": [],
  "56": [],
  "57": [],
  "58": [
    [-0.15584586073523127, -0.9776985534948018, -0.6620172502406954, -0.12067330285183285, 0.29511562697873295, 0.07467954671793865, 0.0018713082384138233, 0.08448201706546789]
  ],
  "59": [],
  "60": [],
  "61": [],
  "62": [],
  "63": [],
  "64": [],
  "65": [],
  "66": [],
  "67": [],
  "68": [
    [-0.1244711868702439, 0.15693592176192844, -0.7134273731046777, 0.5473407582972746, -0.08716547751110494, 0.7732689743537102, 0.986815350545136, 0.9962378714904493]
  ],
  "69": [],
  "70": [],
  "71": [],
  "72": [],
  "73": [],
  "74": [],
  "75": [],
  "76": [],
  "77": [],
  "78": [],
  "79": [],
  "80": [
    [-0.7338368263860696, 0.9695485041248865, 0.0014380642248167865, -0.1243015020025241, -0.4931881868413511, 0.01710437133925009, 0.14806697343731956, -0.17538415153889278],
    [-0.6307301808037541, 0.690320979988022, 0.05557985525493918, -0.16850512829280906, 0.728145235959626, 0.03703256921798827, 0.14353410910548997, -0.8993235552575507]
  ],
  "81": [],
  "82": [],
  "83": [],
  "84": [],
  "85": [],
  "86": [],
  "87": [],
  "88": [],
  "89": [],
  "90": [],
  "91": [],
  "92": [],
  "93": [
    [-0.07828388014140307, 0.28966137973343736, 0.9519698501474528, -0.1238048195074857, -0.7609355701070675, -0.2522357801974621, -0.2636599906085053, -0.8316231503335483]
  ],
  "94": [],
  "95": [],
  "96": [],
  "97": [],
  "98": [],
  "99": [
    [0.5502909876280421, -0.11057950089546834, 0.07447758228190689, 0.2932484460063681, 0.08006235247307986, -0.5290594898608943, 0.15647371591693157, 0.9890304122905149]
  ],
  "100": []
}
