{
  "1": [],
  "2": [
    [-0.3941003728753834, -0.7620397067471669, -0.045671212038796836, -0.07778658887337134, -0.4739052962588572, -0.6154256405324007, 0.6083583441725805, -0.8859486369577152]
  ],
  "3": [
    [-0.9759525129374599, -0.8478549531073949, 0.36260587570566744, -0.15499446678140957, 0.6633347660426708, 0.3400720252007996, -0.008429902647167089, 0.5440555092840743]
  ],
  "4": [
    [0.38098467698807237, 0.7822022892141267, -0.630106975650778, 0.026570419041805703, -0.08197581112563404, 0.6793863954788799, -0.1484204048328363, -0.028759850057492577]
  ],
  "5": [],
  "6": [],
  "7": [],
  "8": [],
  "9": [],
  "10": [],
  "11": [],
  "12": [],
  "13": [],
  "14": [],
  "15": [],
  "16": [],
  "17": [],
  "18": [
    [-0.49795018814680697, -0.620837755892798, -0.29654730696094356, -0.1967495432070173, -0.13060071394995265, 0.8888579512815069, 0.06565722958935226, -0.21147558533913305],
    [-0.3774984518926611, 0.6772666189793892, -0.3220875609764163, -0.14524507181326854, -0.08415879498279888, 0.9972276348138988, 0.04756564622731113, -0.19223432724347383]
  ],
  "19": [],
  "20": [
    [0.8433160237540641, 0.7637731139323473, -0.5700859419817673, -0.5517874544752829, 0.06965954072780851, -0.6978969051719843, 0.23856639225876297, -0.7089171384531755]
  ],
  "21": [],
  "22": [],
  "23": [],
  "24": [],
  "25": [
    [-0.0747783182630924, 0.1660315211733045, -0.44324071245361313, -0.6849376244801365, 0.05621063141771741, 0.862207526260702, -0.09298538171831952, 0.3173064975531802],
    [-0.1715797186803867, 0.5705087417899982, -0.6301178969765753, -0.4203447345730627, 0.08030974446649514, 0.618608394916249, -0.1800346706952059, 0.3561909210157373],
    [0.35640297602473436, 0.43995316635091597, -0.7605594343686594, 0.41301276715193447, 0.07781919794903942, 0.7987991449535822, 0.6196609050153753, -0.3936007943114509]
  ],
  "26": [],
  "27": [],
  "28": [],
  "29": [],
  "30": [],
  "31": [],
  "32": [],
  "33": [],
  "34": [],
  "35": [],
  "36": [],
  "37": [],
  "38": [],
  "39": [],
  "40": [],
  "41": [],
  "42": [
    [-0.020188077984533526, 0.39125907246960395, -0.39983300086426493, 0.39412157479637033, 0.43970363886192637, -0.12125061947094873, -0.25720683622762697, 0.052407384256044555]
  ],
  "43": [
    [0.9861623868259645, -0.6166793760260211, -0.993765840856903, -0.03760870109497965, 0.12864631764678897, -0.9746338941128335, 0.122783242006033, -0.5650082873703693],
    [0.8165211218378842, 0.5724016179071241, 0.9617312131561598, 0.04702114692605028, -0.10084927962341111, -0.9209477761718022, -0.14643466768288987, -0.5398341053458805]
  ],
  "44": [],
  "45": [
    [-0.5311175147488255, 0.04148759678835358, -0.18031841053714465, 0.3823521442498623, -0.4901348362757074, 0.2224585693699794, -0.8772101098055778, 0.6008341820395812]
  ],
  "46": [
    [0.023011041368085655, 0.032544807586483634, -0.14982683461561225, -0.6050572135772757, 0.018387788176519874, 0.637099574670177, 0.425215162054156, 0.04524936290958558],
    [0.03396881744386749, -0.038517173005921675, -0.2986107836416438, 0.7410652519365014, -0.04550261468174727, -0.5773719651269167, 0.45508134339077067, 0.024700569470465596],
    [0.021906296464849893, -0.025398428565431376, 0.2512222404901628, 0.7194732519516384, -0.01932433232328561, -0.5771721813216522, -0.5077545326282131, -0.027080540535590003],
    [0.028055520688654675, 0.04300434398046196, 0.15826527974108137, -0.5611650981169852, 0.03211800295440613, 0.6380322251850711, -0.3347746918196942, -0.06246834487211248],
    [0.03605811639797693, 0.06558578083703887, 0.4693703278511905, -0.9781606867749989, 0.0977608996928418, 0.629717194687359, 0.04413515388954131, 0.5482500773459454],
    [0.16307542895326158, -0.05153707843794602, -0.7061570654271664, -0.11102078577436908, -0.12310796560691616, -0.6455885839418679, 0.0028368506161447872, 0.8241434652356515],
    [0.5556683081435244, 0.08446321745935483, 0.5189576371350917, 0.6168010919454061, 0.6931380404278511, 0.5854749539382287, -0.9995365797758496, -0.04566685707804635]
  ],
  "47": [
    [0.601621353184242, 0.3774213416645073, -0.4161622997617294, 0.3026030152784699, -0.6330127104600692, -0.016378270603641068, -0.7902716810582454, -0.8070763038816929]
  ],
  "48": [],
  "49": [],
  "50": [],
  "51": [],
  "52": [],
  "53": [
    [-0.04127865249906325, 0.12269273953086798, 0.08357238196855331, -0.03809436387152712, -0.040003167903806175, -0.7371554844318534, 0.9476002151899536, 0.04316148543746118]
  ],
  "54": [
    [-0.1814543584912743, 0.18331211676973178, -0.05624586869248555, -0.07997434885322567, -0.2790986455013985, 0.023102787882673146, -0.03606759122269244, -0.09532048187614693],
    [-0.26305293082363906, 0.2726121821478601, -0.0734413158790724, -0.10528452707677524, -0.018538512864098532, 0.18288790868065125, -0.07365451443876897, -0.13331801639094387],
    [-0.4772806047230632, 0.5038086123540795, -0.1278137386151801, -0.17849112716663568, 0.0942954754522513, 0.33588963829361856, -0.16915695809553147, -0.19355367375019844],
    [0.5137037075302416, -0.5699733994075907, 0.11902350135969883, 0.1915414538533047, 0.3069085161978581, 0.6685287577150737, 0.28624880010427584, -0.27901677539376324]
  ],
  "55": [],
  "56": [],
  "57": [],
  "58": [],
  "59": [],
  "60": [
    [-0.01991749307594459, 0.5687408648919273, 0.12138358238915227, -0.7427760437181106, 0.07791321851980722, 0.8602473105347238, -0.14270338896824275, -0.04449562158779338]
  ],
  "61": [],
  "62": [
    [0.08504752311512669, 0.41675742156888096, -0.24071627660372394, -0.44141566676272204, 0.15643636454135024, -0.7388810039113337, 0.12121609532785058, -0.26480531440569294]
  ],
  "63": [],
  "64": [],
  "65": [
    [-0.23501387522302344, -0.019788581313113594, 0.20953336640157585, 0.3609706720542608, -0.47481978462446617, -0.10879907587770833, -0.07909850395839294, 0.02830812358094873]
  ],
  "66": [
    [0.033378847260565364, 0.03848999310322079, -0.17535714795012725, 0.5247362871569536, 0.8152249370837219, 0.015879470166069522, -0.913873569100993, -0.0551233107856867],
    [-0.07073622769611837, 0.08917375711856103, -0.03206424454985454, -0.3538522403068301, -0.49687299475834135, 0.035081207450720006, 0.5394644372784355, -0.143862564002559]
  ],
  "67": [],
  "68": [],
  "69": [
    [0.03247395124245233, 0.21281886895346405, 0.2948798965444684, 0.23722335279143938, -0.26423526069562603, 0.19765159743462818, 0.03701019984593597, -0.03722462552448445]
  ],
  "70": [
    [0.2072677848060246, 0.033995279660225405, 0.25984615952680584, -0.2969184471177317, 0.677043494055229, 0.8161233657764876, 0.7928606065079523, 0.05332895389741217],
    [0.6069393108936726, 0.17704532816580315, 0.3087455429516823, -0.276560765353805, 0.7168975883026593, 0.2121217389605456, -0.31914855025635314, 0.13089518133514114]
  ],
  "71": [],
  "72": [],
  "73": [
    [-0.07049939893442962, 0.594985585930688, 0.05899571588540701, -0.4829615666018907, 0.007175063383680152, -0.24682484967638943, -0.24825005281345625, 0.05171292109880514],
    [0.4625858501948018, -0.10391935137790168, 0.22465218368082882, 0.25204099547157, 0.45824539900593086, -0.2544556732797613, 0.2978122661513078, -0.10382783742476627],
    [0.13215176085396796, 0.36272819879870505, 0.08364895946948522, -0.59508649901239, -0.03250134906416174, -0.2287515255746523, -0.43965337520018033, 0.05291415204852528]
  ],
  "74": [
    [-0.6013813788229809, -0.8746789132912014, -0.01530752618693936, -0.9425047788990711, -0.164758982617779, 0.3350122137625507, -0.41326355374057167, 0.8400015909420975],
    [0.37649830263094825, -0.2133950370936527, -0.04471820374917618, 0.39319746775049363, -0.3987965994356451, 0.4321068852658532, -0.47693560195412715, 0.9035880517929935]
  ],
  "75": [],
  "76": [
    [-0.36218393798108345, 0.28268519801819203, -0.45068074922920426, -0.095269654999686, 0.16538092142673944, -0.5613515062389786, 0.35128747835246726, -0.1847186313376223]
  ],
  "77": [],